bind000/A	choice	248045 846 198 760 2614 369 264 5081 5576 3296 883 449 2528 1970 18834 13 21134 440 1132 279 6321 318 32 11 417 11 351 11 466 414 8 314 279 4252 2904 13 271 5865 1970 18834 198 82433 52582 25 220 20 16 20 22 198 623 287 56763 25 220 18 23 19 19 198 5901 4897 41803 80831 25 220 18 22 17 19 198 35921 299 27466 25 220 22 19 18 19 198 2229 10211 5367 25 220 23 19 17 19 198 2665 269 235489 25 220 16 15 19 17 198 2229 10211 32442 54958 25 220 24 19 15 22 198 10786 64 36461 25 220 20 23 17 22 271 3710 369 279 2528 1970 364 2233 269 235489 30 271 32 13 220 16 15 19 17 198 33 13 220 22 19 18 19 198 34 13 220 23 19 17 19 198 35 13 220 18 23 19 19 248046 198 248045 74455 198 248068 271 248069 271	32,33,34,35
bind001/B	choice	248045 846 198 760 2614 369 264 5081 5576 3296 883 449 2528 1970 18834 13 21134 440 1132 279 6321 318 32 11 417 11 351 11 466 414 8 314 279 4252 2904 13 271 5865 1970 18834 198 37 65435 49472 25 220 20 18 21 17 198 82433 63419 25 220 21 17 17 15 198 42 2075 1799 33852 1482 25 220 22 19 20 16 198 42 88850 496 4405 1891 25 220 20 23 19 18 198 89306 207520 25 220 16 24 19 23 198 24601 10211 93922 25 220 23 19 19 19 198 6737 55747 34827 25 220 22 18 18 20 198 90979 78 61028 25 220 18 17 17 21 271 3710 369 279 2528 1970 364 1587 55747 34827 30 271 32 13 220 16 24 19 23 198 33 13 220 22 18 18 20 198 34 13 220 18 17 17 21 198 35 13 220 20 18 21 17 248046 198 248045 74455 198 248068 271 248069 271	32,33,34,35
bind002/C	choice	248045 846 198 760 2614 369 264 5081 5576 3296 883 449 2528 1970 18834 13 21134 440 1132 279 6321 318 32 11 417 11 351 11 466 414 8 314 279 4252 2904 13 271 5865 1970 18834 198 54 268 227938 25 220 20 24 24 20 198 89680 7509 61850 25 220 22 23 19 22 198 31795 1413 227938 25 220 24 20 17 19 198 2196 319 710 3974 25 220 19 19 18 24 198 39 3253 4470 570 25 220 24 23 16 24 198 3320 2472 46035 25 220 22 20 24 19 198 56 350 1644 74092 25 220 23 15 19 18 198 39304 667 496 4405 1891 25 220 17 21 19 16 271 3710 369 279 2528 1970 364 2732 2472 46035 30 271 32 13 220 20 24 24 20 198 33 13 220 19 19 18 24 198 34 13 220 22 20 24 19 198 35 13 220 23 15 19 18 248046 198 248045 74455 198 248068 271 248069 271	32,33,34,35
bind003/D	choice	248045 846 198 760 2614 369 264 5081 5576 3296 883 449 2528 1970 18834 13 21134 440 1132 279 6321 318 32 11 417 11 351 11 466 414 8 314 279 4252 2904 13 271 5865 1970 18834 198 54 268 710 3974 25 220 24 23 21 24 198 27175 667 67186 25 220 22 24 17 18 198 2196 50557 92372 25 220 24 15 19 20 198 59605 458 452 82319 25 220 20 18 22 22 198 34930 269 26342 67220 375 25 220 19 20 17 17 198 90979 78 52582 25 220 19 15 20 19 198 46 23738 34827 25 220 22 22 17 16 198 36 46419 496 4405 1891 25 220 20 24 15 21 271 3710 369 279 2528 1970 364 49390 52582 30 271 32 13 220 22 24 17 18 198 33 13 220 24 23 21 24 198 34 13 220 24 15 19 20 198 35 13 220 19 15 20 19 248046 198 248045 74455 198 248068 271 248069 271	32,33,34,35
bind004/A	choice	248045 846 198 760 2614 369 264 5081 5576 3296 883 449 2528 1970 18834 13 21134 440 1132 279 6321 318 32 11 417 11 351 11 466 414 8 314 279 4252 2904 13 271 5865 1970 18834 198 35921 299 5367 25 220 16 21 21 21 198 35921 299 78961 25 220 16 15 17 19 198 6737 55747 462 698 327 25 220 19 20 20 15 198 59605 78961 25 220 18 18 22 24 198 34930 269 458 452 82319 25 220 24 21 17 17 198 36 46419 4254 2770 25 220 17 23 19 23 198 39 32389 78961 25 220 24 21 22 23 198 35921 299 462 698 327 25 220 16 21 15 15 271 3710 369 279 2528 1970 364 1587 55747 462 698 327 30 271 32 13 220 19 20 20 15 198 33 13 220 16 15 17 19 198 34 13 220 24 21 17 17 198 35 13 220 16 21 15 15 248046 198 248045 74455 198 248068 271 248069 271	32,33,34,35
bind005/B	choice	248045 846 198 760 2614 369 264 5081 5576 3296 883 449 2528 1970 18834 13 21134 440 1132 279 6321 318 32 11 417 11 351 11 466 414 8 314 279 4252 2904 13 271 5865 1970 18834 198 54 268 67186 25 220 23 22 18 24 198 35 1701 452 93922 25 220 22 20 20 23 198 56 350 1644 78961 25 220 24 17 19 23 198 56 350 1644 92372 25 220 17 22 21 23 198 40 15190 26342 67220 375 25 220 16 16 21 18 198 59605 78961 25 220 18 18 19 23 198 59605 61028 25 220 18 17 23 22 198 65343 4470 570 25 220 21 18 24 18 271 3710 369 279 2528 1970 364 59157 67186 30 271 32 13 220 24 17 19 23 198 33 13 220 23 22 18 24 198 34 13 220 18 18 19 23 198 35 13 220 16 16 21 18 248046 198 248045 74455 198 248068 271 248069 271	32,33,34,35
bind006/C	choice	248045 846 198 760 2614 369 264 5081 5576 3296 883 449 2528 1970 18834 13 21134 440 1132 279 6321 318 32 11 417 11 351 11 466 414 8 314 279 4252 2904 13 271 5865 1970 18834 198 5901 4897 16592 28100 25 220 22 16 24 19 198 2196 319 61086 25 220 23 18 19 20 198 56 350 1644 72925 25 220 24 17 22 16 198 2196 319 61850 25 220 21 21 18 23 198 51 2692 80 92372 25 220 17 23 18 24 198 57 4493 59831 25 220 18 18 21 18 198 39 32389 46035 25 220 24 19 22 24 198 23202 396 36461 25 220 19 16 22 24 271 3710 369 279 2528 1970 364 7967 396 36461 30 271 32 13 220 18 18 21 18 198 33 13 220 24 19 22 24 198 34 13 220 19 16 22 24 198 35 13 220 21 21 18 23 248046 198 248045 74455 198 248068 271 248069 271	32,33,34,35
bind007/D	choice	248045 846 198 760 2614 369 264 5081 5576 3296 883 449 2528 1970 18834 13 21134 440 1132 279 6321 318 32 11 417 11 351 11 466 414 8 314 279 4252 2904 13 271 5865 1970 18834 198 83554 4470 570 25 220 19 22 18 21 198 57 4897 59831 25 220 19 23 20 23 198 6737 55747 40733 25 220 22 22 21 15 198 42 88850 26342 67220 375 25 220 24 21 18 22 198 82433 1799 33852 1482 25 220 21 16 23 21 198 2665 269 34827 25 220 22 23 16 23 198 23202 396 462 698 327 25 220 22 16 18 23 198 1106 268 49472 25 220 16 16 21 16 271 3710 369 279 2528 1970 364 1587 55747 40733 30 271 32 13 220 21 16 23 21 198 33 13 220 24 21 18 22 198 34 13 220 19 22 18 21 198 35 13 220 22 22 21 15 248046 198 248045 74455 198 248068 271 248069 271	32,33,34,35
bind008/A	choice	248045 846 198 760 2614 369 264 5081 5576 3296 883 449 2528 1970 18834 13 21134 440 1132 279 6321 318 32 11 417 11 351 11 466 414 8 314 279 4252 2904 13 271 5865 1970 18834 198 623 287 93922 25 220 19 19 24 19 198 54 268 26342 67220 375 25 220 21 20 17 17 198 49 2492 5709 14315 48040 25 220 20 18 17 21 198 5901 4897 34827 25 220 23 22 20 22 198 24601 10211 56763 25 220 16 23 15 18 198 623 287 1799 33852 1482 25 220 21 24 16 20 198 43 1506 46035 25 220 20 15 20 22 198 34930 269 32442 54958 25 220 22 18 19 23 271 3710 369 279 2528 1970 364 59157 26342 67220 375 30 271 32 13 220 21 20 17 17 198 33 13 220 16 23 15 18 198 34 13 220 19 19 24 19 198 35 13 220 21 24 16 20 248046 198 248045 74455 198 248068 271 248069 271	32,33,34,35
bind009/B	choice	248045 846 198 760 2614 369 264 5081 5576 3296 883 449 2528 1970 18834 13 21134 440 1132 279 6321 318 32 11 417 11 351 11 466 414 8 314 279 4252 2904 13 271 5865 1970 18834 198 27175 667 92372 25 220 19 15 24 16 198 36 46419 710 358 1091 6433 25 220 22 24 15 16 198 43 1506 64683 14183 25 220 16 15 15 17 198 57 4897 710 3974 25 220 24 17 18 22 198 45 51054 710 358 1091 6433 25 220 20 16 20 20 198 23202 396 39685 25 220 22 17 17 19 198 59605 59831 25 220 24 24 22 20 198 92055 53656 25 220 17 20 17 15 271 3710 369 279 2528 1970 364 66255 710 358 1091 6433 30 271 32 13 220 24 24 22 20 198 33 13 220 22 24 15 16 198 34 13 220 22 17 17 19 198 35 13 220 20 16 20 20 248046 198 248045 74455 198 248068 271 248069 271	32,33,34,35
bind010/C	choice	248045 846 198 760 2614 369 264 5081 5576 3296 883 449 2528 1970 18834 13 21134 440 1132 279 6321 318 32 11 417 11 351 11 466 414 8 314 279 4252 2904 13 271 5865 1970 18834 198 1106 268 26342 67220 375 25 220 24 15 19 17 198 5901 4897 36461 25 220 22 17 22 21 198 54 268 14315 48040 25 220 21 21 21 20 198 24601 10211 28975 25 220 22 17 20 17 198 6737 55747 26342 67220 375 25 220 17 24 17 23 198 2196 319 59405 85 25 220 17 19 21 19 198 54 268 32442 54958 25 220 23 17 18 16 198 92055 207520 25 220 17 18 23 23 271 3710 369 279 2528 1970 364 59157 14315 48040 30 271 32 13 220 23 17 18 16 198 33 13 220 17 24 17 23 198 34 13 220 21 21 21 20 198 35 13 220 22 17 20 17 248046 198 248045 74455 198 248068 271 248069 271	32,33,34,35
bind011/D	choice	248045 846 198 760 2614 369 264 5081 5576 3296 883 449 2528 1970 18834 13 21134 440 1132 279 6321 318 32 11 417 11 351 11 466 414 8 314 279 4252 2904 13 271 5865 1970 18834 198 50 1020 667 63294 25 220 21 21 20 21 198 27175 667 56763 25 220 24 23 18 15 198 36 46419 40050 12297 25 220 17 22 24 16 198 39 3253 61028 25 220 19 23 19 20 198 90979 78 74092 25 220 16 23 24 21 198 57 4897 74092 25 220 24 21 20 23 198 92055 710 3974 25 220 19 20 24 18 198 39 3253 46035 25 220 20 23 16 17 271 3710 369 279 2528 1970 364 462 3253 61028 30 271 32 13 220 24 23 18 15 198 33 13 220 16 23 24 21 198 34 13 220 19 20 24 18 198 35 13 220 19 23 19 20 248046 198 248045 74455 198 248068 271 248069 271	32,33,34,35
bind012/A	choice	248045 846 198 760 2614 369 264 5081 5576 3296 883 449 2528 1970 18834 13 21134 440 1132 279 6321 318 32 11 417 11 351 11 466 414 8 314 279 4252 2904 13 271 5865 1970 18834 198 39 3253 27466 25 220 24 23 19 20 198 24601 10211 59405 85 25 220 18 17 23 21 198 56 4897 67186 25 220 19 23 24 19 198 40 15190 52582 25 220 19 24 17 16 198 39304 667 59831 25 220 21 24 20 19 198 39 3253 16592 28100 25 220 16 17 20 21 198 40 15190 462 698 327 25 220 23 18 17 18 198 27175 667 64683 14183 25 220 16 19 22 19 271 3710 369 279 2528 1970 364 40050 462 698 327 30 271 32 13 220 23 18 17 18 198 33 13 220 16 19 22 19 198 34 13 220 21 24 20 19 198 35 13 220 18 17 23 21 248046 198 248045 74455 198 248068 271 248069 271	32,33,34,35
bind013/B	choice	248045 846 198 760 2614 369 264 5081 5576 3296 883 449 2528 1970 18834 13 21134 440 1132 279 6321 318 32 11 417 11 351 11 466 414 8 314 279 4252 2904 13 271 5865 1970 18834 198 56 4897 55240 25 220 19 22 21 16 198 35921 299 61028 25 220 23 22 23 17 198 89680 7509 61850 25 220 20 22 17 20 198 89680 7509 496 4405 1891 25 220 18 23 15 22 198 92055 52582 25 220 23 19 15 20 198 83554 23773 12949 25 220 19 15 16 18 198 31795 1413 1799 33852 1482 25 220 17 16 21 15 198 51 24685 59831 25 220 22 19 21 15 271 3710 369 279 2528 1970 364 345 24685 59831 30 271 32 13 220 17 16 21 15 198 33 13 220 22 19 21 15 198 34 13 220 23 19 15 20 198 35 13 220 19 15 16 18 248046 198 248045 74455 198 248068 271 248069 271	32,33,34,35
bind014/C	choice	248045 846 198 760 2614 369 264 5081 5576 3296 883 449 2528 1970 18834 13 21134 440 1132 279 6321 318 32 11 417 11 351 11 466 414 8 314 279 4252 2904 13 271 5865 1970 18834 198 49 2492 5709 67186 25 220 23 19 21 21 198 2665 269 93922 25 220 19 23 23 16 198 23202 396 235489 25 220 24 15 22 16 198 233511 5367 25 220 18 19 21 16 198 6737 55747 56763 25 220 21 21 24 19 198 31795 1413 49472 25 220 19 17 21 18 198 2229 10211 82596 25 220 23 24 20 23 198 43 1506 14315 48040 25 220 22 24 24 16 271 3710 369 279 2528 1970 364 1587 55747 56763 30 271 32 13 220 23 24 20 23 198 33 13 220 22 24 24 16 198 34 13 220 21 21 24 19 198 35 13 220 23 19 21 21 248046 198 248045 74455 198 248068 271 248069 271	32,33,34,35
bind015/D	choice	248045 846 198 760 2614 369 264 5081 5576 3296 883 449 2528 1970 18834 13 21134 440 1132 279 6321 318 32 11 417 11 351 11 466 414 8 314 279 4252 2904 13 271 5865 1970 18834 198 57 4897 61028 25 220 21 17 22 22 198 4904 4897 207520 25 220 19 24 17 17 198 39 32389 710 358 1091 6433 25 220 19 16 18 16 198 49 11642 92372 25 220 20 16 15 15 198 50 1020 667 710 3974 25 220 16 16 22 15 198 42 88850 52582 25 220 21 17 21 22 198 233511 39685 25 220 22 16 24 24 198 49 11642 59405 85 25 220 23 17 22 16 271 3710 369 279 2528 1970 364 243575 61028 30 271 32 13 220 16 16 22 15 198 33 13 220 19 16 18 16 198 34 13 220 19 24 17 17 198 35 13 220 21 17 22 22 248046 198 248045 74455 198 248068 271 248069 271	32,33,34,35
bind016/A	choice	248045 846 198 760 2614 369 264 5081 5576 3296 883 449 2528 1970 18834 13 21134 440 1132 279 6321 318 32 11 417 11 351 11 466 414 8 314 279 4252 2904 13 271 5865 1970 18834 198 2196 50557 52582 25 220 18 21 18 22 198 35921 299 59831 25 220 21 16 20 23 198 50 1020 667 49472 25 220 18 22 18 23 198 65343 629 17386 25 220 24 15 15 24 198 56 4897 59405 85 25 220 16 22 22 24 198 10786 64 32442 54958 25 220 22 23 22 19 198 92055 28975 25 220 23 22 16 21 198 56 350 1644 59831 25 220 23 18 20 23 271 3710 369 279 2528 1970 364 49428 28975 30 271 32 13 220 23 22 16 21 198 33 13 220 22 23 22 19 198 34 13 220 23 18 20 23 198 35 13 220 16 22 22 24 248046 198 248045 74455 198 248068 271 248069 271	32,33,34,35
bind017/B	choice	248045 846 198 760 2614 369 264 5081 5576 3296 883 449 2528 1970 18834 13 21134 440 1132 279 6321 318 32 11 417 11 351 11 466 414 8 314 279 4252 2904 13 271 5865 1970 18834 198 31795 1413 49346 25 220 22 23 18 24 198 39 32389 52582 25 220 16 17 18 18 198 1106 268 16592 28100 25 220 20 22 20 22 198 31795 1413 49472 25 220 16 15 19 24 198 1106 268 39685 25 220 17 23 22 20 198 27175 667 629 17386 25 220 22 21 15 23 198 2229 10211 4254 2770 25 220 19 23 18 16 198 39 3253 61028 25 220 18 16 18 21 271 3710 369 279 2528 1970 364 49374 52582 30 271 32 13 220 22 21 15 23 198 33 13 220 16 17 18 18 198 34 13 220 16 15 19 24 198 35 13 220 19 23 18 16 248046 198 248045 74455 198 248068 271 248069 271	32,33,34,35
bind018/C	choice	248045 846 198 760 2614 369 264 5081 5576 3296 883 449 2528 1970 18834 13 21134 440 1132 279 6321 318 32 11 417 11 351 11 466 414 8 314 279 4252 2904 13 271 5865 1970 18834 198 59605 4470 570 25 220 23 17 19 17 198 35 1701 452 26342 67220 375 25 220 23 20 24 16 198 2196 319 496 4405 1891 25 220 16 19 22 21 198 24601 10211 28975 25 220 22 19 16 22 198 6737 55747 72925 25 220 16 18 22 17 198 27175 667 78961 25 220 23 21 15 15 198 57 4493 78961 25 220 17 15 19 15 198 56 350 1644 78961 25 220 23 18 20 20 271 3710 369 279 2528 1970 364 37994 78961 30 271 32 13 220 22 19 16 22 198 33 13 220 16 19 22 21 198 34 13 220 23 21 15 15 198 35 13 220 23 20 24 16 248046 198 248045 74455 198 248068 271 248069 271	32,33,34,35
bind019/D	choice	248045 846 198 760 2614 369 264 5081 5576 3296 883 449 2528 1970 18834 13 21134 440 1132 279 6321 318 32 11 417 11 351 11 466 414 8 314 279 4252 2904 13 271 5865 1970 18834 198 35 1701 452 63419 25 220 16 18 15 24 198 1106 268 39185 25 220 18 15 23 16 198 51 2692 80 207520 25 220 19 23 16 16 198 39304 667 72925 25 220 17 23 22 24 198 51 24685 73467 25 220 17 18 24 17 198 39 3253 458 452 82319 25 220 24 17 16 21 198 57 4493 39685 25 220 21 21 19 24 198 31795 1413 207520 25 220 17 22 22 22 271 3710 369 279 2528 1970 364 76459 72925 30 271 32 13 220 24 17 16 21 198 33 13 220 16 18 15 24 198 34 13 220 17 22 22 22 198 35 13 220 17 23 22 24 248046 198 248045 74455 198 248068 271 248069 271	32,33,34,35
bind020/A	choice	248045 846 198 760 2614 369 264 5081 5576 3296 883 449 2528 1970 18834 13 21134 440 1132 279 6321 318 32 11 417 11 351 11 466 414 8 314 279 4252 2904 13 271 5865 1970 18834 198 45 1524 335 2075 4254 2770 25 220 19 16 19 17 198 42 2075 64683 14183 25 220 20 19 19 21 198 10786 64 53656 25 220 20 23 21 23 198 56 350 1644 5367 25 220 21 20 19 22 198 65343 458 452 82319 25 220 16 17 20 20 198 42 2075 710 3974 25 220 18 15 20 20 198 42 2075 5367 25 220 19 23 20 24 198 82433 53656 25 220 17 23 24 21 271 3710 369 279 2528 1970 364 48907 5367 30 271 32 13 220 19 23 20 24 198 33 13 220 19 16 19 17 198 34 13 220 20 23 21 23 198 35 13 220 21 20 19 22 248046 198 248045 74455 198 248068 271 248069 271	32,33,34,35
bind021/B	choice	248045 846 198 760 2614 369 264 5081 5576 3296 883 449 2528 1970 18834 13 21134 440 1132 279 6321 318 32 11 417 11 351 11 466 414 8 314 279 4252 2904 13 271 5865 1970 18834 198 51 2692 80 32442 54958 25 220 16 24 24 23 198 10786 64 16592 28100 25 220 24 20 20 16 198 46 23738 63419 25 220 19 21 16 24 198 49 2492 5709 61850 25 220 17 24 24 19 198 2196 50557 39185 25 220 24 20 17 17 198 54 268 61028 25 220 23 16 24 15 198 49 2492 5709 5367 25 220 17 23 20 19 198 49 11642 92372 25 220 21 19 19 21 271 3710 369 279 2528 1970 364 52575 61850 30 271 32 13 220 19 21 16 24 198 33 13 220 17 24 24 19 198 34 13 220 17 23 20 19 198 35 13 220 16 24 24 23 248046 198 248045 74455 198 248068 271 248069 271	32,33,34,35
bind022/C	choice	248045 846 198 760 2614 369 264 5081 5576 3296 883 449 2528 1970 18834 13 21134 440 1132 279 6321 318 32 11 417 11 351 11 466 414 8 314 279 4252 2904 13 271 5865 1970 18834 198 24601 10211 46035 25 220 22 15 22 17 198 42 2075 52582 25 220 17 17 19 22 198 89680 7509 1799 33852 1482 25 220 17 20 17 22 198 65343 93922 25 220 20 18 18 23 198 56 350 1644 462 698 327 25 220 21 21 17 22 198 59605 710 3974 25 220 17 17 22 22 198 46 23738 93922 25 220 19 22 21 18 198 82433 39685 25 220 23 18 20 24 271 3710 369 279 2528 1970 364 24480 93922 30 271 32 13 220 17 17 19 22 198 33 13 220 17 20 17 22 198 34 13 220 20 18 18 23 198 35 13 220 23 18 20 24 248046 198 248045 74455 198 248068 271 248069 271	32,33,34,35
bind023/D	choice	248045 846 198 760 2614 369 264 5081 5576 3296 883 449 2528 1970 18834 13 21134 440 1132 279 6321 318 32 11 417 11 351 11 466 414 8 314 279 4252 2904 13 271 5865 1970 18834 198 36 46419 27466 25 220 24 15 24 20 198 2665 269 27466 25 220 20 22 20 16 198 42 88850 49346 25 220 17 20 23 17 198 27175 667 710 358 1091 6433 25 220 19 22 22 20 198 10786 64 4470 570 25 220 20 24 16 18 198 24601 10211 73467 25 220 22 16 24 17 198 92055 73467 25 220 20 16 21 22 198 89680 7509 227938 25 220 17 23 24 22 271 3710 369 279 2528 1970 364 7802 10211 73467 30 271 32 13 220 19 22 22 20 198 33 13 220 20 16 21 22 198 34 13 220 17 23 24 22 198 35 13 220 22 16 24 17 248046 198 248045 74455 198 248068 271 248069 271	32,33,34,35
bind024/A	choice	248045 846 198 760 2614 369 264 5081 5576 3296 883 449 2528 1970 18834 13 21134 440 1132 279 6321 318 32 11 417 11 351 11 466 414 8 314 279 4252 2904 13 271 5865 1970 18834 198 42 88850 496 4405 1891 25 220 16 17 17 20 198 5901 4897 59405 85 25 220 16 16 19 22 198 82433 74092 25 220 24 19 24 21 198 82433 4470 570 25 220 19 16 18 20 198 37 65435 235489 25 220 18 16 17 16 198 59605 49472 25 220 18 23 24 16 198 37 65435 72925 25 220 22 22 17 19 198 92055 53656 25 220 22 15 23 21 271 3710 369 279 2528 1970 364 28445 49472 30 271 32 13 220 18 23 24 16 198 33 13 220 22 22 17 19 198 34 13 220 24 19 24 21 198 35 13 220 18 16 17 16 248046 198 248045 74455 198 248068 271 248069 271	32,33,34,35
bind025/B	choice	248045 846 198 760 2614 369 264 5081 5576 3296 883 449 2528 1970 18834 13 21134 440 1132 279 6321 318 32 11 417 11 351 11 466 414 8 314 279 4252 2904 13 271 5865 1970 18834 198 39 32389 93922 25 220 24 15 17 17 198 42 88850 14315 48040 25 220 18 23 15 21 198 31795 1413 39185 25 220 18 24 15 16 198 65343 4470 570 25 220 24 22 22 20 198 51 21576 56763 25 220 19 17 15 17 198 54 268 27466 25 220 21 20 16 18 198 82433 53656 25 220 17 18 18 16 198 35 1701 452 227938 25 220 22 22 16 18 271 3710 369 279 2528 1970 364 84907 56763 30 271 32 13 220 21 20 16 18 198 33 13 220 19 17 15 17 198 34 13 220 18 24 15 16 198 35 13 220 18 23 15 21 248046 198 248045 74455 198 248068 271 248069 271	32,33,34,35
bind026/C	choice	248045 846 198 760 2614 369 264 5081 5576 3296 883 449 2528 1970 18834 13 21134 440 1132 279 6321 318 32 11 417 11 351 11 466 414 8 314 279 4252 2904 13 271 5865 1970 18834 198 4904 4897 34827 25 220 20 19 21 15 198 49 11642 72925 25 220 22 17 16 24 198 34930 269 710 358 1091 6433 25 220 22 18 16 16 198 39 3253 52582 25 220 24 20 15 23 198 57 4493 26342 67220 375 25 220 23 21 18 18 198 51 24685 59405 85 25 220 22 24 22 24 198 27175 667 56763 25 220 20 18 20 18 198 51 2692 80 92372 25 220 18 17 23 24 271 3710 369 279 2528 1970 364 45265 72925 30 271 32 13 220 24 20 15 23 198 33 13 220 22 24 22 24 198 34 13 220 22 17 16 24 198 35 13 220 22 18 16 16 248046 198 248045 74455 198 248068 271 248069 271	32,33,34,35
bind027/D	choice	248045 846 198 760 2614 369 264 5081 5576 3296 883 449 2528 1970 18834 13 21134 440 1132 279 6321 318 32 11 417 11 351 11 466 414 8 314 279 4252 2904 13 271 5865 1970 18834 198 623 287 36461 25 220 16 22 23 22 198 2665 269 27466 25 220 23 16 18 19 198 59605 36461 25 220 22 20 23 19 198 57 4897 14315 48040 25 220 19 20 20 16 198 51 2692 80 59831 25 220 20 17 20 15 198 39304 667 458 452 82319 25 220 20 18 15 22 198 39304 667 39685 25 220 18 23 23 19 198 45 51054 46035 25 220 21 22 21 18 271 3710 369 279 2528 1970 364 733 287 36461 30 271 32 13 220 19 20 20 16 198 33 13 220 18 23 23 19 198 34 13 220 23 16 18 19 198 35 13 220 16 22 23 22 248046 198 248045 74455 198 248068 271 248069 271	32,33,34,35
bind028/A	choice	248045 846 198 760 2614 369 264 5081 5576 3296 883 449 2528 1970 18834 13 21134 440 1132 279 6321 318 32 11 417 11 351 11 466 414 8 314 279 4252 2904 13 271 5865 1970 18834 198 51 21576 26342 67220 375 25 220 18 18 19 23 198 39 3253 462 698 327 25 220 24 22 24 20 198 233511 63419 25 220 21 22 18 18 198 3320 2472 63294 25 220 22 15 19 19 198 56 4897 496 4405 1891 25 220 19 21 19 15 198 56 350 1644 26342 67220 375 25 220 16 15 22 18 198 45 1524 335 2075 39185 25 220 24 24 18 20 198 51 24685 36461 25 220 20 20 23 21 271 3710 369 279 2528 1970 364 345 24685 36461 30 271 32 13 220 20 20 23 21 198 33 13 220 24 22 24 20 198 34 13 220 22 15 19 19 198 35 13 220 21 22 18 18 248046 198 248045 74455 198 248068 271 248069 271	32,33,34,35
bind029/B	choice	248045 846 198 760 2614 369 264 5081 5576 3296 883 449 2528 1970 18834 13 21134 440 1132 279 6321 318 32 11 417 11 351 11 466 414 8 314 279 4252 2904 13 271 5865 1970 18834 198 3320 2472 710 3974 25 220 20 17 21 22 198 4904 4897 458 452 82319 25 220 18 24 17 19 198 27175 667 53656 25 220 24 21 17 24 198 54 268 40733 25 220 18 17 21 18 198 51 21576 227938 25 220 18 17 20 23 198 54 268 39185 25 220 22 15 18 17 198 50 1020 667 14315 48040 25 220 16 17 24 15 198 46 23738 63419 25 220 19 23 15 16 271 3710 369 279 2528 1970 364 48854 458 452 82319 30 271 32 13 220 19 23 15 16 198 33 13 220 18 24 17 19 198 34 13 220 22 15 18 17 198 35 13 220 18 17 20 23 248046 198 248045 74455 198 248068 271 248069 271	32,33,34,35
bind030/C	choice	248045 846 198 760 2614 369 264 5081 5576 3296 883 449 2528 1970 18834 13 21134 440 1132 279 6321 318 32 11 417 11 351 11 466 414 8 314 279 4252 2904 13 271 5865 1970 18834 198 90979 78 629 17386 25 220 16 19 18 20 198 23202 396 61850 25 220 19 21 16 15 198 46 23738 34827 25 220 17 23 15 21 198 90979 78 56763 25 220 22 22 21 24 198 623 287 710 3974 25 220 24 16 19 21 198 24601 10211 61850 25 220 16 24 19 15 198 49 11642 55240 25 220 21 21 17 22 198 45 51054 4254 2770 25 220 22 22 16 19 271 3710 369 279 2528 1970 364 49390 56763 30 271 32 13 220 16 24 19 15 198 33 13 220 24 16 19 21 198 34 13 220 22 22 21 24 198 35 13 220 22 22 16 19 248046 198 248045 74455 198 248068 271 248069 271	32,33,34,35
bind031/D	choice	248045 846 198 760 2614 369 264 5081 5576 3296 883 449 2528 1970 18834 13 21134 440 1132 279 6321 318 32 11 417 11 351 11 466 414 8 314 279 4252 2904 13 271 5865 1970 18834 198 54 268 26342 67220 375 25 220 17 21 18 16 198 3320 2472 59831 25 220 19 21 17 16 198 2196 319 72925 25 220 24 21 19 21 198 39304 667 49472 25 220 21 22 21 19 198 82433 710 358 1091 6433 25 220 24 23 21 19 198 31795 1413 16592 28100 25 220 19 15 16 18 198 23202 396 4470 570 25 220 20 18 23 20 198 46 23738 56763 25 220 23 19 17 18 271 3710 369 279 2528 1970 364 2732 2472 59831 30 271 32 13 220 21 22 21 19 198 33 13 220 17 21 18 16 198 34 13 220 23 19 17 18 198 35 13 220 19 21 17 16 248046 198 248045 74455 198 248068 271 248069 271	32,33,34,35
bind032/A	choice	248045 846 198 760 2614 369 264 5081 5576 3296 883 449 2528 1970 18834 13 21134 440 1132 279 6321 318 32 11 417 11 351 11 466 414 8 314 279 4252 2904 13 271 5865 1970 18834 198 2196 50557 710 3974 25 220 21 22 19 22 198 24601 10211 28975 25 220 21 24 22 21 198 57 4897 59831 25 220 20 24 18 21 198 2665 269 72925 25 220 22 18 22 16 198 3320 2472 5367 25 220 23 21 18 21 198 82433 5367 25 220 18 18 20 17 198 2229 10211 59831 25 220 22 20 20 24 198 5901 4897 41803 80831 25 220 22 24 15 21 271 3710 369 279 2528 1970 364 5570 50557 710 3974 30 271 32 13 220 21 22 19 22 198 33 13 220 23 21 18 21 198 34 13 220 20 24 18 21 198 35 13 220 21 24 22 21 248046 198 248045 74455 198 248068 271 248069 271	32,33,34,35
bind033/B	choice	248045 846 198 760 2614 369 264 5081 5576 3296 883 449 2528 1970 18834 13 21134 440 1132 279 6321 318 32 11 417 11 351 11 466 414 8 314 279 4252 2904 13 271 5865 1970 18834 198 2196 319 462 698 327 25 220 24 15 18 15 198 35921 299 46035 25 220 22 21 15 22 198 40 15190 36461 25 220 24 16 16 15 198 39304 667 1799 33852 1482 25 220 17 18 17 18 198 233511 5367 25 220 16 19 15 22 198 37 65435 53656 25 220 23 19 23 23 198 82433 207520 25 220 20 17 21 23 198 51 24685 227938 25 220 24 22 24 22 271 3710 369 279 2528 1970 364 84699 462 698 327 30 271 32 13 220 20 17 21 23 198 33 13 220 24 15 18 15 198 34 13 220 22 21 15 22 198 35 13 220 24 16 16 15 248046 198 248045 74455 198 248068 271 248069 271	32,33,34,35
bind034/C	choice	248045 846 198 760 2614 369 264 5081 5576 3296 883 449 2528 1970 18834 13 21134 440 1132 279 6321 318 32 11 417 11 351 11 466 414 8 314 279 4252 2904 13 271 5865 1970 18834 198 2229 10211 41803 80831 25 220 21 20 16 19 198 4904 4897 53656 25 220 16 15 24 23 198 37 65435 710 358 1091 6433 25 220 19 24 24 21 198 1106 268 14315 48040 25 220 16 18 21 18 198 39 3253 61850 25 220 18 16 20 17 198 50 1020 667 710 3974 25 220 24 18 15 24 198 42 2075 32442 54958 25 220 21 18 20 23 198 40 15190 59831 25 220 20 21 23 24 271 3710 369 279 2528 1970 364 48907 32442 54958 30 271 32 13 220 24 18 15 24 198 33 13 220 16 15 24 23 198 34 13 220 21 18 20 23 198 35 13 220 21 20 16 19 248046 198 248045 74455 198 248068 271 248069 271	32,33,34,35
bind035/D	choice	248045 846 198 760 2614 369 264 5081 5576 3296 883 449 2528 1970 18834 13 21134 440 1132 279 6321 318 32 11 417 11 351 11 466 414 8 314 279 4252 2904 13 271 5865 1970 18834 198 54 268 458 452 82319 25 220 17 20 23 23 198 40 15190 235489 25 220 17 17 17 15 198 43 1506 207520 25 220 18 15 22 22 198 46 23738 49472 25 220 17 18 24 20 198 27175 667 74092 25 220 23 18 19 23 198 4904 4897 67186 25 220 22 16 17 22 198 54 268 52582 25 220 24 19 21 16 198 50 1020 667 59831 25 220 19 18 18 21 271 3710 369 279 2528 1970 364 56222 207520 30 271 32 13 220 22 16 17 22 198 33 13 220 23 18 19 23 198 34 13 220 17 17 17 15 198 35 13 220 18 15 22 22 248046 198 248045 74455 198 248068 271 248069 271	32,33,34,35
bind036/A	choice	248045 846 198 760 2614 369 264 5081 5576 3296 883 449 2528 1970 18834 13 21134 440 1132 279 6321 318 32 11 417 11 351 11 466 414 8 314 279 4252 2904 13 271 5865 1970 18834 198 50 1020 667 710 3974 25 220 21 16 19 24 198 39 32389 26342 67220 375 25 220 19 19 24 15 198 27175 667 49472 25 220 17 17 18 24 198 3320 2472 61086 25 220 21 16 20 24 198 82433 710 358 1091 6433 25 220 24 19 16 16 198 6737 55747 227938 25 220 22 19 24 24 198 56 350 1644 63419 25 220 16 16 20 20 198 39304 667 63419 25 220 19 17 15 23 271 3710 369 279 2528 1970 364 1587 55747 227938 30 271 32 13 220 22 19 24 24 198 33 13 220 16 16 20 20 198 34 13 220 17 17 18 24 198 35 13 220 24 19 16 16 248046 198 248045 74455 198 248068 271 248069 271	32,33,34,35
bind037/B	choice	248045 846 198 760 2614 369 264 5081 5576 3296 883 449 2528 1970 18834 13 21134 440 1132 279 6321 318 32 11 417 11 351 11 466 414 8 314 279 4252 2904 13 271 5865 1970 18834 198 6737 55747 16592 28100 25 220 23 18 17 18 198 45 51054 14315 48040 25 220 20 23 21 20 198 57 4897 14315 48040 25 220 19 24 21 24 198 34930 269 78961 25 220 21 18 21 22 198 46 23738 462 698 327 25 220 16 15 21 17 198 45 1524 335 2075 34827 25 220 22 24 22 20 198 59605 92372 25 220 17 18 21 21 198 42 2075 46035 25 220 16 24 19 17 271 3710 369 279 2528 1970 364 31247 78961 30 271 32 13 220 16 24 19 17 198 33 13 220 21 18 21 22 198 34 13 220 16 15 21 17 198 35 13 220 17 18 21 21 248046 198 248045 74455 198 248068 271 248069 271	32,33,34,35
bind038/C	choice	248045 846 198 760 2614 369 264 5081 5576 3296 883 449 2528 1970 18834 13 21134 440 1132 279 6321 318 32 11 417 11 351 11 466 414 8 314 279 4252 2904 13 271 5865 1970 18834 198 36 46419 39685 25 220 21 18 19 22 198 51 21576 23773 12949 25 220 18 19 22 23 198 54 268 61850 25 220 18 19 20 19 198 42 88850 64683 14183 25 220 23 18 15 22 198 51 24685 92372 25 220 23 23 24 15 198 1106 268 235489 25 220 18 18 17 22 198 36 46419 74092 25 220 17 21 21 20 198 5901 4897 67186 25 220 16 23 21 19 271 3710 369 279 2528 1970 364 59157 61850 30 271 32 13 220 18 18 17 22 198 33 13 220 18 19 22 23 198 34 13 220 18 19 20 19 198 35 13 220 16 23 21 19 248046 198 248045 74455 198 248068 271 248069 271	32,33,34,35
bind039/D	choice	248045 846 198 760 2614 369 264 5081 5576 3296 883 449 2528 1970 18834 13 21134 440 1132 279 6321 318 32 11 417 11 351 11 466 414 8 314 279 4252 2904 13 271 5865 1970 18834 198 42 2075 59405 85 25 220 18 24 17 15 198 24601 10211 4254 2770 25 220 20 21 23 15 198 49 11642 55240 25 220 19 20 20 17 198 57 4493 55240 25 220 17 18 15 23 198 56 350 1644 59831 25 220 22 16 23 23 198 27175 667 49472 25 220 20 18 21 18 198 3320 2472 46035 25 220 18 21 22 20 198 2229 10211 73467 25 220 18 22 16 19 271 3710 369 279 2528 1970 364 220348 59831 30 271 32 13 220 20 21 23 15 198 33 13 220 19 20 20 17 198 34 13 220 18 24 17 15 198 35 13 220 22 16 23 23 248046 198 248045 74455 198 248068 271 248069 271	32,33,34,35
bind040/A	choice	248045 846 198 760 2614 369 264 5081 5576 3296 883 449 2528 1970 18834 13 21134 440 1132 279 6321 318 32 11 417 11 351 11 466 414 8 314 279 4252 2904 13 271 5865 1970 18834 198 2196 319 63294 25 220 17 19 24 23 198 54 268 496 4405 1891 25 220 18 24 23 15 198 37 65435 23773 12949 25 220 18 22 20 22 198 39304 667 32442 54958 25 220 19 15 17 23 198 34930 269 82596 25 220 24 23 23 22 198 39304 667 52582 25 220 16 15 20 15 198 2196 50557 61850 25 220 19 19 16 21 198 39 3253 56763 25 220 22 15 20 24 271 3710 369 279 2528 1970 364 31247 82596 30 271 32 13 220 24 23 23 22 198 33 13 220 19 15 17 23 198 34 13 220 19 19 16 21 198 35 13 220 18 22 20 22 248046 198 248045 74455 198 248068 271 248069 271	32,33,34,35
bind041/B	choice	248045 846 198 760 2614 369 264 5081 5576 3296 883 449 2528 1970 18834 13 21134 440 1132 279 6321 318 32 11 417 11 351 11 466 414 8 314 279 4252 2904 13 271 5865 1970 18834 198 2229 10211 61028 25 220 21 18 15 23 198 2196 50557 93922 25 220 19 24 17 20 198 34930 269 59831 25 220 17 19 24 22 198 56 350 1644 73467 25 220 22 18 23 17 198 6737 55747 61028 25 220 21 15 23 19 198 1106 268 496 4405 1891 25 220 20 22 21 15 198 39 32389 73467 25 220 17 16 24 23 198 54 268 710 358 1091 6433 25 220 20 16 19 23 271 3710 369 279 2528 1970 364 49374 73467 30 271 32 13 220 20 16 19 23 198 33 13 220 17 16 24 23 198 34 13 220 20 22 21 15 198 35 13 220 21 15 23 19 248046 198 248045 74455 198 248068 271 248069 271	32,33,34,35
bind042/C	choice	248045 846 198 760 2614 369 264 5081 5576 3296 883 449 2528 1970 18834 13 21134 440 1132 279 6321 318 32 11 417 11 351 11 466 414 8 314 279 4252 2904 13 271 5865 1970 18834 198 10786 64 73467 25 220 20 23 17 23 198 1106 268 63419 25 220 23 15 19 21 198 65343 55240 25 220 17 23 23 16 198 6737 55747 235489 25 220 19 24 21 18 198 4904 4897 462 698 327 25 220 17 15 17 22 198 42 2075 23773 12949 25 220 16 22 22 15 198 3320 2472 34827 25 220 16 21 20 15 198 42 88850 1799 33852 1482 25 220 24 19 16 16 271 3710 369 279 2528 1970 364 710 88850 1799 33852 1482 30 271 32 13 220 17 23 23 16 198 33 13 220 16 22 22 15 198 34 13 220 24 19 16 16 198 35 13 220 17 15 17 22 248046 198 248045 74455 198 248068 271 248069 271	32,33,34,35
bind043/D	choice	248045 846 198 760 2614 369 264 5081 5576 3296 883 449 2528 1970 18834 13 21134 440 1132 279 6321 318 32 11 417 11 351 11 466 414 8 314 279 4252 2904 13 271 5865 1970 18834 198 59605 458 452 82319 25 220 23 16 22 24 198 24601 10211 227938 25 220 19 18 24 18 198 89680 7509 496 4405 1891 25 220 21 20 19 19 198 1106 268 49346 25 220 18 23 16 23 198 35 1701 452 49472 25 220 16 24 21 15 198 2229 10211 52582 25 220 16 20 24 18 198 623 287 28975 25 220 17 15 19 19 198 36 46419 56763 25 220 19 15 19 18 271 3710 369 279 2528 1970 364 28445 458 452 82319 30 271 32 13 220 19 18 24 18 198 33 13 220 21 20 19 19 198 34 13 220 18 23 16 23 198 35 13 220 23 16 22 24 248046 198 248045 74455 198 248068 271 248069 271	32,33,34,35
bind044/A	choice	248045 846 198 760 2614 369 264 5081 5576 3296 883 449 2528 1970 18834 13 21134 440 1132 279 6321 318 32 11 417 11 351 11 466 414 8 314 279 4252 2904 13 271 5865 1970 18834 198 2196 50557 710 3974 25 220 20 15 20 22 198 5901 4897 49346 25 220 20 22 20 23 198 24601 10211 23773 12949 25 220 23 19 18 17 198 56 4897 61028 25 220 23 15 23 21 198 90979 78 26342 67220 375 25 220 16 21 23 18 198 54 268 63419 25 220 19 17 22 22 198 59605 56763 25 220 20 19 15 21 198 35921 299 53656 25 220 24 24 16 15 271 3710 369 279 2528 1970 364 783 4897 61028 30 271 32 13 220 23 15 23 21 198 33 13 220 16 21 23 18 198 34 13 220 23 19 18 17 198 35 13 220 20 19 15 21 248046 198 248045 74455 198 248068 271 248069 271	32,33,34,35
bind045/B	choice	248045 846 198 760 2614 369 264 5081 5576 3296 883 449 2528 1970 18834 13 21134 440 1132 279 6321 318 32 11 417 11 351 11 466 414 8 314 279 4252 2904 13 271 5865 1970 18834 198 2196 50557 27466 25 220 23 15 23 17 198 42 2075 710 3974 25 220 20 20 20 18 198 36 46419 4254 2770 25 220 21 19 17 18 198 49 2492 5709 78961 25 220 19 24 20 23 198 34930 269 207520 25 220 16 23 16 15 198 31795 1413 72925 25 220 16 23 15 20 198 31795 1413 462 698 327 25 220 20 18 22 20 198 5901 4897 78961 25 220 20 19 21 24 271 3710 369 279 2528 1970 364 52575 78961 30 271 32 13 220 16 23 15 20 198 33 13 220 19 24 20 23 198 34 13 220 20 20 20 18 198 35 13 220 16 23 16 15 248046 198 248045 74455 198 248068 271 248069 271	32,33,34,35
bind046/C	choice	248045 846 198 760 2614 369 264 5081 5576 3296 883 449 2528 1970 18834 13 21134 440 1132 279 6321 318 32 11 417 11 351 11 466 414 8 314 279 4252 2904 13 271 5865 1970 18834 198 39304 667 227938 25 220 21 23 24 22 198 92055 53656 25 220 24 22 16 19 198 23202 396 32442 54958 25 220 23 21 20 15 198 35 1701 452 56763 25 220 17 21 23 15 198 35921 299 227938 25 220 24 22 19 15 198 51 2692 80 23773 12949 25 220 22 24 23 24 198 51 21576 56763 25 220 23 22 22 24 198 54 268 16592 28100 25 220 24 20 16 19 271 3710 369 279 2528 1970 364 65788 227938 30 271 32 13 220 22 24 23 24 198 33 13 220 23 22 22 24 198 34 13 220 24 22 19 15 198 35 13 220 24 20 16 19 248046 198 248045 74455 198 248068 271 248069 271	32,33,34,35
bind047/D	choice	248045 846 198 760 2614 369 264 5081 5576 3296 883 449 2528 1970 18834 13 21134 440 1132 279 6321 318 32 11 417 11 351 11 466 414 8 314 279 4252 2904 13 271 5865 1970 18834 198 24601 10211 40733 25 220 19 22 19 22 198 57 4897 27466 25 220 16 15 16 24 198 51 21576 40733 25 220 20 15 15 18 198 2229 10211 27466 25 220 19 17 21 18 198 23202 396 40050 12297 25 220 19 15 18 23 198 65343 53656 25 220 22 22 18 17 198 46 23738 64683 14183 25 220 17 19 18 23 198 51 2692 80 61028 25 220 24 23 17 16 271 3710 369 279 2528 1970 364 7802 10211 40733 30 271 32 13 220 19 17 21 18 198 33 13 220 17 19 18 23 198 34 13 220 16 15 16 24 198 35 13 220 19 22 19 22 248046 198 248045 74455 198 248068 271 248069 271	32,33,34,35
bind048/A	choice	248045 846 198 760 2614 369 264 5081 5576 3296 883 449 2528 1970 18834 13 21134 440 1132 279 6321 318 32 11 417 11 351 11 466 414 8 314 279 4252 2904 13 271 5865 1970 18834 198 51 24685 1799 33852 1482 25 220 24 17 24 19 198 36 46419 92372 25 220 17 16 20 21 198 54 268 63294 25 220 22 18 21 16 198 42 88850 710 3974 25 220 20 19 20 23 198 90979 78 235489 25 220 23 19 19 18 198 35 1701 452 61850 25 220 23 18 15 24 198 89306 462 698 327 25 220 21 24 24 23 198 2229 10211 92372 25 220 20 20 21 16 271 3710 369 279 2528 1970 364 345 24685 1799 33852 1482 30 271 32 13 220 24 17 24 19 198 33 13 220 20 19 20 23 198 34 13 220 21 24 24 23 198 35 13 220 20 20 21 16 248046 198 248045 74455 198 248068 271 248069 271	32,33,34,35
bind049/B	choice	248045 846 198 760 2614 369 264 5081 5576 3296 883 449 2528 1970 18834 13 21134 440 1132 279 6321 318 32 11 417 11 351 11 466 414 8 314 279 4252 2904 13 271 5865 1970 18834 198 49 11642 710 358 1091 6433 25 220 20 17 18 15 198 45 1524 335 2075 61028 25 220 18 17 21 17 198 10786 64 49346 25 220 21 16 23 22 198 23202 396 23773 12949 25 220 18 18 18 19 198 89306 55240 25 220 23 16 16 24 198 3320 2472 73467 25 220 21 20 24 17 198 5901 4897 496 4405 1891 25 220 17 17 21 23 198 45 51054 61028 25 220 24 15 18 22 271 3710 369 279 2528 1970 364 3194 4897 496 4405 1891 30 271 32 13 220 20 17 18 15 198 33 13 220 17 17 21 23 198 34 13 220 18 18 18 19 198 35 13 220 23 16 16 24 248046 198 248045 74455 198 248068 271 248069 271	32,33,34,35
bind050/C	choice	248045 846 198 760 2614 369 264 5081 5576 3296 883 449 2528 1970 18834 13 21134 440 1132 279 6321 318 32 11 417 11 351 11 466 414 8 314 279 4252 2904 13 271 5865 1970 18834 198 50 1020 667 49346 25 220 19 19 23 18 198 45 1524 335 2075 49472 25 220 24 20 16 23 198 39304 667 28975 25 220 19 24 15 19 198 89306 92372 25 220 19 23 19 19 198 59605 27466 25 220 20 18 22 23 198 82433 227938 25 220 24 18 22 16 198 2665 269 36461 25 220 16 17 19 24 198 10786 64 74092 25 220 19 22 20 16 271 3710 369 279 2528 1970 364 48654 74092 30 271 32 13 220 19 24 15 19 198 33 13 220 19 23 19 19 198 34 13 220 19 22 20 16 198 35 13 220 16 17 19 24 248046 198 248045 74455 198 248068 271 248069 271	32,33,34,35
bind051/D	choice	248045 846 198 760 2614 369 264 5081 5576 3296 883 449 2528 1970 18834 13 21134 440 1132 279 6321 318 32 11 417 11 351 11 466 414 8 314 279 4252 2904 13 271 5865 1970 18834 198 89680 7509 36461 25 220 18 19 21 16 198 35921 299 39685 25 220 21 22 15 24 198 42 88850 74092 25 220 23 23 17 23 198 1106 268 1799 33852 1482 25 220 21 23 24 21 198 623 287 55240 25 220 24 20 16 16 198 82433 39185 25 220 18 19 23 19 198 49 11642 49346 25 220 16 22 15 16 198 49 11642 52582 25 220 16 18 21 18 271 3710 369 279 2528 1970 364 733 287 55240 30 271 32 13 220 21 22 15 24 198 33 13 220 23 23 17 23 198 34 13 220 18 19 21 16 198 35 13 220 24 20 16 16 248046 198 248045 74455 198 248068 271 248069 271	32,33,34,35
bind052/A	choice	248045 846 198 760 2614 369 264 5081 5576 3296 883 449 2528 1970 18834 13 21134 440 1132 279 6321 318 32 11 417 11 351 11 466 414 8 314 279 4252 2904 13 271 5865 1970 18834 198 89306 4254 2770 25 220 20 18 17 21 198 39 3253 73467 25 220 24 23 18 20 198 10786 64 458 452 82319 25 220 20 16 16 24 198 24601 10211 26342 67220 375 25 220 18 17 22 19 198 45 51054 235489 25 220 16 19 15 18 198 39304 667 26342 67220 375 25 220 24 16 15 17 198 56 350 1644 36461 25 220 23 24 17 21 198 40 15190 23773 12949 25 220 23 19 16 18 271 3710 369 279 2528 1970 364 33514 667 235489 30 271 32 13 220 16 19 15 18 198 33 13 220 18 17 22 19 198 34 13 220 20 16 16 24 198 35 13 220 23 19 16 18 248046 198 248045 74455 198 248068 271 248069 271	32,33,34,35
bind053/B	choice	248045 846 198 760 2614 369 264 5081 5576 3296 883 449 2528 1970 18834 13 21134 440 1132 279 6321 318 32 11 417 11 351 11 466 414 8 314 279 4252 2904 13 271 5865 1970 18834 198 42 88850 64683 14183 25 220 16 21 24 16 198 40 15190 27466 25 220 18 19 18 17 198 49 11642 458 452 82319 25 220 18 17 15 18 198 40 15190 1799 33852 1482 25 220 17 19 20 24 198 31795 1413 36461 25 220 17 15 18 24 198 54 268 34827 25 220 16 18 22 19 198 2665 269 74092 25 220 19 17 17 16 198 45 1524 335 2075 235489 25 220 22 15 16 19 271 3710 369 279 2528 1970 364 2233 269 74092 30 271 32 13 220 17 19 20 24 198 33 13 220 19 17 17 16 198 34 13 220 16 18 22 19 198 35 13 220 22 15 16 19 248046 198 248045 74455 198 248068 271 248069 271	32,33,34,35
bind054/C	choice	248045 846 198 760 2614 369 264 5081 5576 3296 883 449 2528 1970 18834 13 21134 440 1132 279 6321 318 32 11 417 11 351 11 466 414 8 314 279 4252 2904 13 271 5865 1970 18834 198 4904 4897 41803 80831 25 220 22 22 16 15 198 2196 319 59831 25 220 18 24 24 22 198 45 51054 5367 25 220 21 19 22 15 198 83554 26342 67220 375 25 220 24 24 18 21 198 51 24685 78961 25 220 21 18 17 20 198 2196 319 710 358 1091 6433 25 220 19 17 18 21 198 42 2075 28975 25 220 16 18 22 22 198 39304 667 1799 33852 1482 25 220 20 20 15 21 271 3710 369 279 2528 1970 364 48854 41803 80831 30 271 32 13 220 20 20 15 21 198 33 13 220 21 19 22 15 198 34 13 220 22 22 16 15 198 35 13 220 16 18 22 22 248046 198 248045 74455 198 248068 271 248069 271	32,33,34,35
bind055/D	choice	248045 846 198 760 2614 369 264 5081 5576 3296 883 449 2528 1970 18834 13 21134 440 1132 279 6321 318 32 11 417 11 351 11 466 414 8 314 279 4252 2904 13 271 5865 1970 18834 198 39 3253 61028 25 220 21 19 18 18 198 34930 269 39185 25 220 21 17 21 18 198 39 3253 49472 25 220 21 19 15 16 198 5901 4897 629 17386 25 220 20 24 17 24 198 2229 10211 496 4405 1891 25 220 21 16 17 23 198 35921 299 56763 25 220 18 19 19 15 198 1106 268 63294 25 220 22 19 18 18 198 233511 16592 28100 25 220 18 21 16 22 271 3710 369 279 2528 1970 364 23720 63294 30 271 32 13 220 21 19 15 16 198 33 13 220 21 16 17 23 198 34 13 220 20 24 17 24 198 35 13 220 22 19 18 18 248046 198 248045 74455 198 248068 271 248069 271	32,33,34,35
bind056/A	choice	248045 846 198 760 2614 369 264 5081 5576 3296 883 449 2528 1970 18834 13 21134 440 1132 279 6321 318 32 11 417 11 351 11 466 414 8 314 279 4252 2904 13 271 5865 1970 18834 198 45 51054 73467 25 220 19 21 17 18 198 49 11642 629 17386 25 220 16 22 16 17 198 27175 667 63294 25 220 21 24 24 16 198 56 350 1644 61086 25 220 18 20 16 17 198 2196 50557 710 3974 25 220 18 18 20 15 198 35 1701 452 27466 25 220 20 21 17 22 198 56 4897 207520 25 220 22 21 22 16 198 6737 55747 74092 25 220 23 18 16 22 271 3710 369 279 2528 1970 364 5570 50557 710 3974 30 271 32 13 220 18 18 20 15 198 33 13 220 16 22 16 17 198 34 13 220 23 18 16 22 198 35 13 220 19 21 17 18 248046 198 248045 74455 198 248068 271 248069 271	32,33,34,35
bind057/B	choice	248045 846 198 760 2614 369 264 5081 5576 3296 883 449 2528 1970 18834 13 21134 440 1132 279 6321 318 32 11 417 11 351 11 466 414 8 314 279 4252 2904 13 271 5865 1970 18834 198 39 32389 32442 54958 25 220 19 16 23 23 198 39 3253 41803 80831 25 220 18 21 22 16 198 83554 82596 25 220 18 23 19 15 198 49 2492 5709 46035 25 220 21 23 19 20 198 39 3253 46035 25 220 19 17 20 15 198 1106 268 207520 25 220 16 24 21 16 198 2665 269 235489 25 220 23 16 21 17 198 36 46419 59831 25 220 24 17 23 15 271 3710 369 279 2528 1970 364 2233 269 235489 30 271 32 13 220 24 17 23 15 198 33 13 220 23 16 21 17 198 34 13 220 18 23 19 15 198 35 13 220 21 23 19 20 248046 198 248045 74455 198 248068 271 248069 271	32,33,34,35
bind058/C	choice	248045 846 198 760 2614 369 264 5081 5576 3296 883 449 2528 1970 18834 13 21134 440 1132 279 6321 318 32 11 417 11 351 11 466 414 8 314 279 4252 2904 13 271 5865 1970 18834 198 83554 462 698 327 25 220 22 22 16 19 198 45 1524 335 2075 49346 25 220 21 23 22 23 198 1106 268 26342 67220 375 25 220 17 22 15 20 198 10786 64 227938 25 220 20 17 23 19 198 56 4897 46035 25 220 19 21 18 24 198 31795 1413 63419 25 220 23 16 16 18 198 90979 78 496 4405 1891 25 220 22 20 22 17 198 34930 269 5367 25 220 23 20 20 21 271 3710 369 279 2528 1970 364 30053 462 698 327 30 271 32 13 220 21 23 22 23 198 33 13 220 23 20 20 21 198 34 13 220 22 22 16 19 198 35 13 220 20 17 23 19 248046 198 248045 74455 198 248068 271 248069 271	32,33,34,35
bind059/D	choice	248045 846 198 760 2614 369 264 5081 5576 3296 883 449 2528 1970 18834 13 21134 440 1132 279 6321 318 32 11 417 11 351 11 466 414 8 314 279 4252 2904 13 271 5865 1970 18834 198 65343 40050 12297 25 220 17 20 24 24 198 40 15190 462 698 327 25 220 18 17 16 21 198 59605 4254 2770 25 220 23 18 18 17 198 23202 396 59831 25 220 22 21 16 23 198 43 1506 4254 2770 25 220 17 17 17 18 198 46 23738 227938 25 220 24 20 20 22 198 59605 23773 12949 25 220 17 15 24 23 198 56 4897 78961 25 220 21 22 22 22 271 3710 369 279 2528 1970 364 29695 227938 30 271 32 13 220 17 20 24 24 198 33 13 220 22 21 16 23 198 34 13 220 18 17 16 21 198 35 13 220 24 20 20 22 248046 198 248045 74455 198 248068 271 248069 271	32,33,34,35
bind060/A	choice	248045 846 198 760 2614 369 264 5081 5576 3296 883 449 2528 1970 18834 13 21134 440 1132 279 6321 318 32 11 417 11 351 11 466 414 8 314 279 4252 2904 13 271 5865 1970 18834 198 233511 78961 25 220 16 21 23 21 198 43 1506 462 698 327 25 220 24 23 15 24 198 5901 4897 710 358 1091 6433 25 220 20 15 18 24 198 2665 269 49472 25 220 17 23 19 20 198 56 4897 1799 33852 1482 25 220 18 15 16 24 198 51 2692 80 92372 25 220 22 17 24 16 198 31795 1413 235489 25 220 19 15 17 22 198 51 21576 40050 12297 25 220 22 20 19 24 271 3710 369 279 2528 1970 364 84907 40050 12297 30 271 32 13 220 22 20 19 24 198 33 13 220 18 15 16 24 198 34 13 220 22 17 24 16 198 35 13 220 20 15 18 24 248046 198 248045 74455 198 248068 271 248069 271	32,33,34,35
bind061/B	choice	248045 846 198 760 2614 369 264 5081 5576 3296 883 449 2528 1970 18834 13 21134 440 1132 279 6321 318 32 11 417 11 351 11 466 414 8 314 279 4252 2904 13 271 5865 1970 18834 198 36 46419 53656 25 220 18 20 23 23 198 51 21576 28975 25 220 16 15 19 17 198 24601 10211 4470 570 25 220 24 19 22 20 198 51 24685 4470 570 25 220 17 21 15 20 198 43 1506 462 698 327 25 220 18 17 17 17 198 35921 299 49472 25 220 19 23 22 16 198 2196 50557 34827 25 220 24 17 23 20 198 37 65435 61850 25 220 19 19 19 17 271 3710 369 279 2528 1970 364 84907 28975 30 271 32 13 220 19 23 22 16 198 33 13 220 16 15 19 17 198 34 13 220 18 20 23 23 198 35 13 220 19 19 19 17 248046 198 248045 74455 198 248068 271 248069 271	32,33,34,35
bind062/C	choice	248045 846 198 760 2614 369 264 5081 5576 3296 883 449 2528 1970 18834 13 21134 440 1132 279 6321 318 32 11 417 11 351 11 466 414 8 314 279 4252 2904 13 271 5865 1970 18834 198 31795 1413 61028 25 220 19 17 22 16 198 49 11642 49346 25 220 21 23 24 18 198 2196 50557 26342 67220 375 25 220 17 22 22 18 198 36 46419 227938 25 220 24 16 20 21 198 3320 2472 5367 25 220 22 18 21 24 198 5901 4897 53656 25 220 22 20 22 22 198 10786 64 458 452 82319 25 220 20 22 15 23 198 31795 1413 67186 25 220 23 18 23 23 271 3710 369 279 2528 1970 364 13065 1413 67186 30 271 32 13 220 22 18 21 24 198 33 13 220 21 23 24 18 198 34 13 220 23 18 23 23 198 35 13 220 22 20 22 22 248046 198 248045 74455 198 248068 271 248069 271	32,33,34,35
bind063/D	choice	248045 846 198 760 2614 369 264 5081 5576 3296 883 449 2528 1970 18834 13 21134 440 1132 279 6321 318 32 11 417 11 351 11 466 414 8 314 279 4252 2904 13 271 5865 1970 18834 198 92055 72925 25 220 16 16 23 19 198 49 2492 5709 56763 25 220 17 20 18 19 198 89306 207520 25 220 23 19 20 19 198 50 1020 667 64683 14183 25 220 18 15 21 20 198 23202 396 64683 14183 25 220 23 15 24 22 198 83554 458 452 82319 25 220 18 19 23 20 198 35 1701 452 710 358 1091 6433 25 220 24 15 21 20 198 4904 4897 49346 25 220 21 16 20 22 271 3710 369 279 2528 1970 364 63889 452 710 358 1091 6433 30 271 32 13 220 17 20 18 19 198 33 13 220 23 19 20 19 198 34 13 220 18 15 21 20 198 35 13 220 24 15 21 20 248046 198 248045 74455 198 248068 271 248069 271	32,33,34,35
bind064/A	choice	248045 846 198 760 2614 369 264 5081 5576 3296 883 449 2528 1970 18834 13 21134 440 1132 279 6321 318 32 11 417 11 351 11 466 414 8 314 279 4252 2904 13 271 5865 1970 18834 198 2665 269 32442 54958 25 220 16 23 21 20 198 59605 227938 25 220 16 19 15 18 198 2665 269 39685 25 220 16 21 22 23 198 42 88850 74092 25 220 23 17 24 20 198 45 51054 462 698 327 25 220 21 22 22 21 198 46 23738 49472 25 220 23 23 15 15 198 23202 396 73467 25 220 24 17 23 17 198 83554 32442 54958 25 220 16 24 17 24 271 3710 369 279 2528 1970 364 30053 32442 54958 30 271 32 13 220 16 24 17 24 198 33 13 220 16 21 22 23 198 34 13 220 16 19 15 18 198 35 13 220 23 23 15 15 248046 198 248045 74455 198 248068 271 248069 271	32,33,34,35
bind065/B	choice	248045 846 198 760 2614 369 264 5081 5576 3296 883 449 2528 1970 18834 13 21134 440 1132 279 6321 318 32 11 417 11 351 11 466 414 8 314 279 4252 2904 13 271 5865 1970 18834 198 3320 2472 4254 2770 25 220 17 22 24 19 198 56 350 1644 462 698 327 25 220 24 24 16 17 198 46 23738 710 358 1091 6433 25 220 17 17 23 17 198 23202 396 39185 25 220 23 17 24 19 198 24601 10211 49346 25 220 22 18 24 22 198 49 11642 63419 25 220 18 23 18 19 198 42 88850 40050 12297 25 220 22 16 17 16 198 49 2492 5709 92372 25 220 18 15 23 18 271 3710 369 279 2528 1970 364 220348 462 698 327 30 271 32 13 220 18 23 18 19 198 33 13 220 24 24 16 17 198 34 13 220 22 18 24 22 198 35 13 220 22 16 17 16 248046 198 248045 74455 198 248068 271 248069 271	32,33,34,35
bind066/C	choice	248045 846 198 760 2614 369 264 5081 5576 3296 883 449 2528 1970 18834 13 21134 440 1132 279 6321 318 32 11 417 11 351 11 466 414 8 314 279 4252 2904 13 271 5865 1970 18834 198 36 46419 39685 25 220 17 23 22 24 198 65343 49346 25 220 16 18 22 23 198 56 350 1644 73467 25 220 17 19 19 19 198 43 1506 629 17386 25 220 18 22 20 15 198 51 21576 23773 12949 25 220 20 18 22 16 198 89680 7509 36461 25 220 21 20 21 23 198 57 4897 207520 25 220 16 21 21 24 198 49 2492 5709 710 3974 25 220 20 23 18 22 271 3710 369 279 2528 1970 364 26882 7509 36461 30 271 32 13 220 18 22 20 15 198 33 13 220 16 21 21 24 198 34 13 220 21 20 21 23 198 35 13 220 17 19 19 19 248046 198 248045 74455 198 248068 271 248069 271	32,33,34,35
bind067/D	choice	248045 846 198 760 2614 369 264 5081 5576 3296 883 449 2528 1970 18834 13 21134 440 1132 279 6321 318 32 11 417 11 351 11 466 414 8 314 279 4252 2904 13 271 5865 1970 18834 198 54 268 16592 28100 25 220 22 22 16 23 198 42 88850 28975 25 220 23 23 18 23 198 89306 39185 25 220 20 21 15 17 198 59605 34827 25 220 17 20 23 20 198 37 65435 5367 25 220 16 18 23 17 198 45 51054 496 4405 1891 25 220 20 20 24 21 198 1106 268 52582 25 220 18 15 18 20 198 24601 10211 27466 25 220 16 15 24 18 271 3710 369 279 2528 1970 364 23720 52582 30 271 32 13 220 16 18 23 17 198 33 13 220 17 20 23 20 198 34 13 220 20 20 24 21 198 35 13 220 18 15 18 20 248046 198 248045 74455 198 248068 271 248069 271	32,33,34,35
bind068/A	choice	248045 846 198 760 2614 369 264 5081 5576 3296 883 449 2528 1970 18834 13 21134 440 1132 279 6321 318 32 11 417 11 351 11 466 414 8 314 279 4252 2904 13 271 5865 1970 18834 198 37 65435 56763 25 220 20 22 24 18 198 92055 1799 33852 1482 25 220 24 22 17 17 198 36 46419 82596 25 220 18 20 15 19 198 35 1701 452 36461 25 220 16 23 22 22 198 39 3253 34827 25 220 23 18 23 16 198 623 287 93922 25 220 23 23 20 18 198 233511 52582 25 220 22 21 24 17 198 2665 269 73467 25 220 23 22 24 20 271 3710 369 279 2528 1970 364 66255 82596 30 271 32 13 220 18 20 15 19 198 33 13 220 23 18 23 16 198 34 13 220 20 22 24 18 198 35 13 220 22 21 24 17 248046 198 248045 74455 198 248068 271 248069 271	32,33,34,35
bind069/B	choice	248045 846 198 760 2614 369 264 5081 5576 3296 883 449 2528 1970 18834 13 21134 440 1132 279 6321 318 32 11 417 11 351 11 466 414 8 314 279 4252 2904 13 271 5865 1970 18834 198 39 32389 39185 25 220 23 16 15 20 198 89306 36461 25 220 22 24 21 18 198 56 350 1644 59405 85 25 220 16 19 23 17 198 39 3253 23773 12949 25 220 21 23 20 22 198 56 350 1644 39185 25 220 19 15 24 24 198 50 1020 667 49346 25 220 22 23 15 20 198 31795 1413 82596 25 220 24 16 24 19 198 27175 667 56763 25 220 20 18 23 20 271 3710 369 279 2528 1970 364 462 3253 23773 12949 30 271 32 13 220 20 18 23 20 198 33 13 220 21 23 20 22 198 34 13 220 16 19 23 17 198 35 13 220 22 24 21 18 248046 198 248045 74455 198 248068 271 248069 271	32,33,34,35
bind070/C	choice	248045 846 198 760 2614 369 264 5081 5576 3296 883 449 2528 1970 18834 13 21134 440 1132 279 6321 318 32 11 417 11 351 11 466 414 8 314 279 4252 2904 13 271 5865 1970 18834 198 42 2075 227938 25 220 18 23 16 15 198 65343 59831 25 220 21 21 20 19 198 2196 319 462 698 327 25 220 22 15 19 15 198 43 1506 53656 25 220 19 16 24 15 198 24601 10211 710 3974 25 220 24 16 21 21 198 46 23738 462 698 327 25 220 16 18 24 24 198 3320 2472 59405 85 25 220 19 21 19 18 198 46 23738 207520 25 220 17 16 19 17 271 3710 369 279 2528 1970 364 29695 462 698 327 30 271 32 13 220 17 16 19 17 198 33 13 220 19 16 24 15 198 34 13 220 16 18 24 24 198 35 13 220 22 15 19 15 248046 198 248045 74455 198 248068 271 248069 271	32,33,34,35
bind071/D	choice	248045 846 198 760 2614 369 264 5081 5576 3296 883 449 2528 1970 18834 13 21134 440 1132 279 6321 318 32 11 417 11 351 11 466 414 8 314 279 4252 2904 13 271 5865 1970 18834 198 65343 462 698 327 25 220 21 23 17 21 198 89680 7509 629 17386 25 220 20 18 15 21 198 6737 55747 710 358 1091 6433 25 220 23 22 20 16 198 45 1524 335 2075 710 358 1091 6433 25 220 21 19 22 20 198 36 46419 49346 25 220 23 18 17 16 198 49 11642 74092 25 220 16 24 15 16 198 82433 710 358 1091 6433 25 220 24 22 24 22 198 31795 1413 23773 12949 25 220 21 17 23 23 271 3710 369 279 2528 1970 364 45265 74092 30 271 32 13 220 21 19 22 20 198 33 13 220 23 22 20 16 198 34 13 220 20 18 15 21 198 35 13 220 16 24 15 16 248046 198 248045 74455 198 248068 271 248069 271	32,33,34,35
bind072/A	choice	248045 846 198 760 2614 369 264 5081 5576 3296 883 449 2528 1970 18834 13 21134 440 1132 279 6321 318 32 11 417 11 351 11 466 414 8 314 279 4252 2904 13 271 5865 1970 18834 198 56 4897 14315 48040 25 220 18 22 24 17 198 90979 78 36461 25 220 21 17 18 21 198 2229 10211 16592 28100 25 220 17 20 23 24 198 45 1524 335 2075 64683 14183 25 220 17 21 17 21 198 82433 23773 12949 25 220 22 19 22 15 198 2229 10211 710 358 1091 6433 25 220 22 16 18 18 198 45 1524 335 2075 1799 33852 1482 25 220 18 23 18 18 198 40 15190 34827 25 220 19 23 24 15 271 3710 369 279 2528 1970 364 92253 2075 1799 33852 1482 30 271 32 13 220 18 23 18 18 198 33 13 220 22 19 22 15 198 34 13 220 18 22 24 17 198 35 13 220 22 16 18 18 248046 198 248045 74455 198 248068 271 248069 271	32,33,34,35
bind073/B	choice	248045 846 198 760 2614 369 264 5081 5576 3296 883 449 2528 1970 18834 13 21134 440 1132 279 6321 318 32 11 417 11 351 11 466 414 8 314 279 4252 2904 13 271 5865 1970 18834 198 6737 55747 59831 25 220 17 20 23 23 198 49 11642 5367 25 220 17 20 22 20 198 51 24685 14315 48040 25 220 22 23 21 21 198 57 4493 49346 25 220 17 19 20 15 198 49 11642 235489 25 220 18 18 22 18 198 90979 78 4254 2770 25 220 18 24 18 17 198 59605 61028 25 220 16 17 18 23 198 4904 4897 49472 25 220 24 24 24 17 271 3710 369 279 2528 1970 364 345 24685 14315 48040 30 271 32 13 220 17 20 23 23 198 33 13 220 22 23 21 21 198 34 13 220 17 19 20 15 198 35 13 220 18 24 18 17 248046 198 248045 74455 198 248068 271 248069 271	32,33,34,35
bind074/C	choice	248045 846 198 760 2614 369 264 5081 5576 3296 883 449 2528 1970 18834 13 21134 440 1132 279 6321 318 32 11 417 11 351 11 466 414 8 314 279 4252 2904 13 271 5865 1970 18834 198 51 24685 72925 25 220 16 17 20 17 198 2665 269 4470 570 25 220 16 18 23 21 198 39 3253 61086 25 220 20 18 18 23 198 2229 10211 92372 25 220 19 19 21 23 198 42 88850 82596 25 220 23 23 16 19 198 39304 667 40733 25 220 23 18 21 20 198 35921 299 67186 25 220 24 15 16 21 198 54 268 82596 25 220 23 17 20 19 271 3710 369 279 2528 1970 364 462 3253 61086 30 271 32 13 220 23 18 21 20 198 33 13 220 24 15 16 21 198 34 13 220 20 18 18 23 198 35 13 220 16 18 23 21 248046 198 248045 74455 198 248068 271 248069 271	32,33,34,35
bind075/D	choice	248045 846 198 760 2614 369 264 5081 5576 3296 883 449 2528 1970 18834 13 21134 440 1132 279 6321 318 32 11 417 11 351 11 466 414 8 314 279 4252 2904 13 271 5865 1970 18834 198 623 287 4254 2770 25 220 19 18 20 15 198 6737 55747 49346 25 220 18 18 18 18 198 2196 50557 53656 25 220 19 15 22 20 198 39 3253 32442 54958 25 220 22 17 19 23 198 46 23738 73467 25 220 22 19 21 20 198 54 268 74092 25 220 18 22 22 19 198 35 1701 452 14315 48040 25 220 18 23 21 22 198 46 23738 23773 12949 25 220 24 16 18 23 271 3710 369 279 2528 1970 364 29695 23773 12949 30 271 32 13 220 22 19 21 20 198 33 13 220 19 15 22 20 198 34 13 220 18 22 22 19 198 35 13 220 24 16 18 23 248046 198 248045 74455 198 248068 271 248069 271	32,33,34,35
bind076/A	choice	248045 846 198 760 2614 369 264 5081 5576 3296 883 449 2528 1970 18834 13 21134 440 1132 279 6321 318 32 11 417 11 351 11 466 414 8 314 279 4252 2904 13 271 5865 1970 18834 198 34930 269 34827 25 220 22 19 20 24 198 39 3253 32442 54958 25 220 24 17 17 17 198 54 268 710 3974 25 220 22 20 20 15 198 10786 64 16592 28100 25 220 20 16 17 16 198 42 88850 93922 25 220 22 16 22 23 198 65343 26342 67220 375 25 220 19 20 16 17 198 4904 4897 16592 28100 25 220 24 24 24 23 198 2196 319 462 698 327 25 220 20 21 24 22 271 3710 369 279 2528 1970 364 24480 26342 67220 375 30 271 32 13 220 19 20 16 17 198 33 13 220 24 17 17 17 198 34 13 220 22 19 20 24 198 35 13 220 24 24 24 23 248046 198 248045 74455 198 248068 271 248069 271	32,33,34,35
bind077/B	choice	248045 846 198 760 2614 369 264 5081 5576 3296 883 449 2528 1970 18834 13 21134 440 1132 279 6321 318 32 11 417 11 351 11 466 414 8 314 279 4252 2904 13 271 5865 1970 18834 198 27175 667 207520 25 220 21 18 19 16 198 89680 7509 82596 25 220 19 17 24 15 198 23202 396 74092 25 220 23 23 15 17 198 1106 268 61028 25 220 16 24 23 21 198 51 2692 80 46035 25 220 16 22 24 21 198 49 11642 93922 25 220 22 21 17 15 198 43 1506 16592 28100 25 220 18 16 24 23 198 2196 319 227938 25 220 19 19 19 15 271 3710 369 279 2528 1970 364 174109 80 46035 30 271 32 13 220 19 17 24 15 198 33 13 220 16 22 24 21 198 34 13 220 19 19 19 15 198 35 13 220 23 23 15 17 248046 198 248045 74455 198 248068 271 248069 271	32,33,34,35
bind078/C	choice	248045 846 198 760 2614 369 264 5081 5576 3296 883 449 2528 1970 18834 13 21134 440 1132 279 6321 318 32 11 417 11 351 11 466 414 8 314 279 4252 2904 13 271 5865 1970 18834 198 65343 55240 25 220 21 15 23 21 198 39304 667 1799 33852 1482 25 220 24 19 22 21 198 43 1506 710 3974 25 220 19 19 15 18 198 89680 7509 34827 25 220 20 24 18 15 198 56 350 1644 61850 25 220 23 22 16 21 198 35 1701 452 36461 25 220 21 22 20 22 198 56 350 1644 59405 85 25 220 21 20 21 17 198 51 21576 710 358 1091 6433 25 220 18 15 21 23 271 3710 369 279 2528 1970 364 84907 710 358 1091 6433 30 271 32 13 220 24 19 22 21 198 33 13 220 21 22 20 22 198 34 13 220 18 15 21 23 198 35 13 220 20 24 18 15 248046 198 248045 74455 198 248068 271 248069 271	32,33,34,35
bind079/D	choice	248045 846 198 760 2614 369 264 5081 5576 3296 883 449 2528 1970 18834 13 21134 440 1132 279 6321 318 32 11 417 11 351 11 466 414 8 314 279 4252 2904 13 271 5865 1970 18834 198 57 4493 82596 25 220 23 17 17 17 198 90979 78 235489 25 220 23 18 24 22 198 56 4897 14315 48040 25 220 23 19 16 21 198 57 4493 59831 25 220 18 24 23 23 198 31795 1413 23773 12949 25 220 17 21 19 16 198 233511 53656 25 220 21 19 19 20 198 65343 14315 48040 25 220 23 23 22 20 198 57 4897 14315 48040 25 220 21 15 15 15 271 3710 369 279 2528 1970 364 72102 59831 30 271 32 13 220 23 23 22 20 198 33 13 220 23 19 16 21 198 34 13 220 21 15 15 15 198 35 13 220 18 24 23 23 248046 198 248045 74455 198 248068 271 248069 271	32,33,34,35
bind080/A	choice	248045 846 198 760 2614 369 264 5081 5576 3296 883 449 2528 1970 18834 13 21134 440 1132 279 6321 318 32 11 417 11 351 11 466 414 8 314 279 4252 2904 13 271 5865 1970 18834 198 51 24685 629 17386 25 220 22 21 15 22 198 56 4897 16592 28100 25 220 23 20 20 19 198 89680 7509 5367 25 220 17 24 21 22 198 49 11642 63294 25 220 19 22 16 16 198 51 2692 80 23773 12949 25 220 19 17 15 22 198 35921 299 52582 25 220 20 19 22 21 198 2229 10211 458 452 82319 25 220 19 17 19 20 198 27175 667 26342 67220 375 25 220 19 23 19 16 271 3710 369 279 2528 1970 364 783 4897 16592 28100 30 271 32 13 220 23 20 20 19 198 33 13 220 19 17 15 22 198 34 13 220 19 22 16 16 198 35 13 220 22 21 15 22 248046 198 248045 74455 198 248068 271 248069 271	32,33,34,35
bind081/B	choice	248045 846 198 760 2614 369 264 5081 5576 3296 883 449 2528 1970 18834 13 21134 440 1132 279 6321 318 32 11 417 11 351 11 466 414 8 314 279 4252 2904 13 271 5865 1970 18834 198 43 1506 72925 25 220 22 15 15 21 198 10786 64 63419 25 220 21 20 20 16 198 233511 73467 25 220 23 17 15 15 198 59605 93922 25 220 21 23 21 20 198 49 2492 5709 16592 28100 25 220 17 17 20 16 198 50 1020 667 72925 25 220 21 24 21 17 198 24601 10211 61086 25 220 22 23 16 20 198 1106 268 4254 2770 25 220 19 20 19 17 271 3710 369 279 2528 1970 364 82807 73467 30 271 32 13 220 21 20 20 16 198 33 13 220 23 17 15 15 198 34 13 220 22 15 15 21 198 35 13 220 21 23 21 20 248046 198 248045 74455 198 248068 271 248069 271	32,33,34,35
bind082/C	choice	248045 846 198 760 2614 369 264 5081 5576 3296 883 449 2528 1970 18834 13 21134 440 1132 279 6321 318 32 11 417 11 351 11 466 414 8 314 279 4252 2904 13 271 5865 1970 18834 198 23202 396 26342 67220 375 25 220 23 16 20 18 198 43 1506 61028 25 220 22 22 19 17 198 2196 319 63294 25 220 17 21 21 24 198 56 4897 458 452 82319 25 220 19 23 24 15 198 39 32389 462 698 327 25 220 20 24 17 19 198 40 15190 235489 25 220 24 20 15 21 198 40 15190 710 3974 25 220 22 21 17 18 198 50 1020 667 28975 25 220 19 21 21 16 271 3710 369 279 2528 1970 364 84699 63294 30 271 32 13 220 23 16 20 18 198 33 13 220 19 21 21 16 198 34 13 220 17 21 21 24 198 35 13 220 22 22 19 17 248046 198 248045 74455 198 248068 271 248069 271	32,33,34,35
bind083/D	choice	248045 846 198 760 2614 369 264 5081 5576 3296 883 449 2528 1970 18834 13 21134 440 1132 279 6321 318 32 11 417 11 351 11 466 414 8 314 279 4252 2904 13 271 5865 1970 18834 198 4904 4897 61086 25 220 24 16 16 17 198 35921 299 227938 25 220 21 19 17 21 198 31795 1413 207520 25 220 19 20 18 21 198 2229 10211 23773 12949 25 220 17 21 15 18 198 42 2075 710 358 1091 6433 25 220 21 18 24 18 198 10786 64 73467 25 220 24 22 23 16 198 5901 4897 46035 25 220 18 15 19 21 198 37 65435 235489 25 220 18 16 21 21 271 3710 369 279 2528 1970 364 1900 10211 23773 12949 30 271 32 13 220 19 20 18 21 198 33 13 220 24 22 23 16 198 34 13 220 18 15 19 21 198 35 13 220 17 21 15 18 248046 198 248045 74455 198 248068 271 248069 271	32,33,34,35
bind084/A	choice	248045 846 198 760 2614 369 264 5081 5576 3296 883 449 2528 1970 18834 13 21134 440 1132 279 6321 318 32 11 417 11 351 11 466 414 8 314 279 4252 2904 13 271 5865 1970 18834 198 51 2692 80 67186 25 220 21 17 16 23 198 43 1506 23773 12949 25 220 16 22 21 16 198 50 1020 667 52582 25 220 17 22 24 21 198 89306 227938 25 220 23 19 24 21 198 46 23738 92372 25 220 16 16 22 17 198 39304 667 41803 80831 25 220 19 15 16 23 198 6737 55747 92372 25 220 20 20 20 17 198 24601 10211 629 17386 25 220 16 16 20 16 271 3710 369 279 2528 1970 364 28338 227938 30 271 32 13 220 23 19 24 21 198 33 13 220 19 15 16 23 198 34 13 220 16 16 20 16 198 35 13 220 16 16 22 17 248046 198 248045 74455 198 248068 271 248069 271	32,33,34,35
bind085/B	choice	248045 846 198 760 2614 369 264 5081 5576 3296 883 449 2528 1970 18834 13 21134 440 1132 279 6321 318 32 11 417 11 351 11 466 414 8 314 279 4252 2904 13 271 5865 1970 18834 198 42 88850 27466 25 220 23 15 17 18 198 50 1020 667 56763 25 220 24 23 15 23 198 34930 269 67186 25 220 18 22 23 21 198 56 350 1644 458 452 82319 25 220 23 16 24 15 198 40 15190 93922 25 220 18 15 22 22 198 83554 61086 25 220 20 19 23 24 198 49 2492 5709 61086 25 220 24 22 15 22 198 24601 10211 207520 25 220 23 22 18 16 271 3710 369 279 2528 1970 364 75873 56763 30 271 32 13 220 23 22 18 16 198 33 13 220 24 23 15 23 198 34 13 220 24 22 15 22 198 35 13 220 18 22 23 21 248046 198 248045 74455 198 248068 271 248069 271	32,33,34,35
bind086/C	choice	248045 846 198 760 2614 369 264 5081 5576 3296 883 449 2528 1970 18834 13 21134 440 1132 279 6321 318 32 11 417 11 351 11 466 414 8 314 279 4252 2904 13 271 5865 1970 18834 198 83554 64683 14183 25 220 21 24 24 23 198 65343 53656 25 220 23 16 22 19 198 35921 299 16592 28100 25 220 20 16 18 20 198 2196 319 49472 25 220 16 16 24 22 198 2229 10211 227938 25 220 22 22 22 18 198 82433 39185 25 220 19 17 20 18 198 10786 64 49346 25 220 20 24 16 15 198 2665 269 235489 25 220 22 21 16 22 271 3710 369 279 2528 1970 364 48654 49346 30 271 32 13 220 23 16 22 19 198 33 13 220 20 16 18 20 198 34 13 220 20 24 16 15 198 35 13 220 16 16 24 22 248046 198 248045 74455 198 248068 271 248069 271	32,33,34,35
bind087/D	choice	248045 846 198 760 2614 369 264 5081 5576 3296 883 449 2528 1970 18834 13 21134 440 1132 279 6321 318 32 11 417 11 351 11 466 414 8 314 279 4252 2904 13 271 5865 1970 18834 198 54 268 462 698 327 25 220 19 17 15 20 198 90979 78 55240 25 220 23 16 21 23 198 39 32389 74092 25 220 19 16 24 16 198 54 268 41803 80831 25 220 17 22 18 18 198 43 1506 93922 25 220 18 22 21 24 198 623 287 56763 25 220 22 20 22 22 198 39 32389 5367 25 220 24 20 15 20 198 51 2692 80 49346 25 220 21 18 18 15 271 3710 369 279 2528 1970 364 49390 55240 30 271 32 13 220 24 20 15 20 198 33 13 220 18 22 21 24 198 34 13 220 17 22 18 18 198 35 13 220 23 16 21 23 248046 198 248045 74455 198 248068 271 248069 271	32,33,34,35
bind088/A	choice	248045 846 198 760 2614 369 264 5081 5576 3296 883 449 2528 1970 18834 13 21134 440 1132 279 6321 318 32 11 417 11 351 11 466 414 8 314 279 4252 2904 13 271 5865 1970 18834 198 2665 269 49472 25 220 23 15 22 21 198 2665 269 67186 25 220 16 20 21 23 198 92055 28975 25 220 16 16 17 23 198 83554 34827 25 220 21 23 18 18 198 51 21576 61028 25 220 23 24 20 24 198 89306 92372 25 220 18 18 19 24 198 39 32389 93922 25 220 23 23 21 22 198 42 2075 78961 25 220 24 24 15 21 271 3710 369 279 2528 1970 364 84907 61028 30 271 32 13 220 23 24 20 24 198 33 13 220 18 18 19 24 198 34 13 220 16 16 17 23 198 35 13 220 16 20 21 23 248046 198 248045 74455 198 248068 271 248069 271	32,33,34,35
bind089/B	choice	248045 846 198 760 2614 369 264 5081 5576 3296 883 449 2528 1970 18834 13 21134 440 1132 279 6321 318 32 11 417 11 351 11 466 414 8 314 279 4252 2904 13 271 5865 1970 18834 198 39304 667 458 452 82319 25 220 24 23 20 22 198 65343 93922 25 220 18 15 22 22 198 57 4897 23773 12949 25 220 16 22 19 23 198 45 1524 335 2075 40050 12297 25 220 19 17 20 17 198 35 1701 452 61086 25 220 23 20 19 16 198 51 24685 16592 28100 25 220 22 16 22 15 198 233511 49472 25 220 24 20 15 22 198 42 2075 496 4405 1891 25 220 22 23 24 21 271 3710 369 279 2528 1970 364 82807 49472 30 271 32 13 220 19 17 20 17 198 33 13 220 24 20 15 22 198 34 13 220 23 20 19 16 198 35 13 220 22 16 22 15 248046 198 248045 74455 198 248068 271 248069 271	32,33,34,35
bind090/C	choice	248045 846 198 760 2614 369 264 5081 5576 3296 883 449 2528 1970 18834 13 21134 440 1132 279 6321 318 32 11 417 11 351 11 466 414 8 314 279 4252 2904 13 271 5865 1970 18834 198 89680 7509 629 17386 25 220 23 23 17 21 198 43 1506 710 358 1091 6433 25 220 23 17 22 15 198 623 287 72925 25 220 19 24 16 15 198 49 2492 5709 73467 25 220 19 21 20 17 198 39304 667 49346 25 220 19 19 15 15 198 4904 4897 458 452 82319 25 220 18 19 21 22 198 49 2492 5709 78961 25 220 22 19 22 17 198 59605 82596 25 220 24 18 19 16 271 3710 369 279 2528 1970 364 48854 458 452 82319 30 271 32 13 220 22 19 22 17 198 33 13 220 23 17 22 15 198 34 13 220 18 19 21 22 198 35 13 220 19 19 15 15 248046 198 248045 74455 198 248068 271 248069 271	32,33,34,35
bind091/D	choice	248045 846 198 760 2614 369 264 5081 5576 3296 883 449 2528 1970 18834 13 21134 440 1132 279 6321 318 32 11 417 11 351 11 466 414 8 314 279 4252 2904 13 271 5865 1970 18834 198 2196 319 61028 25 220 24 24 20 23 198 35 1701 452 41803 80831 25 220 24 23 15 21 198 56 4897 4254 2770 25 220 20 17 16 20 198 82433 629 17386 25 220 20 23 20 17 198 43 1506 46035 25 220 20 16 21 15 198 2229 10211 73467 25 220 23 16 24 20 198 23202 396 52582 25 220 17 15 20 18 198 39 3253 4470 570 25 220 20 16 18 15 271 3710 369 279 2528 1970 364 63889 452 41803 80831 30 271 32 13 220 17 15 20 18 198 33 13 220 24 24 20 23 198 34 13 220 20 23 20 17 198 35 13 220 24 23 15 21 248046 198 248045 74455 198 248068 271 248069 271	32,33,34,35
bind092/A	choice	248045 846 198 760 2614 369 264 5081 5576 3296 883 449 2528 1970 18834 13 21134 440 1132 279 6321 318 32 11 417 11 351 11 466 414 8 314 279 4252 2904 13 271 5865 1970 18834 198 31795 1413 36461 25 220 20 19 24 22 198 2665 269 41803 80831 25 220 17 20 21 22 198 59605 28975 25 220 22 23 18 24 198 27175 667 36461 25 220 22 19 22 17 198 34930 269 61086 25 220 24 19 21 19 198 56 4897 227938 25 220 24 18 21 22 198 51 24685 56763 25 220 18 22 23 24 198 40 15190 41803 80831 25 220 17 16 16 22 271 3710 369 279 2528 1970 364 37994 36461 30 271 32 13 220 22 19 22 17 198 33 13 220 24 19 21 19 198 34 13 220 18 22 23 24 198 35 13 220 20 19 24 22 248046 198 248045 74455 198 248068 271 248069 271	32,33,34,35
bind093/B	choice	248045 846 198 760 2614 369 264 5081 5576 3296 883 449 2528 1970 18834 13 21134 440 1132 279 6321 318 32 11 417 11 351 11 466 414 8 314 279 4252 2904 13 271 5865 1970 18834 198 2196 50557 34827 25 220 17 24 21 18 198 27175 667 32442 54958 25 220 24 19 21 22 198 39 32389 67186 25 220 16 15 17 23 198 46 23738 56763 25 220 18 24 16 16 198 49 11642 39185 25 220 19 23 17 15 198 57 4493 34827 25 220 22 18 23 23 198 49 11642 64683 14183 25 220 22 22 18 16 198 10786 64 710 358 1091 6433 25 220 19 17 22 20 271 3710 369 279 2528 1970 364 45265 64683 14183 30 271 32 13 220 19 17 22 20 198 33 13 220 22 22 18 16 198 34 13 220 24 19 21 22 198 35 13 220 17 24 21 18 248046 198 248045 74455 198 248068 271 248069 271	32,33,34,35
bind094/C	choice	248045 846 198 760 2614 369 264 5081 5576 3296 883 449 2528 1970 18834 13 21134 440 1132 279 6321 318 32 11 417 11 351 11 466 414 8 314 279 4252 2904 13 271 5865 1970 18834 198 39 32389 67186 25 220 16 20 19 17 198 51 24685 235489 25 220 17 23 15 15 198 23202 396 67186 25 220 16 15 19 23 198 82433 49346 25 220 23 23 18 15 198 50 1020 667 4470 570 25 220 22 20 16 16 198 2665 269 67186 25 220 24 16 23 19 198 43 1506 4254 2770 25 220 16 23 19 19 198 51 21576 40050 12297 25 220 24 17 19 19 271 3710 369 279 2528 1970 364 2233 269 67186 30 271 32 13 220 23 23 18 15 198 33 13 220 17 23 15 15 198 34 13 220 24 16 23 19 198 35 13 220 24 17 19 19 248046 198 248045 74455 198 248068 271 248069 271	32,33,34,35
bind095/D	choice	248045 846 198 760 2614 369 264 5081 5576 3296 883 449 2528 1970 18834 13 21134 440 1132 279 6321 318 32 11 417 11 351 11 466 414 8 314 279 4252 2904 13 271 5865 1970 18834 198 6737 55747 63294 25 220 16 20 18 22 198 92055 458 452 82319 25 220 19 19 20 16 198 59605 4254 2770 25 220 17 18 15 17 198 89306 40050 12297 25 220 23 19 21 23 198 46 23738 72925 25 220 24 21 23 18 198 10786 64 4470 570 25 220 18 19 17 22 198 1106 268 46035 25 220 23 23 18 17 198 54 268 93922 25 220 23 21 15 23 271 3710 369 279 2528 1970 364 28445 4254 2770 30 271 32 13 220 18 19 17 22 198 33 13 220 16 20 18 22 198 34 13 220 19 19 20 16 198 35 13 220 17 18 15 17 248046 198 248045 74455 198 248068 271 248069 271	32,33,34,35
bind096/A	choice	248045 846 198 760 2614 369 264 5081 5576 3296 883 449 2528 1970 18834 13 21134 440 1132 279 6321 318 32 11 417 11 351 11 466 414 8 314 279 4252 2904 13 271 5865 1970 18834 198 233511 28975 25 220 19 22 19 15 198 5901 4897 14315 48040 25 220 22 16 21 22 198 65343 32442 54958 25 220 16 23 24 20 198 10786 64 235489 25 220 17 19 19 20 198 92055 63294 25 220 22 18 23 24 198 90979 78 23773 12949 25 220 23 18 20 15 198 59605 39685 25 220 19 17 18 24 198 59605 78961 25 220 21 20 16 16 271 3710 369 279 2528 1970 364 48654 235489 30 271 32 13 220 17 19 19 20 198 33 13 220 19 22 19 15 198 34 13 220 16 23 24 20 198 35 13 220 19 17 18 24 248046 198 248045 74455 198 248068 271 248069 271	32,33,34,35
bind097/B	choice	248045 846 198 760 2614 369 264 5081 5576 3296 883 449 2528 1970 18834 13 21134 440 1132 279 6321 318 32 11 417 11 351 11 466 414 8 314 279 4252 2904 13 271 5865 1970 18834 198 50 1020 667 61086 25 220 21 20 19 22 198 65343 629 17386 25 220 23 22 17 22 198 4904 4897 36461 25 220 17 17 16 18 198 23202 396 710 3974 25 220 20 19 21 18 198 49 11642 462 698 327 25 220 24 18 22 15 198 39 3253 34827 25 220 18 15 24 23 198 35921 299 46035 25 220 20 20 15 21 198 56 4897 61028 25 220 24 15 24 18 271 3710 369 279 2528 1970 364 45265 462 698 327 30 271 32 13 220 21 20 19 22 198 33 13 220 24 18 22 15 198 34 13 220 17 17 16 18 198 35 13 220 20 20 15 21 248046 198 248045 74455 198 248068 271 248069 271	32,33,34,35
bind098/C	choice	248045 846 198 760 2614 369 264 5081 5576 3296 883 449 2528 1970 18834 13 21134 440 1132 279 6321 318 32 11 417 11 351 11 466 414 8 314 279 4252 2904 13 271 5865 1970 18834 198 82433 39685 25 220 17 24 18 17 198 51 2692 80 14315 48040 25 220 21 21 16 24 198 59605 46035 25 220 19 18 20 22 198 54 268 39185 25 220 23 23 22 24 198 89680 7509 61850 25 220 19 19 22 23 198 24601 10211 28975 25 220 20 18 18 23 198 10786 64 28975 25 220 20 21 21 23 198 49 11642 63294 25 220 17 17 17 20 271 3710 369 279 2528 1970 364 7802 10211 28975 30 271 32 13 220 17 17 17 20 198 33 13 220 19 18 20 22 198 34 13 220 20 18 18 23 198 35 13 220 21 21 16 24 248046 198 248045 74455 198 248068 271 248069 271	32,33,34,35
bind099/D	choice	248045 846 198 760 2614 369 264 5081 5576 3296 883 449 2528 1970 18834 13 21134 440 1132 279 6321 318 32 11 417 11 351 11 466 414 8 314 279 4252 2904 13 271 5865 1970 18834 198 43 1506 235489 25 220 24 23 17 18 198 10786 64 72925 25 220 23 16 19 16 198 36 46419 67186 25 220 18 20 15 17 198 57 4493 4470 570 25 220 23 23 18 21 198 57 4493 629 17386 25 220 24 22 17 18 198 2196 50557 53656 25 220 22 18 18 24 198 4904 4897 462 698 327 25 220 21 22 15 24 198 92055 53656 25 220 22 18 17 21 271 3710 369 279 2528 1970 364 66255 67186 30 271 32 13 220 21 22 15 24 198 33 13 220 23 23 18 21 198 34 13 220 23 16 19 16 198 35 13 220 18 20 15 17 248046 198 248045 74455 198 248068 271 248069 271	32,33,34,35
bind100/A	choice	248045 846 198 760 2614 369 264 5081 5576 3296 883 449 2528 1970 18834 13 21134 440 1132 279 6321 318 32 11 417 11 351 11 466 414 8 314 279 4252 2904 13 271 5865 1970 18834 198 4904 4897 73467 25 220 22 16 15 16 198 51 2692 80 72925 25 220 20 17 16 17 198 40 15190 59405 85 25 220 21 16 15 20 198 57 4897 78961 25 220 24 17 18 16 198 90979 78 61086 25 220 19 20 17 21 198 4904 4897 63419 25 220 17 18 19 24 198 35921 299 32442 54958 25 220 16 20 16 20 198 51 21576 28975 25 220 17 15 17 17 271 3710 369 279 2528 1970 364 40050 59405 85 30 271 32 13 220 21 16 15 20 198 33 13 220 17 18 19 24 198 34 13 220 24 17 18 16 198 35 13 220 20 17 16 17 248046 198 248045 74455 198 248068 271 248069 271	32,33,34,35
bind101/B	choice	248045 846 198 760 2614 369 264 5081 5576 3296 883 449 2528 1970 18834 13 21134 440 1132 279 6321 318 32 11 417 11 351 11 466 414 8 314 279 4252 2904 13 271 5865 1970 18834 198 89306 629 17386 25 220 19 16 17 23 198 92055 61028 25 220 18 20 18 15 198 2229 10211 27466 25 220 16 18 24 22 198 2229 10211 61086 25 220 18 22 20 18 198 56 4897 710 3974 25 220 24 19 21 24 198 51 21576 61028 25 220 24 24 22 15 198 34930 269 462 698 327 25 220 17 21 15 17 198 27175 667 67186 25 220 18 20 16 22 271 3710 369 279 2528 1970 364 1900 10211 27466 30 271 32 13 220 19 16 17 23 198 33 13 220 16 18 24 22 198 34 13 220 18 22 20 18 198 35 13 220 24 19 21 24 248046 198 248045 74455 198 248068 271 248069 271	32,33,34,35
bind102/C	choice	248045 846 198 760 2614 369 264 5081 5576 3296 883 449 2528 1970 18834 13 21134 440 1132 279 6321 318 32 11 417 11 351 11 466 414 8 314 279 4252 2904 13 271 5865 1970 18834 198 42 88850 41803 80831 25 220 22 18 20 23 198 54 268 39185 25 220 19 23 21 18 198 1106 268 78961 25 220 17 19 20 22 198 42 88850 46035 25 220 23 22 17 21 198 31795 1413 93922 25 220 22 23 16 21 198 36 46419 16592 28100 25 220 21 16 19 23 198 39 32389 629 17386 25 220 18 19 18 17 198 49 11642 462 698 327 25 220 22 16 20 17 271 3710 369 279 2528 1970 364 45265 462 698 327 30 271 32 13 220 22 23 16 21 198 33 13 220 22 18 20 23 198 34 13 220 22 16 20 17 198 35 13 220 21 16 19 23 248046 198 248045 74455 198 248068 271 248069 271	32,33,34,35
bind103/D	choice	248045 846 198 760 2614 369 264 5081 5576 3296 883 449 2528 1970 18834 13 21134 440 1132 279 6321 318 32 11 417 11 351 11 466 414 8 314 279 4252 2904 13 271 5865 1970 18834 198 57 4493 39185 25 220 23 18 20 24 198 57 4493 27466 25 220 23 19 20 15 198 65343 63419 25 220 20 20 21 24 198 50 1020 667 32442 54958 25 220 17 22 23 23 198 2196 319 92372 25 220 16 20 15 24 198 45 1524 335 2075 207520 25 220 17 19 16 19 198 623 287 74092 25 220 17 15 16 15 198 623 287 61086 25 220 22 20 24 15 271 3710 369 279 2528 1970 364 733 287 74092 30 271 32 13 220 22 20 24 15 198 33 13 220 23 18 20 24 198 34 13 220 20 20 21 24 198 35 13 220 17 15 16 15 248046 198 248045 74455 198 248068 271 248069 271	32,33,34,35
bind104/A	choice	248045 846 198 760 2614 369 264 5081 5576 3296 883 449 2528 1970 18834 13 21134 440 1132 279 6321 318 32 11 417 11 351 11 466 414 8 314 279 4252 2904 13 271 5865 1970 18834 198 4904 4897 462 698 327 25 220 24 16 17 17 198 49 2492 5709 61028 25 220 22 24 22 21 198 92055 41803 80831 25 220 19 19 15 15 198 6737 55747 52582 25 220 24 19 18 15 198 59605 61028 25 220 22 17 19 16 198 49 2492 5709 55240 25 220 24 24 19 24 198 42 2075 40050 12297 25 220 19 15 17 18 198 90979 78 64683 14183 25 220 20 22 22 23 271 3710 369 279 2528 1970 364 52575 61028 30 271 32 13 220 22 24 22 21 198 33 13 220 22 17 19 16 198 34 13 220 24 19 18 15 198 35 13 220 20 22 22 23 248046 198 248045 74455 198 248068 271 248069 271	32,33,34,35
bind105/B	choice	248045 846 198 760 2614 369 264 5081 5576 3296 883 449 2528 1970 18834 13 21134 440 1132 279 6321 318 32 11 417 11 351 11 466 414 8 314 279 4252 2904 13 271 5865 1970 18834 198 39 32389 207520 25 220 20 19 15 20 198 51 21576 227938 25 220 24 24 24 18 198 39 32389 67186 25 220 16 22 19 24 198 57 4493 78961 25 220 17 15 15 18 198 40 15190 59831 25 220 22 16 24 24 198 46 23738 4470 570 25 220 21 22 24 18 198 45 1524 335 2075 462 698 327 25 220 18 21 20 17 198 45 51054 82596 25 220 22 22 15 19 271 3710 369 279 2528 1970 364 84907 227938 30 271 32 13 220 18 21 20 17 198 33 13 220 24 24 24 18 198 34 13 220 16 22 19 24 198 35 13 220 17 15 15 18 248046 198 248045 74455 198 248068 271 248069 271	32,33,34,35
bind106/C	choice	248045 846 198 760 2614 369 264 5081 5576 3296 883 449 2528 1970 18834 13 21134 440 1132 279 6321 318 32 11 417 11 351 11 466 414 8 314 279 4252 2904 13 271 5865 1970 18834 198 40 15190 59405 85 25 220 21 21 21 15 198 45 1524 335 2075 32442 54958 25 220 22 16 24 24 198 45 1524 335 2075 4254 2770 25 220 20 17 21 21 198 57 4493 59405 85 25 220 23 19 24 17 198 23202 396 23773 12949 25 220 23 15 15 22 198 24601 10211 227938 25 220 17 15 22 18 198 45 1524 335 2075 36461 25 220 23 21 17 21 198 54 268 63294 25 220 19 15 17 24 271 3710 369 279 2528 1970 364 40050 59405 85 30 271 32 13 220 19 15 17 24 198 33 13 220 23 19 24 17 198 34 13 220 21 21 21 15 198 35 13 220 17 15 22 18 248046 198 248045 74455 198 248068 271 248069 271	32,33,34,35
bind107/D	choice	248045 846 198 760 2614 369 264 5081 5576 3296 883 449 2528 1970 18834 13 21134 440 1132 279 6321 318 32 11 417 11 351 11 466 414 8 314 279 4252 2904 13 271 5865 1970 18834 198 43 1506 23773 12949 25 220 21 22 17 16 198 623 287 4470 570 25 220 19 21 18 18 198 2196 319 40733 25 220 24 16 17 22 198 49 11642 4254 2770 25 220 20 24 20 24 198 45 51054 710 3974 25 220 18 18 19 21 198 10786 64 462 698 327 25 220 23 15 24 19 198 6737 55747 56763 25 220 17 16 19 20 198 1106 268 64683 14183 25 220 20 18 22 19 271 3710 369 279 2528 1970 364 733 287 4470 570 30 271 32 13 220 17 16 19 20 198 33 13 220 20 24 20 24 198 34 13 220 21 22 17 16 198 35 13 220 19 21 18 18 248046 198 248045 74455 198 248068 271 248069 271	32,33,34,35
bind108/A	choice	248045 846 198 760 2614 369 264 5081 5576 3296 883 449 2528 1970 18834 13 21134 440 1132 279 6321 318 32 11 417 11 351 11 466 414 8 314 279 4252 2904 13 271 5865 1970 18834 198 49 2492 5709 36461 25 220 20 23 24 16 198 49 11642 629 17386 25 220 18 17 21 22 198 45 51054 710 3974 25 220 20 18 16 15 198 92055 61086 25 220 19 23 22 23 198 83554 93922 25 220 17 18 23 23 198 82433 1799 33852 1482 25 220 17 15 19 15 198 50 1020 667 40733 25 220 17 16 22 18 198 6737 55747 64683 14183 25 220 17 22 19 19 271 3710 369 279 2528 1970 364 33514 667 710 3974 30 271 32 13 220 20 18 16 15 198 33 13 220 18 17 21 22 198 34 13 220 17 15 19 15 198 35 13 220 17 16 22 18 248046 198 248045 74455 198 248068 271 248069 271	32,33,34,35
bind109/B	choice	248045 846 198 760 2614 369 264 5081 5576 3296 883 449 2528 1970 18834 13 21134 440 1132 279 6321 318 32 11 417 11 351 11 466 414 8 314 279 4252 2904 13 271 5865 1970 18834 198 45 51054 61028 25 220 16 19 17 16 198 36 46419 78961 25 220 18 22 24 22 198 54 268 40733 25 220 22 21 21 16 198 5901 4897 14315 48040 25 220 22 24 23 19 198 65343 23773 12949 25 220 21 21 21 23 198 49 11642 36461 25 220 24 15 21 22 198 1106 268 40050 12297 25 220 20 19 18 23 198 57 4493 64683 14183 25 220 17 20 21 22 271 3710 369 279 2528 1970 364 72102 64683 14183 30 271 32 13 220 16 19 17 16 198 33 13 220 17 20 21 22 198 34 13 220 22 21 21 16 198 35 13 220 24 15 21 22 248046 198 248045 74455 198 248068 271 248069 271	32,33,34,35
bind110/C	choice	248045 846 198 760 2614 369 264 5081 5576 3296 883 449 2528 1970 18834 13 21134 440 1132 279 6321 318 32 11 417 11 351 11 466 414 8 314 279 4252 2904 13 271 5865 1970 18834 198 2196 319 4254 2770 25 220 18 19 24 19 198 6737 55747 73467 25 220 24 17 20 19 198 56 4897 67186 25 220 16 24 22 24 198 57 4493 32442 54958 25 220 23 19 16 21 198 35 1701 452 53656 25 220 21 19 16 18 198 623 287 207520 25 220 18 24 18 20 198 39 3253 458 452 82319 25 220 23 18 19 20 198 49 2492 5709 4470 570 25 220 17 24 17 16 271 3710 369 279 2528 1970 364 84699 4254 2770 30 271 32 13 220 24 17 20 19 198 33 13 220 16 24 22 24 198 34 13 220 18 19 24 19 198 35 13 220 23 19 16 21 248046 198 248045 74455 198 248068 271 248069 271	32,33,34,35
bind111/D	choice	248045 846 198 760 2614 369 264 5081 5576 3296 883 449 2528 1970 18834 13 21134 440 1132 279 6321 318 32 11 417 11 351 11 466 414 8 314 279 4252 2904 13 271 5865 1970 18834 198 50 1020 667 64683 14183 25 220 24 22 17 16 198 45 1524 335 2075 61086 25 220 23 16 22 19 198 1106 268 629 17386 25 220 21 15 23 22 198 65343 27466 25 220 23 24 22 24 198 92055 56763 25 220 16 16 15 18 198 34930 269 40733 25 220 18 15 21 24 198 89306 46035 25 220 23 23 23 18 198 51 24685 710 3974 25 220 24 23 20 22 271 3710 369 279 2528 1970 364 24480 27466 30 271 32 13 220 23 23 23 18 198 33 13 220 24 23 20 22 198 34 13 220 21 15 23 22 198 35 13 220 23 24 22 24 248046 198 248045 74455 198 248068 271 248069 271	32,33,34,35
bind112/A	choice	248045 846 198 760 2614 369 264 5081 5576 3296 883 449 2528 1970 18834 13 21134 440 1132 279 6321 318 32 11 417 11 351 11 466 414 8 314 279 4252 2904 13 271 5865 1970 18834 198 10786 64 61086 25 220 16 23 24 22 198 82433 496 4405 1891 25 220 21 24 18 20 198 50 1020 667 56763 25 220 23 19 22 20 198 56 4897 53656 25 220 22 23 17 24 198 39 3253 72925 25 220 21 17 21 15 198 65343 14315 48040 25 220 19 17 24 20 198 35921 299 458 452 82319 25 220 19 18 19 22 198 39 3253 458 452 82319 25 220 23 22 22 16 271 3710 369 279 2528 1970 364 33051 496 4405 1891 30 271 32 13 220 21 24 18 20 198 33 13 220 23 22 22 16 198 34 13 220 16 23 24 22 198 35 13 220 21 17 21 15 248046 198 248045 74455 198 248068 271 248069 271	32,33,34,35
bind113/B	choice	248045 846 198 760 2614 369 264 5081 5576 3296 883 449 2528 1970 18834 13 21134 440 1132 279 6321 318 32 11 417 11 351 11 466 414 8 314 279 4252 2904 13 271 5865 1970 18834 198 42 2075 34827 25 220 22 24 20 15 198 23202 396 82596 25 220 24 17 21 24 198 35 1701 452 53656 25 220 17 22 19 18 198 42 88850 23773 12949 25 220 20 22 18 16 198 24601 10211 26342 67220 375 25 220 23 16 19 18 198 43 1506 710 3974 25 220 20 21 17 24 198 56 350 1644 74092 25 220 20 16 18 19 198 40 15190 64683 14183 25 220 22 23 16 23 271 3710 369 279 2528 1970 364 40050 64683 14183 30 271 32 13 220 17 22 19 18 198 33 13 220 22 23 16 23 198 34 13 220 22 24 20 15 198 35 13 220 20 16 18 19 248046 198 248045 74455 198 248068 271 248069 271	32,33,34,35
bind114/C	choice	248045 846 198 760 2614 369 264 5081 5576 3296 883 449 2528 1970 18834 13 21134 440 1132 279 6321 318 32 11 417 11 351 11 466 414 8 314 279 4252 2904 13 271 5865 1970 18834 198 57 4493 59405 85 25 220 24 16 15 21 198 5901 4897 39185 25 220 20 21 19 15 198 1106 268 55240 25 220 23 18 19 22 198 40 15190 49346 25 220 19 20 16 15 198 6737 55747 74092 25 220 21 16 23 20 198 36 46419 73467 25 220 16 22 21 21 198 89306 67186 25 220 18 15 21 18 198 10786 64 32442 54958 25 220 18 20 19 21 271 3710 369 279 2528 1970 364 72102 59405 85 30 271 32 13 220 21 16 23 20 198 33 13 220 18 15 21 18 198 34 13 220 24 16 15 21 198 35 13 220 16 22 21 21 248046 198 248045 74455 198 248068 271 248069 271	32,33,34,35
bind115/D	choice	248045 846 198 760 2614 369 264 5081 5576 3296 883 449 2528 1970 18834 13 21134 440 1132 279 6321 318 32 11 417 11 351 11 466 414 8 314 279 4252 2904 13 271 5865 1970 18834 198 39 3253 56763 25 220 23 23 20 15 198 82433 49346 25 220 21 21 22 23 198 2196 319 92372 25 220 21 19 15 15 198 3320 2472 14315 48040 25 220 21 20 24 22 198 49 2492 5709 49346 25 220 17 15 17 23 198 2665 269 26342 67220 375 25 220 19 21 16 23 198 82433 61086 25 220 23 23 22 21 198 37 65435 49346 25 220 19 24 22 15 271 3710 369 279 2528 1970 364 33051 49346 30 271 32 13 220 21 20 24 22 198 33 13 220 23 23 20 15 198 34 13 220 19 21 16 23 198 35 13 220 21 21 22 23 248046 198 248045 74455 198 248068 271 248069 271	32,33,34,35
bind116/A	choice	248045 846 198 760 2614 369 264 5081 5576 3296 883 449 2528 1970 18834 13 21134 440 1132 279 6321 318 32 11 417 11 351 11 466 414 8 314 279 4252 2904 13 271 5865 1970 18834 198 2196 50557 4254 2770 25 220 17 23 15 22 198 59605 710 3974 25 220 19 15 21 22 198 35921 299 496 4405 1891 25 220 23 23 16 19 198 35 1701 452 32442 54958 25 220 23 22 22 23 198 89306 73467 25 220 19 19 16 24 198 23202 396 28975 25 220 20 21 15 20 198 40 15190 23773 12949 25 220 17 22 24 18 198 51 21576 39185 25 220 22 16 15 16 271 3710 369 279 2528 1970 364 5570 50557 4254 2770 30 271 32 13 220 17 23 15 22 198 33 13 220 23 23 16 19 198 34 13 220 22 16 15 16 198 35 13 220 19 19 16 24 248046 198 248045 74455 198 248068 271 248069 271	32,33,34,35
bind117/B	choice	248045 846 198 760 2614 369 264 5081 5576 3296 883 449 2528 1970 18834 13 21134 440 1132 279 6321 318 32 11 417 11 351 11 466 414 8 314 279 4252 2904 13 271 5865 1970 18834 198 27175 667 56763 25 220 18 17 16 21 198 233511 82596 25 220 21 20 16 15 198 10786 64 61086 25 220 24 24 21 24 198 2196 50557 629 17386 25 220 23 18 16 18 198 49 11642 59405 85 25 220 22 18 17 20 198 90979 78 39685 25 220 19 24 19 23 198 2196 319 458 452 82319 25 220 24 20 20 16 198 59605 36461 25 220 22 19 16 24 271 3710 369 279 2528 1970 364 49390 39685 30 271 32 13 220 22 18 17 20 198 33 13 220 19 24 19 23 198 34 13 220 24 24 21 24 198 35 13 220 21 20 16 15 248046 198 248045 74455 198 248068 271 248069 271	32,33,34,35
bind118/C	choice	248045 846 198 760 2614 369 264 5081 5576 3296 883 449 2528 1970 18834 13 21134 440 1132 279 6321 318 32 11 417 11 351 11 466 414 8 314 279 4252 2904 13 271 5865 1970 18834 198 50 1020 667 1799 33852 1482 25 220 22 19 22 17 198 45 51054 40733 25 220 22 20 23 16 198 6737 55747 40050 12297 25 220 17 19 21 22 198 51 21576 63419 25 220 16 22 23 24 198 50 1020 667 16592 28100 25 220 16 22 22 19 198 2196 319 63419 25 220 20 24 21 20 198 39 3253 28975 25 220 21 17 15 16 198 92055 64683 14183 25 220 20 24 19 16 271 3710 369 279 2528 1970 364 75873 16592 28100 30 271 32 13 220 17 19 21 22 198 33 13 220 16 22 23 24 198 34 13 220 16 22 22 19 198 35 13 220 20 24 21 20 248046 198 248045 74455 198 248068 271 248069 271	32,33,34,35
bind119/D	choice	248045 846 198 760 2614 369 264 5081 5576 3296 883 449 2528 1970 18834 13 21134 440 1132 279 6321 318 32 11 417 11 351 11 466 414 8 314 279 4252 2904 13 271 5865 1970 18834 198 42 2075 16592 28100 25 220 18 20 16 15 198 83554 49472 25 220 18 18 21 22 198 89680 7509 4254 2770 25 220 19 23 19 17 198 35 1701 452 34827 25 220 19 19 23 23 198 42 2075 23773 12949 25 220 18 21 18 21 198 56 4897 61028 25 220 19 16 15 24 198 39304 667 56763 25 220 19 19 22 19 198 42 2075 4254 2770 25 220 19 17 23 17 271 3710 369 279 2528 1970 364 26882 7509 4254 2770 30 271 32 13 220 18 18 21 22 198 33 13 220 18 20 16 15 198 34 13 220 19 19 23 23 198 35 13 220 19 23 19 17 248046 198 248045 74455 198 248068 271 248069 271	32,33,34,35
bind120/A	choice	248045 846 198 760 2614 369 264 5081 5576 3296 883 449 2528 1970 18834 13 21134 440 1132 279 6321 318 32 11 417 11 351 11 466 414 8 314 279 4252 2904 13 271 5865 1970 18834 198 89680 7509 496 4405 1891 25 220 20 20 23 15 198 40 15190 92372 25 220 18 24 21 23 198 2229 10211 1799 33852 1482 25 220 17 21 19 21 198 45 51054 72925 25 220 20 23 24 20 198 40 15190 49472 25 220 22 15 23 22 198 39 32389 59831 25 220 18 22 23 23 198 2196 319 67186 25 220 18 19 24 16 198 3320 2472 55240 25 220 17 19 17 20 271 3710 369 279 2528 1970 364 40050 49472 30 271 32 13 220 22 15 23 22 198 33 13 220 18 22 23 23 198 34 13 220 18 19 24 16 198 35 13 220 20 23 24 20 248046 198 248045 74455 198 248068 271 248069 271	32,33,34,35
bind121/B	choice	248045 846 198 760 2614 369 264 5081 5576 3296 883 449 2528 1970 18834 13 21134 440 1132 279 6321 318 32 11 417 11 351 11 466 414 8 314 279 4252 2904 13 271 5865 1970 18834 198 6737 55747 23773 12949 25 220 19 19 16 17 198 42 2075 82596 25 220 20 21 21 19 198 49 11642 59405 85 25 220 22 17 16 20 198 92055 5367 25 220 18 15 24 23 198 23202 396 56763 25 220 24 20 17 16 198 56 4897 5367 25 220 17 15 17 22 198 24601 10211 5367 25 220 21 23 24 24 198 35 1701 452 55240 25 220 23 19 20 16 271 3710 369 279 2528 1970 364 7967 396 56763 30 271 32 13 220 21 23 24 24 198 33 13 220 24 20 17 16 198 34 13 220 20 21 21 19 198 35 13 220 23 19 20 16 248046 198 248045 74455 198 248068 271 248069 271	32,33,34,35
bind122/C	choice	248045 846 198 760 2614 369 264 5081 5576 3296 883 449 2528 1970 18834 13 21134 440 1132 279 6321 318 32 11 417 11 351 11 466 414 8 314 279 4252 2904 13 271 5865 1970 18834 198 57 4897 5367 25 220 19 15 23 16 198 42 88850 92372 25 220 19 24 19 20 198 36 46419 4470 570 25 220 24 17 19 15 198 56 4897 5367 25 220 23 21 24 15 198 42 88850 49346 25 220 21 23 21 15 198 39 3253 64683 14183 25 220 21 20 17 17 198 49 2492 5709 78961 25 220 24 16 24 24 198 39304 667 63419 25 220 21 17 23 19 271 3710 369 279 2528 1970 364 52575 78961 30 271 32 13 220 19 15 23 16 198 33 13 220 21 23 21 15 198 34 13 220 24 16 24 24 198 35 13 220 21 17 23 19 248046 198 248045 74455 198 248068 271 248069 271	32,33,34,35
bind123/D	choice	248045 846 198 760 2614 369 264 5081 5576 3296 883 449 2528 1970 18834 13 21134 440 1132 279 6321 318 32 11 417 11 351 11 466 414 8 314 279 4252 2904 13 271 5865 1970 18834 198 31795 1413 36461 25 220 19 20 22 23 198 39 3253 629 17386 25 220 18 17 15 22 198 5901 4897 235489 25 220 17 17 22 17 198 42 2075 78961 25 220 22 19 17 19 198 35921 299 52582 25 220 18 20 20 17 198 59605 629 17386 25 220 21 23 21 21 198 90979 78 93922 25 220 23 22 22 19 198 83554 41803 80831 25 220 18 23 20 17 271 3710 369 279 2528 1970 364 462 3253 629 17386 30 271 32 13 220 17 17 22 17 198 33 13 220 18 23 20 17 198 34 13 220 21 23 21 21 198 35 13 220 18 17 15 22 248046 198 248045 74455 198 248068 271 248069 271	32,33,34,35
bind124/A	choice	248045 846 198 760 2614 369 264 5081 5576 3296 883 449 2528 1970 18834 13 21134 440 1132 279 6321 318 32 11 417 11 351 11 466 414 8 314 279 4252 2904 13 271 5865 1970 18834 198 10786 64 49472 25 220 22 21 20 23 198 31795 1413 40733 25 220 17 20 17 20 198 10786 64 78961 25 220 20 16 21 23 198 31795 1413 4254 2770 25 220 21 17 17 22 198 49 11642 46035 25 220 21 21 20 23 198 90979 78 4470 570 25 220 20 15 20 19 198 39304 667 46035 25 220 16 17 18 19 198 51 21576 59405 85 25 220 21 18 22 15 271 3710 369 279 2528 1970 364 76459 46035 30 271 32 13 220 16 17 18 19 198 33 13 220 20 15 20 19 198 34 13 220 21 21 20 23 198 35 13 220 17 20 17 20 248046 198 248045 74455 198 248068 271 248069 271	32,33,34,35
bind125/B	choice	248045 846 198 760 2614 369 264 5081 5576 3296 883 449 2528 1970 18834 13 21134 440 1132 279 6321 318 32 11 417 11 351 11 466 414 8 314 279 4252 2904 13 271 5865 1970 18834 198 2665 269 59831 25 220 22 24 22 18 198 31795 1413 74092 25 220 17 24 15 24 198 56 350 1644 207520 25 220 20 18 16 19 198 24601 10211 61086 25 220 20 17 22 21 198 49 2492 5709 4470 570 25 220 24 18 15 17 198 623 287 82596 25 220 23 21 21 18 198 59605 59405 85 25 220 18 23 16 24 198 45 51054 16592 28100 25 220 18 18 23 15 271 3710 369 279 2528 1970 364 220348 207520 30 271 32 13 220 20 17 22 21 198 33 13 220 20 18 16 19 198 34 13 220 18 23 16 24 198 35 13 220 22 24 22 18 248046 198 248045 74455 198 248068 271 248069 271	32,33,34,35
bind126/C	choice	248045 846 198 760 2614 369 264 5081 5576 3296 883 449 2528 1970 18834 13 21134 440 1132 279 6321 318 32 11 417 11 351 11 466 414 8 314 279 4252 2904 13 271 5865 1970 18834 198 51 21576 227938 25 220 19 16 17 16 198 5901 4897 16592 28100 25 220 20 15 24 24 198 39 32389 78961 25 220 21 20 20 18 198 5901 4897 39685 25 220 23 21 20 17 198 50 1020 667 46035 25 220 19 23 24 24 198 4904 4897 235489 25 220 22 15 24 23 198 35 1701 452 34827 25 220 17 20 21 20 198 82433 4470 570 25 220 20 21 22 22 271 3710 369 279 2528 1970 364 84907 227938 30 271 32 13 220 22 15 24 23 198 33 13 220 21 20 20 18 198 34 13 220 19 16 17 16 198 35 13 220 20 15 24 24 248046 198 248045 74455 198 248068 271 248069 271	32,33,34,35
bind127/D	choice	248045 846 198 760 2614 369 264 5081 5576 3296 883 449 2528 1970 18834 13 21134 440 1132 279 6321 318 32 11 417 11 351 11 466 414 8 314 279 4252 2904 13 271 5865 1970 18834 198 90979 78 32442 54958 25 220 16 17 21 15 198 23202 396 4470 570 25 220 22 15 20 19 198 42 88850 458 452 82319 25 220 19 19 16 20 198 2665 269 49346 25 220 24 15 24 15 198 40 15190 235489 25 220 23 24 20 20 198 57 4493 64683 14183 25 220 16 24 15 22 198 2665 269 458 452 82319 25 220 24 17 18 17 198 37 65435 53656 25 220 17 16 15 19 271 3710 369 279 2528 1970 364 54048 53656 30 271 32 13 220 24 17 18 17 198 33 13 220 19 19 16 20 198 34 13 220 16 17 21 15 198 35 13 220 17 16 15 19 248046 198 248045 74455 198 248068 271 248069 271	32,33,34,35
bind128/A	choice	248045 846 198 760 2614 369 264 5081 5576 3296 883 449 2528 1970 18834 13 21134 440 1132 279 6321 318 32 11 417 11 351 11 466 414 8 314 279 4252 2904 13 271 5865 1970 18834 198 50 1020 667 92372 25 220 22 18 23 18 198 83554 74092 25 220 24 23 19 18 198 10786 64 92372 25 220 22 15 20 18 198 35 1701 452 61850 25 220 17 19 16 16 198 42 2075 52582 25 220 22 23 15 17 198 51 2692 80 496 4405 1891 25 220 20 18 23 19 198 4904 4897 63419 25 220 17 17 24 17 198 65343 34827 25 220 19 15 15 24 271 3710 369 279 2528 1970 364 48907 52582 30 271 32 13 220 22 23 15 17 198 33 13 220 22 18 23 18 198 34 13 220 22 15 20 18 198 35 13 220 17 17 24 17 248046 198 248045 74455 198 248068 271 248069 271	32,33,34,35
bind129/B	choice	248045 846 198 760 2614 369 264 5081 5576 3296 883 449 2528 1970 18834 13 21134 440 1132 279 6321 318 32 11 417 11 351 11 466 414 8 314 279 4252 2904 13 271 5865 1970 18834 198 46 23738 40050 12297 25 220 16 24 18 22 198 2196 319 207520 25 220 23 18 23 19 198 233511 61086 25 220 19 17 24 19 198 49 2492 5709 36461 25 220 22 23 16 16 198 1106 268 710 358 1091 6433 25 220 20 19 21 19 198 59605 5367 25 220 22 19 16 16 198 35921 299 235489 25 220 16 22 16 15 198 45 51054 49472 25 220 24 18 17 24 271 3710 369 279 2528 1970 364 29695 40050 12297 30 271 32 13 220 22 19 16 16 198 33 13 220 16 24 18 22 198 34 13 220 22 23 16 16 198 35 13 220 23 18 23 19 248046 198 248045 74455 198 248068 271 248069 271	32,33,34,35
bind130/C	choice	248045 846 198 760 2614 369 264 5081 5576 3296 883 449 2528 1970 18834 13 21134 440 1132 279 6321 318 32 11 417 11 351 11 466 414 8 314 279 4252 2904 13 271 5865 1970 18834 198 3320 2472 63294 25 220 22 24 19 21 198 27175 667 63294 25 220 21 18 16 19 198 89306 28975 25 220 19 15 21 21 198 59605 55240 25 220 22 18 19 23 198 31795 1413 28975 25 220 21 22 24 19 198 1106 268 49472 25 220 24 20 15 19 198 49 11642 74092 25 220 18 15 23 19 198 50 1020 667 63294 25 220 20 21 21 16 271 3710 369 279 2528 1970 364 37994 63294 30 271 32 13 220 22 18 19 23 198 33 13 220 22 24 19 21 198 34 13 220 21 18 16 19 198 35 13 220 20 21 21 16 248046 198 248045 74455 198 248068 271 248069 271	32,33,34,35
bind131/D	choice	248045 846 198 760 2614 369 264 5081 5576 3296 883 449 2528 1970 18834 13 21134 440 1132 279 6321 318 32 11 417 11 351 11 466 414 8 314 279 4252 2904 13 271 5865 1970 18834 198 23202 396 14315 48040 25 220 24 20 15 16 198 2196 319 61028 25 220 22 15 19 22 198 40 15190 49346 25 220 21 22 22 18 198 39 3253 93922 25 220 23 15 20 24 198 233511 61086 25 220 16 15 15 20 198 2665 269 36461 25 220 23 24 17 19 198 35921 299 78961 25 220 24 18 15 15 198 39304 667 235489 25 220 22 16 15 24 271 3710 369 279 2528 1970 364 40050 49346 30 271 32 13 220 23 24 17 19 198 33 13 220 24 18 15 15 198 34 13 220 23 15 20 24 198 35 13 220 21 22 22 18 248046 198 248045 74455 198 248068 271 248069 271	32,33,34,35
bind132/A	choice	248045 846 198 760 2614 369 264 5081 5576 3296 883 449 2528 1970 18834 13 21134 440 1132 279 6321 318 32 11 417 11 351 11 466 414 8 314 279 4252 2904 13 271 5865 1970 18834 198 42 88850 41803 80831 25 220 20 21 16 16 198 3320 2472 227938 25 220 23 17 16 15 198 36 46419 67186 25 220 19 16 17 22 198 623 287 34827 25 220 21 17 16 16 198 35 1701 452 74092 25 220 19 19 18 19 198 46 23738 32442 54958 25 220 16 21 24 21 198 39 3253 52582 25 220 16 15 18 24 198 49 11642 74092 25 220 20 20 21 16 271 3710 369 279 2528 1970 364 45265 74092 30 271 32 13 220 20 20 21 16 198 33 13 220 16 15 18 24 198 34 13 220 16 21 24 21 198 35 13 220 20 21 16 16 248046 198 248045 74455 198 248068 271 248069 271	32,33,34,35
bind133/B	choice	248045 846 198 760 2614 369 264 5081 5576 3296 883 449 2528 1970 18834 13 21134 440 1132 279 6321 318 32 11 417 11 351 11 466 414 8 314 279 4252 2904 13 271 5865 1970 18834 198 46 23738 74092 25 220 17 19 21 17 198 89680 7509 64683 14183 25 220 23 20 17 20 198 23202 396 32442 54958 25 220 17 15 24 17 198 2229 10211 92372 25 220 23 24 20 21 198 31795 1413 710 3974 25 220 16 18 18 19 198 31795 1413 27466 25 220 23 15 22 23 198 233511 40050 12297 25 220 23 22 18 15 198 56 350 1644 40733 25 220 18 20 18 17 271 3710 369 279 2528 1970 364 29695 74092 30 271 32 13 220 23 22 18 15 198 33 13 220 17 19 21 17 198 34 13 220 23 20 17 20 198 35 13 220 16 18 18 19 248046 198 248045 74455 198 248068 271 248069 271	32,33,34,35
bind134/C	choice	248045 846 198 760 2614 369 264 5081 5576 3296 883 449 2528 1970 18834 13 21134 440 1132 279 6321 318 32 11 417 11 351 11 466 414 8 314 279 4252 2904 13 271 5865 1970 18834 198 623 287 61850 25 220 22 22 18 22 198 24601 10211 629 17386 25 220 16 23 16 24 198 50 1020 667 46035 25 220 23 17 21 24 198 89306 629 17386 25 220 24 18 16 17 198 39304 667 61028 25 220 23 19 20 20 198 27175 667 49346 25 220 18 17 23 19 198 56 350 1644 56763 25 220 21 17 17 24 198 45 1524 335 2075 458 452 82319 25 220 18 19 16 15 271 3710 369 279 2528 1970 364 37994 49346 30 271 32 13 220 22 22 18 22 198 33 13 220 21 17 17 24 198 34 13 220 18 17 23 19 198 35 13 220 18 19 16 15 248046 198 248045 74455 198 248068 271 248069 271	32,33,34,35
bind135/D	choice	248045 846 198 760 2614 369 264 5081 5576 3296 883 449 2528 1970 18834 13 21134 440 1132 279 6321 318 32 11 417 11 351 11 466 414 8 314 279 4252 2904 13 271 5865 1970 18834 198 49 2492 5709 710 3974 25 220 21 23 23 22 198 2229 10211 1799 33852 1482 25 220 20 24 24 17 198 4904 4897 53656 25 220 18 23 19 20 198 54 268 49346 25 220 18 20 22 18 198 24601 10211 4254 2770 25 220 21 24 16 15 198 34930 269 235489 25 220 24 23 22 21 198 57 4493 629 17386 25 220 19 21 19 20 198 65343 40050 12297 25 220 23 17 19 15 271 3710 369 279 2528 1970 364 7802 10211 4254 2770 30 271 32 13 220 18 20 22 18 198 33 13 220 24 23 22 21 198 34 13 220 21 23 23 22 198 35 13 220 21 24 16 15 248046 198 248045 74455 198 248068 271 248069 271	32,33,34,35
bind136/A	choice	248045 846 198 760 2614 369 264 5081 5576 3296 883 449 2528 1970 18834 13 21134 440 1132 279 6321 318 32 11 417 11 351 11 466 414 8 314 279 4252 2904 13 271 5865 1970 18834 198 2229 10211 27466 25 220 21 17 17 17 198 45 51054 28975 25 220 16 22 18 18 198 83554 710 3974 25 220 17 18 21 16 198 56 350 1644 46035 25 220 17 19 18 21 198 82433 710 3974 25 220 16 16 22 22 198 54 268 52582 25 220 23 19 15 21 198 27175 667 73467 25 220 21 16 17 22 198 27175 667 462 698 327 25 220 21 18 15 21 271 3710 369 279 2528 1970 364 37994 462 698 327 30 271 32 13 220 21 18 15 21 198 33 13 220 16 16 22 22 198 34 13 220 21 16 17 22 198 35 13 220 17 19 18 21 248046 198 248045 74455 198 248068 271 248069 271	32,33,34,35
bind137/B	choice	248045 846 198 760 2614 369 264 5081 5576 3296 883 449 2528 1970 18834 13 21134 440 1132 279 6321 318 32 11 417 11 351 11 466 414 8 314 279 4252 2904 13 271 5865 1970 18834 198 59605 41803 80831 25 220 18 21 21 19 198 23202 396 63294 25 220 17 17 17 22 198 49 2492 5709 61028 25 220 20 16 21 24 198 39304 667 61850 25 220 22 18 16 16 198 57 4897 46035 25 220 20 18 17 24 198 46 23738 78961 25 220 20 21 20 17 198 34930 269 462 698 327 25 220 24 17 17 17 198 1106 268 72925 25 220 20 17 20 24 271 3710 369 279 2528 1970 364 7967 396 63294 30 271 32 13 220 18 21 21 19 198 33 13 220 17 17 17 22 198 34 13 220 22 18 16 16 198 35 13 220 24 17 17 17 248046 198 248045 74455 198 248068 271 248069 271	32,33,34,35
bind138/C	choice	248045 846 198 760 2614 369 264 5081 5576 3296 883 449 2528 1970 18834 13 21134 440 1132 279 6321 318 32 11 417 11 351 11 466 414 8 314 279 4252 2904 13 271 5865 1970 18834 198 233511 27466 25 220 20 20 19 16 198 50 1020 667 39185 25 220 22 18 22 24 198 51 2692 80 53656 25 220 21 23 17 16 198 89306 93922 25 220 17 17 18 21 198 31795 1413 52582 25 220 20 20 21 20 198 42 88850 235489 25 220 21 21 20 23 198 3320 2472 26342 67220 375 25 220 20 22 15 17 198 83554 32442 54958 25 220 19 18 19 15 271 3710 369 279 2528 1970 364 82807 27466 30 271 32 13 220 20 22 15 17 198 33 13 220 20 20 21 20 198 34 13 220 20 20 19 16 198 35 13 220 21 23 17 16 248046 198 248045 74455 198 248068 271 248069 271	32,33,34,35
bind139/D	choice	248045 846 198 760 2614 369 264 5081 5576 3296 883 449 2528 1970 18834 13 21134 440 1132 279 6321 318 32 11 417 11 351 11 466 414 8 314 279 4252 2904 13 271 5865 1970 18834 198 31795 1413 73467 25 220 21 16 23 21 198 3320 2472 72925 25 220 20 17 15 21 198 49 2492 5709 39685 25 220 24 23 22 17 198 54 268 61086 25 220 17 22 21 20 198 10786 64 82596 25 220 20 15 18 22 198 623 287 55240 25 220 21 15 15 23 198 2196 319 61086 25 220 19 15 18 17 198 50 1020 667 28975 25 220 19 19 24 22 271 3710 369 279 2528 1970 364 52575 39685 30 271 32 13 220 17 22 21 20 198 33 13 220 20 15 18 22 198 34 13 220 19 15 18 17 198 35 13 220 24 23 22 17 248046 198 248045 74455 198 248068 271 248069 271	32,33,34,35
bind140/A	choice	248045 846 198 760 2614 369 264 5081 5576 3296 883 449 2528 1970 18834 13 21134 440 1132 279 6321 318 32 11 417 11 351 11 466 414 8 314 279 4252 2904 13 271 5865 1970 18834 198 2196 50557 41803 80831 25 220 21 21 24 19 198 45 1524 335 2075 72925 25 220 17 16 21 16 198 43 1506 227938 25 220 24 17 17 24 198 3320 2472 82596 25 220 23 16 17 20 198 39 32389 46035 25 220 18 21 22 15 198 31795 1413 629 17386 25 220 17 23 24 23 198 2196 319 72925 25 220 23 15 22 21 198 2665 269 39185 25 220 23 21 20 20 271 3710 369 279 2528 1970 364 5570 50557 41803 80831 30 271 32 13 220 21 21 24 19 198 33 13 220 18 21 22 15 198 34 13 220 23 15 22 21 198 35 13 220 17 16 21 16 248046 198 248045 74455 198 248068 271 248069 271	32,33,34,35
bind141/B	choice	248045 846 198 760 2614 369 264 5081 5576 3296 883 449 2528 1970 18834 13 21134 440 1132 279 6321 318 32 11 417 11 351 11 466 414 8 314 279 4252 2904 13 271 5865 1970 18834 198 54 268 63294 25 220 22 24 22 19 198 89680 7509 16592 28100 25 220 17 20 21 17 198 31795 1413 73467 25 220 24 18 21 21 198 46 23738 55240 25 220 22 20 15 15 198 2229 10211 61028 25 220 22 17 23 15 198 6737 55747 40733 25 220 18 16 24 16 198 57 4897 34827 25 220 22 17 23 17 198 3320 2472 28975 25 220 17 16 22 19 271 3710 369 279 2528 1970 364 1587 55747 40733 30 271 32 13 220 22 17 23 17 198 33 13 220 18 16 24 16 198 34 13 220 17 16 22 19 198 35 13 220 22 20 15 15 248046 198 248045 74455 198 248068 271 248069 271	32,33,34,35
bind142/C	choice	248045 846 198 760 2614 369 264 5081 5576 3296 883 449 2528 1970 18834 13 21134 440 1132 279 6321 318 32 11 417 11 351 11 466 414 8 314 279 4252 2904 13 271 5865 1970 18834 198 49 2492 5709 53656 25 220 16 20 23 19 198 65343 53656 25 220 17 22 16 22 198 51 24685 61086 25 220 22 17 18 15 198 56 350 1644 73467 25 220 24 22 24 15 198 49 11642 56763 25 220 22 22 20 20 198 59605 710 358 1091 6433 25 220 18 19 18 21 198 56 350 1644 56763 25 220 20 18 15 18 198 51 21576 56763 25 220 18 15 15 18 271 3710 369 279 2528 1970 364 220348 56763 30 271 32 13 220 18 19 18 21 198 33 13 220 24 22 24 15 198 34 13 220 20 18 15 18 198 35 13 220 17 22 16 22 248046 198 248045 74455 198 248068 271 248069 271	32,33,34,35
bind143/D	choice	248045 846 198 760 2614 369 264 5081 5576 3296 883 449 2528 1970 18834 13 21134 440 1132 279 6321 318 32 11 417 11 351 11 466 414 8 314 279 4252 2904 13 271 5865 1970 18834 198 83554 23773 12949 25 220 16 15 18 15 198 39 32389 59831 25 220 24 22 24 18 198 90979 78 5367 25 220 20 15 22 19 198 49 11642 14315 48040 25 220 16 17 22 17 198 89306 16592 28100 25 220 16 23 16 19 198 1106 268 41803 80831 25 220 24 23 17 20 198 6737 55747 14315 48040 25 220 22 15 16 23 198 2196 319 61850 25 220 19 24 15 15 271 3710 369 279 2528 1970 364 1587 55747 14315 48040 30 271 32 13 220 16 17 22 17 198 33 13 220 20 15 22 19 198 34 13 220 16 15 18 15 198 35 13 220 22 15 16 23 248046 198 248045 74455 198 248068 271 248069 271	32,33,34,35
bind144/A	choice	248045 846 198 760 2614 369 264 5081 5576 3296 883 449 2528 1970 18834 13 21134 440 1132 279 6321 318 32 11 417 11 351 11 466 414 8 314 279 4252 2904 13 271 5865 1970 18834 198 4904 4897 710 358 1091 6433 25 220 20 18 16 21 198 46 23738 39685 25 220 19 20 24 24 198 35 1701 452 458 452 82319 25 220 16 18 21 20 198 10786 64 39685 25 220 18 23 23 15 198 43 1506 46035 25 220 17 20 17 20 198 92055 227938 25 220 20 18 24 15 198 39304 667 55240 25 220 24 24 20 20 198 89306 27466 25 220 21 16 21 23 271 3710 369 279 2528 1970 364 49428 227938 30 271 32 13 220 20 18 24 15 198 33 13 220 19 20 24 24 198 34 13 220 24 24 20 20 198 35 13 220 21 16 21 23 248046 198 248045 74455 198 248068 271 248069 271	32,33,34,35
bind145/B	choice	248045 846 198 760 2614 369 264 5081 5576 3296 883 449 2528 1970 18834 13 21134 440 1132 279 6321 318 32 11 417 11 351 11 466 414 8 314 279 4252 2904 13 271 5865 1970 18834 198 89680 7509 23773 12949 25 220 17 16 15 18 198 65343 227938 25 220 21 22 16 17 198 31795 1413 28975 25 220 19 19 16 24 198 1106 268 27466 25 220 24 15 15 24 198 3320 2472 235489 25 220 21 15 21 22 198 37 65435 61028 25 220 19 24 19 22 198 43 1506 55240 25 220 21 23 18 18 198 2665 269 4254 2770 25 220 24 16 19 19 271 3710 369 279 2528 1970 364 26882 7509 23773 12949 30 271 32 13 220 24 16 19 19 198 33 13 220 17 16 15 18 198 34 13 220 21 15 21 22 198 35 13 220 19 24 19 22 248046 198 248045 74455 198 248068 271 248069 271	32,33,34,35
bind146/C	choice	248045 846 198 760 2614 369 264 5081 5576 3296 883 449 2528 1970 18834 13 21134 440 1132 279 6321 318 32 11 417 11 351 11 466 414 8 314 279 4252 2904 13 271 5865 1970 18834 198 39304 667 1799 33852 1482 25 220 18 16 23 21 198 39 3253 41803 80831 25 220 23 18 21 19 198 57 4493 23773 12949 25 220 21 18 21 16 198 45 1524 335 2075 56763 25 220 23 19 15 21 198 39304 667 4470 570 25 220 19 18 17 23 198 39304 667 227938 25 220 22 21 18 24 198 51 21576 458 452 82319 25 220 23 19 19 15 198 39304 667 82596 25 220 22 16 16 21 271 3710 369 279 2528 1970 364 72102 23773 12949 30 271 32 13 220 22 21 18 24 198 33 13 220 22 16 16 21 198 34 13 220 21 18 21 16 198 35 13 220 23 19 19 15 248046 198 248045 74455 198 248068 271 248069 271	32,33,34,35
bind147/D	choice	248045 846 198 760 2614 369 264 5081 5576 3296 883 449 2528 1970 18834 13 21134 440 1132 279 6321 318 32 11 417 11 351 11 466 414 8 314 279 4252 2904 13 271 5865 1970 18834 198 2196 319 710 358 1091 6433 25 220 17 17 20 22 198 56 350 1644 63419 25 220 19 19 22 22 198 43 1506 227938 25 220 24 19 20 16 198 89680 7509 73467 25 220 20 22 23 22 198 51 2692 80 207520 25 220 20 20 23 20 198 10786 64 67186 25 220 24 24 15 24 198 45 1524 335 2075 14315 48040 25 220 19 24 20 15 198 5901 4897 64683 14183 25 220 20 17 24 18 271 3710 369 279 2528 1970 364 220348 63419 30 271 32 13 220 20 17 24 18 198 33 13 220 24 19 20 16 198 34 13 220 17 17 20 22 198 35 13 220 19 19 22 22 248046 198 248045 74455 198 248068 271 248069 271	32,33,34,35
bind148/A	choice	248045 846 198 760 2614 369 264 5081 5576 3296 883 449 2528 1970 18834 13 21134 440 1132 279 6321 318 32 11 417 11 351 11 466 414 8 314 279 4252 2904 13 271 5865 1970 18834 198 51 24685 63419 25 220 17 22 16 23 198 4904 4897 63294 25 220 16 17 21 24 198 39304 667 61850 25 220 23 20 16 19 198 39 3253 56763 25 220 16 18 16 23 198 2196 319 14315 48040 25 220 22 22 16 16 198 623 287 59831 25 220 20 19 23 20 198 83554 207520 25 220 22 19 20 18 198 40 15190 28975 25 220 20 20 21 21 271 3710 369 279 2528 1970 364 40050 28975 30 271 32 13 220 20 20 21 21 198 33 13 220 20 19 23 20 198 34 13 220 16 18 16 23 198 35 13 220 22 19 20 18 248046 198 248045 74455 198 248068 271 248069 271	32,33,34,35
bind149/B	choice	248045 846 198 760 2614 369 264 5081 5576 3296 883 449 2528 1970 18834 13 21134 440 1132 279 6321 318 32 11 417 11 351 11 466 414 8 314 279 4252 2904 13 271 5865 1970 18834 198 51 24685 56763 25 220 18 20 21 16 198 23202 396 710 358 1091 6433 25 220 20 17 17 24 198 56 350 1644 5367 25 220 22 21 22 15 198 49 11642 4254 2770 25 220 20 16 19 24 198 57 4897 34827 25 220 21 22 21 21 198 92055 52582 25 220 21 16 17 15 198 56 4897 46035 25 220 17 19 18 19 198 36 46419 207520 25 220 17 16 17 24 271 3710 369 279 2528 1970 364 45265 4254 2770 30 271 32 13 220 18 20 21 16 198 33 13 220 20 16 19 24 198 34 13 220 17 16 17 24 198 35 13 220 21 16 17 15 248046 198 248045 74455 198 248068 271 248069 271	32,33,34,35
bind150/C	choice	248045 846 198 760 2614 369 264 5081 5576 3296 883 449 2528 1970 18834 13 21134 440 1132 279 6321 318 32 11 417 11 351 11 466 414 8 314 279 4252 2904 13 271 5865 1970 18834 198 89306 496 4405 1891 25 220 19 19 15 16 198 42 2075 28975 25 220 20 17 24 15 198 623 287 16592 28100 25 220 23 22 22 21 198 2196 319 32442 54958 25 220 19 22 16 22 198 89680 7509 93922 25 220 20 21 23 20 198 56 4897 92372 25 220 21 21 21 19 198 56 350 1644 227938 25 220 22 24 22 15 198 92055 36461 25 220 23 15 17 20 271 3710 369 279 2528 1970 364 28338 496 4405 1891 30 271 32 13 220 20 17 24 15 198 33 13 220 21 21 21 19 198 34 13 220 19 19 15 16 198 35 13 220 19 22 16 22 248046 198 248045 74455 198 248068 271 248069 271	32,33,34,35
bind151/D	choice	248045 846 198 760 2614 369 264 5081 5576 3296 883 449 2528 1970 18834 13 21134 440 1132 279 6321 318 32 11 417 11 351 11 466 414 8 314 279 4252 2904 13 271 5865 1970 18834 198 24601 10211 32442 54958 25 220 18 22 19 23 198 5901 4897 59405 85 25 220 19 23 21 15 198 4904 4897 93922 25 220 24 17 21 22 198 39 3253 63294 25 220 17 17 22 23 198 59605 207520 25 220 24 22 24 19 198 65343 14315 48040 25 220 24 17 19 20 198 37 65435 93922 25 220 20 15 17 24 198 46 23738 207520 25 220 16 21 18 23 271 3710 369 279 2528 1970 364 48854 93922 30 271 32 13 220 24 22 24 19 198 33 13 220 19 23 21 15 198 34 13 220 18 22 19 23 198 35 13 220 24 17 21 22 248046 198 248045 74455 198 248068 271 248069 271	32,33,34,35
bind152/A	choice	248045 846 198 760 2614 369 264 5081 5576 3296 883 449 2528 1970 18834 13 21134 440 1132 279 6321 318 32 11 417 11 351 11 466 414 8 314 279 4252 2904 13 271 5865 1970 18834 198 39 32389 61850 25 220 21 17 16 17 198 39 3253 92372 25 220 16 16 22 20 198 5901 4897 496 4405 1891 25 220 23 15 17 20 198 5901 4897 73467 25 220 22 18 15 22 198 46 23738 53656 25 220 20 21 21 15 198 49 11642 72925 25 220 22 21 21 17 198 42 2075 53656 25 220 17 18 16 23 198 35 1701 452 61850 25 220 19 20 21 15 271 3710 369 279 2528 1970 364 48907 53656 30 271 32 13 220 17 18 16 23 198 33 13 220 22 18 15 22 198 34 13 220 23 15 17 20 198 35 13 220 22 21 21 17 248046 198 248045 74455 198 248068 271 248069 271	32,33,34,35
bind153/B	choice	248045 846 198 760 2614 369 264 5081 5576 3296 883 449 2528 1970 18834 13 21134 440 1132 279 6321 318 32 11 417 11 351 11 466 414 8 314 279 4252 2904 13 271 5865 1970 18834 198 83554 227938 25 220 23 22 16 16 198 57 4493 40050 12297 25 220 17 20 17 16 198 56 4897 40733 25 220 24 19 18 24 198 5901 4897 46035 25 220 20 18 22 19 198 35 1701 452 61850 25 220 21 20 17 22 198 36 46419 56763 25 220 21 15 22 22 198 90979 78 52582 25 220 17 16 20 19 198 43 1506 82596 25 220 24 22 21 19 271 3710 369 279 2528 1970 364 63889 452 61850 30 271 32 13 220 24 19 18 24 198 33 13 220 21 20 17 22 198 34 13 220 21 15 22 22 198 35 13 220 20 18 22 19 248046 198 248045 74455 198 248068 271 248069 271	32,33,34,35
bind154/C	choice	248045 846 198 760 2614 369 264 5081 5576 3296 883 449 2528 1970 18834 13 21134 440 1132 279 6321 318 32 11 417 11 351 11 466 414 8 314 279 4252 2904 13 271 5865 1970 18834 198 51 24685 74092 25 220 19 24 22 19 198 5901 4897 227938 25 220 20 23 23 23 198 90979 78 61850 25 220 20 23 17 22 198 89680 7509 462 698 327 25 220 17 16 15 21 198 57 4493 1799 33852 1482 25 220 23 20 23 19 198 23202 396 40050 12297 25 220 21 19 18 15 198 6737 55747 235489 25 220 17 24 18 15 198 90979 78 5367 25 220 23 21 17 18 271 3710 369 279 2528 1970 364 3194 4897 227938 30 271 32 13 220 17 16 15 21 198 33 13 220 20 23 17 22 198 34 13 220 20 23 23 23 198 35 13 220 23 20 23 19 248046 198 248045 74455 198 248068 271 248069 271	32,33,34,35
bind155/D	choice	248045 846 198 760 2614 369 264 5081 5576 3296 883 449 2528 1970 18834 13 21134 440 1132 279 6321 318 32 11 417 11 351 11 466 414 8 314 279 4252 2904 13 271 5865 1970 18834 198 51 21576 235489 25 220 17 21 20 15 198 82433 4470 570 25 220 24 16 24 18 198 37 65435 41803 80831 25 220 22 21 15 17 198 92055 74092 25 220 19 19 24 16 198 5901 4897 52582 25 220 24 17 15 17 198 10786 64 629 17386 25 220 18 18 23 15 198 623 287 23773 12949 25 220 16 19 15 20 198 5901 4897 227938 25 220 19 21 19 16 271 3710 369 279 2528 1970 364 33051 4470 570 30 271 32 13 220 16 19 15 20 198 33 13 220 24 17 15 17 198 34 13 220 18 18 23 15 198 35 13 220 24 16 24 18 248046 198 248045 74455 198 248068 271 248069 271	32,33,34,35
bind156/A	choice	248045 846 198 760 2614 369 264 5081 5576 3296 883 449 2528 1970 18834 13 21134 440 1132 279 6321 318 32 11 417 11 351 11 466 414 8 314 279 4252 2904 13 271 5865 1970 18834 198 3320 2472 23773 12949 25 220 23 22 17 19 198 51 2692 80 40050 12297 25 220 23 23 24 19 198 82433 67186 25 220 20 17 17 15 198 2229 10211 32442 54958 25 220 19 19 18 20 198 82433 63294 25 220 18 17 16 15 198 50 1020 667 40733 25 220 21 15 21 23 198 56 350 1644 61028 25 220 23 23 15 22 198 43 1506 1799 33852 1482 25 220 17 15 18 20 271 3710 369 279 2528 1970 364 1900 10211 32442 54958 30 271 32 13 220 19 19 18 20 198 33 13 220 18 17 16 15 198 34 13 220 23 22 17 19 198 35 13 220 23 23 15 22 248046 198 248045 74455 198 248068 271 248069 271	32,33,34,35
bind157/B	choice	248045 846 198 760 2614 369 264 5081 5576 3296 883 449 2528 1970 18834 13 21134 440 1132 279 6321 318 32 11 417 11 351 11 466 414 8 314 279 4252 2904 13 271 5865 1970 18834 198 10786 64 67186 25 220 20 17 18 21 198 37 65435 235489 25 220 19 15 20 19 198 51 2692 80 39185 25 220 22 22 16 24 198 2665 269 64683 14183 25 220 16 24 21 15 198 40 15190 73467 25 220 18 15 21 19 198 2196 319 710 358 1091 6433 25 220 19 20 21 16 198 6737 55747 207520 25 220 17 18 23 21 198 59605 61850 25 220 17 16 16 23 271 3710 369 279 2528 1970 364 28445 61850 30 271 32 13 220 22 22 16 24 198 33 13 220 17 16 16 23 198 34 13 220 19 20 21 16 198 35 13 220 19 15 20 19 248046 198 248045 74455 198 248068 271 248069 271	32,33,34,35
bind158/C	choice	248045 846 198 760 2614 369 264 5081 5576 3296 883 449 2528 1970 18834 13 21134 440 1132 279 6321 318 32 11 417 11 351 11 466 414 8 314 279 4252 2904 13 271 5865 1970 18834 198 46 23738 78961 25 220 24 16 18 19 198 92055 59831 25 220 16 15 16 18 198 233511 59405 85 25 220 21 17 21 19 198 54 268 49346 25 220 19 17 23 20 198 49 11642 59831 25 220 19 18 23 18 198 1106 268 462 698 327 25 220 21 24 22 17 198 45 51054 82596 25 220 19 20 17 20 198 89306 78961 25 220 16 17 20 24 271 3710 369 279 2528 1970 364 45265 59831 30 271 32 13 220 21 17 21 19 198 33 13 220 16 15 16 18 198 34 13 220 19 18 23 18 198 35 13 220 16 17 20 24 248046 198 248045 74455 198 248068 271 248069 271	32,33,34,35
bind159/D	choice	248045 846 198 760 2614 369 264 5081 5576 3296 883 449 2528 1970 18834 13 21134 440 1132 279 6321 318 32 11 417 11 351 11 466 414 8 314 279 4252 2904 13 271 5865 1970 18834 198 90979 78 56763 25 220 21 17 20 21 198 92055 63419 25 220 17 19 24 17 198 39304 667 496 4405 1891 25 220 20 16 16 15 198 43 1506 34827 25 220 24 20 24 23 198 35 1701 452 462 698 327 25 220 24 23 24 20 198 82433 23773 12949 25 220 20 15 23 18 198 54 268 55240 25 220 21 23 19 21 198 56 4897 92372 25 220 17 19 23 22 271 3710 369 279 2528 1970 364 59157 55240 30 271 32 13 220 21 17 20 21 198 33 13 220 17 19 23 22 198 34 13 220 17 19 24 17 198 35 13 220 21 23 19 21 248046 198 248045 74455 198 248068 271 248069 271	32,33,34,35
bind160/A	choice	248045 846 198 760 2614 369 264 5081 5576 3296 883 449 2528 1970 18834 13 21134 440 1132 279 6321 318 32 11 417 11 351 11 466 414 8 314 279 4252 2904 13 271 5865 1970 18834 198 27175 667 462 698 327 25 220 20 22 20 15 198 35 1701 452 72925 25 220 17 15 21 22 198 57 4493 55240 25 220 22 22 18 16 198 89680 7509 82596 25 220 22 22 18 22 198 43 1506 28975 25 220 16 16 15 19 198 2196 319 56763 25 220 18 18 22 19 198 43 1506 93922 25 220 24 24 20 22 198 56 4897 56763 25 220 16 19 21 20 271 3710 369 279 2528 1970 364 26882 7509 82596 30 271 32 13 220 22 22 18 22 198 33 13 220 16 19 21 20 198 34 13 220 20 22 20 15 198 35 13 220 17 15 21 22 248046 198 248045 74455 198 248068 271 248069 271	32,33,34,35
bind161/B	choice	248045 846 198 760 2614 369 264 5081 5576 3296 883 449 2528 1970 18834 13 21134 440 1132 279 6321 318 32 11 417 11 351 11 466 414 8 314 279 4252 2904 13 271 5865 1970 18834 198 233511 92372 25 220 21 21 17 15 198 57 4493 61850 25 220 16 16 21 17 198 49 2492 5709 28975 25 220 19 21 20 22 198 51 21576 67186 25 220 17 22 21 19 198 39 32389 34827 25 220 22 23 17 22 198 34930 269 72925 25 220 24 22 15 19 198 43 1506 78961 25 220 21 19 16 24 198 65343 458 452 82319 25 220 22 23 20 22 271 3710 369 279 2528 1970 364 24480 458 452 82319 30 271 32 13 220 21 21 17 15 198 33 13 220 22 23 20 22 198 34 13 220 22 23 17 22 198 35 13 220 21 19 16 24 248046 198 248045 74455 198 248068 271 248069 271	32,33,34,35
bind162/C	choice	248045 846 198 760 2614 369 264 5081 5576 3296 883 449 2528 1970 18834 13 21134 440 1132 279 6321 318 32 11 417 11 351 11 466 414 8 314 279 4252 2904 13 271 5865 1970 18834 198 42 2075 63294 25 220 19 18 24 17 198 36 46419 53656 25 220 21 24 21 17 198 89680 7509 67186 25 220 24 24 17 16 198 51 24685 49346 25 220 16 18 18 23 198 43 1506 40733 25 220 21 18 20 17 198 31795 1413 34827 25 220 23 24 24 22 198 40 15190 41803 80831 25 220 20 21 24 15 198 36 46419 63294 25 220 18 15 19 18 271 3710 369 279 2528 1970 364 345 24685 49346 30 271 32 13 220 23 24 24 22 198 33 13 220 19 18 24 17 198 34 13 220 16 18 18 23 198 35 13 220 21 24 21 17 248046 198 248045 74455 198 248068 271 248069 271	32,33,34,35
bind163/D	choice	248045 846 198 760 2614 369 264 5081 5576 3296 883 449 2528 1970 18834 13 21134 440 1132 279 6321 318 32 11 417 11 351 11 466 414 8 314 279 4252 2904 13 271 5865 1970 18834 198 2229 10211 55240 25 220 21 24 23 17 198 82433 629 17386 25 220 23 20 16 20 198 51 21576 49346 25 220 20 21 20 15 198 35 1701 452 39185 25 220 20 18 17 16 198 35921 299 55240 25 220 22 19 18 22 198 42 2075 36461 25 220 19 23 16 18 198 49 11642 207520 25 220 21 19 15 20 198 10786 64 53656 25 220 17 16 19 22 271 3710 369 279 2528 1970 364 48907 36461 30 271 32 13 220 17 16 19 22 198 33 13 220 21 24 23 17 198 34 13 220 20 18 17 16 198 35 13 220 19 23 16 18 248046 198 248045 74455 198 248068 271 248069 271	32,33,34,35
bind164/A	choice	248045 846 198 760 2614 369 264 5081 5576 3296 883 449 2528 1970 18834 13 21134 440 1132 279 6321 318 32 11 417 11 351 11 466 414 8 314 279 4252 2904 13 271 5865 1970 18834 198 54 268 4470 570 25 220 18 19 17 19 198 2196 50557 63294 25 220 22 20 20 22 198 43 1506 27466 25 220 24 18 15 22 198 6737 55747 462 698 327 25 220 22 22 22 16 198 49 2492 5709 28975 25 220 17 18 18 22 198 54 268 14315 48040 25 220 23 17 22 22 198 31795 1413 61850 25 220 16 15 20 18 198 2665 269 39685 25 220 18 15 19 23 271 3710 369 279 2528 1970 364 5570 50557 63294 30 271 32 13 220 22 20 20 22 198 33 13 220 24 18 15 22 198 34 13 220 23 17 22 22 198 35 13 220 17 18 18 22 248046 198 248045 74455 198 248068 271 248069 271	32,33,34,35
bind165/B	choice	248045 846 198 760 2614 369 264 5081 5576 3296 883 449 2528 1970 18834 13 21134 440 1132 279 6321 318 32 11 417 11 351 11 466 414 8 314 279 4252 2904 13 271 5865 1970 18834 198 4904 4897 59405 85 25 220 20 22 23 22 198 65343 5367 25 220 23 23 20 16 198 2665 269 34827 25 220 24 23 20 17 198 39 32389 82596 25 220 16 17 18 17 198 65343 49472 25 220 18 20 18 19 198 57 4897 53656 25 220 17 17 19 23 198 89306 78961 25 220 22 22 23 20 198 2229 10211 36461 25 220 21 22 16 22 271 3710 369 279 2528 1970 364 2233 269 34827 30 271 32 13 220 23 23 20 16 198 33 13 220 24 23 20 17 198 34 13 220 18 20 18 19 198 35 13 220 17 17 19 23 248046 198 248045 74455 198 248068 271 248069 271	32,33,34,35
bind166/C	choice	248045 846 198 760 2614 369 264 5081 5576 3296 883 449 2528 1970 18834 13 21134 440 1132 279 6321 318 32 11 417 11 351 11 466 414 8 314 279 4252 2904 13 271 5865 1970 18834 198 57 4897 629 17386 25 220 22 18 17 16 198 39304 667 46035 25 220 17 21 16 15 198 42 2075 1799 33852 1482 25 220 18 24 17 19 198 57 4493 227938 25 220 16 17 21 15 198 89306 63419 25 220 19 16 22 21 198 42 88850 710 358 1091 6433 25 220 24 23 17 15 198 42 88850 63294 25 220 18 24 16 21 198 42 2075 49346 25 220 21 20 16 17 271 3710 369 279 2528 1970 364 48907 49346 30 271 32 13 220 22 18 17 16 198 33 13 220 16 17 21 15 198 34 13 220 21 20 16 17 198 35 13 220 17 21 16 15 248046 198 248045 74455 198 248068 271 248069 271	32,33,34,35
bind167/D	choice	248045 846 198 760 2614 369 264 5081 5576 3296 883 449 2528 1970 18834 13 21134 440 1132 279 6321 318 32 11 417 11 351 11 466 414 8 314 279 4252 2904 13 271 5865 1970 18834 198 37 65435 5367 25 220 24 24 18 22 198 89680 7509 78961 25 220 22 22 17 17 198 233511 52582 25 220 21 23 16 17 198 36 46419 63294 25 220 17 19 19 17 198 10786 64 82596 25 220 19 20 17 24 198 90979 78 78961 25 220 23 20 16 23 198 89680 7509 1799 33852 1482 25 220 19 16 20 24 198 43 1506 26342 67220 375 25 220 17 19 17 19 271 3710 369 279 2528 1970 364 48654 82596 30 271 32 13 220 19 16 20 24 198 33 13 220 21 23 16 17 198 34 13 220 23 20 16 23 198 35 13 220 19 20 17 24 248046 198 248045 74455 198 248068 271 248069 271	32,33,34,35
bind168/A	choice	248045 846 198 760 2614 369 264 5081 5576 3296 883 449 2528 1970 18834 13 21134 440 1132 279 6321 318 32 11 417 11 351 11 466 414 8 314 279 4252 2904 13 271 5865 1970 18834 198 49 11642 4470 570 25 220 17 18 18 20 198 2196 319 74092 25 220 17 16 19 15 198 39304 667 4470 570 25 220 20 20 21 17 198 51 21576 63294 25 220 21 22 20 21 198 37 65435 59405 85 25 220 21 23 21 23 198 23202 396 1799 33852 1482 25 220 19 16 24 21 198 42 88850 53656 25 220 22 20 21 23 198 23202 396 53656 25 220 23 20 20 15 271 3710 369 279 2528 1970 364 7967 396 1799 33852 1482 30 271 32 13 220 19 16 24 21 198 33 13 220 21 22 20 21 198 34 13 220 21 23 21 23 198 35 13 220 22 20 21 23 248046 198 248045 74455 198 248068 271 248069 271	32,33,34,35
bind169/B	choice	248045 846 198 760 2614 369 264 5081 5576 3296 883 449 2528 1970 18834 13 21134 440 1132 279 6321 318 32 11 417 11 351 11 466 414 8 314 279 4252 2904 13 271 5865 1970 18834 198 89306 207520 25 220 24 20 22 15 198 3320 2472 40050 12297 25 220 21 15 22 18 198 36 46419 53656 25 220 22 15 17 23 198 10786 64 4470 570 25 220 20 18 15 15 198 45 51054 61028 25 220 22 17 24 17 198 23202 396 227938 25 220 22 16 20 17 198 42 88850 73467 25 220 23 23 17 22 198 83554 629 17386 25 220 24 23 24 21 271 3710 369 279 2528 1970 364 48654 4470 570 30 271 32 13 220 23 23 17 22 198 33 13 220 20 18 15 15 198 34 13 220 22 17 24 17 198 35 13 220 22 16 20 17 248046 198 248045 74455 198 248068 271 248069 271	32,33,34,35
bind170/C	choice	248045 846 198 760 2614 369 264 5081 5576 3296 883 449 2528 1970 18834 13 21134 440 1132 279 6321 318 32 11 417 11 351 11 466 414 8 314 279 4252 2904 13 271 5865 1970 18834 198 57 4897 59405 85 25 220 19 17 15 16 198 10786 64 72925 25 220 17 20 19 17 198 54 268 496 4405 1891 25 220 23 20 23 24 198 54 268 27466 25 220 16 21 18 24 198 623 287 49472 25 220 21 18 23 15 198 50 1020 667 49346 25 220 22 15 23 20 198 65343 53656 25 220 19 22 22 23 198 2229 10211 227938 25 220 24 15 17 17 271 3710 369 279 2528 1970 364 59157 496 4405 1891 30 271 32 13 220 16 21 18 24 198 33 13 220 24 15 17 17 198 34 13 220 23 20 23 24 198 35 13 220 21 18 23 15 248046 198 248045 74455 198 248068 271 248069 271	32,33,34,35
bind171/D	choice	248045 846 198 760 2614 369 264 5081 5576 3296 883 449 2528 1970 18834 13 21134 440 1132 279 6321 318 32 11 417 11 351 11 466 414 8 314 279 4252 2904 13 271 5865 1970 18834 198 2196 319 61850 25 220 18 18 24 19 198 1106 268 235489 25 220 24 18 21 24 198 233511 78961 25 220 20 22 24 22 198 34930 269 72925 25 220 24 23 19 20 198 54 268 40050 12297 25 220 16 20 22 22 198 57 4897 40733 25 220 23 18 21 15 198 45 51054 496 4405 1891 25 220 24 23 23 16 198 2229 10211 67186 25 220 18 22 22 15 271 3710 369 279 2528 1970 364 31247 72925 30 271 32 13 220 20 22 24 22 198 33 13 220 18 18 24 19 198 34 13 220 24 23 23 16 198 35 13 220 24 23 19 20 248046 198 248045 74455 198 248068 271 248069 271	32,33,34,35
bind172/A	choice	248045 846 198 760 2614 369 264 5081 5576 3296 883 449 2528 1970 18834 13 21134 440 1132 279 6321 318 32 11 417 11 351 11 466 414 8 314 279 4252 2904 13 271 5865 1970 18834 198 56 4897 235489 25 220 18 20 15 18 198 5901 4897 496 4405 1891 25 220 21 20 16 21 198 89680 7509 710 358 1091 6433 25 220 18 19 24 20 198 1106 268 59405 85 25 220 24 24 24 16 198 90979 78 61028 25 220 20 21 15 20 198 34930 269 14315 48040 25 220 20 22 15 24 198 83554 46035 25 220 22 23 22 19 198 39304 667 64683 14183 25 220 24 21 17 15 271 3710 369 279 2528 1970 364 783 4897 235489 30 271 32 13 220 18 20 15 18 198 33 13 220 21 20 16 21 198 34 13 220 20 21 15 20 198 35 13 220 24 21 17 15 248046 198 248045 74455 198 248068 271 248069 271	32,33,34,35
bind173/B	choice	248045 846 198 760 2614 369 264 5081 5576 3296 883 449 2528 1970 18834 13 21134 440 1132 279 6321 318 32 11 417 11 351 11 466 414 8 314 279 4252 2904 13 271 5865 1970 18834 198 43 1506 26342 67220 375 25 220 16 22 17 24 198 2229 10211 63294 25 220 21 18 22 20 198 51 24685 63294 25 220 21 16 22 21 198 51 24685 55240 25 220 24 17 22 22 198 27175 667 55240 25 220 22 19 23 21 198 623 287 61850 25 220 17 21 23 16 198 56 350 1644 63419 25 220 21 20 23 22 198 92055 61028 25 220 18 20 17 18 271 3710 369 279 2528 1970 364 1900 10211 63294 30 271 32 13 220 22 19 23 21 198 33 13 220 21 18 22 20 198 34 13 220 18 20 17 18 198 35 13 220 17 21 23 16 248046 198 248045 74455 198 248068 271 248069 271	32,33,34,35
bind174/C	choice	248045 846 198 760 2614 369 264 5081 5576 3296 883 449 2528 1970 18834 13 21134 440 1132 279 6321 318 32 11 417 11 351 11 466 414 8 314 279 4252 2904 13 271 5865 1970 18834 198 2196 50557 72925 25 220 16 22 20 19 198 35 1701 452 52582 25 220 21 24 23 21 198 57 4897 67186 25 220 16 24 20 19 198 39 3253 5367 25 220 16 23 15 17 198 24601 10211 235489 25 220 20 24 17 20 198 49 2492 5709 72925 25 220 20 18 18 17 198 43 1506 49346 25 220 16 23 15 20 198 233511 61028 25 220 16 22 24 16 271 3710 369 279 2528 1970 364 7802 10211 235489 30 271 32 13 220 16 23 15 20 198 33 13 220 16 22 24 16 198 34 13 220 20 24 17 20 198 35 13 220 16 24 20 19 248046 198 248045 74455 198 248068 271 248069 271	32,33,34,35
bind175/D	choice	248045 846 198 760 2614 369 264 5081 5576 3296 883 449 2528 1970 18834 13 21134 440 1132 279 6321 318 32 11 417 11 351 11 466 414 8 314 279 4252 2904 13 271 5865 1970 18834 198 39304 667 28975 25 220 24 20 22 17 198 56 350 1644 49472 25 220 23 23 18 16 198 23202 396 63294 25 220 20 22 15 21 198 54 268 63294 25 220 17 18 17 24 198 45 51054 53656 25 220 23 16 24 16 198 50 1020 667 74092 25 220 23 23 23 23 198 57 4493 74092 25 220 16 16 16 19 198 83554 82596 25 220 17 20 24 21 271 3710 369 279 2528 1970 364 72102 74092 30 271 32 13 220 23 23 18 16 198 33 13 220 23 23 23 23 198 34 13 220 20 22 15 21 198 35 13 220 16 16 16 19 248046 198 248045 74455 198 248068 271 248069 271	32,33,34,35
bind176/A	choice	248045 846 198 760 2614 369 264 5081 5576 3296 883 449 2528 1970 18834 13 21134 440 1132 279 6321 318 32 11 417 11 351 11 466 414 8 314 279 4252 2904 13 271 5865 1970 18834 198 51 2692 80 26342 67220 375 25 220 17 15 16 15 198 43 1506 61086 25 220 21 15 18 21 198 45 1524 335 2075 78961 25 220 20 20 22 18 198 51 2692 80 49472 25 220 21 23 24 22 198 24601 10211 4254 2770 25 220 18 21 22 23 198 23202 396 56763 25 220 16 20 18 18 198 35 1701 452 710 358 1091 6433 25 220 22 17 20 15 198 3320 2472 4470 570 25 220 16 15 23 18 271 3710 369 279 2528 1970 364 7967 396 56763 30 271 32 13 220 16 20 18 18 198 33 13 220 17 15 16 15 198 34 13 220 22 17 20 15 198 35 13 220 21 15 18 21 248046 198 248045 74455 198 248068 271 248069 271	32,33,34,35
bind177/B	choice	248045 846 198 760 2614 369 264 5081 5576 3296 883 449 2528 1970 18834 13 21134 440 1132 279 6321 318 32 11 417 11 351 11 466 414 8 314 279 4252 2904 13 271 5865 1970 18834 198 45 51054 72925 25 220 19 21 24 17 198 35 1701 452 49472 25 220 20 19 17 16 198 59605 73467 25 220 22 20 24 20 198 59605 629 17386 25 220 19 18 18 18 198 3320 2472 49472 25 220 18 22 15 17 198 10786 64 59405 85 25 220 24 20 16 21 198 56 350 1644 92372 25 220 16 21 22 23 198 51 24685 39685 25 220 22 16 18 18 271 3710 369 279 2528 1970 364 63889 452 49472 30 271 32 13 220 24 20 16 21 198 33 13 220 20 19 17 16 198 34 13 220 19 18 18 18 198 35 13 220 19 21 24 17 248046 198 248045 74455 198 248068 271 248069 271	32,33,34,35
bind178/C	choice	248045 846 198 760 2614 369 264 5081 5576 3296 883 449 2528 1970 18834 13 21134 440 1132 279 6321 318 32 11 417 11 351 11 466 414 8 314 279 4252 2904 13 271 5865 1970 18834 198 57 4493 61850 25 220 22 24 15 24 198 6737 55747 63419 25 220 20 21 18 23 198 92055 64683 14183 25 220 21 23 18 20 198 92055 39685 25 220 20 17 18 24 198 92055 72925 25 220 24 20 18 22 198 35921 299 235489 25 220 22 20 17 24 198 233511 49472 25 220 21 16 24 15 198 1106 268 34827 25 220 22 21 16 22 271 3710 369 279 2528 1970 364 49428 64683 14183 30 271 32 13 220 22 20 17 24 198 33 13 220 20 21 18 23 198 34 13 220 21 23 18 20 198 35 13 220 22 24 15 24 248046 198 248045 74455 198 248068 271 248069 271	32,33,34,35
bind179/D	choice	248045 846 198 760 2614 369 264 5081 5576 3296 883 449 2528 1970 18834 13 21134 440 1132 279 6321 318 32 11 417 11 351 11 466 414 8 314 279 4252 2904 13 271 5865 1970 18834 198 45 1524 335 2075 39685 25 220 20 20 18 15 198 39304 667 74092 25 220 18 17 17 18 198 1106 268 63294 25 220 18 20 22 22 198 4904 4897 63294 25 220 17 23 17 17 198 89680 7509 78961 25 220 20 17 24 18 198 56 4897 710 3974 25 220 18 20 16 18 198 10786 64 32442 54958 25 220 16 24 17 21 198 233511 23773 12949 25 220 23 22 21 23 271 3710 369 279 2528 1970 364 76459 74092 30 271 32 13 220 20 17 24 18 198 33 13 220 17 23 17 17 198 34 13 220 18 20 16 18 198 35 13 220 18 17 17 18 248046 198 248045 74455 198 248068 271 248069 271	32,33,34,35
bind180/A	choice	248045 846 198 760 2614 369 264 5081 5576 3296 883 449 2528 1970 18834 13 21134 440 1132 279 6321 318 32 11 417 11 351 11 466 414 8 314 279 4252 2904 13 271 5865 1970 18834 198 90979 78 710 358 1091 6433 25 220 18 15 22 15 198 3320 2472 16592 28100 25 220 17 20 19 16 198 56 350 1644 39685 25 220 19 17 18 17 198 35921 299 59405 85 25 220 23 21 15 24 198 50 1020 667 26342 67220 375 25 220 18 15 18 15 198 6737 55747 78961 25 220 20 17 23 18 198 2665 269 462 698 327 25 220 20 23 18 19 198 45 1524 335 2075 59405 85 25 220 22 18 15 16 271 3710 369 279 2528 1970 364 65788 59405 85 30 271 32 13 220 23 21 15 24 198 33 13 220 19 17 18 17 198 34 13 220 22 18 15 16 198 35 13 220 18 15 22 15 248046 198 248045 74455 198 248068 271 248069 271	32,33,34,35
bind181/B	choice	248045 846 198 760 2614 369 264 5081 5576 3296 883 449 2528 1970 18834 13 21134 440 1132 279 6321 318 32 11 417 11 351 11 466 414 8 314 279 4252 2904 13 271 5865 1970 18834 198 4904 4897 28975 25 220 24 22 19 24 198 57 4897 59831 25 220 24 19 19 21 198 45 51054 56763 25 220 22 21 18 24 198 3320 2472 710 3974 25 220 22 18 21 19 198 56 4897 49472 25 220 22 23 24 19 198 57 4493 74092 25 220 19 22 21 19 198 49 11642 14315 48040 25 220 24 18 22 22 198 10786 64 40050 12297 25 220 20 18 22 15 271 3710 369 279 2528 1970 364 783 4897 49472 30 271 32 13 220 24 22 19 24 198 33 13 220 22 23 24 19 198 34 13 220 24 19 19 21 198 35 13 220 20 18 22 15 248046 198 248045 74455 198 248068 271 248069 271	32,33,34,35
bind182/C	choice	248045 846 198 760 2614 369 264 5081 5576 3296 883 449 2528 1970 18834 13 21134 440 1132 279 6321 318 32 11 417 11 351 11 466 414 8 314 279 4252 2904 13 271 5865 1970 18834 198 37 65435 14315 48040 25 220 19 17 20 19 198 51 21576 52582 25 220 22 24 17 15 198 2229 10211 61028 25 220 16 16 24 18 198 31795 1413 710 358 1091 6433 25 220 20 16 18 23 198 2196 319 41803 80831 25 220 23 22 23 23 198 65343 1799 33852 1482 25 220 17 18 16 20 198 1106 268 61850 25 220 16 18 20 16 198 36 46419 710 3974 25 220 18 22 17 16 271 3710 369 279 2528 1970 364 84907 52582 30 271 32 13 220 20 16 18 23 198 33 13 220 23 22 23 23 198 34 13 220 22 24 17 15 198 35 13 220 18 22 17 16 248046 198 248045 74455 198 248068 271 248069 271	32,33,34,35
bind183/D	choice	248045 846 198 760 2614 369 264 5081 5576 3296 883 449 2528 1970 18834 13 21134 440 1132 279 6321 318 32 11 417 11 351 11 466 414 8 314 279 4252 2904 13 271 5865 1970 18834 198 35 1701 452 63294 25 220 20 20 16 17 198 623 287 28975 25 220 22 20 18 17 198 39 3253 52582 25 220 17 16 18 23 198 54 268 1799 33852 1482 25 220 20 21 22 18 198 42 2075 39685 25 220 17 23 17 18 198 4904 4897 41803 80831 25 220 16 17 22 15 198 24601 10211 59405 85 25 220 19 17 18 20 198 65343 710 358 1091 6433 25 220 18 16 22 16 271 3710 369 279 2528 1970 364 59157 1799 33852 1482 30 271 32 13 220 19 17 18 20 198 33 13 220 17 23 17 18 198 34 13 220 22 20 18 17 198 35 13 220 20 21 22 18 248046 198 248045 74455 198 248068 271 248069 271	32,33,34,35
bind184/A	choice	248045 846 198 760 2614 369 264 5081 5576 3296 883 449 2528 1970 18834 13 21134 440 1132 279 6321 318 32 11 417 11 351 11 466 414 8 314 279 4252 2904 13 271 5865 1970 18834 198 92055 710 358 1091 6433 25 220 24 24 19 22 198 90979 78 32442 54958 25 220 17 18 23 20 198 51 2692 80 23773 12949 25 220 17 22 15 16 198 2665 269 227938 25 220 23 24 17 23 198 89306 59831 25 220 17 20 16 23 198 2665 269 55240 25 220 23 24 15 20 198 51 24685 27466 25 220 16 23 19 22 198 4904 4897 73467 25 220 19 22 22 15 271 3710 369 279 2528 1970 364 28338 59831 30 271 32 13 220 17 20 16 23 198 33 13 220 17 18 23 20 198 34 13 220 23 24 17 23 198 35 13 220 17 22 15 16 248046 198 248045 74455 198 248068 271 248069 271	32,33,34,35
bind185/B	choice	248045 846 198 760 2614 369 264 5081 5576 3296 883 449 2528 1970 18834 13 21134 440 1132 279 6321 318 32 11 417 11 351 11 466 414 8 314 279 4252 2904 13 271 5865 1970 18834 198 59605 46035 25 220 22 20 23 15 198 4904 4897 39185 25 220 23 16 18 18 198 37 65435 63419 25 220 24 20 15 24 198 89306 28975 25 220 22 16 19 20 198 2665 269 92372 25 220 17 16 21 16 198 51 2692 80 46035 25 220 16 15 23 16 198 2665 269 56763 25 220 24 16 17 23 198 4904 4897 74092 25 220 17 20 21 24 271 3710 369 279 2528 1970 364 48854 39185 30 271 32 13 220 22 20 23 15 198 33 13 220 23 16 18 18 198 34 13 220 16 15 23 16 198 35 13 220 17 20 21 24 248046 198 248045 74455 198 248068 271 248069 271	32,33,34,35
bind186/C	choice	248045 846 198 760 2614 369 264 5081 5576 3296 883 449 2528 1970 18834 13 21134 440 1132 279 6321 318 32 11 417 11 351 11 466 414 8 314 279 4252 2904 13 271 5865 1970 18834 198 39 32389 61028 25 220 23 19 21 24 198 5901 4897 458 452 82319 25 220 18 20 24 17 198 36 46419 53656 25 220 16 22 24 15 198 34930 269 78961 25 220 24 18 19 24 198 46 23738 36461 25 220 20 17 16 18 198 40 15190 41803 80831 25 220 20 16 18 19 198 45 1524 335 2075 458 452 82319 25 220 24 19 21 24 198 54 268 41803 80831 25 220 22 23 16 21 271 3710 369 279 2528 1970 364 92253 2075 458 452 82319 30 271 32 13 220 22 23 16 21 198 33 13 220 20 17 16 18 198 34 13 220 24 19 21 24 198 35 13 220 18 20 24 17 248046 198 248045 74455 198 248068 271 248069 271	32,33,34,35
bind187/D	choice	248045 846 198 760 2614 369 264 5081 5576 3296 883 449 2528 1970 18834 13 21134 440 1132 279 6321 318 32 11 417 11 351 11 466 414 8 314 279 4252 2904 13 271 5865 1970 18834 198 59605 59831 25 220 18 17 19 21 198 54 268 23773 12949 25 220 20 21 20 17 198 24601 10211 4254 2770 25 220 22 24 16 22 198 3320 2472 227938 25 220 19 16 20 24 198 50 1020 667 56763 25 220 22 19 22 24 198 65343 458 452 82319 25 220 17 18 23 19 198 56 4897 61028 25 220 17 17 18 15 198 56 4897 462 698 327 25 220 17 21 19 20 271 3710 369 279 2528 1970 364 59157 23773 12949 30 271 32 13 220 19 16 20 24 198 33 13 220 17 21 19 20 198 34 13 220 17 18 23 19 198 35 13 220 20 21 20 17 248046 198 248045 74455 198 248068 271 248069 271	32,33,34,35
bind188/A	choice	248045 846 198 760 2614 369 264 5081 5576 3296 883 449 2528 1970 18834 13 21134 440 1132 279 6321 318 32 11 417 11 351 11 466 414 8 314 279 4252 2904 13 271 5865 1970 18834 198 39 32389 458 452 82319 25 220 17 24 23 20 198 46 23738 710 358 1091 6433 25 220 17 16 18 17 198 39 3253 462 698 327 25 220 17 19 22 18 198 39304 667 27466 25 220 19 20 24 18 198 35 1701 452 4254 2770 25 220 19 17 15 18 198 4904 4897 235489 25 220 22 18 23 17 198 56 4897 93922 25 220 16 18 19 20 198 2665 269 23773 12949 25 220 18 23 20 24 271 3710 369 279 2528 1970 364 29695 710 358 1091 6433 30 271 32 13 220 17 16 18 17 198 33 13 220 18 23 20 24 198 34 13 220 22 18 23 17 198 35 13 220 19 17 15 18 248046 198 248045 74455 198 248068 271 248069 271	32,33,34,35
bind189/B	choice	248045 846 198 760 2614 369 264 5081 5576 3296 883 449 2528 1970 18834 13 21134 440 1132 279 6321 318 32 11 417 11 351 11 466 414 8 314 279 4252 2904 13 271 5865 1970 18834 198 27175 667 14315 48040 25 220 23 16 21 20 198 39 3253 39185 25 220 23 16 21 22 198 56 4897 496 4405 1891 25 220 20 19 20 16 198 45 1524 335 2075 61850 25 220 17 15 24 21 198 46 23738 55240 25 220 23 24 23 23 198 51 21576 59405 85 25 220 21 20 24 18 198 1106 268 63294 25 220 19 19 19 20 198 83554 67186 25 220 22 24 22 22 271 3710 369 279 2528 1970 364 29695 55240 30 271 32 13 220 19 19 19 20 198 33 13 220 23 24 23 23 198 34 13 220 23 16 21 22 198 35 13 220 21 20 24 18 248046 198 248045 74455 198 248068 271 248069 271	32,33,34,35
bind190/C	choice	248045 846 198 760 2614 369 264 5081 5576 3296 883 449 2528 1970 18834 13 21134 440 1132 279 6321 318 32 11 417 11 351 11 466 414 8 314 279 4252 2904 13 271 5865 1970 18834 198 2665 269 27466 25 220 20 16 16 24 198 50 1020 667 207520 25 220 20 19 21 21 198 27175 667 26342 67220 375 25 220 17 22 22 18 198 42 88850 46035 25 220 16 17 21 21 198 31795 1413 63419 25 220 17 17 22 20 198 39 3253 49472 25 220 17 19 15 17 198 57 4493 53656 25 220 19 17 19 15 198 39304 667 710 358 1091 6433 25 220 23 20 23 24 271 3710 369 279 2528 1970 364 13065 1413 63419 30 271 32 13 220 17 22 22 18 198 33 13 220 16 17 21 21 198 34 13 220 17 17 22 20 198 35 13 220 23 20 23 24 248046 198 248045 74455 198 248068 271 248069 271	32,33,34,35
bind191/D	choice	248045 846 198 760 2614 369 264 5081 5576 3296 883 449 2528 1970 18834 13 21134 440 1132 279 6321 318 32 11 417 11 351 11 466 414 8 314 279 4252 2904 13 271 5865 1970 18834 198 83554 14315 48040 25 220 18 16 17 23 198 5901 4897 207520 25 220 19 21 22 15 198 5901 4897 26342 67220 375 25 220 21 15 16 16 198 83554 40733 25 220 18 18 19 22 198 27175 667 73467 25 220 19 15 21 19 198 51 2692 80 34827 25 220 17 17 15 16 198 57 4897 26342 67220 375 25 220 21 23 15 15 198 56 4897 59831 25 220 24 16 17 24 271 3710 369 279 2528 1970 364 3194 4897 207520 30 271 32 13 220 18 18 19 22 198 33 13 220 24 16 17 24 198 34 13 220 19 15 21 19 198 35 13 220 19 21 22 15 248046 198 248045 74455 198 248068 271 248069 271	32,33,34,35
bind192/A	choice	248045 846 198 760 2614 369 264 5081 5576 3296 883 449 2528 1970 18834 13 21134 440 1132 279 6321 318 32 11 417 11 351 11 466 414 8 314 279 4252 2904 13 271 5865 1970 18834 198 34930 269 78961 25 220 23 15 23 15 198 90979 78 74092 25 220 22 23 22 17 198 10786 64 496 4405 1891 25 220 24 16 22 18 198 83554 40733 25 220 16 18 23 18 198 37 65435 462 698 327 25 220 24 16 22 16 198 45 51054 23773 12949 25 220 22 15 20 24 198 51 24685 207520 25 220 17 15 21 22 198 90979 78 63294 25 220 16 18 21 18 271 3710 369 279 2528 1970 364 49390 74092 30 271 32 13 220 22 23 22 17 198 33 13 220 24 16 22 16 198 34 13 220 24 16 22 18 198 35 13 220 16 18 21 18 248046 198 248045 74455 198 248068 271 248069 271	32,33,34,35
bind193/B	choice	248045 846 198 760 2614 369 264 5081 5576 3296 883 449 2528 1970 18834 13 21134 440 1132 279 6321 318 32 11 417 11 351 11 466 414 8 314 279 4252 2904 13 271 5865 1970 18834 198 49 2492 5709 72925 25 220 17 22 18 22 198 49 2492 5709 73467 25 220 20 17 23 21 198 57 4897 40050 12297 25 220 23 16 24 23 198 45 1524 335 2075 64683 14183 25 220 17 15 16 16 198 59605 63419 25 220 20 15 15 21 198 54 268 1799 33852 1482 25 220 23 17 21 18 198 57 4493 72925 25 220 24 21 15 15 198 10786 64 49346 25 220 21 18 24 15 271 3710 369 279 2528 1970 364 28445 63419 30 271 32 13 220 17 15 16 16 198 33 13 220 20 15 15 21 198 34 13 220 23 17 21 18 198 35 13 220 23 16 24 23 248046 198 248045 74455 198 248068 271 248069 271	32,33,34,35
bind194/C	choice	248045 846 198 760 2614 369 264 5081 5576 3296 883 449 2528 1970 18834 13 21134 440 1132 279 6321 318 32 11 417 11 351 11 466 414 8 314 279 4252 2904 13 271 5865 1970 18834 198 24601 10211 4254 2770 25 220 16 17 15 19 198 45 51054 63294 25 220 16 21 17 23 198 34930 269 61850 25 220 16 18 23 16 198 83554 629 17386 25 220 21 24 19 21 198 27175 667 61086 25 220 22 15 22 15 198 54 268 629 17386 25 220 18 15 18 15 198 4904 4897 34827 25 220 19 18 22 21 198 43 1506 61028 25 220 21 17 15 18 271 3710 369 279 2528 1970 364 48854 34827 30 271 32 13 220 16 17 15 19 198 33 13 220 16 18 23 16 198 34 13 220 19 18 22 21 198 35 13 220 21 24 19 21 248046 198 248045 74455 198 248068 271 248069 271	32,33,34,35
bind195/D	choice	248045 846 198 760 2614 369 264 5081 5576 3296 883 449 2528 1970 18834 13 21134 440 1132 279 6321 318 32 11 417 11 351 11 466 414 8 314 279 4252 2904 13 271 5865 1970 18834 198 40 15190 40733 25 220 17 15 19 15 198 54 268 61850 25 220 17 23 18 19 198 5901 4897 46035 25 220 21 17 16 15 198 2196 50557 5367 25 220 19 16 21 15 198 39 32389 61850 25 220 16 24 17 19 198 34930 269 55240 25 220 21 17 17 19 198 46 23738 4254 2770 25 220 19 15 15 24 198 59605 78961 25 220 18 16 15 22 271 3710 369 279 2528 1970 364 49374 61850 30 271 32 13 220 21 17 17 19 198 33 13 220 18 16 15 22 198 34 13 220 19 15 15 24 198 35 13 220 16 24 17 19 248046 198 248045 74455 198 248068 271 248069 271	32,33,34,35
bind196/A	choice	248045 846 198 760 2614 369 264 5081 5576 3296 883 449 2528 1970 18834 13 21134 440 1132 279 6321 318 32 11 417 11 351 11 466 414 8 314 279 4252 2904 13 271 5865 1970 18834 198 89306 28975 25 220 22 20 22 20 198 23202 396 36461 25 220 17 18 16 21 198 57 4897 27466 25 220 21 24 21 21 198 39304 667 235489 25 220 23 16 16 24 198 1106 268 40050 12297 25 220 22 19 17 17 198 49 11642 26342 67220 375 25 220 18 21 22 17 198 36 46419 227938 25 220 24 16 21 24 198 65343 496 4405 1891 25 220 22 23 18 21 271 3710 369 279 2528 1970 364 7967 396 36461 30 271 32 13 220 17 18 16 21 198 33 13 220 22 23 18 21 198 34 13 220 22 19 17 17 198 35 13 220 21 24 21 21 248046 198 248045 74455 198 248068 271 248069 271	32,33,34,35
bind197/B	choice	248045 846 198 760 2614 369 264 5081 5576 3296 883 449 2528 1970 18834 13 21134 440 1132 279 6321 318 32 11 417 11 351 11 466 414 8 314 279 4252 2904 13 271 5865 1970 18834 198 90979 78 73467 25 220 23 21 24 17 198 65343 59831 25 220 18 15 24 16 198 10786 64 55240 25 220 17 24 21 22 198 51 24685 53656 25 220 23 15 18 16 198 65343 56763 25 220 16 18 20 24 198 42 2075 59405 85 25 220 24 21 15 16 198 2229 10211 78961 25 220 21 16 15 17 198 45 51054 59405 85 25 220 23 21 19 17 271 3710 369 279 2528 1970 364 48654 55240 30 271 32 13 220 23 21 19 17 198 33 13 220 17 24 21 22 198 34 13 220 24 21 15 16 198 35 13 220 21 16 15 17 248046 198 248045 74455 198 248068 271 248069 271	32,33,34,35
bind198/C	choice	248045 846 198 760 2614 369 264 5081 5576 3296 883 449 2528 1970 18834 13 21134 440 1132 279 6321 318 32 11 417 11 351 11 466 414 8 314 279 4252 2904 13 271 5865 1970 18834 198 31795 1413 92372 25 220 21 20 22 22 198 40 15190 39185 25 220 18 20 20 18 198 2196 50557 34827 25 220 23 17 20 21 198 42 88850 40733 25 220 23 22 19 22 198 49 11642 49472 25 220 20 15 17 15 198 623 287 207520 25 220 22 15 21 20 198 1106 268 49346 25 220 22 22 22 24 198 3320 2472 462 698 327 25 220 16 18 16 24 271 3710 369 279 2528 1970 364 40050 39185 30 271 32 13 220 20 15 17 15 198 33 13 220 22 22 22 24 198 34 13 220 18 20 20 18 198 35 13 220 16 18 16 24 248046 198 248045 74455 198 248068 271 248069 271	32,33,34,35
bind199/D	choice	248045 846 198 760 2614 369 264 5081 5576 3296 883 449 2528 1970 18834 13 21134 440 1132 279 6321 318 32 11 417 11 351 11 466 414 8 314 279 4252 2904 13 271 5865 1970 18834 198 31795 1413 67186 25 220 17 22 15 17 198 35 1701 452 496 4405 1891 25 220 24 24 19 17 198 89680 7509 56763 25 220 19 20 18 20 198 4904 4897 72925 25 220 17 21 17 15 198 89680 7509 74092 25 220 23 23 18 19 198 90979 78 4470 570 25 220 19 24 16 22 198 57 4897 78961 25 220 19 16 23 15 198 45 51054 458 452 82319 25 220 19 17 16 23 271 3710 369 279 2528 1970 364 13065 1413 67186 30 271 32 13 220 19 17 16 23 198 33 13 220 17 21 17 15 198 34 13 220 24 24 19 17 198 35 13 220 17 22 15 17 248046 198 248045 74455 198 248068 271 248069 271	32,33,34,35
bind200/A	choice	248045 846 198 760 2614 369 264 5081 5576 3296 883 449 2528 1970 18834 13 21134 440 1132 279 6321 318 32 11 417 11 351 11 466 414 8 314 279 4252 2904 13 271 5865 1970 18834 198 2196 50557 14315 48040 25 220 23 18 20 18 198 51 2692 80 458 452 82319 25 220 17 19 20 22 198 56 4897 710 358 1091 6433 25 220 17 18 22 24 198 56 4897 74092 25 220 18 20 17 23 198 43 1506 52582 25 220 24 20 18 21 198 2665 269 73467 25 220 19 16 17 15 198 89680 7509 16592 28100 25 220 22 20 23 23 198 45 1524 335 2075 4470 570 25 220 24 23 20 16 271 3710 369 279 2528 1970 364 56222 52582 30 271 32 13 220 24 20 18 21 198 33 13 220 22 20 23 23 198 34 13 220 18 20 17 23 198 35 13 220 24 23 20 16 248046 198 248045 74455 198 248068 271 248069 271	32,33,34,35
bind201/B	choice	248045 846 198 760 2614 369 264 5081 5576 3296 883 449 2528 1970 18834 13 21134 440 1132 279 6321 318 32 11 417 11 351 11 466 414 8 314 279 4252 2904 13 271 5865 1970 18834 198 39 3253 53656 25 220 17 16 17 19 198 5901 4897 39185 25 220 17 20 21 19 198 46 23738 59405 85 25 220 20 16 17 18 198 42 2075 56763 25 220 22 19 19 19 198 83554 28975 25 220 20 20 18 18 198 2196 50557 496 4405 1891 25 220 22 17 24 19 198 1106 268 52582 25 220 21 17 23 19 198 57 4493 53656 25 220 22 15 18 23 271 3710 369 279 2528 1970 364 23720 52582 30 271 32 13 220 20 16 17 18 198 33 13 220 21 17 23 19 198 34 13 220 20 20 18 18 198 35 13 220 17 20 21 19 248046 198 248045 74455 198 248068 271 248069 271	32,33,34,35
bind202/C	choice	248045 846 198 760 2614 369 264 5081 5576 3296 883 449 2528 1970 18834 13 21134 440 1132 279 6321 318 32 11 417 11 351 11 466 414 8 314 279 4252 2904 13 271 5865 1970 18834 198 27175 667 23773 12949 25 220 19 24 23 20 198 49 11642 53656 25 220 18 19 15 24 198 57 4493 462 698 327 25 220 17 18 20 21 198 92055 61850 25 220 16 20 19 22 198 56 4897 64683 14183 25 220 20 17 22 20 198 57 4897 40733 25 220 22 18 18 17 198 5901 4897 227938 25 220 16 16 21 24 198 10786 64 462 698 327 25 220 22 18 19 21 271 3710 369 279 2528 1970 364 783 4897 64683 14183 30 271 32 13 220 16 16 21 24 198 33 13 220 18 19 15 24 198 34 13 220 20 17 22 20 198 35 13 220 16 20 19 22 248046 198 248045 74455 198 248068 271 248069 271	32,33,34,35
bind203/D	choice	248045 846 198 760 2614 369 264 5081 5576 3296 883 449 2528 1970 18834 13 21134 440 1132 279 6321 318 32 11 417 11 351 11 466 414 8 314 279 4252 2904 13 271 5865 1970 18834 198 24601 10211 496 4405 1891 25 220 17 17 17 18 198 56 4897 710 3974 25 220 21 20 23 15 198 42 88850 28975 25 220 20 16 18 20 198 39 32389 78961 25 220 18 20 17 21 198 56 350 1644 26342 67220 375 25 220 17 16 24 21 198 6737 55747 67186 25 220 17 15 19 23 198 39 3253 49472 25 220 17 15 22 24 198 27175 667 458 452 82319 25 220 19 15 16 20 271 3710 369 279 2528 1970 364 220348 26342 67220 375 30 271 32 13 220 21 20 23 15 198 33 13 220 18 20 17 21 198 34 13 220 17 15 22 24 198 35 13 220 17 16 24 21 248046 198 248045 74455 198 248068 271 248069 271	32,33,34,35
bind204/A	choice	248045 846 198 760 2614 369 264 5081 5576 3296 883 449 2528 1970 18834 13 21134 440 1132 279 6321 318 32 11 417 11 351 11 466 414 8 314 279 4252 2904 13 271 5865 1970 18834 198 43 1506 92372 25 220 23 18 16 16 198 31795 1413 55240 25 220 20 22 18 20 198 59605 23773 12949 25 220 19 15 24 20 198 42 2075 32442 54958 25 220 21 21 24 16 198 57 4493 23773 12949 25 220 22 22 22 21 198 40 15190 227938 25 220 19 24 23 20 198 4904 4897 32442 54958 25 220 16 21 18 18 198 10786 64 63419 25 220 17 17 20 16 271 3710 369 279 2528 1970 364 13065 1413 55240 30 271 32 13 220 20 22 18 20 198 33 13 220 21 21 24 16 198 34 13 220 17 17 20 16 198 35 13 220 16 21 18 18 248046 198 248045 74455 198 248068 271 248069 271	32,33,34,35
bind205/B	choice	248045 846 198 760 2614 369 264 5081 5576 3296 883 449 2528 1970 18834 13 21134 440 1132 279 6321 318 32 11 417 11 351 11 466 414 8 314 279 4252 2904 13 271 5865 1970 18834 198 233511 496 4405 1891 25 220 17 24 23 22 198 45 51054 5367 25 220 21 19 23 24 198 92055 49346 25 220 24 21 16 23 198 2665 269 14315 48040 25 220 22 22 16 19 198 92055 55240 25 220 18 16 23 17 198 24601 10211 53656 25 220 19 17 17 24 198 56 4897 59405 85 25 220 18 18 20 15 198 2229 10211 52582 25 220 16 23 23 17 271 3710 369 279 2528 1970 364 49428 49346 30 271 32 13 220 19 17 17 24 198 33 13 220 24 21 16 23 198 34 13 220 18 16 23 17 198 35 13 220 21 19 23 24 248046 198 248045 74455 198 248068 271 248069 271	32,33,34,35
bind206/C	choice	248045 846 198 760 2614 369 264 5081 5576 3296 883 449 2528 1970 18834 13 21134 440 1132 279 6321 318 32 11 417 11 351 11 466 414 8 314 279 4252 2904 13 271 5865 1970 18834 198 5901 4897 61086 25 220 22 16 20 19 198 42 88850 59831 25 220 21 18 17 16 198 83554 93922 25 220 22 24 16 15 198 2196 50557 23773 12949 25 220 16 16 19 19 198 10786 64 28975 25 220 20 17 15 20 198 43 1506 39185 25 220 17 19 16 24 198 4904 4897 39185 25 220 22 21 15 16 198 42 2075 63294 25 220 18 16 15 21 271 3710 369 279 2528 1970 364 3194 4897 61086 30 271 32 13 220 22 21 15 16 198 33 13 220 20 17 15 20 198 34 13 220 22 16 20 19 198 35 13 220 21 18 17 16 248046 198 248045 74455 198 248068 271 248069 271	32,33,34,35
bind207/D	choice	248045 846 198 760 2614 369 264 5081 5576 3296 883 449 2528 1970 18834 13 21134 440 1132 279 6321 318 32 11 417 11 351 11 466 414 8 314 279 4252 2904 13 271 5865 1970 18834 198 39304 667 235489 25 220 20 20 22 20 198 31795 1413 64683 14183 25 220 23 24 15 19 198 2196 50557 4470 570 25 220 20 20 22 19 198 42 88850 36461 25 220 18 18 17 24 198 39304 667 5367 25 220 23 19 23 15 198 57 4897 59405 85 25 220 16 22 16 22 198 89306 64683 14183 25 220 17 17 23 16 198 59605 462 698 327 25 220 18 24 15 16 271 3710 369 279 2528 1970 364 710 88850 36461 30 271 32 13 220 23 19 23 15 198 33 13 220 20 20 22 20 198 34 13 220 17 17 23 16 198 35 13 220 18 18 17 24 248046 198 248045 74455 198 248068 271 248069 271	32,33,34,35
bind208/A	choice	248045 846 198 760 2614 369 264 5081 5576 3296 883 449 2528 1970 18834 13 21134 440 1132 279 6321 318 32 11 417 11 351 11 466 414 8 314 279 4252 2904 13 271 5865 1970 18834 198 2665 269 92372 25 220 23 16 15 16 198 42 88850 92372 25 220 17 24 18 18 198 42 2075 710 358 1091 6433 25 220 16 15 21 18 198 3320 2472 4470 570 25 220 23 19 23 18 198 51 24685 73467 25 220 17 15 16 23 198 51 21576 227938 25 220 16 17 16 23 198 54 268 46035 25 220 23 18 23 18 198 39 3253 496 4405 1891 25 220 22 24 21 17 271 3710 369 279 2528 1970 364 48907 710 358 1091 6433 30 271 32 13 220 16 15 21 18 198 33 13 220 17 15 16 23 198 34 13 220 16 17 16 23 198 35 13 220 22 24 21 17 248046 198 248045 74455 198 248068 271 248069 271	32,33,34,35
bind209/B	choice	248045 846 198 760 2614 369 264 5081 5576 3296 883 449 2528 1970 18834 13 21134 440 1132 279 6321 318 32 11 417 11 351 11 466 414 8 314 279 4252 2904 13 271 5865 1970 18834 198 36 46419 14315 48040 25 220 22 23 16 19 198 2229 10211 59831 25 220 24 16 16 22 198 51 2692 80 40733 25 220 21 22 22 24 198 23202 396 207520 25 220 24 20 24 18 198 27175 667 27466 25 220 21 22 20 21 198 92055 59405 85 25 220 23 23 17 23 198 46 23738 82596 25 220 21 15 17 16 198 51 21576 4470 570 25 220 23 18 18 16 271 3710 369 279 2528 1970 364 66255 14315 48040 30 271 32 13 220 21 15 17 16 198 33 13 220 22 23 16 19 198 34 13 220 23 18 18 16 198 35 13 220 24 20 24 18 248046 198 248045 74455 198 248068 271 248069 271	32,33,34,35
bind210/C	choice	248045 846 198 760 2614 369 264 5081 5576 3296 883 449 2528 1970 18834 13 21134 440 1132 279 6321 318 32 11 417 11 351 11 466 414 8 314 279 4252 2904 13 271 5865 1970 18834 198 2196 319 496 4405 1891 25 220 21 18 22 24 198 56 350 1644 72925 25 220 22 23 21 15 198 36 46419 63294 25 220 22 23 24 18 198 35 1701 452 4254 2770 25 220 21 23 24 15 198 34930 269 5367 25 220 19 22 16 19 198 89306 32442 54958 25 220 22 15 21 22 198 50 1020 667 55240 25 220 20 23 18 20 198 46 23738 27466 25 220 18 19 17 22 271 3710 369 279 2528 1970 364 220348 72925 30 271 32 13 220 22 15 21 22 198 33 13 220 20 23 18 20 198 34 13 220 22 23 21 15 198 35 13 220 18 19 17 22 248046 198 248045 74455 198 248068 271 248069 271	32,33,34,35
bind211/D	choice	248045 846 198 760 2614 369 264 5081 5576 3296 883 449 2528 1970 18834 13 21134 440 1132 279 6321 318 32 11 417 11 351 11 466 414 8 314 279 4252 2904 13 271 5865 1970 18834 198 46 23738 14315 48040 25 220 21 17 19 23 198 39 3253 55240 25 220 16 18 18 21 198 10786 64 27466 25 220 18 22 23 22 198 24601 10211 67186 25 220 23 17 16 16 198 83554 59831 25 220 19 19 20 16 198 2665 269 4470 570 25 220 17 24 17 15 198 5901 4897 28975 25 220 18 18 23 17 198 23202 396 458 452 82319 25 220 20 21 22 22 271 3710 369 279 2528 1970 364 29695 14315 48040 30 271 32 13 220 19 19 20 16 198 33 13 220 16 18 18 21 198 34 13 220 18 22 23 22 198 35 13 220 21 17 19 23 248046 198 248045 74455 198 248068 271 248069 271	32,33,34,35
bind212/A	choice	248045 846 198 760 2614 369 264 5081 5576 3296 883 449 2528 1970 18834 13 21134 440 1132 279 6321 318 32 11 417 11 351 11 466 414 8 314 279 4252 2904 13 271 5865 1970 18834 198 1106 268 1799 33852 1482 25 220 18 20 20 18 198 56 350 1644 92372 25 220 24 22 23 21 198 57 4493 92372 25 220 23 18 21 19 198 54 268 56763 25 220 23 18 21 21 198 35921 299 39185 25 220 16 18 22 21 198 42 88850 53656 25 220 20 23 18 18 198 82433 710 358 1091 6433 25 220 24 16 19 24 198 39 32389 64683 14183 25 220 22 16 24 18 271 3710 369 279 2528 1970 364 33051 710 358 1091 6433 30 271 32 13 220 24 16 19 24 198 33 13 220 23 18 21 21 198 34 13 220 23 18 21 19 198 35 13 220 20 23 18 18 248046 198 248045 74455 198 248068 271 248069 271	32,33,34,35
bind213/B	choice	248045 846 198 760 2614 369 264 5081 5576 3296 883 449 2528 1970 18834 13 21134 440 1132 279 6321 318 32 11 417 11 351 11 466 414 8 314 279 4252 2904 13 271 5865 1970 18834 198 50 1020 667 61086 25 220 24 20 24 23 198 54 268 28975 25 220 19 22 24 23 198 42 88850 59831 25 220 19 21 24 20 198 49 11642 63419 25 220 18 15 22 19 198 45 1524 335 2075 16592 28100 25 220 19 20 18 17 198 49 2492 5709 26342 67220 375 25 220 21 21 17 18 198 49 11642 227938 25 220 17 18 21 22 198 40 15190 4254 2770 25 220 18 17 18 18 271 3710 369 279 2528 1970 364 92253 2075 16592 28100 30 271 32 13 220 18 17 18 18 198 33 13 220 19 20 18 17 198 34 13 220 19 22 24 23 198 35 13 220 21 21 17 18 248046 198 248045 74455 198 248068 271 248069 271	32,33,34,35
bind214/C	choice	248045 846 198 760 2614 369 264 5081 5576 3296 883 449 2528 1970 18834 13 21134 440 1132 279 6321 318 32 11 417 11 351 11 466 414 8 314 279 4252 2904 13 271 5865 1970 18834 198 43 1506 34827 25 220 18 22 15 24 198 5901 4897 496 4405 1891 25 220 24 15 20 16 198 2229 10211 64683 14183 25 220 17 20 21 24 198 6737 55747 59405 85 25 220 23 15 17 16 198 51 2692 80 59831 25 220 24 21 16 20 198 40 15190 59831 25 220 19 15 21 16 198 51 24685 59405 85 25 220 22 16 15 19 198 39 3253 39685 25 220 22 20 18 20 271 3710 369 279 2528 1970 364 1587 55747 59405 85 30 271 32 13 220 18 22 15 24 198 33 13 220 22 20 18 20 198 34 13 220 23 15 17 16 198 35 13 220 24 15 20 16 248046 198 248045 74455 198 248068 271 248069 271	32,33,34,35
bind215/D	choice	248045 846 198 760 2614 369 264 5081 5576 3296 883 449 2528 1970 18834 13 21134 440 1132 279 6321 318 32 11 417 11 351 11 466 414 8 314 279 4252 2904 13 271 5865 1970 18834 198 2196 50557 52582 25 220 16 16 15 16 198 49 2492 5709 14315 48040 25 220 19 15 16 16 198 56 350 1644 16592 28100 25 220 23 19 17 17 198 34930 269 55240 25 220 17 18 17 18 198 5901 4897 28975 25 220 24 24 23 21 198 23202 396 49472 25 220 22 16 24 19 198 35921 299 462 698 327 25 220 19 16 24 15 198 54 268 4470 570 25 220 23 24 20 19 271 3710 369 279 2528 1970 364 5570 50557 52582 30 271 32 13 220 22 16 24 19 198 33 13 220 17 18 17 18 198 34 13 220 24 24 23 21 198 35 13 220 16 16 15 16 248046 198 248045 74455 198 248068 271 248069 271	32,33,34,35
bind216/A	choice	248045 846 198 760 2614 369 264 5081 5576 3296 883 449 2528 1970 18834 13 21134 440 1132 279 6321 318 32 11 417 11 351 11 466 414 8 314 279 4252 2904 13 271 5865 1970 18834 198 56 350 1644 56763 25 220 21 20 17 22 198 45 51054 92372 25 220 23 16 21 20 198 39 3253 93922 25 220 19 24 23 24 198 46 23738 39685 25 220 20 17 22 19 198 31795 1413 55240 25 220 20 24 23 16 198 27175 667 496 4405 1891 25 220 18 22 21 21 198 56 350 1644 36461 25 220 20 18 17 17 198 4904 4897 27466 25 220 18 22 16 19 271 3710 369 279 2528 1970 364 33514 667 92372 30 271 32 13 220 23 16 21 20 198 33 13 220 18 22 21 21 198 34 13 220 20 24 23 16 198 35 13 220 19 24 23 24 248046 198 248045 74455 198 248068 271 248069 271	32,33,34,35
bind217/B	choice	248045 846 198 760 2614 369 264 5081 5576 3296 883 449 2528 1970 18834 13 21134 440 1132 279 6321 318 32 11 417 11 351 11 466 414 8 314 279 4252 2904 13 271 5865 1970 18834 198 39 3253 710 358 1091 6433 25 220 18 24 22 15 198 57 4493 46035 25 220 23 19 15 20 198 57 4897 59405 85 25 220 24 15 22 22 198 59605 14315 48040 25 220 17 19 20 15 198 27175 667 59405 85 25 220 23 23 19 17 198 39 32389 496 4405 1891 25 220 24 23 18 22 198 49 2492 5709 207520 25 220 22 22 22 21 198 5901 4897 78961 25 220 24 20 19 23 271 3710 369 279 2528 1970 364 49374 496 4405 1891 30 271 32 13 220 17 19 20 15 198 33 13 220 24 23 18 22 198 34 13 220 22 22 22 21 198 35 13 220 24 15 22 22 248046 198 248045 74455 198 248068 271 248069 271	32,33,34,35
bind218/C	choice	248045 846 198 760 2614 369 264 5081 5576 3296 883 449 2528 1970 18834 13 21134 440 1132 279 6321 318 32 11 417 11 351 11 466 414 8 314 279 4252 2904 13 271 5865 1970 18834 198 10786 64 26342 67220 375 25 220 24 19 17 19 198 4904 4897 59831 25 220 23 20 22 22 198 59605 74092 25 220 16 23 15 15 198 24601 10211 16592 28100 25 220 23 15 18 24 198 46 23738 710 3974 25 220 22 22 16 19 198 27175 667 56763 25 220 24 16 16 20 198 92055 710 3974 25 220 16 19 22 17 198 35921 299 4470 570 25 220 18 19 17 24 271 3710 369 279 2528 1970 364 37994 56763 30 271 32 13 220 18 19 17 24 198 33 13 220 16 19 22 17 198 34 13 220 24 16 16 20 198 35 13 220 22 22 16 19 248046 198 248045 74455 198 248068 271 248069 271	32,33,34,35
bind219/D	choice	248045 846 198 760 2614 369 264 5081 5576 3296 883 449 2528 1970 18834 13 21134 440 1132 279 6321 318 32 11 417 11 351 11 466 414 8 314 279 4252 2904 13 271 5865 1970 18834 198 2665 269 61850 25 220 23 15 19 23 198 45 1524 335 2075 53656 25 220 17 18 23 20 198 37 65435 39185 25 220 23 20 23 24 198 31795 1413 26342 67220 375 25 220 17 18 24 19 198 50 1020 667 55240 25 220 24 22 20 17 198 46 23738 5367 25 220 19 20 24 19 198 59605 14315 48040 25 220 22 17 18 20 198 40 15190 72925 25 220 17 24 19 24 271 3710 369 279 2528 1970 364 28445 14315 48040 30 271 32 13 220 24 22 20 17 198 33 13 220 23 15 19 23 198 34 13 220 17 18 24 19 198 35 13 220 22 17 18 20 248046 198 248045 74455 198 248068 271 248069 271	32,33,34,35
bind220/A	choice	248045 846 198 760 2614 369 264 5081 5576 3296 883 449 2528 1970 18834 13 21134 440 1132 279 6321 318 32 11 417 11 351 11 466 414 8 314 279 4252 2904 13 271 5865 1970 18834 198 39304 667 67186 25 220 16 23 23 15 198 4904 4897 235489 25 220 24 20 21 20 198 42 88850 629 17386 25 220 17 15 21 21 198 23202 396 59405 85 25 220 24 24 15 24 198 233511 36461 25 220 17 24 21 24 198 82433 72925 25 220 17 21 16 23 198 89680 7509 59405 85 25 220 22 24 24 18 198 49 2492 5709 63294 25 220 18 19 15 21 271 3710 369 279 2528 1970 364 710 88850 629 17386 30 271 32 13 220 17 15 21 21 198 33 13 220 22 24 24 18 198 34 13 220 18 19 15 21 198 35 13 220 24 24 15 24 248046 198 248045 74455 198 248068 271 248069 271	32,33,34,35
bind221/B	choice	248045 846 198 760 2614 369 264 5081 5576 3296 883 449 2528 1970 18834 13 21134 440 1132 279 6321 318 32 11 417 11 351 11 466 414 8 314 279 4252 2904 13 271 5865 1970 18834 198 56 4897 93922 25 220 17 19 24 20 198 54 268 63419 25 220 17 19 15 17 198 89680 7509 82596 25 220 24 23 23 22 198 49 11642 59831 25 220 19 19 17 17 198 51 2692 80 53656 25 220 19 22 15 20 198 40 15190 73467 25 220 20 23 15 17 198 51 2692 80 207520 25 220 24 22 20 21 198 42 2075 34827 25 220 22 23 20 21 271 3710 369 279 2528 1970 364 45265 59831 30 271 32 13 220 17 19 24 20 198 33 13 220 19 19 17 17 198 34 13 220 24 22 20 21 198 35 13 220 22 23 20 21 248046 198 248045 74455 198 248068 271 248069 271	32,33,34,35
bind222/C	choice	248045 846 198 760 2614 369 264 5081 5576 3296 883 449 2528 1970 18834 13 21134 440 1132 279 6321 318 32 11 417 11 351 11 466 414 8 314 279 4252 2904 13 271 5865 1970 18834 198 27175 667 61028 25 220 18 21 23 17 198 5901 4897 4470 570 25 220 19 23 16 18 198 42 88850 26342 67220 375 25 220 18 24 18 20 198 42 2075 93922 25 220 18 19 23 20 198 6737 55747 78961 25 220 17 22 15 19 198 42 2075 82596 25 220 19 15 23 18 198 90979 78 34827 25 220 20 19 18 19 198 57 4493 56763 25 220 19 19 24 21 271 3710 369 279 2528 1970 364 37994 61028 30 271 32 13 220 19 15 23 18 198 33 13 220 19 23 16 18 198 34 13 220 18 21 23 17 198 35 13 220 19 19 24 21 248046 198 248045 74455 198 248068 271 248069 271	32,33,34,35
bind223/D	choice	248045 846 198 760 2614 369 264 5081 5576 3296 883 449 2528 1970 18834 13 21134 440 1132 279 6321 318 32 11 417 11 351 11 466 414 8 314 279 4252 2904 13 271 5865 1970 18834 198 5901 4897 28975 25 220 23 23 20 23 198 5901 4897 16592 28100 25 220 20 23 21 24 198 2196 319 63294 25 220 22 22 19 21 198 82433 92372 25 220 22 17 21 22 198 56 350 1644 40733 25 220 24 22 15 21 198 39304 667 49472 25 220 22 16 23 20 198 65343 23773 12949 25 220 16 19 22 19 198 89306 63419 25 220 22 16 15 23 271 3710 369 279 2528 1970 364 84699 63294 30 271 32 13 220 22 16 23 20 198 33 13 220 22 17 21 22 198 34 13 220 16 19 22 19 198 35 13 220 22 22 19 21 248046 198 248045 74455 198 248068 271 248069 271	32,33,34,35
bind224/A	choice	248045 846 198 760 2614 369 264 5081 5576 3296 883 449 2528 1970 18834 13 21134 440 1132 279 6321 318 32 11 417 11 351 11 466 414 8 314 279 4252 2904 13 271 5865 1970 18834 198 51 21576 36461 25 220 16 20 24 22 198 2665 269 61028 25 220 19 21 20 18 198 2196 50557 39185 25 220 24 19 22 22 198 49 11642 61028 25 220 16 22 23 22 198 40 15190 82596 25 220 17 18 18 17 198 56 350 1644 710 358 1091 6433 25 220 23 19 23 17 198 39304 667 710 358 1091 6433 25 220 18 16 15 24 198 51 24685 39685 25 220 16 24 19 20 271 3710 369 279 2528 1970 364 45265 61028 30 271 32 13 220 16 22 23 22 198 33 13 220 23 19 23 17 198 34 13 220 16 24 19 20 198 35 13 220 19 21 20 18 248046 198 248045 74455 198 248068 271 248069 271	32,33,34,35
bind225/B	choice	248045 846 198 760 2614 369 264 5081 5576 3296 883 449 2528 1970 18834 13 21134 440 1132 279 6321 318 32 11 417 11 351 11 466 414 8 314 279 4252 2904 13 271 5865 1970 18834 198 65343 59831 25 220 16 18 24 20 198 82433 53656 25 220 22 23 21 15 198 27175 667 227938 25 220 16 16 17 18 198 45 1524 335 2075 4470 570 25 220 21 23 19 23 198 34930 269 39685 25 220 16 17 23 18 198 57 4897 73467 25 220 21 19 17 23 198 57 4897 67186 25 220 17 21 18 23 198 36 46419 207520 25 220 18 23 23 20 271 3710 369 279 2528 1970 364 24480 59831 30 271 32 13 220 16 17 23 18 198 33 13 220 16 18 24 20 198 34 13 220 21 19 17 23 198 35 13 220 16 16 17 18 248046 198 248045 74455 198 248068 271 248069 271	32,33,34,35
bind226/C	choice	248045 846 198 760 2614 369 264 5081 5576 3296 883 449 2528 1970 18834 13 21134 440 1132 279 6321 318 32 11 417 11 351 11 466 414 8 314 279 4252 2904 13 271 5865 1970 18834 198 27175 667 93922 25 220 18 18 17 16 198 83554 496 4405 1891 25 220 20 19 19 22 198 40 15190 496 4405 1891 25 220 24 15 19 18 198 83554 1799 33852 1482 25 220 20 16 19 22 198 4904 4897 4254 2770 25 220 24 20 17 24 198 623 287 78961 25 220 24 18 18 17 198 34930 269 46035 25 220 20 16 19 18 198 36 46419 61028 25 220 16 15 22 16 271 3710 369 279 2528 1970 364 30053 1799 33852 1482 30 271 32 13 220 16 15 22 16 198 33 13 220 20 19 19 22 198 34 13 220 20 16 19 22 198 35 13 220 24 18 18 17 248046 198 248045 74455 198 248068 271 248069 271	32,33,34,35
bind227/D	choice	248045 846 198 760 2614 369 264 5081 5576 3296 883 449 2528 1970 18834 13 21134 440 1132 279 6321 318 32 11 417 11 351 11 466 414 8 314 279 4252 2904 13 271 5865 1970 18834 198 35921 299 1799 33852 1482 25 220 18 17 24 18 198 57 4493 496 4405 1891 25 220 21 15 19 23 198 39304 667 629 17386 25 220 23 19 17 16 198 36 46419 73467 25 220 19 19 18 23 198 3320 2472 39685 25 220 21 17 17 22 198 233511 462 698 327 25 220 24 24 24 15 198 40 15190 59831 25 220 17 15 18 24 198 623 287 74092 25 220 19 23 20 23 271 3710 369 279 2528 1970 364 66255 73467 30 271 32 13 220 21 15 19 23 198 33 13 220 24 24 24 15 198 34 13 220 18 17 24 18 198 35 13 220 19 19 18 23 248046 198 248045 74455 198 248068 271 248069 271	32,33,34,35
bind228/A	choice	248045 846 198 760 2614 369 264 5081 5576 3296 883 449 2528 1970 18834 13 21134 440 1132 279 6321 318 32 11 417 11 351 11 466 414 8 314 279 4252 2904 13 271 5865 1970 18834 198 35 1701 452 56763 25 220 18 22 24 20 198 10786 64 41803 80831 25 220 20 18 16 18 198 35921 299 26342 67220 375 25 220 19 21 18 24 198 233511 710 3974 25 220 24 19 20 17 198 34930 269 207520 25 220 20 20 18 16 198 1106 268 59831 25 220 20 16 23 23 198 2196 50557 14315 48040 25 220 17 20 21 19 198 2196 50557 27466 25 220 18 19 19 23 271 3710 369 279 2528 1970 364 5570 50557 14315 48040 30 271 32 13 220 17 20 21 19 198 33 13 220 18 22 24 20 198 34 13 220 20 18 16 18 198 35 13 220 19 21 18 24 248046 198 248045 74455 198 248068 271 248069 271	32,33,34,35
bind229/B	choice	248045 846 198 760 2614 369 264 5081 5576 3296 883 449 2528 1970 18834 13 21134 440 1132 279 6321 318 32 11 417 11 351 11 466 414 8 314 279 4252 2904 13 271 5865 1970 18834 198 92055 73467 25 220 16 16 20 18 198 35 1701 452 5367 25 220 19 18 17 22 198 42 88850 710 3974 25 220 17 15 16 23 198 45 51054 63419 25 220 19 20 16 22 198 39 3253 93922 25 220 16 19 22 20 198 34930 269 26342 67220 375 25 220 22 22 22 23 198 5901 4897 27466 25 220 18 16 24 19 198 51 24685 5367 25 220 20 24 20 17 271 3710 369 279 2528 1970 364 33514 667 63419 30 271 32 13 220 19 18 17 22 198 33 13 220 19 20 16 22 198 34 13 220 18 16 24 19 198 35 13 220 22 22 22 23 248046 198 248045 74455 198 248068 271 248069 271	32,33,34,35
bind230/C	choice	248045 846 198 760 2614 369 264 5081 5576 3296 883 449 2528 1970 18834 13 21134 440 1132 279 6321 318 32 11 417 11 351 11 466 414 8 314 279 4252 2904 13 271 5865 1970 18834 198 57 4493 72925 25 220 22 24 17 18 198 51 21576 14315 48040 25 220 19 17 15 16 198 49 11642 78961 25 220 20 20 20 24 198 623 287 59405 85 25 220 23 22 18 19 198 233511 82596 25 220 18 19 15 16 198 4904 4897 4470 570 25 220 20 15 22 20 198 46 23738 73467 25 220 18 16 19 19 198 83554 61850 25 220 24 21 23 17 271 3710 369 279 2528 1970 364 733 287 59405 85 30 271 32 13 220 18 16 19 19 198 33 13 220 18 19 15 16 198 34 13 220 23 22 18 19 198 35 13 220 20 20 20 24 248046 198 248045 74455 198 248068 271 248069 271	32,33,34,35
bind231/D	choice	248045 846 198 760 2614 369 264 5081 5576 3296 883 449 2528 1970 18834 13 21134 440 1132 279 6321 318 32 11 417 11 351 11 466 414 8 314 279 4252 2904 13 271 5865 1970 18834 198 37 65435 496 4405 1891 25 220 17 18 21 23 198 56 350 1644 710 3974 25 220 20 17 20 15 198 56 4897 39185 25 220 20 24 15 18 198 50 1020 667 92372 25 220 21 16 17 22 198 233511 40050 12297 25 220 23 22 19 15 198 65343 63294 25 220 23 16 22 17 198 40 15190 55240 25 220 23 21 15 16 198 51 2692 80 40733 25 220 19 22 20 22 271 3710 369 279 2528 1970 364 783 4897 39185 30 271 32 13 220 23 16 22 17 198 33 13 220 23 22 19 15 198 34 13 220 19 22 20 22 198 35 13 220 20 24 15 18 248046 198 248045 74455 198 248068 271 248069 271	32,33,34,35
bind232/A	choice	248045 846 198 760 2614 369 264 5081 5576 3296 883 449 2528 1970 18834 13 21134 440 1132 279 6321 318 32 11 417 11 351 11 466 414 8 314 279 4252 2904 13 271 5865 1970 18834 198 43 1506 93922 25 220 18 15 24 16 198 49 11642 40733 25 220 17 18 19 17 198 56 350 1644 82596 25 220 17 19 16 24 198 56 350 1644 72925 25 220 23 21 23 19 198 49 11642 56763 25 220 17 15 16 18 198 233511 67186 25 220 21 21 17 18 198 42 2075 74092 25 220 17 15 24 21 198 233511 39185 25 220 16 19 23 15 271 3710 369 279 2528 1970 364 82807 39185 30 271 32 13 220 16 19 23 15 198 33 13 220 17 18 19 17 198 34 13 220 18 15 24 16 198 35 13 220 23 21 23 19 248046 198 248045 74455 198 248068 271 248069 271	32,33,34,35
bind233/B	choice	248045 846 198 760 2614 369 264 5081 5576 3296 883 449 2528 1970 18834 13 21134 440 1132 279 6321 318 32 11 417 11 351 11 466 414 8 314 279 4252 2904 13 271 5865 1970 18834 198 43 1506 61850 25 220 18 20 20 22 198 4904 4897 16592 28100 25 220 22 15 15 21 198 27175 667 462 698 327 25 220 20 22 21 22 198 92055 52582 25 220 17 21 16 22 198 56 4897 59831 25 220 16 18 21 21 198 57 4897 710 358 1091 6433 25 220 19 21 21 24 198 56 350 1644 59405 85 25 220 21 22 21 24 198 31795 1413 73467 25 220 16 20 23 24 271 3710 369 279 2528 1970 364 220348 59405 85 30 271 32 13 220 16 18 21 21 198 33 13 220 21 22 21 24 198 34 13 220 17 21 16 22 198 35 13 220 22 15 15 21 248046 198 248045 74455 198 248068 271 248069 271	32,33,34,35
bind234/C	choice	248045 846 198 760 2614 369 264 5081 5576 3296 883 449 2528 1970 18834 13 21134 440 1132 279 6321 318 32 11 417 11 351 11 466 414 8 314 279 4252 2904 13 271 5865 1970 18834 198 27175 667 49472 25 220 18 24 22 15 198 2229 10211 74092 25 220 18 16 20 20 198 2665 269 34827 25 220 17 23 15 24 198 49 2492 5709 73467 25 220 22 16 17 17 198 45 51054 46035 25 220 24 21 15 20 198 2196 319 82596 25 220 17 21 23 18 198 35921 299 63294 25 220 21 19 18 17 198 46 23738 14315 48040 25 220 22 16 21 21 271 3710 369 279 2528 1970 364 33514 667 46035 30 271 32 13 220 18 16 20 20 198 33 13 220 22 16 21 21 198 34 13 220 24 21 15 20 198 35 13 220 21 19 18 17 248046 198 248045 74455 198 248068 271 248069 271	32,33,34,35
bind235/D	choice	248045 846 198 760 2614 369 264 5081 5576 3296 883 449 2528 1970 18834 13 21134 440 1132 279 6321 318 32 11 417 11 351 11 466 414 8 314 279 4252 2904 13 271 5865 1970 18834 198 49 11642 14315 48040 25 220 19 24 23 16 198 37 65435 40733 25 220 22 22 21 19 198 43 1506 710 3974 25 220 18 24 20 22 198 623 287 59405 85 25 220 24 24 22 19 198 2196 50557 227938 25 220 17 20 17 22 198 45 51054 59405 85 25 220 20 22 17 23 198 54 268 32442 54958 25 220 17 18 15 18 198 57 4493 462 698 327 25 220 21 23 24 19 271 3710 369 279 2528 1970 364 72102 462 698 327 30 271 32 13 220 24 24 22 19 198 33 13 220 22 22 21 19 198 34 13 220 18 24 20 22 198 35 13 220 21 23 24 19 248046 198 248045 74455 198 248068 271 248069 271	32,33,34,35
bind236/A	choice	248045 846 198 760 2614 369 264 5081 5576 3296 883 449 2528 1970 18834 13 21134 440 1132 279 6321 318 32 11 417 11 351 11 466 414 8 314 279 4252 2904 13 271 5865 1970 18834 198 27175 667 34827 25 220 21 16 17 15 198 57 4493 710 3974 25 220 24 23 20 16 198 1106 268 46035 25 220 16 22 17 15 198 3320 2472 78961 25 220 21 22 23 16 198 5901 4897 710 358 1091 6433 25 220 19 19 24 21 198 56 4897 53656 25 220 24 22 22 19 198 89306 39685 25 220 17 21 18 22 198 50 1020 667 4470 570 25 220 20 21 19 24 271 3710 369 279 2528 1970 364 75873 4470 570 30 271 32 13 220 20 21 19 24 198 33 13 220 19 19 24 21 198 34 13 220 21 16 17 15 198 35 13 220 17 21 18 22 248046 198 248045 74455 198 248068 271 248069 271	32,33,34,35
bind237/B	choice	248045 846 198 760 2614 369 264 5081 5576 3296 883 449 2528 1970 18834 13 21134 440 1132 279 6321 318 32 11 417 11 351 11 466 414 8 314 279 4252 2904 13 271 5865 1970 18834 198 10786 64 710 358 1091 6433 25 220 20 23 15 17 198 43 1506 63294 25 220 20 15 17 16 198 4904 4897 629 17386 25 220 21 16 15 15 198 46 23738 61086 25 220 18 18 16 24 198 2229 10211 710 3974 25 220 18 21 18 17 198 51 2692 80 710 358 1091 6433 25 220 16 15 22 19 198 50 1020 667 39685 25 220 22 19 18 23 198 42 88850 92372 25 220 17 15 19 21 271 3710 369 279 2528 1970 364 1900 10211 710 3974 30 271 32 13 220 17 15 19 21 198 33 13 220 18 21 18 17 198 34 13 220 22 19 18 23 198 35 13 220 21 16 15 15 248046 198 248045 74455 198 248068 271 248069 271	32,33,34,35
bind238/C	choice	248045 846 198 760 2614 369 264 5081 5576 3296 883 449 2528 1970 18834 13 21134 440 1132 279 6321 318 32 11 417 11 351 11 466 414 8 314 279 4252 2904 13 271 5865 1970 18834 198 27175 667 27466 25 220 21 19 16 22 198 43 1506 63294 25 220 16 20 20 22 198 51 2692 80 74092 25 220 19 23 15 19 198 2196 319 629 17386 25 220 22 22 22 17 198 89306 227938 25 220 21 16 15 23 198 34930 269 55240 25 220 22 24 18 16 198 3320 2472 73467 25 220 24 21 15 20 198 1106 268 496 4405 1891 25 220 24 20 24 15 271 3710 369 279 2528 1970 364 84699 629 17386 30 271 32 13 220 22 24 18 16 198 33 13 220 19 23 15 19 198 34 13 220 22 22 22 17 198 35 13 220 24 21 15 20 248046 198 248045 74455 198 248068 271 248069 271	32,33,34,35
bind239/D	choice	248045 846 198 760 2614 369 264 5081 5576 3296 883 449 2528 1970 18834 13 21134 440 1132 279 6321 318 32 11 417 11 351 11 466 414 8 314 279 4252 2904 13 271 5865 1970 18834 198 83554 40733 25 220 21 24 19 19 198 6737 55747 462 698 327 25 220 22 15 19 24 198 50 1020 667 41803 80831 25 220 21 23 18 23 198 45 1524 335 2075 53656 25 220 16 21 18 21 198 23202 396 61086 25 220 22 17 21 19 198 37 65435 40050 12297 25 220 20 24 22 16 198 27175 667 93922 25 220 20 23 23 18 198 50 1020 667 63419 25 220 24 20 18 21 271 3710 369 279 2528 1970 364 37994 93922 30 271 32 13 220 22 17 21 19 198 33 13 220 22 15 19 24 198 34 13 220 24 20 18 21 198 35 13 220 20 23 23 18 248046 198 248045 74455 198 248068 271 248069 271	32,33,34,35
bind240/A	choice	248045 846 198 760 2614 369 264 5081 5576 3296 883 449 2528 1970 18834 13 21134 440 1132 279 6321 318 32 11 417 11 351 11 466 414 8 314 279 4252 2904 13 271 5865 1970 18834 198 31795 1413 67186 25 220 18 16 24 18 198 2665 269 67186 25 220 17 18 16 21 198 49 2492 5709 32442 54958 25 220 21 20 21 22 198 59605 28975 25 220 22 19 20 23 198 42 88850 64683 14183 25 220 17 17 23 24 198 51 2692 80 39185 25 220 21 21 15 21 198 2229 10211 55240 25 220 16 20 16 18 198 23202 396 59831 25 220 20 19 21 18 271 3710 369 279 2528 1970 364 710 88850 64683 14183 30 271 32 13 220 17 17 23 24 198 33 13 220 21 20 21 22 198 34 13 220 16 20 16 18 198 35 13 220 22 19 20 23 248046 198 248045 74455 198 248068 271 248069 271	32,33,34,35
bind241/B	choice	248045 846 198 760 2614 369 264 5081 5576 3296 883 449 2528 1970 18834 13 21134 440 1132 279 6321 318 32 11 417 11 351 11 466 414 8 314 279 4252 2904 13 271 5865 1970 18834 198 2196 50557 40050 12297 25 220 20 22 20 20 198 49 2492 5709 207520 25 220 20 24 20 19 198 56 4897 4254 2770 25 220 19 16 15 23 198 39 32389 36461 25 220 18 22 23 20 198 56 4897 74092 25 220 18 19 23 15 198 65343 93922 25 220 16 24 22 23 198 43 1506 59405 85 25 220 19 17 18 19 198 10786 64 40733 25 220 22 21 18 21 271 3710 369 279 2528 1970 364 24480 93922 30 271 32 13 220 19 17 18 19 198 33 13 220 16 24 22 23 198 34 13 220 18 22 23 20 198 35 13 220 22 21 18 21 248046 198 248045 74455 198 248068 271 248069 271	32,33,34,35
bind242/C	choice	248045 846 198 760 2614 369 264 5081 5576 3296 883 449 2528 1970 18834 13 21134 440 1132 279 6321 318 32 11 417 11 351 11 466 414 8 314 279 4252 2904 13 271 5865 1970 18834 198 233511 73467 25 220 22 20 24 15 198 4904 4897 82596 25 220 19 21 17 17 198 39304 667 93922 25 220 19 20 20 22 198 36 46419 46035 25 220 22 19 15 20 198 43 1506 49472 25 220 24 23 15 17 198 24601 10211 14315 48040 25 220 20 23 15 24 198 45 1524 335 2075 74092 25 220 22 21 18 19 198 90979 78 32442 54958 25 220 24 20 24 22 271 3710 369 279 2528 1970 364 66255 46035 30 271 32 13 220 22 20 24 15 198 33 13 220 20 23 15 24 198 34 13 220 22 19 15 20 198 35 13 220 24 20 24 22 248046 198 248045 74455 198 248068 271 248069 271	32,33,34,35
bind243/D	choice	248045 846 198 760 2614 369 264 5081 5576 3296 883 449 2528 1970 18834 13 21134 440 1132 279 6321 318 32 11 417 11 351 11 466 414 8 314 279 4252 2904 13 271 5865 1970 18834 198 36 46419 53656 25 220 17 18 23 23 198 51 21576 63419 25 220 22 21 21 23 198 1106 268 36461 25 220 21 21 15 20 198 89306 56763 25 220 19 23 20 20 198 92055 39185 25 220 20 19 16 22 198 59605 16592 28100 25 220 17 18 20 17 198 233511 26342 67220 375 25 220 23 24 18 16 198 49 11642 49346 25 220 18 16 22 21 271 3710 369 279 2528 1970 364 84907 63419 30 271 32 13 220 23 24 18 16 198 33 13 220 18 16 22 21 198 34 13 220 20 19 16 22 198 35 13 220 22 21 21 23 248046 198 248045 74455 198 248068 271 248069 271	32,33,34,35
bind244/A	choice	248045 846 198 760 2614 369 264 5081 5576 3296 883 449 2528 1970 18834 13 21134 440 1132 279 6321 318 32 11 417 11 351 11 466 414 8 314 279 4252 2904 13 271 5865 1970 18834 198 56 350 1644 78961 25 220 16 18 24 21 198 37 65435 1799 33852 1482 25 220 23 19 18 23 198 24601 10211 59831 25 220 17 20 18 24 198 46 23738 63419 25 220 21 15 21 21 198 45 1524 335 2075 39685 25 220 19 21 16 19 198 6737 55747 92372 25 220 17 23 24 15 198 39 32389 40050 12297 25 220 18 18 18 16 198 46 23738 496 4405 1891 25 220 19 15 21 16 271 3710 369 279 2528 1970 364 220348 78961 30 271 32 13 220 16 18 24 21 198 33 13 220 23 19 18 23 198 34 13 220 21 15 21 21 198 35 13 220 19 21 16 19 248046 198 248045 74455 198 248068 271 248069 271	32,33,34,35
bind245/B	choice	248045 846 198 760 2614 369 264 5081 5576 3296 883 449 2528 1970 18834 13 21134 440 1132 279 6321 318 32 11 417 11 351 11 466 414 8 314 279 4252 2904 13 271 5865 1970 18834 198 59605 61850 25 220 17 20 19 18 198 89306 40050 12297 25 220 23 22 22 17 198 42 88850 53656 25 220 16 23 24 21 198 4904 4897 41803 80831 25 220 17 17 23 23 198 5901 4897 28975 25 220 20 17 24 16 198 51 21576 67186 25 220 24 17 16 22 198 46 23738 36461 25 220 22 21 16 17 198 57 4493 49346 25 220 22 17 16 18 271 3710 369 279 2528 1970 364 3194 4897 28975 30 271 32 13 220 23 22 22 17 198 33 13 220 20 17 24 16 198 34 13 220 17 17 23 23 198 35 13 220 22 17 16 18 248046 198 248045 74455 198 248068 271 248069 271	32,33,34,35
bind246/C	choice	248045 846 198 760 2614 369 264 5081 5576 3296 883 449 2528 1970 18834 13 21134 440 1132 279 6321 318 32 11 417 11 351 11 466 414 8 314 279 4252 2904 13 271 5865 1970 18834 198 90979 78 39685 25 220 20 16 24 18 198 1106 268 64683 14183 25 220 22 24 15 17 198 31795 1413 67186 25 220 22 24 20 21 198 10786 64 78961 25 220 21 20 17 22 198 4904 4897 27466 25 220 23 22 22 22 198 623 287 63419 25 220 23 24 18 24 198 39 3253 67186 25 220 17 19 18 24 198 36 46419 61028 25 220 21 16 22 16 271 3710 369 279 2528 1970 364 49390 39685 30 271 32 13 220 21 16 22 16 198 33 13 220 22 24 15 17 198 34 13 220 20 16 24 18 198 35 13 220 23 22 22 22 248046 198 248045 74455 198 248068 271 248069 271	32,33,34,35
bind247/D	choice	248045 846 198 760 2614 369 264 5081 5576 3296 883 449 2528 1970 18834 13 21134 440 1132 279 6321 318 32 11 417 11 351 11 466 414 8 314 279 4252 2904 13 271 5865 1970 18834 198 42 2075 227938 25 220 24 23 15 19 198 51 2692 80 710 3974 25 220 21 21 20 20 198 5901 4897 4254 2770 25 220 20 18 17 23 198 54 268 39685 25 220 18 21 17 16 198 42 88850 462 698 327 25 220 22 18 24 24 198 51 2692 80 34827 25 220 19 16 20 22 198 82433 36461 25 220 16 17 17 15 198 10786 64 462 698 327 25 220 19 20 22 19 271 3710 369 279 2528 1970 364 59157 39685 30 271 32 13 220 21 21 20 20 198 33 13 220 20 18 17 23 198 34 13 220 22 18 24 24 198 35 13 220 18 21 17 16 248046 198 248045 74455 198 248068 271 248069 271	32,33,34,35
bind248/A	choice	248045 846 198 760 2614 369 264 5081 5576 3296 883 449 2528 1970 18834 13 21134 440 1132 279 6321 318 32 11 417 11 351 11 466 414 8 314 279 4252 2904 13 271 5865 1970 18834 198 1106 268 93922 25 220 16 16 19 20 198 89680 7509 458 452 82319 25 220 20 15 21 20 198 56 4897 40050 12297 25 220 24 17 23 19 198 1106 268 4470 570 25 220 24 15 20 21 198 39 3253 82596 25 220 16 18 19 22 198 51 2692 80 59831 25 220 23 19 17 21 198 42 2075 67186 25 220 18 21 22 24 198 92055 61086 25 220 16 18 24 21 271 3710 369 279 2528 1970 364 49428 61086 30 271 32 13 220 16 18 24 21 198 33 13 220 16 16 19 20 198 34 13 220 24 17 23 19 198 35 13 220 18 21 22 24 248046 198 248045 74455 198 248068 271 248069 271	32,33,34,35
bind249/B	choice	248045 846 198 760 2614 369 264 5081 5576 3296 883 449 2528 1970 18834 13 21134 440 1132 279 6321 318 32 11 417 11 351 11 466 414 8 314 279 4252 2904 13 271 5865 1970 18834 198 1106 268 1799 33852 1482 25 220 21 23 16 24 198 59605 26342 67220 375 25 220 20 23 16 20 198 56 350 1644 74092 25 220 22 24 16 19 198 233511 5367 25 220 20 23 19 19 198 3320 2472 1799 33852 1482 25 220 23 18 15 15 198 39 32389 23773 12949 25 220 21 21 22 15 198 56 350 1644 49472 25 220 17 23 18 23 198 1106 268 5367 25 220 17 15 20 24 271 3710 369 279 2528 1970 364 2732 2472 1799 33852 1482 30 271 32 13 220 21 21 22 15 198 33 13 220 23 18 15 15 198 34 13 220 20 23 16 20 198 35 13 220 22 24 16 19 248046 198 248045 74455 198 248068 271 248069 271	32,33,34,35
bind250/C	choice	248045 846 198 760 2614 369 264 5081 5576 3296 883 449 2528 1970 18834 13 21134 440 1132 279 6321 318 32 11 417 11 351 11 466 414 8 314 279 4252 2904 13 271 5865 1970 18834 198 1106 268 462 698 327 25 220 20 24 18 22 198 46 23738 74092 25 220 18 19 20 15 198 49 11642 73467 25 220 22 16 16 24 198 37 65435 63419 25 220 21 15 18 19 198 39304 667 61086 25 220 19 20 17 22 198 35 1701 452 39185 25 220 23 16 16 18 198 2196 50557 496 4405 1891 25 220 21 19 15 22 198 4904 4897 55240 25 220 21 15 21 22 271 3710 369 279 2528 1970 364 45265 73467 30 271 32 13 220 18 19 20 15 198 33 13 220 21 15 21 22 198 34 13 220 22 16 16 24 198 35 13 220 23 16 16 18 248046 198 248045 74455 198 248068 271 248069 271	32,33,34,35
bind251/D	choice	248045 846 198 760 2614 369 264 5081 5576 3296 883 449 2528 1970 18834 13 21134 440 1132 279 6321 318 32 11 417 11 351 11 466 414 8 314 279 4252 2904 13 271 5865 1970 18834 198 49 11642 93922 25 220 20 18 23 15 198 57 4897 27466 25 220 19 24 24 24 198 89306 78961 25 220 18 24 20 19 198 31795 1413 74092 25 220 16 16 18 18 198 83554 462 698 327 25 220 23 24 22 19 198 90979 78 52582 25 220 22 23 17 16 198 59605 14315 48040 25 220 17 24 16 15 198 39 3253 78961 25 220 16 19 18 20 271 3710 369 279 2528 1970 364 49390 52582 30 271 32 13 220 19 24 24 24 198 33 13 220 18 24 20 19 198 34 13 220 20 18 23 15 198 35 13 220 22 23 17 16 248046 198 248045 74455 198 248068 271 248069 271	32,33,34,35
bind252/A	choice	248045 846 198 760 2614 369 264 5081 5576 3296 883 449 2528 1970 18834 13 21134 440 1132 279 6321 318 32 11 417 11 351 11 466 414 8 314 279 4252 2904 13 271 5865 1970 18834 198 3320 2472 67186 25 220 17 24 16 21 198 51 2692 80 34827 25 220 17 20 17 19 198 54 268 61028 25 220 20 16 22 22 198 23202 396 53656 25 220 22 16 20 20 198 90979 78 49346 25 220 23 22 19 16 198 45 51054 458 452 82319 25 220 23 19 16 24 198 54 268 5367 25 220 19 15 19 24 198 37 65435 23773 12949 25 220 16 19 24 22 271 3710 369 279 2528 1970 364 7967 396 53656 30 271 32 13 220 22 16 20 20 198 33 13 220 17 24 16 21 198 34 13 220 23 22 19 16 198 35 13 220 17 20 17 19 248046 198 248045 74455 198 248068 271 248069 271	32,33,34,35
bind253/B	choice	248045 846 198 760 2614 369 264 5081 5576 3296 883 449 2528 1970 18834 13 21134 440 1132 279 6321 318 32 11 417 11 351 11 466 414 8 314 279 4252 2904 13 271 5865 1970 18834 198 46 23738 67186 25 220 24 24 20 20 198 56 4897 496 4405 1891 25 220 17 24 21 16 198 57 4897 27466 25 220 18 19 21 15 198 51 2692 80 629 17386 25 220 21 21 19 16 198 2196 319 458 452 82319 25 220 22 17 23 19 198 92055 36461 25 220 17 16 23 24 198 46 23738 40733 25 220 24 21 17 16 198 31795 1413 710 3974 25 220 17 17 17 21 271 3710 369 279 2528 1970 364 13065 1413 710 3974 30 271 32 13 220 18 19 21 15 198 33 13 220 17 17 17 21 198 34 13 220 24 21 17 16 198 35 13 220 17 16 23 24 248046 198 248045 74455 198 248068 271 248069 271	32,33,34,35
bind254/C	choice	248045 846 198 760 2614 369 264 5081 5576 3296 883 449 2528 1970 18834 13 21134 440 1132 279 6321 318 32 11 417 11 351 11 466 414 8 314 279 4252 2904 13 271 5865 1970 18834 198 2665 269 207520 25 220 24 18 17 24 198 623 287 39685 25 220 19 24 16 22 198 51 24685 32442 54958 25 220 22 19 23 23 198 56 350 1644 82596 25 220 16 24 15 17 198 51 2692 80 73467 25 220 24 19 24 21 198 3320 2472 32442 54958 25 220 20 15 15 24 198 40 15190 629 17386 25 220 18 22 16 23 198 1106 268 4470 570 25 220 20 21 17 20 271 3710 369 279 2528 1970 364 2732 2472 32442 54958 30 271 32 13 220 24 19 24 21 198 33 13 220 16 24 15 17 198 34 13 220 20 15 15 24 198 35 13 220 20 21 17 20 248046 198 248045 74455 198 248068 271 248069 271	32,33,34,35
bind255/D	choice	248045 846 198 760 2614 369 264 5081 5576 3296 883 449 2528 1970 18834 13 21134 440 1132 279 6321 318 32 11 417 11 351 11 466 414 8 314 279 4252 2904 13 271 5865 1970 18834 198 83554 55240 25 220 23 21 22 17 198 36 46419 92372 25 220 23 17 20 18 198 623 287 93922 25 220 23 17 16 24 198 57 4897 46035 25 220 17 19 17 18 198 35 1701 452 235489 25 220 24 24 21 16 198 51 21576 39685 25 220 19 16 18 23 198 36 46419 32442 54958 25 220 18 15 21 20 198 51 2692 80 40733 25 220 19 18 16 23 271 3710 369 279 2528 1970 364 174109 80 40733 30 271 32 13 220 17 19 17 18 198 33 13 220 23 21 22 17 198 34 13 220 23 17 20 18 198 35 13 220 19 18 16 23 248046 198 248045 74455 198 248068 271 248069 271	32,33,34,35
bind256/A	choice	248045 846 198 760 2614 369 264 5081 5576 3296 883 449 2528 1970 18834 13 21134 440 1132 279 6321 318 32 11 417 11 351 11 466 414 8 314 279 4252 2904 13 271 5865 1970 18834 198 83554 26342 67220 375 25 220 19 16 24 22 198 89680 7509 82596 25 220 19 24 15 24 198 49 11642 40733 25 220 22 17 21 19 198 49 2492 5709 61028 25 220 22 17 15 15 198 4904 4897 74092 25 220 21 21 19 22 198 35 1701 452 235489 25 220 24 21 16 22 198 2196 50557 41803 80831 25 220 20 20 24 17 198 83554 40733 25 220 23 18 16 22 271 3710 369 279 2528 1970 364 30053 40733 30 271 32 13 220 23 18 16 22 198 33 13 220 22 17 15 15 198 34 13 220 22 17 21 19 198 35 13 220 20 20 24 17 248046 198 248045 74455 198 248068 271 248069 271	32,33,34,35
bind257/B	choice	248045 846 198 760 2614 369 264 5081 5576 3296 883 449 2528 1970 18834 13 21134 440 1132 279 6321 318 32 11 417 11 351 11 466 414 8 314 279 4252 2904 13 271 5865 1970 18834 198 49 2492 5709 74092 25 220 20 23 19 18 198 54 268 92372 25 220 20 20 16 18 198 51 24685 64683 14183 25 220 19 22 16 16 198 82433 227938 25 220 16 18 18 21 198 43 1506 74092 25 220 16 18 23 24 198 35 1701 452 40050 12297 25 220 17 16 21 24 198 24601 10211 710 358 1091 6433 25 220 21 16 19 19 198 10786 64 1799 33852 1482 25 220 18 24 19 15 271 3710 369 279 2528 1970 364 345 24685 64683 14183 30 271 32 13 220 20 23 19 18 198 33 13 220 19 22 16 16 198 34 13 220 16 18 23 24 198 35 13 220 21 16 19 19 248046 198 248045 74455 198 248068 271 248069 271	32,33,34,35
bind258/C	choice	248045 846 198 760 2614 369 264 5081 5576 3296 883 449 2528 1970 18834 13 21134 440 1132 279 6321 318 32 11 417 11 351 11 466 414 8 314 279 4252 2904 13 271 5865 1970 18834 198 5901 4897 235489 25 220 20 17 22 21 198 51 2692 80 710 3974 25 220 16 19 22 17 198 65343 40050 12297 25 220 22 24 16 21 198 2665 269 36461 25 220 20 17 21 22 198 42 2075 39185 25 220 18 16 22 18 198 43 1506 26342 67220 375 25 220 16 20 22 21 198 4904 4897 710 3974 25 220 18 21 20 21 198 35 1701 452 26342 67220 375 25 220 17 23 19 21 271 3710 369 279 2528 1970 364 2233 269 36461 30 271 32 13 220 16 20 22 21 198 33 13 220 18 21 20 21 198 34 13 220 20 17 21 22 198 35 13 220 16 19 22 17 248046 198 248045 74455 198 248068 271 248069 271	32,33,34,35
bind259/D	choice	248045 846 198 760 2614 369 264 5081 5576 3296 883 449 2528 1970 18834 13 21134 440 1132 279 6321 318 32 11 417 11 351 11 466 414 8 314 279 4252 2904 13 271 5865 1970 18834 198 23202 396 28975 25 220 16 22 24 22 198 49 2492 5709 78961 25 220 21 22 21 24 198 43 1506 55240 25 220 21 21 20 18 198 51 21576 59405 85 25 220 18 20 24 17 198 39304 667 61028 25 220 23 17 21 24 198 43 1506 63294 25 220 19 21 23 20 198 23202 396 27466 25 220 21 18 18 17 198 89680 7509 63294 25 220 19 17 17 15 271 3710 369 279 2528 1970 364 56222 55240 30 271 32 13 220 18 20 24 17 198 33 13 220 23 17 21 24 198 34 13 220 16 22 24 22 198 35 13 220 21 21 20 18 248046 198 248045 74455 198 248068 271 248069 271	32,33,34,35
bind260/A	choice	248045 846 198 760 2614 369 264 5081 5576 3296 883 449 2528 1970 18834 13 21134 440 1132 279 6321 318 32 11 417 11 351 11 466 414 8 314 279 4252 2904 13 271 5865 1970 18834 198 42 88850 52582 25 220 23 15 23 15 198 45 51054 4254 2770 25 220 21 20 16 22 198 23202 396 59831 25 220 19 22 17 16 198 42 88850 67186 25 220 23 19 16 24 198 10786 64 5367 25 220 24 16 15 21 198 31795 1413 40733 25 220 24 19 19 24 198 82433 32442 54958 25 220 22 18 17 19 198 24601 10211 61850 25 220 23 19 20 18 271 3710 369 279 2528 1970 364 13065 1413 40733 30 271 32 13 220 24 19 19 24 198 33 13 220 23 15 23 15 198 34 13 220 22 18 17 19 198 35 13 220 19 22 17 16 248046 198 248045 74455 198 248068 271 248069 271	32,33,34,35
bind261/B	choice	248045 846 198 760 2614 369 264 5081 5576 3296 883 449 2528 1970 18834 13 21134 440 1132 279 6321 318 32 11 417 11 351 11 466 414 8 314 279 4252 2904 13 271 5865 1970 18834 198 89680 7509 14315 48040 25 220 24 17 20 19 198 23202 396 34827 25 220 20 24 23 24 198 34930 269 4254 2770 25 220 22 17 21 24 198 2229 10211 92372 25 220 24 20 17 23 198 59605 93922 25 220 24 20 22 24 198 49 11642 207520 25 220 23 24 24 22 198 65343 26342 67220 375 25 220 16 15 17 19 198 92055 40733 25 220 23 15 19 24 271 3710 369 279 2528 1970 364 7967 396 34827 30 271 32 13 220 24 20 22 24 198 33 13 220 20 24 23 24 198 34 13 220 23 24 24 22 198 35 13 220 16 15 17 19 248046 198 248045 74455 198 248068 271 248069 271	32,33,34,35
bind262/C	choice	248045 846 198 760 2614 369 264 5081 5576 3296 883 449 2528 1970 18834 13 21134 440 1132 279 6321 318 32 11 417 11 351 11 466 414 8 314 279 4252 2904 13 271 5865 1970 18834 198 4904 4897 23773 12949 25 220 17 24 19 21 198 59605 41803 80831 25 220 19 21 21 22 198 57 4897 64683 14183 25 220 17 17 21 23 198 90979 78 61850 25 220 23 17 24 18 198 57 4897 82596 25 220 24 15 19 16 198 5901 4897 56763 25 220 24 24 17 20 198 89306 28975 25 220 20 22 23 17 198 90979 78 72925 25 220 16 23 20 16 271 3710 369 279 2528 1970 364 28338 28975 30 271 32 13 220 17 17 21 23 198 33 13 220 19 21 21 22 198 34 13 220 20 22 23 17 198 35 13 220 23 17 24 18 248046 198 248045 74455 198 248068 271 248069 271	32,33,34,35
bind263/D	choice	248045 846 198 760 2614 369 264 5081 5576 3296 883 449 2528 1970 18834 13 21134 440 1132 279 6321 318 32 11 417 11 351 11 466 414 8 314 279 4252 2904 13 271 5865 1970 18834 198 10786 64 49346 25 220 17 18 15 20 198 3320 2472 36461 25 220 19 21 15 20 198 3320 2472 1799 33852 1482 25 220 23 15 21 24 198 59605 39685 25 220 22 22 20 22 198 43 1506 82596 25 220 21 21 15 17 198 5901 4897 34827 25 220 16 20 19 22 198 49 2492 5709 74092 25 220 17 23 18 21 198 2229 10211 710 3974 25 220 24 22 17 19 271 3710 369 279 2528 1970 364 52575 74092 30 271 32 13 220 22 22 20 22 198 33 13 220 23 15 21 24 198 34 13 220 21 21 15 17 198 35 13 220 17 23 18 21 248046 198 248045 74455 198 248068 271 248069 271	32,33,34,35
bind264/A	choice	248045 846 198 760 2614 369 264 5081 5576 3296 883 449 2528 1970 18834 13 21134 440 1132 279 6321 318 32 11 417 11 351 11 466 414 8 314 279 4252 2904 13 271 5865 1970 18834 198 2229 10211 63419 25 220 20 17 15 24 198 59605 23773 12949 25 220 24 20 18 23 198 89306 67186 25 220 16 20 24 19 198 2196 319 458 452 82319 25 220 22 21 16 20 198 51 24685 63419 25 220 19 22 16 15 198 42 2075 64683 14183 25 220 22 20 16 17 198 1106 268 40733 25 220 24 24 15 24 198 2229 10211 40733 25 220 23 21 24 18 271 3710 369 279 2528 1970 364 23720 40733 30 271 32 13 220 24 24 15 24 198 33 13 220 22 20 16 17 198 34 13 220 16 20 24 19 198 35 13 220 19 22 16 15 248046 198 248045 74455 198 248068 271 248069 271	32,33,34,35
bind265/B	choice	248045 846 198 760 2614 369 264 5081 5576 3296 883 449 2528 1970 18834 13 21134 440 1132 279 6321 318 32 11 417 11 351 11 466 414 8 314 279 4252 2904 13 271 5865 1970 18834 198 51 21576 227938 25 220 17 15 15 15 198 2665 269 5367 25 220 24 18 19 15 198 57 4897 52582 25 220 20 16 17 19 198 2665 269 36461 25 220 17 16 15 22 198 23202 396 458 452 82319 25 220 16 20 22 23 198 49 2492 5709 52582 25 220 20 17 16 17 198 45 1524 335 2075 46035 25 220 18 21 22 22 198 92055 4470 570 25 220 17 19 24 21 271 3710 369 279 2528 1970 364 2233 269 5367 30 271 32 13 220 20 16 17 19 198 33 13 220 24 18 19 15 198 34 13 220 17 15 15 15 198 35 13 220 17 16 15 22 248046 198 248045 74455 198 248068 271 248069 271	32,33,34,35
bind266/C	choice	248045 846 198 760 2614 369 264 5081 5576 3296 883 449 2528 1970 18834 13 21134 440 1132 279 6321 318 32 11 417 11 351 11 466 414 8 314 279 4252 2904 13 271 5865 1970 18834 198 34930 269 16592 28100 25 220 18 23 17 21 198 31795 1413 72925 25 220 20 19 19 23 198 45 51054 52582 25 220 22 22 17 24 198 35 1701 452 78961 25 220 20 15 20 21 198 89680 7509 49346 25 220 16 22 16 22 198 31795 1413 92372 25 220 16 20 18 17 198 57 4897 4254 2770 25 220 20 16 23 23 198 233511 46035 25 220 21 23 15 16 271 3710 369 279 2528 1970 364 33514 667 52582 30 271 32 13 220 21 23 15 16 198 33 13 220 16 22 16 22 198 34 13 220 22 22 17 24 198 35 13 220 20 16 23 23 248046 198 248045 74455 198 248068 271 248069 271	32,33,34,35
bind267/D	choice	248045 846 198 760 2614 369 264 5081 5576 3296 883 449 2528 1970 18834 13 21134 440 1132 279 6321 318 32 11 417 11 351 11 466 414 8 314 279 4252 2904 13 271 5865 1970 18834 198 5901 4897 1799 33852 1482 25 220 23 18 22 23 198 56 4897 61028 25 220 18 22 22 23 198 39 3253 27466 25 220 19 16 17 19 198 46 23738 74092 25 220 24 19 18 17 198 59605 93922 25 220 18 20 21 20 198 31795 1413 32442 54958 25 220 18 17 22 21 198 34930 269 4470 570 25 220 16 15 23 23 198 4904 4897 82596 25 220 20 22 19 20 271 3710 369 279 2528 1970 364 48854 82596 30 271 32 13 220 18 17 22 21 198 33 13 220 18 22 22 23 198 34 13 220 24 19 18 17 198 35 13 220 20 22 19 20 248046 198 248045 74455 198 248068 271 248069 271	32,33,34,35
bind268/A	choice	248045 846 198 760 2614 369 264 5081 5576 3296 883 449 2528 1970 18834 13 21134 440 1132 279 6321 318 32 11 417 11 351 11 466 414 8 314 279 4252 2904 13 271 5865 1970 18834 198 4904 4897 73467 25 220 16 21 16 20 198 2196 319 63419 25 220 16 20 16 17 198 65343 227938 25 220 24 20 16 24 198 42 88850 23773 12949 25 220 18 24 15 15 198 50 1020 667 63294 25 220 19 22 23 18 198 42 2075 39185 25 220 16 23 24 22 198 56 350 1644 710 3974 25 220 18 18 18 19 198 40 15190 14315 48040 25 220 24 17 15 20 271 3710 369 279 2528 1970 364 75873 63294 30 271 32 13 220 19 22 23 18 198 33 13 220 18 24 15 15 198 34 13 220 24 20 16 24 198 35 13 220 24 17 15 20 248046 198 248045 74455 198 248068 271 248069 271	32,33,34,35
bind269/B	choice	248045 846 198 760 2614 369 264 5081 5576 3296 883 449 2528 1970 18834 13 21134 440 1132 279 6321 318 32 11 417 11 351 11 466 414 8 314 279 4252 2904 13 271 5865 1970 18834 198 39304 667 16592 28100 25 220 22 24 15 24 198 23202 396 74092 25 220 16 20 19 19 198 43 1506 74092 25 220 24 20 15 20 198 42 88850 14315 48040 25 220 21 19 22 20 198 623 287 458 452 82319 25 220 21 23 15 19 198 35921 299 63419 25 220 18 21 20 23 198 2665 269 46035 25 220 21 24 16 21 198 65343 710 3974 25 220 23 19 22 17 271 3710 369 279 2528 1970 364 56222 74092 30 271 32 13 220 21 23 15 19 198 33 13 220 24 20 15 20 198 34 13 220 16 20 19 19 198 35 13 220 21 19 22 20 248046 198 248045 74455 198 248068 271 248069 271	32,33,34,35
bind270/C	choice	248045 846 198 760 2614 369 264 5081 5576 3296 883 449 2528 1970 18834 13 21134 440 1132 279 6321 318 32 11 417 11 351 11 466 414 8 314 279 4252 2904 13 271 5865 1970 18834 198 49 2492 5709 39685 25 220 16 15 15 23 198 2229 10211 16592 28100 25 220 24 17 17 21 198 43 1506 74092 25 220 23 16 17 15 198 2196 319 36461 25 220 21 23 21 22 198 56 350 1644 1799 33852 1482 25 220 24 18 15 20 198 39 32389 710 358 1091 6433 25 220 20 19 16 23 198 2665 269 4254 2770 25 220 21 18 16 24 198 37 65435 235489 25 220 21 19 23 23 271 3710 369 279 2528 1970 364 54048 235489 30 271 32 13 220 20 19 16 23 198 33 13 220 21 23 21 22 198 34 13 220 21 19 23 23 198 35 13 220 16 15 15 23 248046 198 248045 74455 198 248068 271 248069 271	32,33,34,35
bind271/D	choice	248045 846 198 760 2614 369 264 5081 5576 3296 883 449 2528 1970 18834 13 21134 440 1132 279 6321 318 32 11 417 11 351 11 466 414 8 314 279 4252 2904 13 271 5865 1970 18834 198 54 268 710 358 1091 6433 25 220 24 19 23 16 198 50 1020 667 26342 67220 375 25 220 20 22 16 17 198 51 2692 80 34827 25 220 20 15 19 20 198 59605 462 698 327 25 220 24 20 20 21 198 1106 268 74092 25 220 24 24 19 23 198 233511 39185 25 220 22 15 23 22 198 51 21576 46035 25 220 24 19 19 20 198 51 24685 46035 25 220 24 24 19 20 271 3710 369 279 2528 1970 364 59157 710 358 1091 6433 30 271 32 13 220 24 24 19 23 198 33 13 220 24 20 20 21 198 34 13 220 24 19 19 20 198 35 13 220 24 19 23 16 248046 198 248045 74455 198 248068 271 248069 271	32,33,34,35
bind272/A	choice	248045 846 198 760 2614 369 264 5081 5576 3296 883 449 2528 1970 18834 13 21134 440 1132 279 6321 318 32 11 417 11 351 11 466 414 8 314 279 4252 2904 13 271 5865 1970 18834 198 56 4897 207520 25 220 20 17 23 21 198 56 350 1644 235489 25 220 21 19 24 22 198 57 4493 207520 25 220 24 15 20 19 198 24601 10211 1799 33852 1482 25 220 21 21 17 16 198 39 3253 56763 25 220 18 17 19 21 198 59605 227938 25 220 21 17 17 19 198 50 1020 667 40050 12297 25 220 18 15 23 24 198 42 2075 458 452 82319 25 220 18 23 24 19 271 3710 369 279 2528 1970 364 75873 40050 12297 30 271 32 13 220 18 15 23 24 198 33 13 220 21 21 17 16 198 34 13 220 21 19 24 22 198 35 13 220 24 15 20 19 248046 198 248045 74455 198 248068 271 248069 271	32,33,34,35
bind273/B	choice	248045 846 198 760 2614 369 264 5081 5576 3296 883 449 2528 1970 18834 13 21134 440 1132 279 6321 318 32 11 417 11 351 11 466 414 8 314 279 4252 2904 13 271 5865 1970 18834 198 51 24685 32442 54958 25 220 23 22 17 24 198 51 21576 49472 25 220 17 23 16 23 198 4904 4897 36461 25 220 18 19 23 15 198 27175 667 235489 25 220 24 19 15 15 198 56 350 1644 63294 25 220 20 22 22 24 198 43 1506 32442 54958 25 220 16 24 24 22 198 57 4897 32442 54958 25 220 16 23 22 18 198 43 1506 56763 25 220 23 15 21 24 271 3710 369 279 2528 1970 364 56222 56763 30 271 32 13 220 16 24 24 22 198 33 13 220 23 15 21 24 198 34 13 220 17 23 16 23 198 35 13 220 16 23 22 18 248046 198 248045 74455 198 248068 271 248069 271	32,33,34,35
bind274/C	choice	248045 846 198 760 2614 369 264 5081 5576 3296 883 449 2528 1970 18834 13 21134 440 1132 279 6321 318 32 11 417 11 351 11 466 414 8 314 279 4252 2904 13 271 5865 1970 18834 198 42 88850 1799 33852 1482 25 220 19 18 19 22 198 56 350 1644 73467 25 220 24 17 15 20 198 89680 7509 92372 25 220 22 19 15 17 198 90979 78 496 4405 1891 25 220 17 23 20 20 198 56 350 1644 4470 570 25 220 18 15 23 24 198 49 2492 5709 4470 570 25 220 22 24 15 24 198 51 24685 40733 25 220 16 16 22 18 198 51 24685 73467 25 220 16 20 22 20 271 3710 369 279 2528 1970 364 26882 7509 92372 30 271 32 13 220 19 18 19 22 198 33 13 220 16 16 22 18 198 34 13 220 22 19 15 17 198 35 13 220 18 15 23 24 248046 198 248045 74455 198 248068 271 248069 271	32,33,34,35
bind275/D	choice	248045 846 198 760 2614 369 264 5081 5576 3296 883 449 2528 1970 18834 13 21134 440 1132 279 6321 318 32 11 417 11 351 11 466 414 8 314 279 4252 2904 13 271 5865 1970 18834 198 89680 7509 72925 25 220 20 23 22 23 198 89306 458 452 82319 25 220 19 16 22 16 198 57 4897 63294 25 220 18 24 19 21 198 34930 269 52582 25 220 20 18 17 15 198 10786 64 1799 33852 1482 25 220 24 17 17 21 198 59605 40733 25 220 24 21 15 17 198 92055 207520 25 220 20 20 22 19 198 57 4897 67186 25 220 20 15 18 19 271 3710 369 279 2528 1970 364 49428 207520 30 271 32 13 220 20 15 18 19 198 33 13 220 18 24 19 21 198 34 13 220 20 18 17 15 198 35 13 220 20 20 22 19 248046 198 248045 74455 198 248068 271 248069 271	32,33,34,35
bind276/A	choice	248045 846 198 760 2614 369 264 5081 5576 3296 883 449 2528 1970 18834 13 21134 440 1132 279 6321 318 32 11 417 11 351 11 466 414 8 314 279 4252 2904 13 271 5865 1970 18834 198 92055 39685 25 220 23 21 20 24 198 51 24685 61850 25 220 22 16 18 17 198 31795 1413 710 358 1091 6433 25 220 23 18 20 17 198 56 4897 207520 25 220 17 15 15 15 198 623 287 14315 48040 25 220 19 23 23 19 198 623 287 26342 67220 375 25 220 18 18 16 24 198 34930 269 63294 25 220 22 15 15 15 198 57 4493 61028 25 220 16 23 20 16 271 3710 369 279 2528 1970 364 345 24685 61850 30 271 32 13 220 22 16 18 17 198 33 13 220 19 23 23 19 198 34 13 220 18 18 16 24 198 35 13 220 23 21 20 24 248046 198 248045 74455 198 248068 271 248069 271	32,33,34,35
bind277/B	choice	248045 846 198 760 2614 369 264 5081 5576 3296 883 449 2528 1970 18834 13 21134 440 1132 279 6321 318 32 11 417 11 351 11 466 414 8 314 279 4252 2904 13 271 5865 1970 18834 198 49 11642 52582 25 220 18 23 21 22 198 56 4897 4254 2770 25 220 24 20 21 18 198 45 1524 335 2075 23773 12949 25 220 17 18 18 22 198 49 11642 26342 67220 375 25 220 19 16 21 24 198 39 32389 46035 25 220 23 16 16 17 198 51 21576 36461 25 220 21 23 15 16 198 35 1701 452 92372 25 220 17 15 16 21 198 43 1506 14315 48040 25 220 16 17 22 16 271 3710 369 279 2528 1970 364 92253 2075 23773 12949 30 271 32 13 220 19 16 21 24 198 33 13 220 17 18 18 22 198 34 13 220 16 17 22 16 198 35 13 220 17 15 16 21 248046 198 248045 74455 198 248068 271 248069 271	32,33,34,35
bind278/C	choice	248045 846 198 760 2614 369 264 5081 5576 3296 883 449 2528 1970 18834 13 21134 440 1132 279 6321 318 32 11 417 11 351 11 466 414 8 314 279 4252 2904 13 271 5865 1970 18834 198 36 46419 59405 85 25 220 22 24 17 19 198 51 2692 80 63419 25 220 18 22 22 15 198 35921 299 496 4405 1891 25 220 24 23 15 19 198 10786 64 39185 25 220 23 19 17 23 198 36 46419 46035 25 220 24 17 21 17 198 2229 10211 14315 48040 25 220 20 20 18 21 198 39 3253 82596 25 220 23 16 23 19 198 49 11642 72925 25 220 17 24 18 19 271 3710 369 279 2528 1970 364 48654 39185 30 271 32 13 220 20 20 18 21 198 33 13 220 22 24 17 19 198 34 13 220 23 19 17 23 198 35 13 220 23 16 23 19 248046 198 248045 74455 198 248068 271 248069 271	32,33,34,35
bind279/D	choice	248045 846 198 760 2614 369 264 5081 5576 3296 883 449 2528 1970 18834 13 21134 440 1132 279 6321 318 32 11 417 11 351 11 466 414 8 314 279 4252 2904 13 271 5865 1970 18834 198 92055 207520 25 220 21 17 17 19 198 34930 269 32442 54958 25 220 19 23 16 20 198 49 2492 5709 59831 25 220 21 18 20 18 198 39304 667 207520 25 220 19 22 23 18 198 6737 55747 46035 25 220 17 23 23 16 198 34930 269 49472 25 220 17 22 20 24 198 2196 319 4470 570 25 220 19 22 24 21 198 5901 4897 41803 80831 25 220 17 19 22 16 271 3710 369 279 2528 1970 364 76459 207520 30 271 32 13 220 17 22 20 24 198 33 13 220 19 22 24 21 198 34 13 220 17 23 23 16 198 35 13 220 19 22 23 18 248046 198 248045 74455 198 248068 271 248069 271	32,33,34,35
bind280/A	choice	248045 846 198 760 2614 369 264 5081 5576 3296 883 449 2528 1970 18834 13 21134 440 1132 279 6321 318 32 11 417 11 351 11 466 414 8 314 279 4252 2904 13 271 5865 1970 18834 198 56 4897 67186 25 220 23 22 24 20 198 56 4897 39185 25 220 18 18 17 20 198 2196 50557 53656 25 220 21 22 16 20 198 35 1701 452 27466 25 220 21 20 22 15 198 37 65435 52582 25 220 18 20 21 18 198 40 15190 496 4405 1891 25 220 19 18 23 22 198 45 1524 335 2075 458 452 82319 25 220 23 20 20 16 198 92055 78961 25 220 21 17 18 16 271 3710 369 279 2528 1970 364 49428 78961 30 271 32 13 220 21 17 18 16 198 33 13 220 23 22 24 20 198 34 13 220 21 22 16 20 198 35 13 220 19 18 23 22 248046 198 248045 74455 198 248068 271 248069 271	32,33,34,35
bind281/B	choice	248045 846 198 760 2614 369 264 5081 5576 3296 883 449 2528 1970 18834 13 21134 440 1132 279 6321 318 32 11 417 11 351 11 466 414 8 314 279 4252 2904 13 271 5865 1970 18834 198 39 32389 53656 25 220 18 16 22 17 198 36 46419 40733 25 220 20 18 16 22 198 49 11642 5367 25 220 16 18 22 24 198 10786 64 74092 25 220 16 22 24 17 198 49 11642 55240 25 220 18 19 23 24 198 43 1506 63294 25 220 16 24 16 24 198 10786 64 92372 25 220 22 19 16 22 198 57 4493 34827 25 220 20 18 21 20 271 3710 369 279 2528 1970 364 66255 40733 30 271 32 13 220 20 18 21 20 198 33 13 220 20 18 16 22 198 34 13 220 18 19 23 24 198 35 13 220 16 18 22 24 248046 198 248045 74455 198 248068 271 248069 271	32,33,34,35
bind282/C	choice	248045 846 198 760 2614 369 264 5081 5576 3296 883 449 2528 1970 18834 13 21134 440 1132 279 6321 318 32 11 417 11 351 11 466 414 8 314 279 4252 2904 13 271 5865 1970 18834 198 2196 50557 227938 25 220 23 19 20 23 198 50 1020 667 82596 25 220 20 19 24 18 198 42 2075 28975 25 220 22 17 16 19 198 35 1701 452 1799 33852 1482 25 220 24 22 15 20 198 57 4493 46035 25 220 22 24 15 24 198 42 88850 462 698 327 25 220 21 21 23 19 198 49 2492 5709 34827 25 220 23 22 24 21 198 35 1701 452 40050 12297 25 220 21 17 19 22 271 3710 369 279 2528 1970 364 72102 46035 30 271 32 13 220 23 22 24 21 198 33 13 220 23 19 20 23 198 34 13 220 22 24 15 24 198 35 13 220 24 22 15 20 248046 198 248045 74455 198 248068 271 248069 271	32,33,34,35
bind283/D	choice	248045 846 198 760 2614 369 264 5081 5576 3296 883 449 2528 1970 18834 13 21134 440 1132 279 6321 318 32 11 417 11 351 11 466 414 8 314 279 4252 2904 13 271 5865 1970 18834 198 4904 4897 710 3974 25 220 16 18 16 19 198 36 46419 74092 25 220 21 16 15 20 198 2196 50557 710 3974 25 220 19 16 20 17 198 82433 49472 25 220 16 23 19 16 198 51 21576 207520 25 220 16 23 24 24 198 5901 4897 27466 25 220 23 18 24 15 198 83554 462 698 327 25 220 23 16 15 19 198 42 2075 52582 25 220 19 22 16 23 271 3710 369 279 2528 1970 364 3194 4897 27466 30 271 32 13 220 19 22 16 23 198 33 13 220 16 23 19 16 198 34 13 220 23 16 15 19 198 35 13 220 23 18 24 15 248046 198 248045 74455 198 248068 271 248069 271	32,33,34,35
bind284/A	choice	248045 846 198 760 2614 369 264 5081 5576 3296 883 449 2528 1970 18834 13 21134 440 1132 279 6321 318 32 11 417 11 351 11 466 414 8 314 279 4252 2904 13 271 5865 1970 18834 198 45 1524 335 2075 72925 25 220 16 21 23 16 198 35921 299 32442 54958 25 220 20 22 24 24 198 23202 396 4470 570 25 220 19 15 24 22 198 34930 269 458 452 82319 25 220 22 17 21 20 198 42 2075 36461 25 220 19 15 18 24 198 623 287 14315 48040 25 220 16 23 19 21 198 2665 269 235489 25 220 19 17 24 21 198 82433 61028 25 220 16 15 17 23 271 3710 369 279 2528 1970 364 7967 396 4470 570 30 271 32 13 220 19 15 24 22 198 33 13 220 22 17 21 20 198 34 13 220 20 22 24 24 198 35 13 220 19 17 24 21 248046 198 248045 74455 198 248068 271 248069 271	32,33,34,35
bind285/B	choice	248045 846 198 760 2614 369 264 5081 5576 3296 883 449 2528 1970 18834 13 21134 440 1132 279 6321 318 32 11 417 11 351 11 466 414 8 314 279 4252 2904 13 271 5865 1970 18834 198 57 4897 16592 28100 25 220 23 23 24 21 198 34930 269 40050 12297 25 220 16 21 18 20 198 1106 268 61850 25 220 19 17 21 21 198 23202 396 710 358 1091 6433 25 220 18 19 24 24 198 51 2692 80 227938 25 220 24 22 24 20 198 43 1506 1799 33852 1482 25 220 22 24 18 15 198 49 2492 5709 46035 25 220 23 22 16 24 198 49 11642 92372 25 220 19 18 20 23 271 3710 369 279 2528 1970 364 31247 40050 12297 30 271 32 13 220 18 19 24 24 198 33 13 220 16 21 18 20 198 34 13 220 23 23 24 21 198 35 13 220 19 18 20 23 248046 198 248045 74455 198 248068 271 248069 271	32,33,34,35
bind286/C	choice	248045 846 198 760 2614 369 264 5081 5576 3296 883 449 2528 1970 18834 13 21134 440 1132 279 6321 318 32 11 417 11 351 11 466 414 8 314 279 4252 2904 13 271 5865 1970 18834 198 39 32389 39685 25 220 18 17 20 21 198 31795 1413 73467 25 220 23 15 22 18 198 2229 10211 78961 25 220 19 24 16 22 198 83554 227938 25 220 16 17 24 21 198 1106 268 49472 25 220 23 15 19 21 198 42 88850 93922 25 220 24 16 24 15 198 56 4897 59405 85 25 220 22 20 17 19 198 27175 667 46035 25 220 16 23 19 21 271 3710 369 279 2528 1970 364 783 4897 59405 85 30 271 32 13 220 16 23 19 21 198 33 13 220 16 17 24 21 198 34 13 220 22 20 17 19 198 35 13 220 23 15 22 18 248046 198 248045 74455 198 248068 271 248069 271	32,33,34,35
bind287/D	choice	248045 846 198 760 2614 369 264 5081 5576 3296 883 449 2528 1970 18834 13 21134 440 1132 279 6321 318 32 11 417 11 351 11 466 414 8 314 279 4252 2904 13 271 5865 1970 18834 198 36 46419 61028 25 220 23 15 19 23 198 49 2492 5709 458 452 82319 25 220 23 19 15 15 198 39304 667 34827 25 220 23 21 24 23 198 39304 667 710 358 1091 6433 25 220 24 22 21 23 198 65343 14315 48040 25 220 19 16 17 19 198 42 88850 93922 25 220 21 22 22 18 198 49 11642 235489 25 220 16 23 16 24 198 42 2075 36461 25 220 24 23 15 16 271 3710 369 279 2528 1970 364 76459 710 358 1091 6433 30 271 32 13 220 23 19 15 15 198 33 13 220 16 23 16 24 198 34 13 220 21 22 22 18 198 35 13 220 24 22 21 23 248046 198 248045 74455 198 248068 271 248069 271	32,33,34,35
bind288/A	choice	248045 846 198 760 2614 369 264 5081 5576 3296 883 449 2528 1970 18834 13 21134 440 1132 279 6321 318 32 11 417 11 351 11 466 414 8 314 279 4252 2904 13 271 5865 1970 18834 198 42 2075 496 4405 1891 25 220 19 19 21 18 198 39304 667 72925 25 220 23 22 19 17 198 4904 4897 49346 25 220 19 19 17 19 198 45 51054 496 4405 1891 25 220 21 23 16 18 198 39 32389 61850 25 220 23 23 24 19 198 65343 61028 25 220 21 19 15 22 198 24601 10211 23773 12949 25 220 17 24 15 23 198 45 1524 335 2075 73467 25 220 17 21 16 16 271 3710 369 279 2528 1970 364 92253 2075 73467 30 271 32 13 220 17 21 16 16 198 33 13 220 21 19 15 22 198 34 13 220 23 22 19 17 198 35 13 220 19 19 21 18 248046 198 248045 74455 198 248068 271 248069 271	32,33,34,35
bind289/B	choice	248045 846 198 760 2614 369 264 5081 5576 3296 883 449 2528 1970 18834 13 21134 440 1132 279 6321 318 32 11 417 11 351 11 466 414 8 314 279 4252 2904 13 271 5865 1970 18834 198 89306 41803 80831 25 220 17 15 15 18 198 45 1524 335 2075 16592 28100 25 220 16 22 22 19 198 31795 1413 61850 25 220 23 16 15 16 198 35921 299 710 358 1091 6433 25 220 21 22 21 19 198 36 46419 39185 25 220 23 22 18 21 198 34930 269 63419 25 220 18 16 17 21 198 6737 55747 629 17386 25 220 19 20 23 23 198 39 3253 26342 67220 375 25 220 22 18 21 15 271 3710 369 279 2528 1970 364 462 3253 26342 67220 375 30 271 32 13 220 16 22 22 19 198 33 13 220 22 18 21 15 198 34 13 220 19 20 23 23 198 35 13 220 23 16 15 16 248046 198 248045 74455 198 248068 271 248069 271	32,33,34,35
bind290/C	choice	248045 846 198 760 2614 369 264 5081 5576 3296 883 449 2528 1970 18834 13 21134 440 1132 279 6321 318 32 11 417 11 351 11 466 414 8 314 279 4252 2904 13 271 5865 1970 18834 198 90979 78 59831 25 220 24 21 21 24 198 45 51054 63419 25 220 21 20 19 19 198 90979 78 53656 25 220 18 18 18 19 198 34930 269 16592 28100 25 220 19 20 19 16 198 40 15190 227938 25 220 17 16 20 22 198 56 350 1644 82596 25 220 16 23 21 17 198 83554 53656 25 220 18 23 23 19 198 37 65435 34827 25 220 24 23 24 21 271 3710 369 279 2528 1970 364 49390 53656 30 271 32 13 220 19 20 19 16 198 33 13 220 21 20 19 19 198 34 13 220 18 18 18 19 198 35 13 220 18 23 23 19 248046 198 248045 74455 198 248068 271 248069 271	32,33,34,35
bind291/D	choice	248045 846 198 760 2614 369 264 5081 5576 3296 883 449 2528 1970 18834 13 21134 440 1132 279 6321 318 32 11 417 11 351 11 466 414 8 314 279 4252 2904 13 271 5865 1970 18834 198 49 2492 5709 710 358 1091 6433 25 220 19 22 23 20 198 1106 268 61850 25 220 21 20 24 23 198 49 11642 227938 25 220 18 19 17 24 198 50 1020 667 56763 25 220 22 17 16 16 198 43 1506 82596 25 220 16 22 16 19 198 39 3253 5367 25 220 21 19 21 17 198 31795 1413 64683 14183 25 220 19 15 21 16 198 4904 4897 52582 25 220 20 17 16 22 271 3710 369 279 2528 1970 364 462 3253 5367 30 271 32 13 220 19 22 23 20 198 33 13 220 18 19 17 24 198 34 13 220 19 15 21 16 198 35 13 220 21 19 21 17 248046 198 248045 74455 198 248068 271 248069 271	32,33,34,35
bind292/A	choice	248045 846 198 760 2614 369 264 5081 5576 3296 883 449 2528 1970 18834 13 21134 440 1132 279 6321 318 32 11 417 11 351 11 466 414 8 314 279 4252 2904 13 271 5865 1970 18834 198 49 2492 5709 53656 25 220 19 17 21 24 198 57 4493 59405 85 25 220 18 23 23 15 198 35 1701 452 32442 54958 25 220 24 24 16 16 198 6737 55747 61028 25 220 19 22 18 15 198 57 4897 72925 25 220 17 19 21 22 198 6737 55747 39685 25 220 18 16 16 15 198 233511 1799 33852 1482 25 220 23 21 21 17 198 51 2692 80 39685 25 220 24 17 20 18 271 3710 369 279 2528 1970 364 72102 59405 85 30 271 32 13 220 18 23 23 15 198 33 13 220 19 22 18 15 198 34 13 220 23 21 21 17 198 35 13 220 17 19 21 22 248046 198 248045 74455 198 248068 271 248069 271	32,33,34,35
bind293/B	choice	248045 846 198 760 2614 369 264 5081 5576 3296 883 449 2528 1970 18834 13 21134 440 1132 279 6321 318 32 11 417 11 351 11 466 414 8 314 279 4252 2904 13 271 5865 1970 18834 198 49 2492 5709 26342 67220 375 25 220 19 24 22 21 198 51 24685 93922 25 220 24 16 22 17 198 92055 67186 25 220 23 19 23 24 198 51 21576 93922 25 220 22 20 16 20 198 35 1701 452 93922 25 220 23 19 16 15 198 37 65435 59405 85 25 220 21 19 15 18 198 623 287 458 452 82319 25 220 20 20 23 24 198 54 268 49472 25 220 22 20 22 22 271 3710 369 279 2528 1970 364 733 287 458 452 82319 30 271 32 13 220 19 24 22 21 198 33 13 220 20 20 23 24 198 34 13 220 23 19 23 24 198 35 13 220 22 20 16 20 248046 198 248045 74455 198 248068 271 248069 271	32,33,34,35
bind294/C	choice	248045 846 198 760 2614 369 264 5081 5576 3296 883 449 2528 1970 18834 13 21134 440 1132 279 6321 318 32 11 417 11 351 11 466 414 8 314 279 4252 2904 13 271 5865 1970 18834 198 89306 36461 25 220 16 21 18 19 198 89306 53656 25 220 17 15 23 19 198 42 88850 34827 25 220 16 17 15 16 198 50 1020 667 39185 25 220 19 18 18 22 198 39 32389 59831 25 220 24 15 22 16 198 57 4897 73467 25 220 22 17 19 16 198 51 21576 1799 33852 1482 25 220 17 24 24 18 198 57 4493 496 4405 1891 25 220 19 24 15 20 271 3710 369 279 2528 1970 364 243575 73467 30 271 32 13 220 24 15 22 16 198 33 13 220 16 21 18 19 198 34 13 220 22 17 19 16 198 35 13 220 17 15 23 19 248046 198 248045 74455 198 248068 271 248069 271	32,33,34,35
bind295/D	choice	248045 846 198 760 2614 369 264 5081 5576 3296 883 449 2528 1970 18834 13 21134 440 1132 279 6321 318 32 11 417 11 351 11 466 414 8 314 279 4252 2904 13 271 5865 1970 18834 198 51 2692 80 74092 25 220 19 21 17 24 198 51 21576 64683 14183 25 220 23 21 17 23 198 2229 10211 73467 25 220 20 24 24 18 198 42 2075 40733 25 220 16 20 15 22 198 89680 7509 92372 25 220 20 19 16 17 198 50 1020 667 23773 12949 25 220 19 18 23 18 198 89306 53656 25 220 19 23 22 17 198 5901 4897 67186 25 220 21 24 22 16 271 3710 369 279 2528 1970 364 48907 40733 30 271 32 13 220 23 21 17 23 198 33 13 220 20 19 16 17 198 34 13 220 19 18 23 18 198 35 13 220 16 20 15 22 248046 198 248045 74455 198 248068 271 248069 271	32,33,34,35
bind296/A	choice	248045 846 198 760 2614 369 264 5081 5576 3296 883 449 2528 1970 18834 13 21134 440 1132 279 6321 318 32 11 417 11 351 11 466 414 8 314 279 4252 2904 13 271 5865 1970 18834 198 35 1701 452 5367 25 220 16 21 24 22 198 39 3253 39685 25 220 16 21 15 17 198 89680 7509 61850 25 220 21 15 16 15 198 45 51054 710 3974 25 220 21 23 16 19 198 42 88850 40733 25 220 20 23 23 15 198 233511 235489 25 220 23 18 19 17 198 35 1701 452 73467 25 220 24 19 18 21 198 90979 78 235489 25 220 17 17 21 22 271 3710 369 279 2528 1970 364 63889 452 73467 30 271 32 13 220 24 19 18 21 198 33 13 220 16 21 24 22 198 34 13 220 23 18 19 17 198 35 13 220 16 21 15 17 248046 198 248045 74455 198 248068 271 248069 271	32,33,34,35
bind297/B	choice	248045 846 198 760 2614 369 264 5081 5576 3296 883 449 2528 1970 18834 13 21134 440 1132 279 6321 318 32 11 417 11 351 11 466 414 8 314 279 4252 2904 13 271 5865 1970 18834 198 51 2692 80 27466 25 220 17 24 18 21 198 51 24685 207520 25 220 24 15 15 23 198 46 23738 4470 570 25 220 24 19 16 23 198 45 1524 335 2075 63419 25 220 22 15 17 15 198 65343 61086 25 220 18 24 15 15 198 43 1506 93922 25 220 22 22 15 24 198 5901 4897 458 452 82319 25 220 23 19 21 23 198 34930 269 4470 570 25 220 24 15 18 15 271 3710 369 279 2528 1970 364 174109 80 27466 30 271 32 13 220 24 15 15 23 198 33 13 220 17 24 18 21 198 34 13 220 18 24 15 15 198 35 13 220 23 19 21 23 248046 198 248045 74455 198 248068 271 248069 271	32,33,34,35
bind298/C	choice	248045 846 198 760 2614 369 264 5081 5576 3296 883 449 2528 1970 18834 13 21134 440 1132 279 6321 318 32 11 417 11 351 11 466 414 8 314 279 4252 2904 13 271 5865 1970 18834 198 89680 7509 74092 25 220 17 20 16 18 198 2196 319 59831 25 220 22 23 17 22 198 35921 299 458 452 82319 25 220 21 20 16 23 198 59605 49472 25 220 24 15 24 21 198 89680 7509 1799 33852 1482 25 220 21 23 21 16 198 46 23738 78961 25 220 16 15 18 18 198 1106 268 64683 14183 25 220 24 18 17 16 198 89306 34827 25 220 20 21 15 20 271 3710 369 279 2528 1970 364 23720 64683 14183 30 271 32 13 220 22 23 17 22 198 33 13 220 21 20 16 23 198 34 13 220 24 18 17 16 198 35 13 220 17 20 16 18 248046 198 248045 74455 198 248068 271 248069 271	32,33,34,35
bind299/D	choice	248045 846 198 760 2614 369 264 5081 5576 3296 883 449 2528 1970 18834 13 21134 440 1132 279 6321 318 32 11 417 11 351 11 466 414 8 314 279 4252 2904 13 271 5865 1970 18834 198 10786 64 4470 570 25 220 18 18 17 20 198 31795 1413 458 452 82319 25 220 17 23 15 16 198 51 2692 80 28975 25 220 21 17 21 16 198 90979 78 458 452 82319 25 220 16 18 17 15 198 23202 396 72925 25 220 18 15 23 15 198 54 268 496 4405 1891 25 220 21 23 19 15 198 36 46419 36461 25 220 19 18 17 18 198 39 3253 14315 48040 25 220 24 20 18 18 271 3710 369 279 2528 1970 364 462 3253 14315 48040 30 271 32 13 220 18 18 17 20 198 33 13 220 18 15 23 15 198 34 13 220 19 18 17 18 198 35 13 220 24 20 18 18 248046 198 248045 74455 198 248068 271 248069 271	32,33,34,35
bind300/A	choice	248045 846 198 760 2614 369 264 5081 5576 3296 883 449 2528 1970 18834 13 21134 440 1132 279 6321 318 32 11 417 11 351 11 466 414 8 314 279 4252 2904 13 271 5865 1970 18834 198 36 46419 28975 25 220 18 20 16 23 198 65343 26342 67220 375 25 220 20 17 15 24 198 5901 4897 710 3974 25 220 21 23 24 15 198 51 21576 67186 25 220 21 22 20 22 198 2665 269 61850 25 220 24 24 15 16 198 35921 299 4254 2770 25 220 20 16 18 19 198 46 23738 458 452 82319 25 220 18 18 20 15 198 50 1020 667 227938 25 220 18 15 23 15 271 3710 369 279 2528 1970 364 29695 458 452 82319 30 271 32 13 220 18 18 20 15 198 33 13 220 21 23 24 15 198 34 13 220 20 16 18 19 198 35 13 220 21 22 20 22 248046 198 248045 74455 198 248068 271 248069 271	32,33,34,35
bind301/B	choice	248045 846 198 760 2614 369 264 5081 5576 3296 883 449 2528 1970 18834 13 21134 440 1132 279 6321 318 32 11 417 11 351 11 466 414 8 314 279 4252 2904 13 271 5865 1970 18834 198 39 3253 16592 28100 25 220 18 16 16 18 198 42 88850 55240 25 220 23 19 19 18 198 92055 40050 12297 25 220 20 18 17 23 198 24601 10211 23773 12949 25 220 23 17 21 24 198 2665 269 207520 25 220 21 18 16 16 198 35 1701 452 710 358 1091 6433 25 220 19 16 21 15 198 45 51054 46035 25 220 24 17 15 18 198 233511 82596 25 220 22 17 16 24 271 3710 369 279 2528 1970 364 2233 269 207520 30 271 32 13 220 23 19 19 18 198 33 13 220 21 18 16 16 198 34 13 220 22 17 16 24 198 35 13 220 19 16 21 15 248046 198 248045 74455 198 248068 271 248069 271	32,33,34,35
bind302/C	choice	248045 846 198 760 2614 369 264 5081 5576 3296 883 449 2528 1970 18834 13 21134 440 1132 279 6321 318 32 11 417 11 351 11 466 414 8 314 279 4252 2904 13 271 5865 1970 18834 198 2665 269 34827 25 220 24 19 15 21 198 42 2075 32442 54958 25 220 17 15 24 21 198 49 11642 61850 25 220 22 22 19 17 198 83554 28975 25 220 23 16 16 24 198 2196 319 61086 25 220 21 18 16 19 198 1106 268 59831 25 220 16 21 16 15 198 57 4493 61086 25 220 21 16 18 19 198 24601 10211 34827 25 220 20 19 21 19 271 3710 369 279 2528 1970 364 2233 269 34827 30 271 32 13 220 20 19 21 19 198 33 13 220 22 22 19 17 198 34 13 220 24 19 15 21 198 35 13 220 23 16 16 24 248046 198 248045 74455 198 248068 271 248069 271	32,33,34,35
bind303/D	choice	248045 846 198 760 2614 369 264 5081 5576 3296 883 449 2528 1970 18834 13 21134 440 1132 279 6321 318 32 11 417 11 351 11 466 414 8 314 279 4252 2904 13 271 5865 1970 18834 198 92055 458 452 82319 25 220 20 17 19 20 198 623 287 46035 25 220 22 15 21 21 198 24601 10211 227938 25 220 17 23 24 15 198 2196 319 23773 12949 25 220 24 19 21 22 198 37 65435 64683 14183 25 220 17 17 18 16 198 5901 4897 63419 25 220 20 17 15 24 198 36 46419 36461 25 220 21 23 19 15 198 89680 7509 49346 25 220 20 20 17 21 271 3710 369 279 2528 1970 364 7802 10211 227938 30 271 32 13 220 20 20 17 21 198 33 13 220 22 15 21 21 198 34 13 220 21 23 19 15 198 35 13 220 17 23 24 15 248046 198 248045 74455 198 248068 271 248069 271	32,33,34,35
bind304/A	choice	248045 846 198 760 2614 369 264 5081 5576 3296 883 449 2528 1970 18834 13 21134 440 1132 279 6321 318 32 11 417 11 351 11 466 414 8 314 279 4252 2904 13 271 5865 1970 18834 198 83554 36461 25 220 22 15 16 21 198 51 24685 496 4405 1891 25 220 18 15 22 15 198 83554 41803 80831 25 220 23 24 16 21 198 45 1524 335 2075 36461 25 220 22 16 24 22 198 2665 269 40733 25 220 20 20 22 20 198 31795 1413 41803 80831 25 220 23 15 19 17 198 42 2075 72925 25 220 16 20 21 18 198 34930 269 5367 25 220 22 15 20 22 271 3710 369 279 2528 1970 364 92253 2075 36461 30 271 32 13 220 22 16 24 22 198 33 13 220 22 15 20 22 198 34 13 220 22 15 16 21 198 35 13 220 16 20 21 18 248046 198 248045 74455 198 248068 271 248069 271	32,33,34,35
bind305/B	choice	248045 846 198 760 2614 369 264 5081 5576 3296 883 449 2528 1970 18834 13 21134 440 1132 279 6321 318 32 11 417 11 351 11 466 414 8 314 279 4252 2904 13 271 5865 1970 18834 198 49 11642 710 3974 25 220 22 22 19 16 198 54 268 462 698 327 25 220 20 22 24 24 198 2229 10211 64683 14183 25 220 24 18 18 24 198 34930 269 63294 25 220 21 15 20 19 198 4904 4897 4254 2770 25 220 18 16 17 17 198 36 46419 55240 25 220 17 24 23 22 198 45 1524 335 2075 63294 25 220 24 23 23 15 198 1106 268 14315 48040 25 220 16 22 15 20 271 3710 369 279 2528 1970 364 66255 55240 30 271 32 13 220 22 22 19 16 198 33 13 220 17 24 23 22 198 34 13 220 20 22 24 24 198 35 13 220 16 22 15 20 248046 198 248045 74455 198 248068 271 248069 271	32,33,34,35
bind306/C	choice	248045 846 198 760 2614 369 264 5081 5576 3296 883 449 2528 1970 18834 13 21134 440 1132 279 6321 318 32 11 417 11 351 11 466 414 8 314 279 4252 2904 13 271 5865 1970 18834 198 43 1506 710 3974 25 220 17 19 15 23 198 89680 7509 496 4405 1891 25 220 20 19 23 15 198 57 4897 53656 25 220 18 17 23 22 198 2665 269 73467 25 220 16 17 22 19 198 35 1701 452 629 17386 25 220 22 16 22 15 198 59605 36461 25 220 16 23 15 17 198 31795 1413 629 17386 25 220 18 24 18 20 198 51 24685 1799 33852 1482 25 220 23 16 23 15 271 3710 369 279 2528 1970 364 13065 1413 629 17386 30 271 32 13 220 16 17 22 19 198 33 13 220 18 17 23 22 198 34 13 220 18 24 18 20 198 35 13 220 22 16 22 15 248046 198 248045 74455 198 248068 271 248069 271	32,33,34,35
bind307/D	choice	248045 846 198 760 2614 369 264 5081 5576 3296 883 449 2528 1970 18834 13 21134 440 1132 279 6321 318 32 11 417 11 351 11 466 414 8 314 279 4252 2904 13 271 5865 1970 18834 198 34930 269 39685 25 220 18 22 15 18 198 43 1506 78961 25 220 16 15 18 16 198 6737 55747 61850 25 220 22 22 20 16 198 2229 10211 4470 570 25 220 23 16 22 20 198 51 21576 710 358 1091 6433 25 220 22 20 16 22 198 31795 1413 462 698 327 25 220 16 24 24 22 198 51 2692 80 28975 25 220 21 18 20 18 198 45 1524 335 2075 61086 25 220 21 20 19 15 271 3710 369 279 2528 1970 364 13065 1413 462 698 327 30 271 32 13 220 21 20 19 15 198 33 13 220 23 16 22 20 198 34 13 220 18 22 15 18 198 35 13 220 16 24 24 22 248046 198 248045 74455 198 248068 271 248069 271	32,33,34,35
bind308/A	choice	248045 846 198 760 2614 369 264 5081 5576 3296 883 449 2528 1970 18834 13 21134 440 1132 279 6321 318 32 11 417 11 351 11 466 414 8 314 279 4252 2904 13 271 5865 1970 18834 198 54 268 629 17386 25 220 23 20 22 15 198 57 4897 46035 25 220 22 20 17 22 198 51 21576 61028 25 220 16 21 16 23 198 56 350 1644 49472 25 220 17 21 16 21 198 39304 667 63294 25 220 16 15 16 23 198 31795 1413 92372 25 220 17 18 24 18 198 39304 667 41803 80831 25 220 22 24 22 15 198 623 287 39685 25 220 17 17 15 15 271 3710 369 279 2528 1970 364 13065 1413 92372 30 271 32 13 220 17 18 24 18 198 33 13 220 16 15 16 23 198 34 13 220 17 17 15 15 198 35 13 220 22 20 17 22 248046 198 248045 74455 198 248068 271 248069 271	32,33,34,35
bind309/B	choice	248045 846 198 760 2614 369 264 5081 5576 3296 883 449 2528 1970 18834 13 21134 440 1132 279 6321 318 32 11 417 11 351 11 466 414 8 314 279 4252 2904 13 271 5865 1970 18834 198 2229 10211 61850 25 220 19 20 22 22 198 4904 4897 32442 54958 25 220 24 16 17 18 198 46 23738 26342 67220 375 25 220 17 17 24 24 198 27175 667 34827 25 220 24 21 18 23 198 51 21576 92372 25 220 16 17 21 21 198 6737 55747 63419 25 220 24 20 16 20 198 59605 462 698 327 25 220 19 23 21 19 198 40 15190 16592 28100 25 220 19 23 24 16 271 3710 369 279 2528 1970 364 1587 55747 63419 30 271 32 13 220 19 23 21 19 198 33 13 220 24 20 16 20 198 34 13 220 24 21 18 23 198 35 13 220 24 16 17 18 248046 198 248045 74455 198 248068 271 248069 271	32,33,34,35
bind310/C	choice	248045 846 198 760 2614 369 264 5081 5576 3296 883 449 2528 1970 18834 13 21134 440 1132 279 6321 318 32 11 417 11 351 11 466 414 8 314 279 4252 2904 13 271 5865 1970 18834 198 233511 16592 28100 25 220 16 24 18 20 198 39 32389 34827 25 220 23 16 19 23 198 2229 10211 64683 14183 25 220 23 22 18 16 198 42 2075 49472 25 220 19 19 22 18 198 40 15190 61086 25 220 21 15 19 16 198 27175 667 23773 12949 25 220 22 24 20 18 198 54 268 61086 25 220 22 21 24 21 198 40 15190 207520 25 220 18 24 21 22 271 3710 369 279 2528 1970 364 37994 23773 12949 30 271 32 13 220 23 16 19 23 198 33 13 220 16 24 18 20 198 34 13 220 22 24 20 18 198 35 13 220 21 15 19 16 248046 198 248045 74455 198 248068 271 248069 271	32,33,34,35
bind311/D	choice	248045 846 198 760 2614 369 264 5081 5576 3296 883 449 2528 1970 18834 13 21134 440 1132 279 6321 318 32 11 417 11 351 11 466 414 8 314 279 4252 2904 13 271 5865 1970 18834 198 43 1506 93922 25 220 18 22 22 16 198 39 32389 78961 25 220 21 16 20 23 198 42 88850 5367 25 220 19 23 16 17 198 2665 269 227938 25 220 20 16 24 22 198 89306 34827 25 220 23 18 19 17 198 39304 667 5367 25 220 24 18 17 21 198 3320 2472 462 698 327 25 220 20 22 20 16 198 3320 2472 5367 25 220 18 20 20 23 271 3710 369 279 2528 1970 364 2732 2472 462 698 327 30 271 32 13 220 23 18 19 17 198 33 13 220 20 16 24 22 198 34 13 220 18 22 22 16 198 35 13 220 20 22 20 16 248046 198 248045 74455 198 248068 271 248069 271	32,33,34,35
bind312/A	choice	248045 846 198 760 2614 369 264 5081 5576 3296 883 449 2528 1970 18834 13 21134 440 1132 279 6321 318 32 11 417 11 351 11 466 414 8 314 279 4252 2904 13 271 5865 1970 18834 198 51 2692 80 64683 14183 25 220 23 19 16 20 198 2665 269 26342 67220 375 25 220 20 24 24 17 198 89680 7509 14315 48040 25 220 19 17 21 15 198 36 46419 40733 25 220 17 19 16 22 198 54 268 28975 25 220 21 15 22 15 198 90979 78 207520 25 220 24 21 23 18 198 56 350 1644 56763 25 220 18 15 23 18 198 51 21576 40050 12297 25 220 17 15 19 21 271 3710 369 279 2528 1970 364 84907 40050 12297 30 271 32 13 220 17 15 19 21 198 33 13 220 20 24 24 17 198 34 13 220 17 19 16 22 198 35 13 220 18 15 23 18 248046 198 248045 74455 198 248068 271 248069 271	32,33,34,35
bind313/B	choice	248045 846 198 760 2614 369 264 5081 5576 3296 883 449 2528 1970 18834 13 21134 440 1132 279 6321 318 32 11 417 11 351 11 466 414 8 314 279 4252 2904 13 271 5865 1970 18834 198 51 21576 32442 54958 25 220 20 21 18 16 198 36 46419 56763 25 220 22 19 17 24 198 24601 10211 52582 25 220 24 17 20 18 198 35921 299 39685 25 220 22 19 16 15 198 89306 39185 25 220 24 23 17 20 198 43 1506 63419 25 220 16 16 23 18 198 45 1524 335 2075 55240 25 220 19 24 15 23 198 623 287 63419 25 220 21 20 18 24 271 3710 369 279 2528 1970 364 56222 63419 30 271 32 13 220 22 19 16 15 198 33 13 220 16 16 23 18 198 34 13 220 22 19 17 24 198 35 13 220 19 24 15 23 248046 198 248045 74455 198 248068 271 248069 271	32,33,34,35
bind314/C	choice	248045 846 198 760 2614 369 264 5081 5576 3296 883 449 2528 1970 18834 13 21134 440 1132 279 6321 318 32 11 417 11 351 11 466 414 8 314 279 4252 2904 13 271 5865 1970 18834 198 65343 4470 570 25 220 23 18 17 19 198 3320 2472 53656 25 220 16 21 22 20 198 233511 59405 85 25 220 20 16 17 17 198 42 88850 74092 25 220 17 21 22 22 198 43 1506 40050 12297 25 220 24 18 18 20 198 49 11642 40733 25 220 21 15 23 16 198 4904 4897 56763 25 220 24 16 18 24 198 39304 667 26342 67220 375 25 220 22 15 16 24 271 3710 369 279 2528 1970 364 76459 26342 67220 375 30 271 32 13 220 21 15 23 16 198 33 13 220 20 16 17 17 198 34 13 220 22 15 16 24 198 35 13 220 24 16 18 24 248046 198 248045 74455 198 248068 271 248069 271	32,33,34,35
bind315/D	choice	248045 846 198 760 2614 369 264 5081 5576 3296 883 449 2528 1970 18834 13 21134 440 1132 279 6321 318 32 11 417 11 351 11 466 414 8 314 279 4252 2904 13 271 5865 1970 18834 198 2665 269 16592 28100 25 220 23 16 21 21 198 56 350 1644 82596 25 220 21 16 20 15 198 36 46419 4254 2770 25 220 19 16 21 22 198 82433 55240 25 220 18 23 20 15 198 2665 269 36461 25 220 22 23 17 20 198 3320 2472 73467 25 220 23 16 22 24 198 24601 10211 4254 2770 25 220 21 18 16 22 198 2196 319 67186 25 220 21 19 18 16 271 3710 369 279 2528 1970 364 84699 67186 30 271 32 13 220 23 16 22 24 198 33 13 220 21 18 16 22 198 34 13 220 19 16 21 22 198 35 13 220 21 19 18 16 248046 198 248045 74455 198 248068 271 248069 271	32,33,34,35
bind316/A	choice	248045 846 198 760 2614 369 264 5081 5576 3296 883 449 2528 1970 18834 13 21134 440 1132 279 6321 318 32 11 417 11 351 11 466 414 8 314 279 4252 2904 13 271 5865 1970 18834 198 83554 82596 25 220 20 21 24 15 198 36 46419 462 698 327 25 220 20 22 22 15 198 34930 269 93922 25 220 24 15 22 17 198 92055 73467 25 220 21 18 17 16 198 2665 269 4254 2770 25 220 23 18 19 18 198 623 287 78961 25 220 16 16 22 20 198 39 3253 40050 12297 25 220 23 24 17 17 198 5901 4897 56763 25 220 18 19 21 22 271 3710 369 279 2528 1970 364 30053 82596 30 271 32 13 220 20 21 24 15 198 33 13 220 24 15 22 17 198 34 13 220 16 16 22 20 198 35 13 220 20 22 22 15 248046 198 248045 74455 198 248068 271 248069 271	32,33,34,35
bind317/B	choice	248045 846 198 760 2614 369 264 5081 5576 3296 883 449 2528 1970 18834 13 21134 440 1132 279 6321 318 32 11 417 11 351 11 466 414 8 314 279 4252 2904 13 271 5865 1970 18834 198 39304 667 710 3974 25 220 20 22 18 24 198 23202 396 92372 25 220 18 19 23 22 198 56 4897 4254 2770 25 220 18 23 21 18 198 6737 55747 72925 25 220 21 20 20 21 198 54 268 53656 25 220 19 16 22 24 198 50 1020 667 16592 28100 25 220 17 20 17 17 198 57 4493 61086 25 220 22 23 22 19 198 4904 4897 52582 25 220 18 23 15 19 271 3710 369 279 2528 1970 364 48854 52582 30 271 32 13 220 18 19 23 22 198 33 13 220 18 23 15 19 198 34 13 220 19 16 22 24 198 35 13 220 22 23 22 19 248046 198 248045 74455 198 248068 271 248069 271	32,33,34,35
bind318/C	choice	248045 846 198 760 2614 369 264 5081 5576 3296 883 449 2528 1970 18834 13 21134 440 1132 279 6321 318 32 11 417 11 351 11 466 414 8 314 279 4252 2904 13 271 5865 1970 18834 198 24601 10211 53656 25 220 17 21 15 24 198 49 2492 5709 4254 2770 25 220 24 23 16 17 198 34930 269 23773 12949 25 220 16 24 18 19 198 90979 78 4254 2770 25 220 20 24 17 19 198 89680 7509 74092 25 220 21 24 15 19 198 51 2692 80 49472 25 220 20 15 16 17 198 34930 269 72925 25 220 16 17 24 22 198 51 2692 80 16592 28100 25 220 23 23 23 20 271 3710 369 279 2528 1970 364 174109 80 16592 28100 30 271 32 13 220 20 15 16 17 198 33 13 220 24 23 16 17 198 34 13 220 23 23 23 20 198 35 13 220 16 24 18 19 248046 198 248045 74455 198 248068 271 248069 271	32,33,34,35
bind319/D	choice	248045 846 198 760 2614 369 264 5081 5576 3296 883 449 2528 1970 18834 13 21134 440 1132 279 6321 318 32 11 417 11 351 11 466 414 8 314 279 4252 2904 13 271 5865 1970 18834 198 39 3253 23773 12949 25 220 16 21 21 23 198 39 3253 93922 25 220 24 17 21 18 198 34930 269 28975 25 220 19 22 15 23 198 2196 50557 39685 25 220 23 15 16 19 198 623 287 462 698 327 25 220 16 20 19 19 198 49 11642 56763 25 220 21 17 22 19 198 49 11642 63419 25 220 21 20 19 20 198 623 287 4254 2770 25 220 18 21 19 23 271 3710 369 279 2528 1970 364 31247 28975 30 271 32 13 220 21 20 19 20 198 33 13 220 21 17 22 19 198 34 13 220 23 15 16 19 198 35 13 220 19 22 15 23 248046 198 248045 74455 198 248068 271 248069 271	32,33,34,35
bind320/A	choice	248045 846 198 760 2614 369 264 5081 5576 3296 883 449 2528 1970 18834 13 21134 440 1132 279 6321 318 32 11 417 11 351 11 466 414 8 314 279 4252 2904 13 271 5865 1970 18834 198 46 23738 4254 2770 25 220 20 20 16 20 198 3320 2472 40050 12297 25 220 16 15 24 19 198 39304 667 40733 25 220 20 21 19 17 198 27175 667 41803 80831 25 220 16 20 24 23 198 49 2492 5709 63419 25 220 22 18 21 24 198 57 4493 710 3974 25 220 20 23 15 17 198 3320 2472 93922 25 220 16 18 15 17 198 34930 269 59831 25 220 24 17 24 24 271 3710 369 279 2528 1970 364 76459 40733 30 271 32 13 220 20 21 19 17 198 33 13 220 20 20 16 20 198 34 13 220 16 18 15 17 198 35 13 220 16 20 24 23 248046 198 248045 74455 198 248068 271 248069 271	32,33,34,35
bind321/B	choice	248045 846 198 760 2614 369 264 5081 5576 3296 883 449 2528 1970 18834 13 21134 440 1132 279 6321 318 32 11 417 11 351 11 466 414 8 314 279 4252 2904 13 271 5865 1970 18834 198 2196 319 59405 85 25 220 21 16 21 17 198 42 2075 4254 2770 25 220 19 15 15 16 198 57 4897 59831 25 220 18 16 21 21 198 10786 64 61028 25 220 21 19 23 17 198 51 24685 61086 25 220 21 24 18 21 198 4904 4897 72925 25 220 18 23 15 19 198 46 23738 61028 25 220 21 15 19 17 198 10786 64 78961 25 220 22 22 16 22 271 3710 369 279 2528 1970 364 48907 4254 2770 30 271 32 13 220 21 19 23 17 198 33 13 220 19 15 15 16 198 34 13 220 22 22 16 22 198 35 13 220 21 15 19 17 248046 198 248045 74455 198 248068 271 248069 271	32,33,34,35
bind322/C	choice	248045 846 198 760 2614 369 264 5081 5576 3296 883 449 2528 1970 18834 13 21134 440 1132 279 6321 318 32 11 417 11 351 11 466 414 8 314 279 4252 2904 13 271 5865 1970 18834 198 51 21576 629 17386 25 220 16 15 23 24 198 59605 458 452 82319 25 220 16 19 17 15 198 42 88850 73467 25 220 21 15 24 23 198 83554 61850 25 220 16 20 20 15 198 23202 396 207520 25 220 16 19 16 19 198 3320 2472 64683 14183 25 220 17 15 17 23 198 51 2692 80 52582 25 220 24 15 16 18 198 51 21576 5367 25 220 23 20 18 23 271 3710 369 279 2528 1970 364 710 88850 73467 30 271 32 13 220 16 20 20 15 198 33 13 220 23 20 18 23 198 34 13 220 21 15 24 23 198 35 13 220 17 15 17 23 248046 198 248045 74455 198 248068 271 248069 271	32,33,34,35
bind323/D	choice	248045 846 198 760 2614 369 264 5081 5576 3296 883 449 2528 1970 18834 13 21134 440 1132 279 6321 318 32 11 417 11 351 11 466 414 8 314 279 4252 2904 13 271 5865 1970 18834 198 57 4493 93922 25 220 21 16 21 19 198 92055 4470 570 25 220 22 20 17 20 198 5901 4897 235489 25 220 16 21 19 22 198 35 1701 452 39185 25 220 24 22 20 24 198 2665 269 59831 25 220 24 21 22 23 198 5901 4897 710 358 1091 6433 25 220 24 16 15 23 198 39 32389 61850 25 220 22 15 17 21 198 83554 207520 25 220 18 17 17 24 271 3710 369 279 2528 1970 364 3194 4897 710 358 1091 6433 30 271 32 13 220 16 21 19 22 198 33 13 220 18 17 17 24 198 34 13 220 24 21 22 23 198 35 13 220 24 16 15 23 248046 198 248045 74455 198 248068 271 248069 271	32,33,34,35
bind324/A	choice	248045 846 198 760 2614 369 264 5081 5576 3296 883 449 2528 1970 18834 13 21134 440 1132 279 6321 318 32 11 417 11 351 11 466 414 8 314 279 4252 2904 13 271 5865 1970 18834 198 45 1524 335 2075 46035 25 220 24 20 19 21 198 57 4493 53656 25 220 16 16 21 19 198 57 4897 61028 25 220 16 24 19 16 198 83554 5367 25 220 17 16 17 22 198 51 24685 40733 25 220 19 22 15 24 198 23202 396 72925 25 220 19 19 20 23 198 82433 462 698 327 25 220 21 21 22 16 198 34930 269 73467 25 220 24 23 22 18 271 3710 369 279 2528 1970 364 33051 462 698 327 30 271 32 13 220 21 21 22 16 198 33 13 220 19 22 15 24 198 34 13 220 24 20 19 21 198 35 13 220 16 24 19 16 248046 198 248045 74455 198 248068 271 248069 271	32,33,34,35
bind325/B	choice	248045 846 198 760 2614 369 264 5081 5576 3296 883 449 2528 1970 18834 13 21134 440 1132 279 6321 318 32 11 417 11 351 11 466 414 8 314 279 4252 2904 13 271 5865 1970 18834 198 1106 268 49346 25 220 21 19 24 21 198 42 88850 14315 48040 25 220 21 20 22 22 198 65343 63419 25 220 16 18 19 15 198 56 4897 61028 25 220 19 22 17 18 198 31795 1413 72925 25 220 17 20 22 19 198 89306 59831 25 220 16 22 19 24 198 42 88850 82596 25 220 24 23 18 22 198 39 32389 32442 54958 25 220 22 17 15 18 271 3710 369 279 2528 1970 364 710 88850 82596 30 271 32 13 220 19 22 17 18 198 33 13 220 24 23 18 22 198 34 13 220 16 18 19 15 198 35 13 220 17 20 22 19 248046 198 248045 74455 198 248068 271 248069 271	32,33,34,35
bind326/C	choice	248045 846 198 760 2614 369 264 5081 5576 3296 883 449 2528 1970 18834 13 21134 440 1132 279 6321 318 32 11 417 11 351 11 466 414 8 314 279 4252 2904 13 271 5865 1970 18834 198 83554 36461 25 220 18 15 21 23 198 45 1524 335 2075 52582 25 220 17 23 24 17 198 24601 10211 26342 67220 375 25 220 21 18 22 16 198 35921 299 34827 25 220 17 20 21 21 198 36 46419 82596 25 220 24 16 19 15 198 92055 39185 25 220 22 19 16 20 198 46 23738 61850 25 220 21 16 22 15 198 46 23738 59831 25 220 23 16 22 15 271 3710 369 279 2528 1970 364 30053 36461 30 271 32 13 220 24 16 19 15 198 33 13 220 17 20 21 21 198 34 13 220 18 15 21 23 198 35 13 220 21 16 22 15 248046 198 248045 74455 198 248068 271 248069 271	32,33,34,35
bind327/D	choice	248045 846 198 760 2614 369 264 5081 5576 3296 883 449 2528 1970 18834 13 21134 440 1132 279 6321 318 32 11 417 11 351 11 466 414 8 314 279 4252 2904 13 271 5865 1970 18834 198 43 1506 4254 2770 25 220 23 17 22 17 198 39304 667 28975 25 220 16 18 20 23 198 6737 55747 73467 25 220 23 16 17 21 198 59605 36461 25 220 19 16 23 17 198 3320 2472 34827 25 220 20 17 20 24 198 82433 39685 25 220 20 19 15 19 198 24601 10211 72925 25 220 20 17 22 19 198 4904 4897 27466 25 220 21 15 21 17 271 3710 369 279 2528 1970 364 2732 2472 34827 30 271 32 13 220 23 17 22 17 198 33 13 220 19 16 23 17 198 34 13 220 20 17 22 19 198 35 13 220 20 17 20 24 248046 198 248045 74455 198 248068 271 248069 271	32,33,34,35
bind328/A	choice	248045 846 198 760 2614 369 264 5081 5576 3296 883 449 2528 1970 18834 13 21134 440 1132 279 6321 318 32 11 417 11 351 11 466 414 8 314 279 4252 2904 13 271 5865 1970 18834 198 27175 667 93922 25 220 16 18 15 16 198 1106 268 34827 25 220 22 15 15 20 198 2665 269 93922 25 220 20 18 22 24 198 2196 319 40050 12297 25 220 19 17 19 16 198 89306 207520 25 220 22 19 22 18 198 57 4897 59831 25 220 18 17 15 24 198 36 46419 1799 33852 1482 25 220 23 17 23 24 198 35921 299 32442 54958 25 220 18 20 21 21 271 3710 369 279 2528 1970 364 23720 34827 30 271 32 13 220 22 15 15 20 198 33 13 220 16 18 15 16 198 34 13 220 18 20 21 21 198 35 13 220 22 19 22 18 248046 198 248045 74455 198 248068 271 248069 271	32,33,34,35
bind329/B	choice	248045 846 198 760 2614 369 264 5081 5576 3296 883 449 2528 1970 18834 13 21134 440 1132 279 6321 318 32 11 417 11 351 11 466 414 8 314 279 4252 2904 13 271 5865 1970 18834 198 4904 4897 73467 25 220 21 22 18 23 198 46 23738 61086 25 220 18 23 15 17 198 39304 667 49472 25 220 23 18 18 19 198 46 23738 710 358 1091 6433 25 220 18 24 15 15 198 4904 4897 61850 25 220 24 24 21 22 198 42 88850 41803 80831 25 220 20 22 17 21 198 49 11642 710 3974 25 220 22 23 16 22 198 50 1020 667 73467 25 220 19 22 18 19 271 3710 369 279 2528 1970 364 76459 49472 30 271 32 13 220 19 22 18 19 198 33 13 220 23 18 18 19 198 34 13 220 22 23 16 22 198 35 13 220 18 23 15 17 248046 198 248045 74455 198 248068 271 248069 271	32,33,34,35
bind330/C	choice	248045 846 198 760 2614 369 264 5081 5576 3296 883 449 2528 1970 18834 13 21134 440 1132 279 6321 318 32 11 417 11 351 11 466 414 8 314 279 4252 2904 13 271 5865 1970 18834 198 43 1506 59405 85 25 220 19 16 23 15 198 56 350 1644 36461 25 220 22 18 19 22 198 37 65435 235489 25 220 18 19 16 23 198 56 350 1644 46035 25 220 19 21 20 19 198 6737 55747 14315 48040 25 220 23 22 16 18 198 35 1701 452 462 698 327 25 220 23 23 17 24 198 83554 629 17386 25 220 24 23 22 24 198 2196 319 46035 25 220 22 17 23 17 271 3710 369 279 2528 1970 364 220348 46035 30 271 32 13 220 22 17 23 17 198 33 13 220 23 22 16 18 198 34 13 220 19 21 20 19 198 35 13 220 23 23 17 24 248046 198 248045 74455 198 248068 271 248069 271	32,33,34,35
bind331/D	choice	248045 846 198 760 2614 369 264 5081 5576 3296 883 449 2528 1970 18834 13 21134 440 1132 279 6321 318 32 11 417 11 351 11 466 414 8 314 279 4252 2904 13 271 5865 1970 18834 198 83554 39185 25 220 18 15 17 17 198 50 1020 667 496 4405 1891 25 220 24 24 23 21 198 2196 50557 710 3974 25 220 24 17 18 19 198 42 2075 78961 25 220 21 19 18 22 198 89680 7509 73467 25 220 17 24 24 21 198 49 2492 5709 40733 25 220 16 21 18 18 198 42 2075 64683 14183 25 220 16 21 15 21 198 51 24685 1799 33852 1482 25 220 22 15 17 23 271 3710 369 279 2528 1970 364 52575 40733 30 271 32 13 220 24 17 18 19 198 33 13 220 24 24 23 21 198 34 13 220 17 24 24 21 198 35 13 220 16 21 18 18 248046 198 248045 74455 198 248068 271 248069 271	32,33,34,35
bind332/A	choice	248045 846 198 760 2614 369 264 5081 5576 3296 883 449 2528 1970 18834 13 21134 440 1132 279 6321 318 32 11 417 11 351 11 466 414 8 314 279 4252 2904 13 271 5865 1970 18834 198 10786 64 74092 25 220 18 19 23 20 198 5901 4897 34827 25 220 20 18 18 16 198 10786 64 32442 54958 25 220 20 19 21 18 198 45 1524 335 2075 16592 28100 25 220 17 22 18 19 198 2196 319 28975 25 220 19 15 15 22 198 54 268 4470 570 25 220 19 18 20 17 198 42 2075 629 17386 25 220 17 15 19 18 198 57 4493 67186 25 220 20 18 23 19 271 3710 369 279 2528 1970 364 48654 32442 54958 30 271 32 13 220 20 19 21 18 198 33 13 220 19 15 15 22 198 34 13 220 20 18 23 19 198 35 13 220 17 15 19 18 248046 198 248045 74455 198 248068 271 248069 271	32,33,34,35
bind333/B	choice	248045 846 198 760 2614 369 264 5081 5576 3296 883 449 2528 1970 18834 13 21134 440 1132 279 6321 318 32 11 417 11 351 11 466 414 8 314 279 4252 2904 13 271 5865 1970 18834 198 56 4897 73467 25 220 20 24 23 19 198 39 3253 207520 25 220 19 15 16 15 198 4904 4897 93922 25 220 21 16 22 23 198 43 1506 73467 25 220 17 17 19 17 198 50 1020 667 56763 25 220 16 15 17 18 198 82433 5367 25 220 24 15 24 15 198 57 4897 78961 25 220 20 17 20 17 198 89680 7509 59831 25 220 22 23 17 19 271 3710 369 279 2528 1970 364 783 4897 73467 30 271 32 13 220 16 15 17 18 198 33 13 220 20 24 23 19 198 34 13 220 20 17 20 17 198 35 13 220 19 15 16 15 248046 198 248045 74455 198 248068 271 248069 271	32,33,34,35
bind334/C	choice	248045 846 198 760 2614 369 264 5081 5576 3296 883 449 2528 1970 18834 13 21134 440 1132 279 6321 318 32 11 417 11 351 11 466 414 8 314 279 4252 2904 13 271 5865 1970 18834 198 54 268 235489 25 220 24 17 19 23 198 24601 10211 14315 48040 25 220 21 21 21 19 198 10786 64 1799 33852 1482 25 220 20 23 17 17 198 10786 64 61028 25 220 18 20 18 23 198 3320 2472 496 4405 1891 25 220 19 20 17 16 198 233511 67186 25 220 19 21 15 15 198 65343 32442 54958 25 220 21 18 15 24 198 65343 462 698 327 25 220 21 16 23 17 271 3710 369 279 2528 1970 364 7802 10211 14315 48040 30 271 32 13 220 18 20 18 23 198 33 13 220 24 17 19 23 198 34 13 220 21 21 21 19 198 35 13 220 19 20 17 16 248046 198 248045 74455 198 248068 271 248069 271	32,33,34,35
bind335/D	choice	248045 846 198 760 2614 369 264 5081 5576 3296 883 449 2528 1970 18834 13 21134 440 1132 279 6321 318 32 11 417 11 351 11 466 414 8 314 279 4252 2904 13 271 5865 1970 18834 198 1106 268 49346 25 220 19 21 15 23 198 49 11642 27466 25 220 23 18 15 17 198 83554 40733 25 220 21 24 20 18 198 2196 50557 61850 25 220 20 17 20 20 198 35 1701 452 72925 25 220 20 18 21 15 198 23202 396 59831 25 220 24 23 20 23 198 6737 55747 629 17386 25 220 17 24 18 23 198 34930 269 67186 25 220 21 24 23 23 271 3710 369 279 2528 1970 364 23720 49346 30 271 32 13 220 20 18 21 15 198 33 13 220 21 24 23 23 198 34 13 220 20 17 20 20 198 35 13 220 19 21 15 23 248046 198 248045 74455 198 248068 271 248069 271	32,33,34,35
bind336/A	choice	248045 846 198 760 2614 369 264 5081 5576 3296 883 449 2528 1970 18834 13 21134 440 1132 279 6321 318 32 11 417 11 351 11 466 414 8 314 279 4252 2904 13 271 5865 1970 18834 198 1106 268 61028 25 220 22 16 24 16 198 59605 52582 25 220 20 21 22 22 198 90979 78 458 452 82319 25 220 20 24 15 24 198 59605 41803 80831 25 220 19 18 23 22 198 90979 78 93922 25 220 16 19 15 24 198 35 1701 452 4470 570 25 220 22 22 24 19 198 42 88850 34827 25 220 22 18 18 18 198 56 4897 59405 85 25 220 17 15 17 24 271 3710 369 279 2528 1970 364 49390 458 452 82319 30 271 32 13 220 20 24 15 24 198 33 13 220 17 15 17 24 198 34 13 220 16 19 15 24 198 35 13 220 19 18 23 22 248046 198 248045 74455 198 248068 271 248069 271	32,33,34,35
bind337/B	choice	248045 846 198 760 2614 369 264 5081 5576 3296 883 449 2528 1970 18834 13 21134 440 1132 279 6321 318 32 11 417 11 351 11 466 414 8 314 279 4252 2904 13 271 5865 1970 18834 198 50 1020 667 28975 25 220 23 21 22 20 198 2196 50557 61028 25 220 22 24 24 20 198 4904 4897 61028 25 220 18 21 21 16 198 35921 299 227938 25 220 19 16 20 19 198 31795 1413 53656 25 220 22 17 23 18 198 35 1701 452 235489 25 220 19 17 15 21 198 5901 4897 27466 25 220 21 21 18 16 198 39 3253 67186 25 220 20 24 18 15 271 3710 369 279 2528 1970 364 75873 28975 30 271 32 13 220 20 24 18 15 198 33 13 220 23 21 22 20 198 34 13 220 21 21 18 16 198 35 13 220 22 17 23 18 248046 198 248045 74455 198 248068 271 248069 271	32,33,34,35
bind338/C	choice	248045 846 198 760 2614 369 264 5081 5576 3296 883 449 2528 1970 18834 13 21134 440 1132 279 6321 318 32 11 417 11 351 11 466 414 8 314 279 4252 2904 13 271 5865 1970 18834 198 24601 10211 36461 25 220 19 22 17 16 198 2196 50557 49472 25 220 20 22 20 15 198 57 4897 14315 48040 25 220 17 19 20 23 198 233511 27466 25 220 16 21 18 20 198 24601 10211 1799 33852 1482 25 220 17 21 24 19 198 49 11642 53656 25 220 21 20 17 15 198 89680 7509 93922 25 220 20 19 16 23 198 10786 64 40733 25 220 22 16 18 20 271 3710 369 279 2528 1970 364 48654 40733 30 271 32 13 220 20 22 20 15 198 33 13 220 17 21 24 19 198 34 13 220 22 16 18 20 198 35 13 220 16 21 18 20 248046 198 248045 74455 198 248068 271 248069 271	32,33,34,35
bind339/D	choice	248045 846 198 760 2614 369 264 5081 5576 3296 883 449 2528 1970 18834 13 21134 440 1132 279 6321 318 32 11 417 11 351 11 466 414 8 314 279 4252 2904 13 271 5865 1970 18834 198 34930 269 5367 25 220 18 16 23 21 198 31795 1413 14315 48040 25 220 22 19 24 20 198 35 1701 452 496 4405 1891 25 220 19 20 19 24 198 90979 78 462 698 327 25 220 20 23 18 20 198 27175 667 61028 25 220 24 18 23 22 198 35 1701 452 458 452 82319 25 220 24 19 22 24 198 54 268 710 3974 25 220 21 21 20 17 198 49 2492 5709 93922 25 220 19 20 20 23 271 3710 369 279 2528 1970 364 52575 93922 30 271 32 13 220 18 16 23 21 198 33 13 220 21 21 20 17 198 34 13 220 24 19 22 24 198 35 13 220 19 20 20 23 248046 198 248045 74455 198 248068 271 248069 271	32,33,34,35
bind340/A	choice	248045 846 198 760 2614 369 264 5081 5576 3296 883 449 2528 1970 18834 13 21134 440 1132 279 6321 318 32 11 417 11 351 11 466 414 8 314 279 4252 2904 13 271 5865 1970 18834 198 54 268 59405 85 25 220 19 23 24 16 198 10786 64 32442 54958 25 220 23 24 19 17 198 623 287 27466 25 220 18 19 24 15 198 3320 2472 16592 28100 25 220 20 24 16 17 198 56 350 1644 93922 25 220 17 18 23 20 198 89680 7509 53656 25 220 23 20 19 23 198 90979 78 49472 25 220 17 20 21 16 198 24601 10211 32442 54958 25 220 21 20 18 16 271 3710 369 279 2528 1970 364 733 287 27466 30 271 32 13 220 18 19 24 15 198 33 13 220 17 18 23 20 198 34 13 220 21 20 18 16 198 35 13 220 17 20 21 16 248046 198 248045 74455 198 248068 271 248069 271	32,33,34,35
bind341/B	choice	248045 846 198 760 2614 369 264 5081 5576 3296 883 449 2528 1970 18834 13 21134 440 1132 279 6321 318 32 11 417 11 351 11 466 414 8 314 279 4252 2904 13 271 5865 1970 18834 198 51 24685 458 452 82319 25 220 19 19 18 21 198 90979 78 26342 67220 375 25 220 17 20 24 18 198 24601 10211 64683 14183 25 220 16 19 23 21 198 5901 4897 49346 25 220 24 17 21 19 198 31795 1413 92372 25 220 20 16 15 20 198 59605 56763 25 220 24 23 18 22 198 35921 299 63419 25 220 16 17 18 24 198 42 2075 61028 25 220 19 23 20 21 271 3710 369 279 2528 1970 364 65788 63419 30 271 32 13 220 19 19 18 21 198 33 13 220 16 17 18 24 198 34 13 220 20 16 15 20 198 35 13 220 24 23 18 22 248046 198 248045 74455 198 248068 271 248069 271	32,33,34,35
bind342/C	choice	248045 846 198 760 2614 369 264 5081 5576 3296 883 449 2528 1970 18834 13 21134 440 1132 279 6321 318 32 11 417 11 351 11 466 414 8 314 279 4252 2904 13 271 5865 1970 18834 198 65343 27466 25 220 19 15 20 19 198 45 1524 335 2075 458 452 82319 25 220 22 24 20 17 198 4904 4897 41803 80831 25 220 19 18 21 18 198 42 2075 16592 28100 25 220 19 18 15 20 198 27175 667 56763 25 220 18 20 23 19 198 39304 667 629 17386 25 220 21 23 20 16 198 56 350 1644 64683 14183 25 220 22 19 24 18 198 37 65435 52582 25 220 20 24 15 15 271 3710 369 279 2528 1970 364 37994 56763 30 271 32 13 220 19 18 21 18 198 33 13 220 19 18 15 20 198 34 13 220 18 20 23 19 198 35 13 220 22 19 24 18 248046 198 248045 74455 198 248068 271 248069 271	32,33,34,35
bind343/D	choice	248045 846 198 760 2614 369 264 5081 5576 3296 883 449 2528 1970 18834 13 21134 440 1132 279 6321 318 32 11 417 11 351 11 466 414 8 314 279 4252 2904 13 271 5865 1970 18834 198 37 65435 36461 25 220 21 21 19 15 198 3320 2472 92372 25 220 24 22 18 17 198 45 51054 496 4405 1891 25 220 20 18 23 24 198 46 23738 40050 12297 25 220 23 23 22 22 198 4904 4897 49472 25 220 16 16 17 22 198 45 51054 49472 25 220 24 20 22 18 198 50 1020 667 46035 25 220 21 19 21 21 198 42 88850 61086 25 220 19 17 21 19 271 3710 369 279 2528 1970 364 2732 2472 92372 30 271 32 13 220 21 21 19 15 198 33 13 220 23 23 22 22 198 34 13 220 21 19 21 21 198 35 13 220 24 22 18 17 248046 198 248045 74455 198 248068 271 248069 271	32,33,34,35
bind344/A	choice	248045 846 198 760 2614 369 264 5081 5576 3296 883 449 2528 1970 18834 13 21134 440 1132 279 6321 318 32 11 417 11 351 11 466 414 8 314 279 4252 2904 13 271 5865 1970 18834 198 54 268 93922 25 220 24 15 18 24 198 2196 50557 710 3974 25 220 17 15 15 24 198 51 24685 207520 25 220 20 23 21 16 198 623 287 4254 2770 25 220 23 23 16 24 198 2196 319 59405 85 25 220 18 21 20 23 198 37 65435 78961 25 220 24 15 23 18 198 39 3253 40050 12297 25 220 23 15 21 19 198 82433 34827 25 220 22 23 18 24 271 3710 369 279 2528 1970 364 59157 93922 30 271 32 13 220 24 15 18 24 198 33 13 220 20 23 21 16 198 34 13 220 23 15 21 19 198 35 13 220 17 15 15 24 248046 198 248045 74455 198 248068 271 248069 271	32,33,34,35
bind345/B	choice	248045 846 198 760 2614 369 264 5081 5576 3296 883 449 2528 1970 18834 13 21134 440 1132 279 6321 318 32 11 417 11 351 11 466 414 8 314 279 4252 2904 13 271 5865 1970 18834 198 39304 667 61086 25 220 19 18 17 23 198 51 2692 80 235489 25 220 22 19 16 22 198 57 4493 73467 25 220 20 19 16 15 198 42 88850 39685 25 220 20 19 24 23 198 90979 78 28975 25 220 20 20 17 24 198 2665 269 40050 12297 25 220 20 23 15 16 198 2196 319 64683 14183 25 220 23 20 22 18 198 36 46419 59405 85 25 220 24 20 21 20 271 3710 369 279 2528 1970 364 710 88850 39685 30 271 32 13 220 22 19 16 22 198 33 13 220 20 19 24 23 198 34 13 220 23 20 22 18 198 35 13 220 19 18 17 23 248046 198 248045 74455 198 248068 271 248069 271	32,33,34,35
bind346/C	choice	248045 846 198 760 2614 369 264 5081 5576 3296 883 449 2528 1970 18834 13 21134 440 1132 279 6321 318 32 11 417 11 351 11 466 414 8 314 279 4252 2904 13 271 5865 1970 18834 198 42 2075 23773 12949 25 220 20 20 16 17 198 10786 64 235489 25 220 23 17 18 21 198 24601 10211 4470 570 25 220 19 22 21 17 198 5901 4897 496 4405 1891 25 220 17 15 15 23 198 50 1020 667 52582 25 220 23 15 19 23 198 6737 55747 53656 25 220 16 21 16 24 198 54 268 61086 25 220 22 21 16 15 198 50 1020 667 49346 25 220 17 21 20 20 271 3710 369 279 2528 1970 364 1587 55747 53656 30 271 32 13 220 22 21 16 15 198 33 13 220 19 22 21 17 198 34 13 220 16 21 16 24 198 35 13 220 20 20 16 17 248046 198 248045 74455 198 248068 271 248069 271	32,33,34,35
bind347/D	choice	248045 846 198 760 2614 369 264 5081 5576 3296 883 449 2528 1970 18834 13 21134 440 1132 279 6321 318 32 11 417 11 351 11 466 414 8 314 279 4252 2904 13 271 5865 1970 18834 198 233511 5367 25 220 23 19 23 17 198 42 88850 92372 25 220 18 22 19 16 198 89680 7509 458 452 82319 25 220 21 21 18 18 198 89306 710 3974 25 220 20 24 17 23 198 89680 7509 227938 25 220 19 23 16 17 198 65343 52582 25 220 21 23 16 16 198 23202 396 207520 25 220 18 23 19 15 198 42 88850 61028 25 220 22 16 17 16 271 3710 369 279 2528 1970 364 7967 396 207520 30 271 32 13 220 21 21 18 18 198 33 13 220 19 23 16 17 198 34 13 220 20 24 17 23 198 35 13 220 18 23 19 15 248046 198 248045 74455 198 248068 271 248069 271	32,33,34,35
bind348/A	choice	248045 846 198 760 2614 369 264 5081 5576 3296 883 449 2528 1970 18834 13 21134 440 1132 279 6321 318 32 11 417 11 351 11 466 414 8 314 279 4252 2904 13 271 5865 1970 18834 198 37 65435 74092 25 220 16 17 16 17 198 54 268 49346 25 220 23 16 20 15 198 83554 61028 25 220 16 23 16 21 198 51 24685 40733 25 220 23 18 20 19 198 56 350 1644 61028 25 220 22 17 24 22 198 2196 50557 27466 25 220 16 15 17 18 198 49 2492 5709 49346 25 220 23 16 21 18 198 89306 39685 25 220 17 22 17 18 271 3710 369 279 2528 1970 364 345 24685 40733 30 271 32 13 220 23 18 20 19 198 33 13 220 16 17 16 17 198 34 13 220 22 17 24 22 198 35 13 220 17 22 17 18 248046 198 248045 74455 198 248068 271 248069 271	32,33,34,35
bind349/B	choice	248045 846 198 760 2614 369 264 5081 5576 3296 883 449 2528 1970 18834 13 21134 440 1132 279 6321 318 32 11 417 11 351 11 466 414 8 314 279 4252 2904 13 271 5865 1970 18834 198 39304 667 39685 25 220 22 19 16 17 198 35921 299 67186 25 220 19 16 24 24 198 50 1020 667 39685 25 220 21 17 19 23 198 23202 396 93922 25 220 21 18 18 19 198 50 1020 667 72925 25 220 22 17 24 19 198 40 15190 46035 25 220 22 20 19 23 198 24601 10211 32442 54958 25 220 23 21 19 17 198 82433 93922 25 220 19 15 19 24 271 3710 369 279 2528 1970 364 33051 93922 30 271 32 13 220 22 19 16 17 198 33 13 220 19 15 19 24 198 34 13 220 19 16 24 24 198 35 13 220 21 17 19 23 248046 198 248045 74455 198 248068 271 248069 271	32,33,34,35
bind350/C	choice	248045 846 198 760 2614 369 264 5081 5576 3296 883 449 2528 1970 18834 13 21134 440 1132 279 6321 318 32 11 417 11 351 11 466 414 8 314 279 4252 2904 13 271 5865 1970 18834 198 27175 667 49346 25 220 20 22 15 19 198 39 3253 72925 25 220 21 22 16 15 198 49 11642 36461 25 220 17 15 18 24 198 56 4897 63419 25 220 19 17 22 18 198 39 32389 82596 25 220 18 20 22 22 198 45 1524 335 2075 710 3974 25 220 16 21 19 23 198 40 15190 46035 25 220 16 22 18 18 198 36 46419 59405 85 25 220 22 23 24 17 271 3710 369 279 2528 1970 364 49374 82596 30 271 32 13 220 16 21 19 23 198 33 13 220 16 22 18 18 198 34 13 220 18 20 22 22 198 35 13 220 22 23 24 17 248046 198 248045 74455 198 248068 271 248069 271	32,33,34,35
bind351/D	choice	248045 846 198 760 2614 369 264 5081 5576 3296 883 449 2528 1970 18834 13 21134 440 1132 279 6321 318 32 11 417 11 351 11 466 414 8 314 279 4252 2904 13 271 5865 1970 18834 198 39 32389 4470 570 25 220 16 21 23 17 198 35 1701 452 82596 25 220 22 15 24 24 198 56 4897 55240 25 220 23 21 17 21 198 35921 299 23773 12949 25 220 16 17 15 20 198 5901 4897 64683 14183 25 220 18 24 22 23 198 89680 7509 23773 12949 25 220 24 18 19 16 198 623 287 64683 14183 25 220 19 17 16 17 198 40 15190 64683 14183 25 220 23 22 15 16 271 3710 369 279 2528 1970 364 733 287 64683 14183 30 271 32 13 220 23 21 17 21 198 33 13 220 23 22 15 16 198 34 13 220 24 18 19 16 198 35 13 220 19 17 16 17 248046 198 248045 74455 198 248068 271 248069 271	32,33,34,35
bind352/A	choice	248045 846 198 760 2614 369 264 5081 5576 3296 883 449 2528 1970 18834 13 21134 440 1132 279 6321 318 32 11 417 11 351 11 466 414 8 314 279 4252 2904 13 271 5865 1970 18834 198 42 88850 40733 25 220 20 17 24 22 198 92055 32442 54958 25 220 19 20 19 20 198 42 2075 78961 25 220 22 15 18 23 198 2196 319 92372 25 220 19 17 22 19 198 23202 396 39185 25 220 24 24 16 19 198 5901 4897 93922 25 220 19 23 15 17 198 49 2492 5709 36461 25 220 20 23 23 20 198 27175 667 39685 25 220 17 21 24 22 271 3710 369 279 2528 1970 364 37994 39685 30 271 32 13 220 17 21 24 22 198 33 13 220 19 23 15 17 198 34 13 220 19 20 19 20 198 35 13 220 20 23 23 20 248046 198 248045 74455 198 248068 271 248069 271	32,33,34,35
bind353/B	choice	248045 846 198 760 2614 369 264 5081 5576 3296 883 449 2528 1970 18834 13 21134 440 1132 279 6321 318 32 11 417 11 351 11 466 414 8 314 279 4252 2904 13 271 5865 1970 18834 198 36 46419 53656 25 220 23 22 22 17 198 49 11642 235489 25 220 24 20 24 20 198 31795 1413 34827 25 220 22 22 21 19 198 6737 55747 52582 25 220 21 19 18 17 198 623 287 53656 25 220 18 18 22 21 198 6737 55747 73467 25 220 18 20 16 21 198 39 3253 63294 25 220 16 15 21 20 198 90979 78 56763 25 220 24 19 23 15 271 3710 369 279 2528 1970 364 13065 1413 34827 30 271 32 13 220 24 19 23 15 198 33 13 220 22 22 21 19 198 34 13 220 21 19 18 17 198 35 13 220 16 15 21 20 248046 198 248045 74455 198 248068 271 248069 271	32,33,34,35
bind354/C	choice	248045 846 198 760 2614 369 264 5081 5576 3296 883 449 2528 1970 18834 13 21134 440 1132 279 6321 318 32 11 417 11 351 11 466 414 8 314 279 4252 2904 13 271 5865 1970 18834 198 31795 1413 14315 48040 25 220 24 15 16 22 198 34930 269 59831 25 220 22 15 17 15 198 39 32389 710 358 1091 6433 25 220 16 18 21 15 198 89306 34827 25 220 24 22 21 17 198 83554 235489 25 220 19 17 17 20 198 43 1506 1799 33852 1482 25 220 17 15 20 16 198 82433 32442 54958 25 220 22 22 20 15 198 2196 319 36461 25 220 20 15 22 23 271 3710 369 279 2528 1970 364 49374 710 358 1091 6433 30 271 32 13 220 22 22 20 15 198 33 13 220 20 15 22 23 198 34 13 220 16 18 21 15 198 35 13 220 24 15 16 22 248046 198 248045 74455 198 248068 271 248069 271	32,33,34,35
bind355/D	choice	248045 846 198 760 2614 369 264 5081 5576 3296 883 449 2528 1970 18834 13 21134 440 1132 279 6321 318 32 11 417 11 351 11 466 414 8 314 279 4252 2904 13 271 5865 1970 18834 198 65343 28975 25 220 18 21 19 22 198 42 88850 49472 25 220 24 22 24 17 198 42 88850 40050 12297 25 220 22 23 16 17 198 2665 269 59831 25 220 17 19 22 16 198 83554 82596 25 220 16 16 18 21 198 51 24685 23773 12949 25 220 21 22 17 19 198 46 23738 59405 85 25 220 16 17 23 24 198 39 32389 629 17386 25 220 22 21 17 17 271 3710 369 279 2528 1970 364 29695 59405 85 30 271 32 13 220 22 23 16 17 198 33 13 220 18 21 19 22 198 34 13 220 22 21 17 17 198 35 13 220 16 17 23 24 248046 198 248045 74455 198 248068 271 248069 271	32,33,34,35
bind356/A	choice	248045 846 198 760 2614 369 264 5081 5576 3296 883 449 2528 1970 18834 13 21134 440 1132 279 6321 318 32 11 417 11 351 11 466 414 8 314 279 4252 2904 13 271 5865 1970 18834 198 51 21576 26342 67220 375 25 220 18 23 15 24 198 4904 4897 56763 25 220 21 16 23 15 198 51 24685 63294 25 220 16 23 16 16 198 89680 7509 61028 25 220 23 19 15 21 198 35921 299 61028 25 220 19 16 16 23 198 36 46419 462 698 327 25 220 22 15 15 24 198 45 51054 4254 2770 25 220 20 21 24 19 198 51 24685 82596 25 220 16 17 21 22 271 3710 369 279 2528 1970 364 33514 667 4254 2770 30 271 32 13 220 20 21 24 19 198 33 13 220 21 16 23 15 198 34 13 220 16 17 21 22 198 35 13 220 22 15 15 24 248046 198 248045 74455 198 248068 271 248069 271	32,33,34,35
bind357/B	choice	248045 846 198 760 2614 369 264 5081 5576 3296 883 449 2528 1970 18834 13 21134 440 1132 279 6321 318 32 11 417 11 351 11 466 414 8 314 279 4252 2904 13 271 5865 1970 18834 198 31795 1413 710 3974 25 220 17 17 19 22 198 39 3253 72925 25 220 20 21 21 21 198 2665 269 63294 25 220 20 18 21 20 198 35921 299 53656 25 220 17 17 20 24 198 92055 61850 25 220 22 21 22 20 198 49 2492 5709 227938 25 220 17 23 22 18 198 51 21576 16592 28100 25 220 19 23 18 15 198 92055 235489 25 220 22 18 16 15 271 3710 369 279 2528 1970 364 13065 1413 710 3974 30 271 32 13 220 19 23 18 15 198 33 13 220 17 17 19 22 198 34 13 220 20 18 21 20 198 35 13 220 17 23 22 18 248046 198 248045 74455 198 248068 271 248069 271	32,33,34,35
bind358/C	choice	248045 846 198 760 2614 369 264 5081 5576 3296 883 449 2528 1970 18834 13 21134 440 1132 279 6321 318 32 11 417 11 351 11 466 414 8 314 279 4252 2904 13 271 5865 1970 18834 198 89680 7509 629 17386 25 220 19 19 18 18 198 10786 64 61086 25 220 21 16 23 20 198 35 1701 452 61850 25 220 23 19 15 24 198 82433 28975 25 220 20 22 23 20 198 89680 7509 36461 25 220 21 18 20 18 198 54 268 53656 25 220 17 24 19 19 198 56 350 1644 629 17386 25 220 17 16 21 17 198 2196 319 41803 80831 25 220 16 22 17 22 271 3710 369 279 2528 1970 364 48654 61086 30 271 32 13 220 16 22 17 22 198 33 13 220 20 22 23 20 198 34 13 220 21 16 23 20 198 35 13 220 21 18 20 18 248046 198 248045 74455 198 248068 271 248069 271	32,33,34,35
bind359/D	choice	248045 846 198 760 2614 369 264 5081 5576 3296 883 449 2528 1970 18834 13 21134 440 1132 279 6321 318 32 11 417 11 351 11 466 414 8 314 279 4252 2904 13 271 5865 1970 18834 198 92055 39185 25 220 20 23 21 17 198 5901 4897 36461 25 220 21 22 24 19 198 27175 667 61850 25 220 18 16 18 22 198 57 4493 1799 33852 1482 25 220 23 21 18 19 198 65343 63419 25 220 24 22 24 15 198 2196 319 93922 25 220 18 16 22 18 198 2665 269 63294 25 220 20 22 20 19 198 10786 64 59831 25 220 21 23 24 18 271 3710 369 279 2528 1970 364 24480 63419 30 271 32 13 220 20 22 20 19 198 33 13 220 18 16 22 18 198 34 13 220 23 21 18 19 198 35 13 220 24 22 24 15 248046 198 248045 74455 198 248068 271 248069 271	32,33,34,35
bind360/A	choice	248045 846 198 760 2614 369 264 5081 5576 3296 883 449 2528 1970 18834 13 21134 440 1132 279 6321 318 32 11 417 11 351 11 466 414 8 314 279 4252 2904 13 271 5865 1970 18834 198 56 350 1644 496 4405 1891 25 220 24 20 16 23 198 57 4897 710 3974 25 220 18 22 22 16 198 57 4897 458 452 82319 25 220 23 15 24 16 198 42 88850 5367 25 220 16 16 21 24 198 51 21576 59405 85 25 220 21 15 21 21 198 57 4493 61850 25 220 24 18 15 23 198 56 4897 46035 25 220 18 15 21 23 198 34930 269 40733 25 220 18 17 22 16 271 3710 369 279 2528 1970 364 31247 40733 30 271 32 13 220 18 17 22 16 198 33 13 220 16 16 21 24 198 34 13 220 24 18 15 23 198 35 13 220 18 22 22 16 248046 198 248045 74455 198 248068 271 248069 271	32,33,34,35
bind361/B	choice	248045 846 198 760 2614 369 264 5081 5576 3296 883 449 2528 1970 18834 13 21134 440 1132 279 6321 318 32 11 417 11 351 11 466 414 8 314 279 4252 2904 13 271 5865 1970 18834 198 51 2692 80 227938 25 220 17 21 16 16 198 3320 2472 59831 25 220 21 16 15 16 198 89306 53656 25 220 21 15 24 19 198 45 1524 335 2075 46035 25 220 24 20 20 20 198 54 268 26342 67220 375 25 220 23 20 17 21 198 43 1506 5367 25 220 21 19 22 19 198 54 268 56763 25 220 24 15 21 17 198 89680 7509 93922 25 220 21 24 22 22 271 3710 369 279 2528 1970 364 59157 56763 30 271 32 13 220 21 19 22 19 198 33 13 220 24 15 21 17 198 34 13 220 21 24 22 22 198 35 13 220 21 16 15 16 248046 198 248045 74455 198 248068 271 248069 271	32,33,34,35
bind362/C	choice	248045 846 198 760 2614 369 264 5081 5576 3296 883 449 2528 1970 18834 13 21134 440 1132 279 6321 318 32 11 417 11 351 11 466 414 8 314 279 4252 2904 13 271 5865 1970 18834 198 92055 496 4405 1891 25 220 20 16 20 18 198 57 4897 629 17386 25 220 17 17 16 22 198 2196 319 32442 54958 25 220 23 18 24 23 198 57 4897 235489 25 220 24 16 15 18 198 2229 10211 39185 25 220 22 15 15 18 198 36 46419 46035 25 220 19 23 19 20 198 623 287 59405 85 25 220 20 15 16 15 198 5901 4897 49346 25 220 23 15 23 19 271 3710 369 279 2528 1970 364 1900 10211 39185 30 271 32 13 220 19 23 19 20 198 33 13 220 23 18 24 23 198 34 13 220 22 15 15 18 198 35 13 220 24 16 15 18 248046 198 248045 74455 198 248068 271 248069 271	32,33,34,35
bind363/D	choice	248045 846 198 760 2614 369 264 5081 5576 3296 883 449 2528 1970 18834 13 21134 440 1132 279 6321 318 32 11 417 11 351 11 466 414 8 314 279 4252 2904 13 271 5865 1970 18834 198 39 3253 78961 25 220 22 19 24 22 198 6737 55747 496 4405 1891 25 220 22 21 20 17 198 37 65435 72925 25 220 24 24 21 21 198 233511 40050 12297 25 220 16 24 22 17 198 233511 78961 25 220 24 15 20 17 198 1106 268 52582 25 220 21 22 18 17 198 2665 269 74092 25 220 18 22 18 23 198 56 350 1644 73467 25 220 16 21 22 17 271 3710 369 279 2528 1970 364 23720 52582 30 271 32 13 220 22 19 24 22 198 33 13 220 22 21 20 17 198 34 13 220 16 21 22 17 198 35 13 220 21 22 18 17 248046 198 248045 74455 198 248068 271 248069 271	32,33,34,35
bind364/A	choice	248045 846 198 760 2614 369 264 5081 5576 3296 883 449 2528 1970 18834 13 21134 440 1132 279 6321 318 32 11 417 11 351 11 466 414 8 314 279 4252 2904 13 271 5865 1970 18834 198 3320 2472 496 4405 1891 25 220 18 17 16 21 198 51 24685 56763 25 220 24 17 19 21 198 35 1701 452 46035 25 220 18 18 17 19 198 56 4897 34827 25 220 16 21 15 18 198 59605 46035 25 220 16 20 22 24 198 49 11642 61086 25 220 20 19 17 24 198 2665 269 14315 48040 25 220 17 16 24 21 198 45 1524 335 2075 56763 25 220 24 23 15 19 271 3710 369 279 2528 1970 364 63889 452 46035 30 271 32 13 220 18 18 17 19 198 33 13 220 24 23 15 19 198 34 13 220 20 19 17 24 198 35 13 220 24 17 19 21 248046 198 248045 74455 198 248068 271 248069 271	32,33,34,35
bind365/B	choice	248045 846 198 760 2614 369 264 5081 5576 3296 883 449 2528 1970 18834 13 21134 440 1132 279 6321 318 32 11 417 11 351 11 466 414 8 314 279 4252 2904 13 271 5865 1970 18834 198 90979 78 67186 25 220 22 23 15 15 198 59605 73467 25 220 24 21 16 20 198 57 4897 710 3974 25 220 23 18 19 18 198 2196 50557 49346 25 220 18 17 23 20 198 623 287 4470 570 25 220 22 21 24 18 198 42 88850 78961 25 220 17 21 16 23 198 49 2492 5709 59831 25 220 19 16 16 16 198 6737 55747 36461 25 220 24 16 15 17 271 3710 369 279 2528 1970 364 243575 710 3974 30 271 32 13 220 17 21 16 23 198 33 13 220 23 18 19 18 198 34 13 220 19 16 16 16 198 35 13 220 18 17 23 20 248046 198 248045 74455 198 248068 271 248069 271	32,33,34,35
bind366/C	choice	248045 846 198 760 2614 369 264 5081 5576 3296 883 449 2528 1970 18834 13 21134 440 1132 279 6321 318 32 11 417 11 351 11 466 414 8 314 279 4252 2904 13 271 5865 1970 18834 198 83554 64683 14183 25 220 23 22 17 20 198 49 2492 5709 28975 25 220 20 15 19 23 198 24601 10211 227938 25 220 20 15 18 24 198 57 4897 27466 25 220 22 21 16 16 198 623 287 49472 25 220 21 22 24 22 198 51 24685 39185 25 220 23 16 20 21 198 2196 50557 5367 25 220 20 24 19 24 198 1106 268 1799 33852 1482 25 220 22 15 24 15 271 3710 369 279 2528 1970 364 23720 1799 33852 1482 30 271 32 13 220 20 15 19 23 198 33 13 220 23 22 17 20 198 34 13 220 22 15 24 15 198 35 13 220 22 21 16 16 248046 198 248045 74455 198 248068 271 248069 271	32,33,34,35
bind367/D	choice	248045 846 198 760 2614 369 264 5081 5576 3296 883 449 2528 1970 18834 13 21134 440 1132 279 6321 318 32 11 417 11 351 11 466 414 8 314 279 4252 2904 13 271 5865 1970 18834 198 3320 2472 74092 25 220 18 15 22 21 198 2665 269 59405 85 25 220 17 22 15 20 198 2229 10211 629 17386 25 220 21 19 19 17 198 39 32389 46035 25 220 20 19 21 24 198 50 1020 667 710 358 1091 6433 25 220 20 24 21 24 198 27175 667 78961 25 220 23 24 15 17 198 2196 50557 61850 25 220 19 23 17 15 198 45 51054 63419 25 220 18 18 24 15 271 3710 369 279 2528 1970 364 33514 667 63419 30 271 32 13 220 21 19 19 17 198 33 13 220 17 22 15 20 198 34 13 220 20 24 21 24 198 35 13 220 18 18 24 15 248046 198 248045 74455 198 248068 271 248069 271	32,33,34,35
bind368/A	choice	248045 846 198 760 2614 369 264 5081 5576 3296 883 449 2528 1970 18834 13 21134 440 1132 279 6321 318 32 11 417 11 351 11 466 414 8 314 279 4252 2904 13 271 5865 1970 18834 198 50 1020 667 4470 570 25 220 22 15 19 24 198 43 1506 82596 25 220 22 19 19 17 198 43 1506 40733 25 220 20 24 17 17 198 45 51054 710 3974 25 220 24 24 23 18 198 233511 64683 14183 25 220 21 21 16 22 198 35 1701 452 5367 25 220 21 18 22 20 198 54 268 26342 67220 375 25 220 24 18 23 20 198 40 15190 34827 25 220 19 15 18 17 271 3710 369 279 2528 1970 364 82807 64683 14183 30 271 32 13 220 21 21 16 22 198 33 13 220 24 24 23 18 198 34 13 220 19 15 18 17 198 35 13 220 24 18 23 20 248046 198 248045 74455 198 248068 271 248069 271	32,33,34,35
bind369/B	choice	248045 846 198 760 2614 369 264 5081 5576 3296 883 449 2528 1970 18834 13 21134 440 1132 279 6321 318 32 11 417 11 351 11 466 414 8 314 279 4252 2904 13 271 5865 1970 18834 198 4904 4897 1799 33852 1482 25 220 17 24 20 24 198 2196 50557 53656 25 220 23 17 16 16 198 6737 55747 67186 25 220 23 17 17 15 198 51 2692 80 14315 48040 25 220 18 22 22 15 198 57 4493 40733 25 220 16 17 24 18 198 27175 667 458 452 82319 25 220 22 18 18 16 198 45 1524 335 2075 227938 25 220 19 21 24 18 198 45 51054 16592 28100 25 220 19 22 19 15 271 3710 369 279 2528 1970 364 5570 50557 53656 30 271 32 13 220 17 24 20 24 198 33 13 220 23 17 16 16 198 34 13 220 19 21 24 18 198 35 13 220 18 22 22 15 248046 198 248045 74455 198 248068 271 248069 271	32,33,34,35
bind370/C	choice	248045 846 198 760 2614 369 264 5081 5576 3296 883 449 2528 1970 18834 13 21134 440 1132 279 6321 318 32 11 417 11 351 11 466 414 8 314 279 4252 2904 13 271 5865 1970 18834 198 1106 268 63419 25 220 21 18 18 16 198 2196 50557 40050 12297 25 220 21 24 18 23 198 5901 4897 4470 570 25 220 22 20 24 20 198 82433 49472 25 220 23 23 18 20 198 27175 667 55240 25 220 24 24 23 17 198 50 1020 667 207520 25 220 16 17 16 16 198 24601 10211 61086 25 220 22 19 16 19 198 40 15190 67186 25 220 20 16 20 17 271 3710 369 279 2528 1970 364 5570 50557 40050 12297 30 271 32 13 220 24 24 23 17 198 33 13 220 16 17 16 16 198 34 13 220 21 24 18 23 198 35 13 220 21 18 18 16 248046 198 248045 74455 198 248068 271 248069 271	32,33,34,35
bind371/D	choice	248045 846 198 760 2614 369 264 5081 5576 3296 883 449 2528 1970 18834 13 21134 440 1132 279 6321 318 32 11 417 11 351 11 466 414 8 314 279 4252 2904 13 271 5865 1970 18834 198 56 4897 26342 67220 375 25 220 24 22 16 19 198 49 2492 5709 61028 25 220 22 15 20 19 198 51 24685 63294 25 220 24 18 16 15 198 35921 299 4254 2770 25 220 21 16 19 18 198 92055 40733 25 220 19 18 22 24 198 43 1506 82596 25 220 19 18 21 18 198 40 15190 63294 25 220 20 15 23 20 198 39304 667 4470 570 25 220 21 18 18 19 271 3710 369 279 2528 1970 364 49428 40733 30 271 32 13 220 20 15 23 20 198 33 13 220 21 18 18 19 198 34 13 220 21 16 19 18 198 35 13 220 19 18 22 24 248046 198 248045 74455 198 248068 271 248069 271	32,33,34,35
bind372/A	choice	248045 846 198 760 2614 369 264 5081 5576 3296 883 449 2528 1970 18834 13 21134 440 1132 279 6321 318 32 11 417 11 351 11 466 414 8 314 279 4252 2904 13 271 5865 1970 18834 198 89306 458 452 82319 25 220 22 16 18 19 198 37 65435 82596 25 220 16 16 15 16 198 42 2075 26342 67220 375 25 220 18 21 20 19 198 39 32389 1799 33852 1482 25 220 24 18 23 23 198 51 2692 80 207520 25 220 16 21 21 15 198 39304 667 55240 25 220 20 24 21 17 198 35921 299 56763 25 220 24 16 22 15 198 56 4897 49346 25 220 16 19 18 20 271 3710 369 279 2528 1970 364 76459 55240 30 271 32 13 220 20 24 21 17 198 33 13 220 18 21 20 19 198 34 13 220 16 21 21 15 198 35 13 220 24 16 22 15 248046 198 248045 74455 198 248068 271 248069 271	32,33,34,35
bind373/B	choice	248045 846 198 760 2614 369 264 5081 5576 3296 883 449 2528 1970 18834 13 21134 440 1132 279 6321 318 32 11 417 11 351 11 466 414 8 314 279 4252 2904 13 271 5865 1970 18834 198 45 51054 26342 67220 375 25 220 16 22 22 22 198 36 46419 73467 25 220 16 23 19 15 198 57 4897 207520 25 220 24 17 18 17 198 82433 39185 25 220 24 20 21 16 198 50 1020 667 55240 25 220 16 23 17 16 198 36 46419 227938 25 220 21 24 21 20 198 27175 667 56763 25 220 21 17 16 18 198 2665 269 64683 14183 25 220 20 20 16 23 271 3710 369 279 2528 1970 364 243575 207520 30 271 32 13 220 16 22 22 22 198 33 13 220 24 17 18 17 198 34 13 220 21 24 21 20 198 35 13 220 21 17 16 18 248046 198 248045 74455 198 248068 271 248069 271	32,33,34,35
bind374/C	choice	248045 846 198 760 2614 369 264 5081 5576 3296 883 449 2528 1970 18834 13 21134 440 1132 279 6321 318 32 11 417 11 351 11 466 414 8 314 279 4252 2904 13 271 5865 1970 18834 198 31795 1413 49346 25 220 23 22 24 19 198 51 21576 61086 25 220 16 18 20 21 198 6737 55747 59831 25 220 20 19 17 22 198 37 65435 207520 25 220 18 22 20 22 198 56 4897 227938 25 220 21 19 21 21 198 54 268 629 17386 25 220 16 19 21 16 198 6737 55747 496 4405 1891 25 220 18 18 20 23 198 4904 4897 28975 25 220 18 21 22 22 271 3710 369 279 2528 1970 364 48854 28975 30 271 32 13 220 20 19 17 22 198 33 13 220 16 19 21 16 198 34 13 220 18 21 22 22 198 35 13 220 16 18 20 21 248046 198 248045 74455 198 248068 271 248069 271	32,33,34,35
bind375/D	choice	248045 846 198 760 2614 369 264 5081 5576 3296 883 449 2528 1970 18834 13 21134 440 1132 279 6321 318 32 11 417 11 351 11 466 414 8 314 279 4252 2904 13 271 5865 1970 18834 198 56 4897 462 698 327 25 220 23 21 19 23 198 10786 64 61850 25 220 19 15 16 19 198 89680 7509 92372 25 220 17 20 20 23 198 89306 59831 25 220 24 24 18 15 198 42 88850 710 358 1091 6433 25 220 19 15 22 22 198 45 1524 335 2075 16592 28100 25 220 16 23 15 20 198 10786 64 4470 570 25 220 20 19 17 16 198 5901 4897 64683 14183 25 220 22 18 15 17 271 3710 369 279 2528 1970 364 26882 7509 92372 30 271 32 13 220 22 18 15 17 198 33 13 220 19 15 16 19 198 34 13 220 20 19 17 16 198 35 13 220 17 20 20 23 248046 198 248045 74455 198 248068 271 248069 271	32,33,34,35
bind376/A	choice	248045 846 198 760 2614 369 264 5081 5576 3296 883 449 2528 1970 18834 13 21134 440 1132 279 6321 318 32 11 417 11 351 11 466 414 8 314 279 4252 2904 13 271 5865 1970 18834 198 83554 207520 25 220 17 15 16 23 198 233511 27466 25 220 21 18 16 18 198 10786 64 78961 25 220 18 17 18 18 198 35921 299 55240 25 220 16 17 20 17 198 90979 78 40050 12297 25 220 21 15 20 23 198 92055 4470 570 25 220 22 15 18 15 198 39 32389 1799 33852 1482 25 220 16 17 21 18 198 623 287 462 698 327 25 220 24 15 16 16 271 3710 369 279 2528 1970 364 49390 40050 12297 30 271 32 13 220 21 15 20 23 198 33 13 220 17 15 16 23 198 34 13 220 16 17 21 18 198 35 13 220 24 15 16 16 248046 198 248045 74455 198 248068 271 248069 271	32,33,34,35
bind377/B	choice	248045 846 198 760 2614 369 264 5081 5576 3296 883 449 2528 1970 18834 13 21134 440 1132 279 6321 318 32 11 417 11 351 11 466 414 8 314 279 4252 2904 13 271 5865 1970 18834 198 43 1506 64683 14183 25 220 18 21 18 20 198 57 4897 23773 12949 25 220 22 20 17 24 198 2196 319 629 17386 25 220 19 17 24 18 198 54 268 39185 25 220 17 16 21 22 198 57 4897 16592 28100 25 220 17 20 23 18 198 43 1506 28975 25 220 19 19 22 23 198 40 15190 32442 54958 25 220 19 15 20 23 198 4904 4897 27466 25 220 24 24 20 22 271 3710 369 279 2528 1970 364 243575 23773 12949 30 271 32 13 220 19 19 22 23 198 33 13 220 22 20 17 24 198 34 13 220 19 17 24 18 198 35 13 220 18 21 18 20 248046 198 248045 74455 198 248068 271 248069 271	32,33,34,35
bind378/C	choice	248045 846 198 760 2614 369 264 5081 5576 3296 883 449 2528 1970 18834 13 21134 440 1132 279 6321 318 32 11 417 11 351 11 466 414 8 314 279 4252 2904 13 271 5865 1970 18834 198 4904 4897 39185 25 220 22 19 17 19 198 23202 396 496 4405 1891 25 220 18 17 17 23 198 56 350 1644 78961 25 220 23 21 21 16 198 65343 32442 54958 25 220 19 21 21 18 198 49 11642 23773 12949 25 220 16 20 23 18 198 10786 64 496 4405 1891 25 220 19 16 20 17 198 3320 2472 63419 25 220 23 21 19 15 198 39 3253 36461 25 220 20 22 16 19 271 3710 369 279 2528 1970 364 7967 396 496 4405 1891 30 271 32 13 220 23 21 21 16 198 33 13 220 20 22 16 19 198 34 13 220 18 17 17 23 198 35 13 220 23 21 19 15 248046 198 248045 74455 198 248068 271 248069 271	32,33,34,35
bind379/D	choice	248045 846 198 760 2614 369 264 5081 5576 3296 883 449 2528 1970 18834 13 21134 440 1132 279 6321 318 32 11 417 11 351 11 466 414 8 314 279 4252 2904 13 271 5865 1970 18834 198 45 1524 335 2075 61086 25 220 17 23 16 16 198 4904 4897 93922 25 220 24 21 18 16 198 42 88850 72925 25 220 22 22 22 21 198 46 23738 78961 25 220 23 22 22 20 198 42 88850 27466 25 220 21 19 17 19 198 46 23738 64683 14183 25 220 22 23 19 24 198 40 15190 92372 25 220 20 19 19 22 198 3320 2472 1799 33852 1482 25 220 21 17 23 15 271 3710 369 279 2528 1970 364 40050 92372 30 271 32 13 220 24 21 18 16 198 33 13 220 21 19 17 19 198 34 13 220 23 22 22 20 198 35 13 220 20 19 19 22 248046 198 248045 74455 198 248068 271 248069 271	32,33,34,35
bind380/A	choice	248045 846 198 760 2614 369 264 5081 5576 3296 883 449 2528 1970 18834 13 21134 440 1132 279 6321 318 32 11 417 11 351 11 466 414 8 314 279 4252 2904 13 271 5865 1970 18834 198 37 65435 4470 570 25 220 16 20 19 22 198 45 1524 335 2075 629 17386 25 220 19 18 19 19 198 39 32389 4254 2770 25 220 24 16 21 18 198 1106 268 73467 25 220 16 18 16 19 198 5901 4897 64683 14183 25 220 24 23 22 24 198 1106 268 710 3974 25 220 16 17 23 16 198 65343 72925 25 220 22 16 23 24 198 57 4897 39685 25 220 19 24 24 22 271 3710 369 279 2528 1970 364 92253 2075 629 17386 30 271 32 13 220 19 18 19 19 198 33 13 220 16 17 23 16 198 34 13 220 16 20 19 22 198 35 13 220 19 24 24 22 248046 198 248045 74455 198 248068 271 248069 271	32,33,34,35
bind381/B	choice	248045 846 198 760 2614 369 264 5081 5576 3296 883 449 2528 1970 18834 13 21134 440 1132 279 6321 318 32 11 417 11 351 11 466 414 8 314 279 4252 2904 13 271 5865 1970 18834 198 42 2075 53656 25 220 24 16 17 18 198 623 287 629 17386 25 220 22 17 20 17 198 6737 55747 39685 25 220 16 15 24 15 198 40 15190 4254 2770 25 220 22 20 17 24 198 3320 2472 227938 25 220 18 22 24 15 198 45 51054 629 17386 25 220 16 20 20 23 198 50 1020 667 49472 25 220 24 23 21 18 198 31795 1413 4470 570 25 220 19 18 24 24 271 3710 369 279 2528 1970 364 1587 55747 39685 30 271 32 13 220 24 16 17 18 198 33 13 220 16 15 24 15 198 34 13 220 18 22 24 15 198 35 13 220 24 23 21 18 248046 198 248045 74455 198 248068 271 248069 271	32,33,34,35
bind382/C	choice	248045 846 198 760 2614 369 264 5081 5576 3296 883 449 2528 1970 18834 13 21134 440 1132 279 6321 318 32 11 417 11 351 11 466 414 8 314 279 4252 2904 13 271 5865 1970 18834 198 54 268 72925 25 220 17 21 21 22 198 49 2492 5709 61028 25 220 21 16 18 22 198 46 23738 74092 25 220 21 16 24 22 198 57 4493 73467 25 220 18 24 17 16 198 35921 299 458 452 82319 25 220 24 16 16 20 198 23202 396 39685 25 220 23 17 24 21 198 39304 667 462 698 327 25 220 16 17 17 21 198 56 350 1644 40733 25 220 18 23 22 22 271 3710 369 279 2528 1970 364 220348 40733 30 271 32 13 220 23 17 24 21 198 33 13 220 21 16 24 22 198 34 13 220 18 23 22 22 198 35 13 220 17 21 21 22 248046 198 248045 74455 198 248068 271 248069 271	32,33,34,35
bind383/D	choice	248045 846 198 760 2614 369 264 5081 5576 3296 883 449 2528 1970 18834 13 21134 440 1132 279 6321 318 32 11 417 11 351 11 466 414 8 314 279 4252 2904 13 271 5865 1970 18834 198 54 268 23773 12949 25 220 16 18 15 23 198 89680 7509 64683 14183 25 220 22 20 24 22 198 233511 629 17386 25 220 19 19 19 23 198 83554 49346 25 220 23 19 22 24 198 4904 4897 72925 25 220 24 21 15 20 198 89306 56763 25 220 16 19 15 17 198 31795 1413 52582 25 220 20 19 15 24 198 3320 2472 67186 25 220 21 20 19 15 271 3710 369 279 2528 1970 364 48854 72925 30 271 32 13 220 19 19 19 23 198 33 13 220 16 18 15 23 198 34 13 220 23 19 22 24 198 35 13 220 24 21 15 20 248046 198 248045 74455 198 248068 271 248069 271	32,33,34,35
bind384/A	choice	248045 846 198 760 2614 369 264 5081 5576 3296 883 449 2528 1970 18834 13 21134 440 1132 279 6321 318 32 11 417 11 351 11 466 414 8 314 279 4252 2904 13 271 5865 1970 18834 198 1106 268 64683 14183 25 220 20 20 19 22 198 39 32389 63419 25 220 24 22 19 20 198 37 65435 61028 25 220 22 22 20 19 198 3320 2472 46035 25 220 24 16 15 20 198 89306 710 358 1091 6433 25 220 21 21 16 21 198 35921 299 32442 54958 25 220 22 23 23 15 198 2665 269 496 4405 1891 25 220 17 21 18 15 198 10786 64 629 17386 25 220 24 23 22 16 271 3710 369 279 2528 1970 364 2732 2472 46035 30 271 32 13 220 24 16 15 20 198 33 13 220 24 23 22 16 198 34 13 220 24 22 19 20 198 35 13 220 22 22 20 19 248046 198 248045 74455 198 248068 271 248069 271	32,33,34,35
bind385/B	choice	248045 846 198 760 2614 369 264 5081 5576 3296 883 449 2528 1970 18834 13 21134 440 1132 279 6321 318 32 11 417 11 351 11 466 414 8 314 279 4252 2904 13 271 5865 1970 18834 198 89306 73467 25 220 20 19 21 22 198 43 1506 14315 48040 25 220 20 20 24 21 198 623 287 32442 54958 25 220 18 21 15 22 198 27175 667 59405 85 25 220 16 24 22 23 198 39 32389 73467 25 220 23 18 19 19 198 46 23738 74092 25 220 23 16 24 23 198 43 1506 28975 25 220 18 15 23 15 198 2196 50557 53656 25 220 22 24 15 19 271 3710 369 279 2528 1970 364 56222 14315 48040 30 271 32 13 220 16 24 22 23 198 33 13 220 20 20 24 21 198 34 13 220 23 16 24 23 198 35 13 220 18 21 15 22 248046 198 248045 74455 198 248068 271 248069 271	32,33,34,35
bind386/C	choice	248045 846 198 760 2614 369 264 5081 5576 3296 883 449 2528 1970 18834 13 21134 440 1132 279 6321 318 32 11 417 11 351 11 466 414 8 314 279 4252 2904 13 271 5865 1970 18834 198 36 46419 78961 25 220 22 16 21 15 198 90979 78 72925 25 220 20 20 23 17 198 31795 1413 458 452 82319 25 220 22 20 23 15 198 39 32389 26342 67220 375 25 220 21 17 21 15 198 42 2075 61850 25 220 17 16 23 20 198 40 15190 93922 25 220 18 23 22 18 198 3320 2472 40733 25 220 20 18 18 17 198 51 24685 61028 25 220 17 16 20 21 271 3710 369 279 2528 1970 364 13065 1413 458 452 82319 30 271 32 13 220 18 23 22 18 198 33 13 220 20 18 18 17 198 34 13 220 22 20 23 15 198 35 13 220 17 16 20 21 248046 198 248045 74455 198 248068 271 248069 271	32,33,34,35
bind387/D	choice	248045 846 198 760 2614 369 264 5081 5576 3296 883 449 2528 1970 18834 13 21134 440 1132 279 6321 318 32 11 417 11 351 11 466 414 8 314 279 4252 2904 13 271 5865 1970 18834 198 2229 10211 34827 25 220 23 24 17 23 198 1106 268 72925 25 220 20 20 22 20 198 24601 10211 227938 25 220 22 24 15 20 198 4904 4897 629 17386 25 220 17 22 18 19 198 54 268 61850 25 220 20 19 22 16 198 37 65435 55240 25 220 18 20 22 24 198 54 268 93922 25 220 20 24 24 15 198 2196 319 72925 25 220 22 16 16 18 271 3710 369 279 2528 1970 364 7802 10211 227938 30 271 32 13 220 20 20 22 20 198 33 13 220 20 24 24 15 198 34 13 220 18 20 22 24 198 35 13 220 22 24 15 20 248046 198 248045 74455 198 248068 271 248069 271	32,33,34,35
bind388/A	choice	248045 846 198 760 2614 369 264 5081 5576 3296 883 449 2528 1970 18834 13 21134 440 1132 279 6321 318 32 11 417 11 351 11 466 414 8 314 279 4252 2904 13 271 5865 1970 18834 198 4904 4897 64683 14183 25 220 23 22 17 16 198 92055 496 4405 1891 25 220 17 19 22 19 198 89680 7509 59405 85 25 220 22 24 21 18 198 1106 268 207520 25 220 23 17 20 16 198 59605 93922 25 220 21 20 15 16 198 51 24685 61850 25 220 19 17 15 18 198 2196 319 41803 80831 25 220 24 23 23 23 198 623 287 67186 25 220 24 18 16 18 271 3710 369 279 2528 1970 364 733 287 67186 30 271 32 13 220 24 18 16 18 198 33 13 220 17 19 22 19 198 34 13 220 23 17 20 16 198 35 13 220 23 22 17 16 248046 198 248045 74455 198 248068 271 248069 271	32,33,34,35
bind389/B	choice	248045 846 198 760 2614 369 264 5081 5576 3296 883 449 2528 1970 18834 13 21134 440 1132 279 6321 318 32 11 417 11 351 11 466 414 8 314 279 4252 2904 13 271 5865 1970 18834 198 39 32389 496 4405 1891 25 220 19 24 18 21 198 2196 319 629 17386 25 220 20 23 16 20 198 50 1020 667 61850 25 220 21 21 22 16 198 90979 78 52582 25 220 23 19 17 17 198 623 287 73467 25 220 21 23 16 20 198 24601 10211 46035 25 220 17 18 19 21 198 2196 319 56763 25 220 18 23 23 21 198 89306 74092 25 220 23 20 17 17 271 3710 369 279 2528 1970 364 75873 61850 30 271 32 13 220 17 18 19 21 198 33 13 220 21 21 22 16 198 34 13 220 20 23 16 20 198 35 13 220 19 24 18 21 248046 198 248045 74455 198 248068 271 248069 271	32,33,34,35
bind390/C	choice	248045 846 198 760 2614 369 264 5081 5576 3296 883 449 2528 1970 18834 13 21134 440 1132 279 6321 318 32 11 417 11 351 11 466 414 8 314 279 4252 2904 13 271 5865 1970 18834 198 54 268 53656 25 220 23 16 21 24 198 27175 667 28975 25 220 19 22 19 17 198 34930 269 23773 12949 25 220 19 18 18 21 198 39304 667 55240 25 220 17 20 20 23 198 5901 4897 53656 25 220 23 21 15 17 198 56 4897 710 358 1091 6433 25 220 20 22 23 19 198 51 21576 458 452 82319 25 220 21 15 17 17 198 50 1020 667 40733 25 220 20 23 17 20 271 3710 369 279 2528 1970 364 84907 458 452 82319 30 271 32 13 220 19 22 19 17 198 33 13 220 20 22 23 19 198 34 13 220 21 15 17 17 198 35 13 220 17 20 20 23 248046 198 248045 74455 198 248068 271 248069 271	32,33,34,35
bind391/D	choice	248045 846 198 760 2614 369 264 5081 5576 3296 883 449 2528 1970 18834 13 21134 440 1132 279 6321 318 32 11 417 11 351 11 466 414 8 314 279 4252 2904 13 271 5865 1970 18834 198 42 2075 72925 25 220 18 17 21 24 198 46 23738 4470 570 25 220 17 18 19 18 198 2665 269 41803 80831 25 220 16 22 17 19 198 65343 40733 25 220 16 18 22 15 198 82433 5367 25 220 17 24 22 24 198 42 2075 32442 54958 25 220 23 16 17 17 198 623 287 78961 25 220 20 15 18 18 198 31795 1413 34827 25 220 19 16 18 19 271 3710 369 279 2528 1970 364 24480 40733 30 271 32 13 220 18 17 21 24 198 33 13 220 17 18 19 18 198 34 13 220 16 22 17 19 198 35 13 220 16 18 22 15 248046 198 248045 74455 198 248068 271 248069 271	32,33,34,35
bind392/A	choice	248045 846 198 760 2614 369 264 5081 5576 3296 883 449 2528 1970 18834 13 21134 440 1132 279 6321 318 32 11 417 11 351 11 466 414 8 314 279 4252 2904 13 271 5865 1970 18834 198 51 21576 1799 33852 1482 25 220 22 15 24 24 198 5901 4897 92372 25 220 17 18 24 18 198 2665 269 92372 25 220 19 21 16 20 198 89306 55240 25 220 21 23 19 23 198 90979 78 72925 25 220 16 17 23 20 198 40 15190 63294 25 220 22 18 23 22 198 2196 50557 32442 54958 25 220 24 16 24 15 198 37 65435 61086 25 220 16 16 23 22 271 3710 369 279 2528 1970 364 54048 61086 30 271 32 13 220 16 16 23 22 198 33 13 220 16 17 23 20 198 34 13 220 17 18 24 18 198 35 13 220 22 18 23 22 248046 198 248045 74455 198 248068 271 248069 271	32,33,34,35
bind393/B	choice	248045 846 198 760 2614 369 264 5081 5576 3296 883 449 2528 1970 18834 13 21134 440 1132 279 6321 318 32 11 417 11 351 11 466 414 8 314 279 4252 2904 13 271 5865 1970 18834 198 39 32389 26342 67220 375 25 220 21 24 16 15 198 35 1701 452 4254 2770 25 220 16 19 18 23 198 57 4897 61850 25 220 18 15 21 15 198 2665 269 1799 33852 1482 25 220 17 19 21 18 198 65343 710 3974 25 220 21 20 22 17 198 34930 269 32442 54958 25 220 20 16 23 22 198 40 15190 34827 25 220 17 19 21 19 198 23202 396 74092 25 220 18 17 20 22 271 3710 369 279 2528 1970 364 24480 710 3974 30 271 32 13 220 21 24 16 15 198 33 13 220 21 20 22 17 198 34 13 220 18 15 21 15 198 35 13 220 16 19 18 23 248046 198 248045 74455 198 248068 271 248069 271	32,33,34,35
bind394/C	choice	248045 846 198 760 2614 369 264 5081 5576 3296 883 449 2528 1970 18834 13 21134 440 1132 279 6321 318 32 11 417 11 351 11 466 414 8 314 279 4252 2904 13 271 5865 1970 18834 198 51 21576 36461 25 220 16 21 24 15 198 82433 34827 25 220 23 20 15 17 198 36 46419 36461 25 220 20 20 23 18 198 39 3253 207520 25 220 23 20 17 16 198 39304 667 462 698 327 25 220 22 23 23 15 198 54 268 61086 25 220 22 16 17 24 198 90979 78 32442 54958 25 220 19 19 15 16 198 2196 319 63419 25 220 19 17 17 18 271 3710 369 279 2528 1970 364 76459 462 698 327 30 271 32 13 220 16 21 24 15 198 33 13 220 19 19 15 16 198 34 13 220 22 23 23 15 198 35 13 220 19 17 17 18 248046 198 248045 74455 198 248068 271 248069 271	32,33,34,35
bind395/D	choice	248045 846 198 760 2614 369 264 5081 5576 3296 883 449 2528 1970 18834 13 21134 440 1132 279 6321 318 32 11 417 11 351 11 466 414 8 314 279 4252 2904 13 271 5865 1970 18834 198 89680 7509 39185 25 220 23 19 17 19 198 43 1506 82596 25 220 16 22 24 21 198 40 15190 59405 85 25 220 20 24 21 23 198 37 65435 46035 25 220 18 21 22 20 198 54 268 61086 25 220 23 23 21 24 198 37 65435 67186 25 220 24 15 16 19 198 2665 269 53656 25 220 20 20 23 21 198 34930 269 46035 25 220 17 15 17 17 271 3710 369 279 2528 1970 364 40050 59405 85 30 271 32 13 220 23 23 21 24 198 33 13 220 16 22 24 21 198 34 13 220 23 19 17 19 198 35 13 220 20 24 21 23 248046 198 248045 74455 198 248068 271 248069 271	32,33,34,35
bind396/A	choice	248045 846 198 760 2614 369 264 5081 5576 3296 883 449 2528 1970 18834 13 21134 440 1132 279 6321 318 32 11 417 11 351 11 466 414 8 314 279 4252 2904 13 271 5865 1970 18834 198 4904 4897 40050 12297 25 220 23 23 16 19 198 4904 4897 458 452 82319 25 220 23 16 22 22 198 27175 667 72925 25 220 22 15 19 16 198 43 1506 61028 25 220 16 15 17 15 198 27175 667 46035 25 220 17 21 20 19 198 49 11642 16592 28100 25 220 18 24 20 17 198 83554 55240 25 220 22 21 21 20 198 50 1020 667 458 452 82319 25 220 20 19 20 21 271 3710 369 279 2528 1970 364 48854 40050 12297 30 271 32 13 220 23 23 16 19 198 33 13 220 22 15 19 16 198 34 13 220 18 24 20 17 198 35 13 220 16 15 17 15 248046 198 248045 74455 198 248068 271 248069 271	32,33,34,35
bind397/B	choice	248045 846 198 760 2614 369 264 5081 5576 3296 883 449 2528 1970 18834 13 21134 440 1132 279 6321 318 32 11 417 11 351 11 466 414 8 314 279 4252 2904 13 271 5865 1970 18834 198 42 2075 1799 33852 1482 25 220 23 15 23 16 198 39 32389 63294 25 220 23 17 20 19 198 49 2492 5709 74092 25 220 17 19 19 15 198 59605 92372 25 220 19 16 23 23 198 49 11642 5367 25 220 20 23 21 24 198 65343 61086 25 220 17 20 22 16 198 49 2492 5709 61850 25 220 23 16 18 21 198 45 51054 46035 25 220 20 23 24 15 271 3710 369 279 2528 1970 364 33514 667 46035 30 271 32 13 220 19 16 23 23 198 33 13 220 20 23 24 15 198 34 13 220 23 16 18 21 198 35 13 220 20 23 21 24 248046 198 248045 74455 198 248068 271 248069 271	32,33,34,35
bind398/C	choice	248045 846 198 760 2614 369 264 5081 5576 3296 883 449 2528 1970 18834 13 21134 440 1132 279 6321 318 32 11 417 11 351 11 466 414 8 314 279 4252 2904 13 271 5865 1970 18834 198 42 88850 56763 25 220 21 15 19 15 198 4904 4897 1799 33852 1482 25 220 16 16 21 19 198 39304 667 36461 25 220 17 21 15 23 198 1106 268 39685 25 220 19 24 15 19 198 83554 26342 67220 375 25 220 18 22 21 22 198 56 350 1644 462 698 327 25 220 17 23 22 21 198 1106 268 52582 25 220 21 15 20 20 198 54 268 39685 25 220 21 21 16 22 271 3710 369 279 2528 1970 364 220348 462 698 327 30 271 32 13 220 21 21 16 22 198 33 13 220 19 24 15 19 198 34 13 220 17 23 22 21 198 35 13 220 18 22 21 22 248046 198 248045 74455 198 248068 271 248069 271	32,33,34,35
bind399/D	choice	248045 846 198 760 2614 369 264 5081 5576 3296 883 449 2528 1970 18834 13 21134 440 1132 279 6321 318 32 11 417 11 351 11 466 414 8 314 279 4252 2904 13 271 5865 1970 18834 198 56 4897 4470 570 25 220 23 20 23 18 198 39304 667 227938 25 220 20 23 16 20 198 1106 268 61028 25 220 19 21 24 16 198 45 51054 26342 67220 375 25 220 23 20 20 18 198 43 1506 52582 25 220 20 16 17 20 198 39 3253 235489 25 220 24 24 20 18 198 2196 319 49346 25 220 21 18 19 21 198 54 268 74092 25 220 16 24 24 16 271 3710 369 279 2528 1970 364 84699 49346 30 271 32 13 220 23 20 20 18 198 33 13 220 20 23 16 20 198 34 13 220 19 21 24 16 198 35 13 220 21 18 19 21 248046 198 248045 74455 198 248068 271 248069 271	32,33,34,35
