r000/gold/q0	nll	5865 1970 18834 198 623 287 41803 80831 25 220 23 23 21 17 198 2229 10211 63419 25 220 23 19 16 20 198 10786 64 4470 570 25 220 19 15 18 17 198 34930 269 710 358 1091 6433 25 220 21 24 15 15 198 57 4897 26342 67220 375 25 220 22 18 21 15 198 2665 269 56763 25 220 24 17 20 19 198 4904 4897 458 452 82319 25 220 16 24 17 24 198 2196 319 64683 14183 25 220 23 18 21 20 198 36 46419 40050 12297 25 220 22 18 23 15 198 37 65435 4254 2770 25 220 23 24 24 16 198 90979 78 26342 67220 375 25 220 18 15 15 17 198 35 1701 452 458 452 82319 25 220 17 22 21 19 198 5901 4897 82596 25 220 24 15 24 17 198 37 65435 40050 12297 25 220 22 17 20 16 198 23202 396 63294 25 220 18 23 23 17 198 45 1524 335 2075 82596 25 220 22 24 18 20 198 39 3253 78961 25 220 18 24 15 24 198 39304 667 235489 25 220 24 21 17 17 198 37 65435 52582 25 220 20 21 21 22 198 56 350 1644 63419 25 220 16 23 23 23 198 35921 299 67186 25 220 23 24 20 17 198 40 15190 1799 33852 1482 25 220 23 17 22 17 198 2665 269 40733 25 220 16 17 21 21 198 83554 39685 25 220 19 24 19 21 198 43 1506 46035 25 220 23 16 23 16 198 59605 56763 25 220 24 21 17 15 198 39 32389 67186 25 220 23 19 15 18 198 54 268 5367 25 220 18 16 23 16 198 40 15190 710 358 1091 6433 25 220 23 22 21 18 198 35921 299 39185 25 220 20 19 16 16 271 14162 25 3437 369 279 2528 1970 364 733 287 41803 80831 30 198 15666 25 561 2528 1970 364 733 287 41803 80831 369 220 23 23 21 17	353
r000/wrong/q0	nll	5865 1970 18834 198 623 287 41803 80831 25 220 23 23 21 17 198 2229 10211 63419 25 220 23 19 16 20 198 10786 64 4470 570 25 220 19 15 18 17 198 34930 269 710 358 1091 6433 25 220 21 24 15 15 198 57 4897 26342 67220 375 25 220 22 18 21 15 198 2665 269 56763 25 220 24 17 20 19 198 4904 4897 458 452 82319 25 220 16 24 17 24 198 2196 319 64683 14183 25 220 23 18 21 20 198 36 46419 40050 12297 25 220 22 18 23 15 198 37 65435 4254 2770 25 220 23 24 24 16 198 90979 78 26342 67220 375 25 220 18 15 15 17 198 35 1701 452 458 452 82319 25 220 17 22 21 19 198 5901 4897 82596 25 220 24 15 24 17 198 37 65435 40050 12297 25 220 22 17 20 16 198 23202 396 63294 25 220 18 23 23 17 198 45 1524 335 2075 82596 25 220 22 24 18 20 198 39 3253 78961 25 220 18 24 15 24 198 39304 667 235489 25 220 24 21 17 17 198 37 65435 52582 25 220 20 21 21 22 198 56 350 1644 63419 25 220 16 23 23 23 198 35921 299 67186 25 220 23 24 20 17 198 40 15190 1799 33852 1482 25 220 23 17 22 17 198 2665 269 40733 25 220 16 17 21 21 198 83554 39685 25 220 19 24 19 21 198 43 1506 46035 25 220 23 16 23 16 198 59605 56763 25 220 24 21 17 15 198 39 32389 67186 25 220 23 19 15 18 198 54 268 5367 25 220 18 16 23 16 198 40 15190 710 358 1091 6433 25 220 23 22 21 18 198 35921 299 39185 25 220 20 19 16 16 271 14162 25 3437 369 279 2528 1970 364 733 287 41803 80831 30 198 15666 25 561 2528 1970 364 733 287 41803 80831 369 220 16 23 23 23	353
r001/gold/q1	nll	5865 1970 18834 198 39 32389 462 698 327 25 220 23 21 21 18 198 40 15190 462 698 327 25 220 19 22 15 19 198 24601 10211 59405 85 25 220 19 22 17 23 198 37 65435 52582 25 220 24 24 15 24 198 83554 4470 570 25 220 16 24 15 15 198 39 3253 92372 25 220 24 18 22 15 198 6737 55747 36461 25 220 22 16 20 23 198 56 350 1644 46035 25 220 23 18 20 19 198 39304 667 458 452 82319 25 220 18 16 21 18 198 83554 67186 25 220 17 16 18 23 198 49 2492 5709 235489 25 220 19 23 17 23 198 1106 268 4254 2770 25 220 19 15 15 19 198 45 51054 710 3974 25 220 23 21 24 21 198 43 1506 72925 25 220 21 15 21 19 198 56 350 1644 4470 570 25 220 19 20 24 17 198 90979 78 23773 12949 25 220 19 15 21 19 198 36 46419 92372 25 220 19 17 17 18 198 49 11642 629 17386 25 220 24 19 20 16 198 50 1020 667 36461 25 220 21 22 21 19 198 51 2692 80 72925 25 220 21 24 18 15 198 233511 23773 12949 25 220 24 24 17 23 198 45 51054 496 4405 1891 25 220 19 18 23 22 198 51 24685 235489 25 220 24 23 18 20 198 35921 299 629 17386 25 220 18 20 20 17 198 34930 269 5367 25 220 20 20 20 15 198 54 268 235489 25 220 18 21 20 15 198 35 1701 452 72925 25 220 17 21 18 20 198 10786 64 49346 25 220 23 19 22 22 198 49 11642 28975 25 220 23 22 22 19 198 5901 4897 63294 25 220 18 24 23 17 271 14162 25 3437 369 279 2528 1970 364 40050 462 698 327 30 198 15666 25 561 2528 1970 364 40050 462 698 327 369 220 19 22 15 19	349
r001/wrong/q1	nll	5865 1970 18834 198 39 32389 462 698 327 25 220 23 21 21 18 198 40 15190 462 698 327 25 220 19 22 15 19 198 24601 10211 59405 85 25 220 19 22 17 23 198 37 65435 52582 25 220 24 24 15 24 198 83554 4470 570 25 220 16 24 15 15 198 39 3253 92372 25 220 24 18 22 15 198 6737 55747 36461 25 220 22 16 20 23 198 56 350 1644 46035 25 220 23 18 20 19 198 39304 667 458 452 82319 25 220 18 16 21 18 198 83554 67186 25 220 17 16 18 23 198 49 2492 5709 235489 25 220 19 23 17 23 198 1106 268 4254 2770 25 220 19 15 15 19 198 45 51054 710 3974 25 220 23 21 24 21 198 43 1506 72925 25 220 21 15 21 19 198 56 350 1644 4470 570 25 220 19 20 24 17 198 90979 78 23773 12949 25 220 19 15 21 19 198 36 46419 92372 25 220 19 17 17 18 198 49 11642 629 17386 25 220 24 19 20 16 198 50 1020 667 36461 25 220 21 22 21 19 198 51 2692 80 72925 25 220 21 24 18 15 198 233511 23773 12949 25 220 24 24 17 23 198 45 51054 496 4405 1891 25 220 19 18 23 22 198 51 24685 235489 25 220 24 23 18 20 198 35921 299 629 17386 25 220 18 20 20 17 198 34930 269 5367 25 220 20 20 20 15 198 54 268 235489 25 220 18 21 20 15 198 35 1701 452 72925 25 220 17 21 18 20 198 10786 64 49346 25 220 23 19 22 22 198 49 11642 28975 25 220 23 22 22 19 198 5901 4897 63294 25 220 18 24 23 17 271 14162 25 3437 369 279 2528 1970 364 40050 462 698 327 30 198 15666 25 561 2528 1970 364 40050 462 698 327 369 220 17 21 18 20	349
r002/gold/q2	nll	5865 1970 18834 198 37 65435 40733 25 220 20 22 23 23 198 31795 1413 52582 25 220 24 24 16 22 198 2196 319 710 358 1091 6433 25 220 22 19 23 21 198 35 1701 452 496 4405 1891 25 220 19 18 15 18 198 34930 269 629 17386 25 220 21 24 22 24 198 2229 10211 59405 85 25 220 19 24 23 16 198 2665 269 63294 25 220 21 20 15 21 198 40 15190 49346 25 220 16 16 15 17 198 59605 63294 25 220 21 18 18 22 198 2196 319 16592 28100 25 220 19 17 20 16 198 39 32389 458 452 82319 25 220 23 18 23 21 198 39 3253 72925 25 220 17 23 24 21 198 65343 710 358 1091 6433 25 220 22 23 15 20 198 2665 269 61028 25 220 24 16 17 15 198 5901 4897 23773 12949 25 220 18 18 17 23 198 39 3253 227938 25 220 24 22 16 23 198 57 4897 73467 25 220 21 19 18 23 198 56 4897 4254 2770 25 220 22 16 15 20 198 36 46419 462 698 327 25 220 18 16 16 16 198 51 2692 80 61850 25 220 18 18 16 17 198 36 46419 710 358 1091 6433 25 220 21 23 15 17 198 54 268 41803 80831 25 220 20 18 20 18 198 23202 396 72925 25 220 18 21 16 21 198 89306 1799 33852 1482 25 220 16 19 15 17 198 51 21576 4470 570 25 220 22 16 23 17 198 51 21576 39685 25 220 18 19 24 21 198 39304 667 78961 25 220 17 23 24 22 198 43 1506 49346 25 220 18 21 15 23 198 23202 396 39685 25 220 21 24 22 19 198 42 2075 36461 25 220 20 16 19 22 271 14162 25 3437 369 279 2528 1970 364 84699 710 358 1091 6433 30 198 15666 25 561 2528 1970 364 84699 710 358 1091 6433 369 220 22 19 23 21	354
r002/wrong/q2	nll	5865 1970 18834 198 37 65435 40733 25 220 20 22 23 23 198 31795 1413 52582 25 220 24 24 16 22 198 2196 319 710 358 1091 6433 25 220 22 19 23 21 198 35 1701 452 496 4405 1891 25 220 19 18 15 18 198 34930 269 629 17386 25 220 21 24 22 24 198 2229 10211 59405 85 25 220 19 24 23 16 198 2665 269 63294 25 220 21 20 15 21 198 40 15190 49346 25 220 16 16 15 17 198 59605 63294 25 220 21 18 18 22 198 2196 319 16592 28100 25 220 19 17 20 16 198 39 32389 458 452 82319 25 220 23 18 23 21 198 39 3253 72925 25 220 17 23 24 21 198 65343 710 358 1091 6433 25 220 22 23 15 20 198 2665 269 61028 25 220 24 16 17 15 198 5901 4897 23773 12949 25 220 18 18 17 23 198 39 3253 227938 25 220 24 22 16 23 198 57 4897 73467 25 220 21 19 18 23 198 56 4897 4254 2770 25 220 22 16 15 20 198 36 46419 462 698 327 25 220 18 16 16 16 198 51 2692 80 61850 25 220 18 18 16 17 198 36 46419 710 358 1091 6433 25 220 21 23 15 17 198 54 268 41803 80831 25 220 20 18 20 18 198 23202 396 72925 25 220 18 21 16 21 198 89306 1799 33852 1482 25 220 16 19 15 17 198 51 21576 4470 570 25 220 22 16 23 17 198 51 21576 39685 25 220 18 19 24 21 198 39304 667 78961 25 220 17 23 24 22 198 43 1506 49346 25 220 18 21 15 23 198 23202 396 39685 25 220 21 24 22 19 198 42 2075 36461 25 220 20 16 19 22 271 14162 25 3437 369 279 2528 1970 364 84699 710 358 1091 6433 30 198 15666 25 561 2528 1970 364 84699 710 358 1091 6433 369 220 22 16 15 20	354
r003/gold/q3	nll	5865 1970 18834 198 39 3253 629 17386 25 220 17 23 15 17 198 2196 50557 16592 28100 25 220 16 18 15 23 198 24601 10211 64683 14183 25 220 18 24 19 22 198 57 4493 72925 25 220 16 23 24 20 198 51 2692 80 64683 14183 25 220 23 17 16 21 198 89306 59405 85 25 220 22 21 21 23 198 4904 4897 63294 25 220 20 15 21 20 198 2196 50557 64683 14183 25 220 21 16 20 17 198 82433 74092 25 220 24 18 24 22 198 40 15190 32442 54958 25 220 24 20 16 15 198 89680 7509 49472 25 220 19 21 18 15 198 92055 36461 25 220 20 15 15 19 198 51 21576 73467 25 220 16 23 19 20 198 43 1506 93922 25 220 22 15 21 20 198 35 1701 452 46035 25 220 17 22 19 16 198 27175 667 1799 33852 1482 25 220 24 16 18 23 198 2665 269 14315 48040 25 220 16 23 15 16 198 65343 78961 25 220 18 19 16 18 198 37 65435 41803 80831 25 220 24 23 21 22 198 36 46419 458 452 82319 25 220 16 18 23 23 198 27175 667 55240 25 220 21 22 24 16 198 42 88850 4254 2770 25 220 18 24 24 19 198 49 11642 40050 12297 25 220 22 22 20 18 198 2196 50557 78961 25 220 23 18 16 17 198 92055 39685 25 220 22 20 22 15 198 49 11642 462 698 327 25 220 19 19 15 18 198 31795 1413 207520 25 220 20 24 19 20 198 24601 10211 235489 25 220 21 22 18 20 198 57 4897 14315 48040 25 220 24 16 17 16 198 36 46419 710 358 1091 6433 25 220 23 18 18 17 271 14162 25 3437 369 279 2528 1970 364 72102 72925 30 198 15666 25 561 2528 1970 364 72102 72925 369 220 16 23 24 20	343
r003/wrong/q3	nll	5865 1970 18834 198 39 3253 629 17386 25 220 17 23 15 17 198 2196 50557 16592 28100 25 220 16 18 15 23 198 24601 10211 64683 14183 25 220 18 24 19 22 198 57 4493 72925 25 220 16 23 24 20 198 51 2692 80 64683 14183 25 220 23 17 16 21 198 89306 59405 85 25 220 22 21 21 23 198 4904 4897 63294 25 220 20 15 21 20 198 2196 50557 64683 14183 25 220 21 16 20 17 198 82433 74092 25 220 24 18 24 22 198 40 15190 32442 54958 25 220 24 20 16 15 198 89680 7509 49472 25 220 19 21 18 15 198 92055 36461 25 220 20 15 15 19 198 51 21576 73467 25 220 16 23 19 20 198 43 1506 93922 25 220 22 15 21 20 198 35 1701 452 46035 25 220 17 22 19 16 198 27175 667 1799 33852 1482 25 220 24 16 18 23 198 2665 269 14315 48040 25 220 16 23 15 16 198 65343 78961 25 220 18 19 16 18 198 37 65435 41803 80831 25 220 24 23 21 22 198 36 46419 458 452 82319 25 220 16 18 23 23 198 27175 667 55240 25 220 21 22 24 16 198 42 88850 4254 2770 25 220 18 24 24 19 198 49 11642 40050 12297 25 220 22 22 20 18 198 2196 50557 78961 25 220 23 18 16 17 198 92055 39685 25 220 22 20 22 15 198 49 11642 462 698 327 25 220 19 19 15 18 198 31795 1413 207520 25 220 20 24 19 20 198 24601 10211 235489 25 220 21 22 18 20 198 57 4897 14315 48040 25 220 24 16 17 16 198 36 46419 710 358 1091 6433 25 220 23 18 18 17 271 14162 25 3437 369 279 2528 1970 364 72102 72925 30 198 15666 25 561 2528 1970 364 72102 72925 369 220 22 15 21 20	343
r004/gold/q4	nll	5865 1970 18834 198 3320 2472 59405 85 25 220 23 20 17 15 198 1106 268 59405 85 25 220 17 22 23 22 198 56 4897 14315 48040 25 220 17 17 16 19 198 43 1506 227938 25 220 20 23 16 18 198 2665 269 235489 25 220 17 22 20 22 198 1106 268 36461 25 220 21 16 21 20 198 2229 10211 1799 33852 1482 25 220 19 15 20 15 198 45 1524 335 2075 28975 25 220 17 19 16 17 198 4904 4897 496 4405 1891 25 220 21 21 20 17 198 90979 78 39185 25 220 22 19 16 21 198 27175 667 23773 12949 25 220 17 17 18 24 198 42 88850 496 4405 1891 25 220 21 19 22 19 198 89306 4470 570 25 220 21 15 21 21 198 51 24685 61086 25 220 23 20 20 24 198 89306 63419 25 220 24 17 17 19 198 65343 56763 25 220 18 19 24 17 198 2196 319 23773 12949 25 220 20 20 23 20 198 39 3253 4254 2770 25 220 18 15 23 24 198 51 2692 80 710 3974 25 220 16 23 20 24 198 57 4897 496 4405 1891 25 220 22 20 16 23 198 57 4897 1799 33852 1482 25 220 21 24 19 20 198 51 2692 80 52582 25 220 20 15 16 18 198 35 1701 452 458 452 82319 25 220 23 22 18 22 198 56 4897 629 17386 25 220 18 21 19 24 198 90979 78 5367 25 220 19 17 23 17 198 57 4897 207520 25 220 17 19 18 16 198 57 4897 227938 25 220 21 24 23 17 198 39304 667 34827 25 220 24 17 24 21 198 42 88850 32442 54958 25 220 19 19 23 16 198 35 1701 452 23773 12949 25 220 22 15 21 19 271 14162 25 3437 369 279 2528 1970 364 2233 269 235489 30 198 15666 25 561 2528 1970 364 2233 269 235489 369 220 17 22 20 22	353
r004/wrong/q4	nll	5865 1970 18834 198 3320 2472 59405 85 25 220 23 20 17 15 198 1106 268 59405 85 25 220 17 22 23 22 198 56 4897 14315 48040 25 220 17 17 16 19 198 43 1506 227938 25 220 20 23 16 18 198 2665 269 235489 25 220 17 22 20 22 198 1106 268 36461 25 220 21 16 21 20 198 2229 10211 1799 33852 1482 25 220 19 15 20 15 198 45 1524 335 2075 28975 25 220 17 19 16 17 198 4904 4897 496 4405 1891 25 220 21 21 20 17 198 90979 78 39185 25 220 22 19 16 21 198 27175 667 23773 12949 25 220 17 17 18 24 198 42 88850 496 4405 1891 25 220 21 19 22 19 198 89306 4470 570 25 220 21 15 21 21 198 51 24685 61086 25 220 23 20 20 24 198 89306 63419 25 220 24 17 17 19 198 65343 56763 25 220 18 19 24 17 198 2196 319 23773 12949 25 220 20 20 23 20 198 39 3253 4254 2770 25 220 18 15 23 24 198 51 2692 80 710 3974 25 220 16 23 20 24 198 57 4897 496 4405 1891 25 220 22 20 16 23 198 57 4897 1799 33852 1482 25 220 21 24 19 20 198 51 2692 80 52582 25 220 20 15 16 18 198 35 1701 452 458 452 82319 25 220 23 22 18 22 198 56 4897 629 17386 25 220 18 21 19 24 198 90979 78 5367 25 220 19 17 23 17 198 57 4897 207520 25 220 17 19 18 16 198 57 4897 227938 25 220 21 24 23 17 198 39304 667 34827 25 220 24 17 24 21 198 42 88850 32442 54958 25 220 19 19 23 16 198 35 1701 452 23773 12949 25 220 22 15 21 19 271 14162 25 3437 369 279 2528 1970 364 2233 269 235489 30 198 15666 25 561 2528 1970 364 2233 269 235489 369 220 23 22 18 22	353
r005/gold/q5	nll	5865 1970 18834 198 82433 49472 25 220 22 18 19 18 198 57 4493 93922 25 220 21 22 23 19 198 2196 319 32442 54958 25 220 19 23 18 22 198 10786 64 227938 25 220 20 22 15 18 198 59605 61028 25 220 16 18 15 15 198 39304 667 49346 25 220 24 16 22 23 198 2196 319 63294 25 220 20 19 22 23 198 3320 2472 39185 25 220 19 21 23 19 198 56 350 1644 4470 570 25 220 16 23 21 18 198 54 268 207520 25 220 24 23 15 17 198 43 1506 82596 25 220 16 16 19 16 198 40 15190 1799 33852 1482 25 220 22 20 15 24 198 42 88850 78961 25 220 24 23 21 17 198 50 1020 667 32442 54958 25 220 20 15 16 23 198 82433 52582 25 220 18 19 15 24 198 10786 64 462 698 327 25 220 22 19 22 18 198 49 2492 5709 59831 25 220 16 20 20 17 198 59605 61086 25 220 17 15 16 20 198 31795 1413 710 3974 25 220 17 23 16 17 198 39304 667 46035 25 220 17 22 20 24 198 43 1506 4470 570 25 220 23 16 24 21 198 50 1020 667 92372 25 220 19 24 23 24 198 2196 50557 56763 25 220 21 23 17 18 198 3320 2472 4254 2770 25 220 21 20 24 18 198 27175 667 61028 25 220 18 18 18 19 198 37 65435 710 3974 25 220 18 15 20 22 198 50 1020 667 27466 25 220 16 18 17 17 198 1106 268 49346 25 220 21 17 24 23 198 40 15190 235489 25 220 18 19 18 18 198 90979 78 462 698 327 25 220 19 22 15 17 271 14162 25 3437 369 279 2528 1970 364 76459 49346 30 198 15666 25 561 2528 1970 364 76459 49346 369 220 24 16 22 23	339
r005/wrong/q5	nll	5865 1970 18834 198 82433 49472 25 220 22 18 19 18 198 57 4493 93922 25 220 21 22 23 19 198 2196 319 32442 54958 25 220 19 23 18 22 198 10786 64 227938 25 220 20 22 15 18 198 59605 61028 25 220 16 18 15 15 198 39304 667 49346 25 220 24 16 22 23 198 2196 319 63294 25 220 20 19 22 23 198 3320 2472 39185 25 220 19 21 23 19 198 56 350 1644 4470 570 25 220 16 23 21 18 198 54 268 207520 25 220 24 23 15 17 198 43 1506 82596 25 220 16 16 19 16 198 40 15190 1799 33852 1482 25 220 22 20 15 24 198 42 88850 78961 25 220 24 23 21 17 198 50 1020 667 32442 54958 25 220 20 15 16 23 198 82433 52582 25 220 18 19 15 24 198 10786 64 462 698 327 25 220 22 19 22 18 198 49 2492 5709 59831 25 220 16 20 20 17 198 59605 61086 25 220 17 15 16 20 198 31795 1413 710 3974 25 220 17 23 16 17 198 39304 667 46035 25 220 17 22 20 24 198 43 1506 4470 570 25 220 23 16 24 21 198 50 1020 667 92372 25 220 19 24 23 24 198 2196 50557 56763 25 220 21 23 17 18 198 3320 2472 4254 2770 25 220 21 20 24 18 198 27175 667 61028 25 220 18 18 18 19 198 37 65435 710 3974 25 220 18 15 20 22 198 50 1020 667 27466 25 220 16 18 17 17 198 1106 268 49346 25 220 21 17 24 23 198 40 15190 235489 25 220 18 19 18 18 198 90979 78 462 698 327 25 220 19 22 15 17 271 14162 25 3437 369 279 2528 1970 364 76459 49346 30 198 15666 25 561 2528 1970 364 76459 49346 369 220 23 16 24 21	339
r006/gold/q6	nll	5865 1970 18834 198 42 88850 496 4405 1891 25 220 16 23 19 16 198 46 23738 4254 2770 25 220 22 17 16 21 198 34930 269 4254 2770 25 220 23 24 17 18 198 23202 396 227938 25 220 18 23 21 20 198 2229 10211 40050 12297 25 220 21 18 19 19 198 56 350 1644 41803 80831 25 220 18 18 23 23 198 6737 55747 34827 25 220 22 21 19 20 198 39304 667 74092 25 220 19 21 21 21 198 57 4897 235489 25 220 16 17 22 17 198 39 32389 61086 25 220 18 16 19 21 198 49 2492 5709 34827 25 220 18 20 20 24 198 57 4897 41803 80831 25 220 20 17 24 24 198 51 24685 5367 25 220 20 17 16 15 198 51 24685 72925 25 220 18 19 17 22 198 82433 56763 25 220 21 18 23 22 198 51 24685 74092 25 220 23 16 17 17 198 90979 78 4254 2770 25 220 20 21 24 18 198 4904 4897 63294 25 220 22 24 19 15 198 4904 4897 235489 25 220 16 19 16 16 198 89306 4254 2770 25 220 21 15 18 19 198 42 88850 78961 25 220 22 22 24 15 198 623 287 92372 25 220 21 24 23 16 198 34930 269 16592 28100 25 220 17 20 16 23 198 82433 64683 14183 25 220 23 18 24 22 198 5901 4897 92372 25 220 21 21 24 21 198 57 4897 23773 12949 25 220 19 18 15 19 198 233511 78961 25 220 24 19 22 19 198 2196 50557 458 452 82319 25 220 17 17 17 19 198 49 2492 5709 41803 80831 25 220 18 21 22 20 198 233511 46035 25 220 23 22 19 18 271 14162 25 3437 369 279 2528 1970 364 1587 55747 34827 30 198 15666 25 561 2528 1970 364 1587 55747 34827 369 220 22 21 19 20	340
r006/wrong/q6	nll	5865 1970 18834 198 42 88850 496 4405 1891 25 220 16 23 19 16 198 46 23738 4254 2770 25 220 22 17 16 21 198 34930 269 4254 2770 25 220 23 24 17 18 198 23202 396 227938 25 220 18 23 21 20 198 2229 10211 40050 12297 25 220 21 18 19 19 198 56 350 1644 41803 80831 25 220 18 18 23 23 198 6737 55747 34827 25 220 22 21 19 20 198 39304 667 74092 25 220 19 21 21 21 198 57 4897 235489 25 220 16 17 22 17 198 39 32389 61086 25 220 18 16 19 21 198 49 2492 5709 34827 25 220 18 20 20 24 198 57 4897 41803 80831 25 220 20 17 24 24 198 51 24685 5367 25 220 20 17 16 15 198 51 24685 72925 25 220 18 19 17 22 198 82433 56763 25 220 21 18 23 22 198 51 24685 74092 25 220 23 16 17 17 198 90979 78 4254 2770 25 220 20 21 24 18 198 4904 4897 63294 25 220 22 24 19 15 198 4904 4897 235489 25 220 16 19 16 16 198 89306 4254 2770 25 220 21 15 18 19 198 42 88850 78961 25 220 22 22 24 15 198 623 287 92372 25 220 21 24 23 16 198 34930 269 16592 28100 25 220 17 20 16 23 198 82433 64683 14183 25 220 23 18 24 22 198 5901 4897 92372 25 220 21 21 24 21 198 57 4897 23773 12949 25 220 19 18 15 19 198 233511 78961 25 220 24 19 22 19 198 2196 50557 458 452 82319 25 220 17 17 17 19 198 49 2492 5709 41803 80831 25 220 18 21 22 20 198 233511 46035 25 220 23 22 19 18 271 14162 25 3437 369 279 2528 1970 364 1587 55747 34827 30 198 15666 25 561 2528 1970 364 1587 55747 34827 369 220 22 17 16 21	340
r007/gold/q7	nll	5865 1970 18834 198 2665 269 53656 25 220 19 17 24 17 198 56 4897 49346 25 220 24 17 22 22 198 39 32389 59831 25 220 20 18 17 16 198 2196 50557 53656 25 220 19 16 22 15 198 24601 10211 56763 25 220 24 16 21 15 198 2229 10211 227938 25 220 18 18 23 24 198 45 51054 78961 25 220 16 15 15 15 198 89306 23773 12949 25 220 24 22 21 21 198 39304 667 52582 25 220 17 19 22 20 198 46 23738 28975 25 220 24 18 19 15 198 57 4493 496 4405 1891 25 220 22 17 24 19 198 42 2075 39185 25 220 21 17 17 20 198 92055 39185 25 220 20 23 24 19 198 82433 27466 25 220 19 19 15 24 198 92055 46035 25 220 17 24 15 18 198 42 88850 36461 25 220 19 22 16 17 198 24601 10211 52582 25 220 16 16 22 20 198 35921 299 92372 25 220 20 22 19 18 198 34930 269 496 4405 1891 25 220 18 16 22 21 198 1106 268 40733 25 220 22 22 24 18 198 57 4897 227938 25 220 22 23 19 15 198 59605 93922 25 220 21 16 23 24 198 90979 78 49472 25 220 17 18 24 18 198 37 65435 4254 2770 25 220 24 24 22 24 198 34930 269 235489 25 220 21 24 15 15 198 2196 50557 4470 570 25 220 20 15 16 18 198 54 268 710 358 1091 6433 25 220 19 16 22 24 198 6737 55747 46035 25 220 20 23 15 24 198 45 51054 16592 28100 25 220 18 16 19 20 198 10786 64 49472 25 220 24 19 24 18 271 14162 25 3437 369 279 2528 1970 364 28338 23773 12949 30 198 15666 25 561 2528 1970 364 28338 23773 12949 369 220 24 22 21 21	333
r007/wrong/q7	nll	5865 1970 18834 198 2665 269 53656 25 220 19 17 24 17 198 56 4897 49346 25 220 24 17 22 22 198 39 32389 59831 25 220 20 18 17 16 198 2196 50557 53656 25 220 19 16 22 15 198 24601 10211 56763 25 220 24 16 21 15 198 2229 10211 227938 25 220 18 18 23 24 198 45 51054 78961 25 220 16 15 15 15 198 89306 23773 12949 25 220 24 22 21 21 198 39304 667 52582 25 220 17 19 22 20 198 46 23738 28975 25 220 24 18 19 15 198 57 4493 496 4405 1891 25 220 22 17 24 19 198 42 2075 39185 25 220 21 17 17 20 198 92055 39185 25 220 20 23 24 19 198 82433 27466 25 220 19 19 15 24 198 92055 46035 25 220 17 24 15 18 198 42 88850 36461 25 220 19 22 16 17 198 24601 10211 52582 25 220 16 16 22 20 198 35921 299 92372 25 220 20 22 19 18 198 34930 269 496 4405 1891 25 220 18 16 22 21 198 1106 268 40733 25 220 22 22 24 18 198 57 4897 227938 25 220 22 23 19 15 198 59605 93922 25 220 21 16 23 24 198 90979 78 49472 25 220 17 18 24 18 198 37 65435 4254 2770 25 220 24 24 22 24 198 34930 269 235489 25 220 21 24 15 15 198 2196 50557 4470 570 25 220 20 15 16 18 198 54 268 710 358 1091 6433 25 220 19 16 22 24 198 6737 55747 46035 25 220 20 23 15 24 198 45 51054 16592 28100 25 220 18 16 19 20 198 10786 64 49472 25 220 24 19 24 18 271 14162 25 3437 369 279 2528 1970 364 28338 23773 12949 30 198 15666 25 561 2528 1970 364 28338 23773 12949 369 220 20 23 24 19	333
r008/gold/q8	nll	5865 1970 18834 198 27175 667 61850 25 220 20 20 18 17 198 83554 26342 67220 375 25 220 24 19 22 15 198 51 24685 49346 25 220 24 20 24 20 198 27175 667 207520 25 220 16 23 15 19 198 57 4493 16592 28100 25 220 21 20 20 17 198 89680 7509 39185 25 220 22 23 24 23 198 27175 667 40050 12297 25 220 16 20 16 17 198 27175 667 458 452 82319 25 220 23 24 23 21 198 50 1020 667 64683 14183 25 220 20 16 15 24 198 54 268 16592 28100 25 220 21 19 24 20 198 2665 269 78961 25 220 16 23 20 24 198 1106 268 40733 25 220 18 17 17 20 198 51 2692 80 46035 25 220 22 24 19 22 198 23202 396 52582 25 220 20 20 21 21 198 39 3253 49346 25 220 20 23 19 19 198 4904 4897 46035 25 220 17 15 21 20 198 82433 73467 25 220 21 19 23 17 198 59605 49346 25 220 17 16 24 20 198 623 287 49346 25 220 19 19 19 21 198 82433 40050 12297 25 220 19 19 21 17 198 35921 299 61086 25 220 24 15 22 24 198 2196 319 56763 25 220 21 24 16 22 198 51 24685 59405 85 25 220 17 19 23 23 198 24601 10211 52582 25 220 17 15 17 19 198 65343 235489 25 220 23 20 17 22 198 5901 4897 52582 25 220 16 15 15 15 198 92055 61850 25 220 22 23 17 15 198 39 32389 36461 25 220 19 21 19 20 198 6737 55747 23773 12949 25 220 22 24 18 19 198 92055 61086 25 220 24 20 15 24 271 14162 25 3437 369 279 2528 1970 364 75873 64683 14183 30 198 15666 25 561 2528 1970 364 75873 64683 14183 369 220 20 16 15 24	333
r008/wrong/q8	nll	5865 1970 18834 198 27175 667 61850 25 220 20 20 18 17 198 83554 26342 67220 375 25 220 24 19 22 15 198 51 24685 49346 25 220 24 20 24 20 198 27175 667 207520 25 220 16 23 15 19 198 57 4493 16592 28100 25 220 21 20 20 17 198 89680 7509 39185 25 220 22 23 24 23 198 27175 667 40050 12297 25 220 16 20 16 17 198 27175 667 458 452 82319 25 220 23 24 23 21 198 50 1020 667 64683 14183 25 220 20 16 15 24 198 54 268 16592 28100 25 220 21 19 24 20 198 2665 269 78961 25 220 16 23 20 24 198 1106 268 40733 25 220 18 17 17 20 198 51 2692 80 46035 25 220 22 24 19 22 198 23202 396 52582 25 220 20 20 21 21 198 39 3253 49346 25 220 20 23 19 19 198 4904 4897 46035 25 220 17 15 21 20 198 82433 73467 25 220 21 19 23 17 198 59605 49346 25 220 17 16 24 20 198 623 287 49346 25 220 19 19 19 21 198 82433 40050 12297 25 220 19 19 21 17 198 35921 299 61086 25 220 24 15 22 24 198 2196 319 56763 25 220 21 24 16 22 198 51 24685 59405 85 25 220 17 19 23 23 198 24601 10211 52582 25 220 17 15 17 19 198 65343 235489 25 220 23 20 17 22 198 5901 4897 52582 25 220 16 15 15 15 198 92055 61850 25 220 22 23 17 15 198 39 32389 36461 25 220 19 21 19 20 198 6737 55747 23773 12949 25 220 22 24 18 19 198 92055 61086 25 220 24 20 15 24 271 14162 25 3437 369 279 2528 1970 364 75873 64683 14183 30 198 15666 25 561 2528 1970 364 75873 64683 14183 369 220 17 19 23 23	333
r009/gold/q9	nll	5865 1970 18834 198 23202 396 64683 14183 25 220 18 18 22 16 198 89306 4254 2770 25 220 24 24 22 24 198 2229 10211 61850 25 220 16 21 16 21 198 57 4493 32442 54958 25 220 23 21 18 16 198 3320 2472 5367 25 220 24 18 22 18 198 57 4493 49346 25 220 24 20 17 19 198 39 3253 5367 25 220 21 21 21 22 198 45 51054 227938 25 220 21 20 17 22 198 45 51054 23773 12949 25 220 22 19 15 18 198 1106 268 27466 25 220 17 21 23 15 198 39 3253 53656 25 220 24 23 15 23 198 45 51054 629 17386 25 220 17 24 20 24 198 57 4493 59831 25 220 18 20 22 23 198 233511 227938 25 220 24 16 18 19 198 90979 78 227938 25 220 23 23 16 17 198 45 51054 52582 25 220 24 15 18 18 198 56 350 1644 49346 25 220 17 19 18 18 198 83554 82596 25 220 22 20 21 15 198 42 2075 207520 25 220 22 17 18 20 198 56 350 1644 23773 12949 25 220 21 20 24 15 198 49 2492 5709 49472 25 220 22 17 16 23 198 92055 462 698 327 25 220 23 20 18 21 198 42 88850 40050 12297 25 220 24 16 18 22 198 23202 396 40733 25 220 21 15 21 20 198 31795 1413 53656 25 220 16 15 21 15 198 89306 52582 25 220 18 21 24 18 198 57 4897 39185 25 220 21 19 22 18 198 39304 667 53656 25 220 17 18 16 21 198 49 11642 34827 25 220 17 20 17 21 198 24601 10211 61028 25 220 20 21 21 22 271 14162 25 3437 369 279 2528 1970 364 23720 27466 30 198 15666 25 561 2528 1970 364 23720 27466 369 220 17 21 23 15	332
r009/wrong/q9	nll	5865 1970 18834 198 23202 396 64683 14183 25 220 18 18 22 16 198 89306 4254 2770 25 220 24 24 22 24 198 2229 10211 61850 25 220 16 21 16 21 198 57 4493 32442 54958 25 220 23 21 18 16 198 3320 2472 5367 25 220 24 18 22 18 198 57 4493 49346 25 220 24 20 17 19 198 39 3253 5367 25 220 21 21 21 22 198 45 51054 227938 25 220 21 20 17 22 198 45 51054 23773 12949 25 220 22 19 15 18 198 1106 268 27466 25 220 17 21 23 15 198 39 3253 53656 25 220 24 23 15 23 198 45 51054 629 17386 25 220 17 24 20 24 198 57 4493 59831 25 220 18 20 22 23 198 233511 227938 25 220 24 16 18 19 198 90979 78 227938 25 220 23 23 16 17 198 45 51054 52582 25 220 24 15 18 18 198 56 350 1644 49346 25 220 17 19 18 18 198 83554 82596 25 220 22 20 21 15 198 42 2075 207520 25 220 22 17 18 20 198 56 350 1644 23773 12949 25 220 21 20 24 15 198 49 2492 5709 49472 25 220 22 17 16 23 198 92055 462 698 327 25 220 23 20 18 21 198 42 88850 40050 12297 25 220 24 16 18 22 198 23202 396 40733 25 220 21 15 21 20 198 31795 1413 53656 25 220 16 15 21 15 198 89306 52582 25 220 18 21 24 18 198 57 4897 39185 25 220 21 19 22 18 198 39304 667 53656 25 220 17 18 16 21 198 49 11642 34827 25 220 17 20 17 21 198 24601 10211 61028 25 220 20 21 21 22 271 14162 25 3437 369 279 2528 1970 364 23720 27466 30 198 15666 25 561 2528 1970 364 23720 27466 369 220 22 19 15 18	332
r010/gold/q10	nll	5865 1970 18834 198 5901 4897 61850 25 220 18 22 20 18 198 10786 64 46035 25 220 16 15 19 22 198 23202 396 4470 570 25 220 20 17 22 16 198 89306 23773 12949 25 220 21 23 18 19 198 1106 268 64683 14183 25 220 22 20 15 19 198 39304 667 458 452 82319 25 220 19 18 22 24 198 57 4897 72925 25 220 20 23 18 16 198 623 287 207520 25 220 17 23 22 18 198 31795 1413 4254 2770 25 220 20 22 16 16 198 89680 7509 59405 85 25 220 24 16 23 21 198 54 268 32442 54958 25 220 19 15 18 20 198 90979 78 36461 25 220 22 16 20 19 198 3320 2472 23773 12949 25 220 16 20 15 18 198 50 1020 667 207520 25 220 17 18 20 18 198 56 4897 73467 25 220 20 21 23 18 198 39304 667 63419 25 220 19 24 24 21 198 2665 269 73467 25 220 23 17 15 17 198 37 65435 82596 25 220 17 22 24 22 198 42 88850 56763 25 220 17 23 23 18 198 39304 667 41803 80831 25 220 18 21 20 16 198 51 21576 49472 25 220 17 22 22 17 198 51 2692 80 4254 2770 25 220 22 15 20 24 198 1106 268 710 358 1091 6433 25 220 22 23 17 24 198 43 1506 93922 25 220 23 17 16 23 198 50 1020 667 49346 25 220 20 22 18 24 198 49 2492 5709 40050 12297 25 220 22 17 24 19 198 56 350 1644 28975 25 220 21 22 18 23 198 83554 63419 25 220 23 17 21 22 198 49 11642 63294 25 220 22 23 22 17 198 50 1020 667 56763 25 220 20 19 16 18 271 14162 25 3437 369 279 2528 1970 364 59157 32442 54958 30 198 15666 25 561 2528 1970 364 59157 32442 54958 369 220 19 15 18 20	346
r010/wrong/q10	nll	5865 1970 18834 198 5901 4897 61850 25 220 18 22 20 18 198 10786 64 46035 25 220 16 15 19 22 198 23202 396 4470 570 25 220 20 17 22 16 198 89306 23773 12949 25 220 21 23 18 19 198 1106 268 64683 14183 25 220 22 20 15 19 198 39304 667 458 452 82319 25 220 19 18 22 24 198 57 4897 72925 25 220 20 23 18 16 198 623 287 207520 25 220 17 23 22 18 198 31795 1413 4254 2770 25 220 20 22 16 16 198 89680 7509 59405 85 25 220 24 16 23 21 198 54 268 32442 54958 25 220 19 15 18 20 198 90979 78 36461 25 220 22 16 20 19 198 3320 2472 23773 12949 25 220 16 20 15 18 198 50 1020 667 207520 25 220 17 18 20 18 198 56 4897 73467 25 220 20 21 23 18 198 39304 667 63419 25 220 19 24 24 21 198 2665 269 73467 25 220 23 17 15 17 198 37 65435 82596 25 220 17 22 24 22 198 42 88850 56763 25 220 17 23 23 18 198 39304 667 41803 80831 25 220 18 21 20 16 198 51 21576 49472 25 220 17 22 22 17 198 51 2692 80 4254 2770 25 220 22 15 20 24 198 1106 268 710 358 1091 6433 25 220 22 23 17 24 198 43 1506 93922 25 220 23 17 16 23 198 50 1020 667 49346 25 220 20 22 18 24 198 49 2492 5709 40050 12297 25 220 22 17 24 19 198 56 350 1644 28975 25 220 21 22 18 23 198 83554 63419 25 220 23 17 21 22 198 49 11642 63294 25 220 22 23 22 17 198 50 1020 667 56763 25 220 20 19 16 18 271 14162 25 3437 369 279 2528 1970 364 59157 32442 54958 30 198 15666 25 561 2528 1970 364 59157 32442 54958 369 220 19 18 22 24	346
r011/gold/q11	nll	5865 1970 18834 198 2196 319 53656 25 220 16 20 18 20 198 2196 319 46035 25 220 22 23 20 16 198 57 4897 462 698 327 25 220 22 23 15 23 198 23202 396 462 698 327 25 220 21 18 21 23 198 36 46419 27466 25 220 16 24 17 15 198 57 4493 93922 25 220 22 23 17 21 198 65343 629 17386 25 220 24 15 19 23 198 40 15190 26342 67220 375 25 220 19 24 17 21 198 59605 61028 25 220 16 19 15 21 198 31795 1413 4254 2770 25 220 19 22 23 15 198 27175 667 49472 25 220 21 15 18 22 198 1106 268 61086 25 220 23 23 19 20 198 3320 2472 39185 25 220 16 19 16 21 198 35921 299 56763 25 220 24 21 19 23 198 83554 40050 12297 25 220 16 19 20 23 198 49 2492 5709 710 358 1091 6433 25 220 16 23 15 20 198 50 1020 667 93922 25 220 23 18 21 23 198 57 4897 16592 28100 25 220 23 18 20 17 198 233511 4470 570 25 220 21 24 20 17 198 1106 268 46035 25 220 16 15 23 22 198 6737 55747 52582 25 220 24 24 15 18 198 3320 2472 93922 25 220 20 22 18 22 198 51 2692 80 227938 25 220 18 15 23 20 198 35 1701 452 52582 25 220 16 22 20 19 198 51 24685 40733 25 220 20 24 21 23 198 5901 4897 67186 25 220 24 19 20 20 198 65343 32442 54958 25 220 18 19 23 19 198 10786 64 67186 25 220 23 24 22 21 198 34930 269 46035 25 220 21 22 21 19 198 34930 269 458 452 82319 25 220 21 21 18 16 271 14162 25 3437 369 279 2528 1970 364 23720 61086 30 198 15666 25 561 2528 1970 364 23720 61086 369 220 23 23 19 20	341
r011/wrong/q11	nll	5865 1970 18834 198 2196 319 53656 25 220 16 20 18 20 198 2196 319 46035 25 220 22 23 20 16 198 57 4897 462 698 327 25 220 22 23 15 23 198 23202 396 462 698 327 25 220 21 18 21 23 198 36 46419 27466 25 220 16 24 17 15 198 57 4493 93922 25 220 22 23 17 21 198 65343 629 17386 25 220 24 15 19 23 198 40 15190 26342 67220 375 25 220 19 24 17 21 198 59605 61028 25 220 16 19 15 21 198 31795 1413 4254 2770 25 220 19 22 23 15 198 27175 667 49472 25 220 21 15 18 22 198 1106 268 61086 25 220 23 23 19 20 198 3320 2472 39185 25 220 16 19 16 21 198 35921 299 56763 25 220 24 21 19 23 198 83554 40050 12297 25 220 16 19 20 23 198 49 2492 5709 710 358 1091 6433 25 220 16 23 15 20 198 50 1020 667 93922 25 220 23 18 21 23 198 57 4897 16592 28100 25 220 23 18 20 17 198 233511 4470 570 25 220 21 24 20 17 198 1106 268 46035 25 220 16 15 23 22 198 6737 55747 52582 25 220 24 24 15 18 198 3320 2472 93922 25 220 20 22 18 22 198 51 2692 80 227938 25 220 18 15 23 20 198 35 1701 452 52582 25 220 16 22 20 19 198 51 24685 40733 25 220 20 24 21 23 198 5901 4897 67186 25 220 24 19 20 20 198 65343 32442 54958 25 220 18 19 23 19 198 10786 64 67186 25 220 23 24 22 21 198 34930 269 46035 25 220 21 22 21 19 198 34930 269 458 452 82319 25 220 21 21 18 16 271 14162 25 3437 369 279 2528 1970 364 23720 61086 30 198 15666 25 561 2528 1970 364 23720 61086 369 220 16 23 15 20	341
r012/gold/q12	nll	5865 1970 18834 198 51 24685 26342 67220 375 25 220 24 22 21 24 198 46 23738 41803 80831 25 220 22 18 20 19 198 2665 269 64683 14183 25 220 16 24 16 17 198 1106 268 36461 25 220 18 19 22 23 198 2665 269 73467 25 220 23 22 23 21 198 49 11642 72925 25 220 19 21 24 21 198 6737 55747 1799 33852 1482 25 220 24 15 16 16 198 1106 268 61086 25 220 21 15 20 19 198 23202 396 53656 25 220 17 18 15 22 198 57 4897 55240 25 220 20 16 23 23 198 49 11642 61028 25 220 16 20 17 21 198 45 51054 23773 12949 25 220 19 19 19 16 198 3320 2472 40050 12297 25 220 18 20 18 19 198 36 46419 227938 25 220 24 19 23 17 198 6737 55747 61028 25 220 19 23 22 15 198 43 1506 67186 25 220 17 16 19 21 198 623 287 710 358 1091 6433 25 220 21 23 20 24 198 89680 7509 14315 48040 25 220 16 15 17 23 198 27175 667 458 452 82319 25 220 24 19 15 17 198 57 4493 61086 25 220 24 20 18 19 198 92055 36461 25 220 21 15 20 22 198 623 287 32442 54958 25 220 21 24 22 20 198 35 1701 452 64683 14183 25 220 18 18 16 19 198 46 23738 67186 25 220 22 24 23 21 198 82433 496 4405 1891 25 220 21 21 24 22 198 27175 667 63294 25 220 22 24 24 17 198 92055 59831 25 220 23 20 24 18 198 42 88850 496 4405 1891 25 220 22 16 19 18 198 34930 269 59405 85 25 220 16 23 20 23 198 2229 10211 55240 25 220 16 24 16 18 271 14162 25 3437 369 279 2528 1970 364 2732 2472 40050 12297 30 198 15666 25 561 2528 1970 364 2732 2472 40050 12297 369 220 18 20 18 19	348
r012/wrong/q12	nll	5865 1970 18834 198 51 24685 26342 67220 375 25 220 24 22 21 24 198 46 23738 41803 80831 25 220 22 18 20 19 198 2665 269 64683 14183 25 220 16 24 16 17 198 1106 268 36461 25 220 18 19 22 23 198 2665 269 73467 25 220 23 22 23 21 198 49 11642 72925 25 220 19 21 24 21 198 6737 55747 1799 33852 1482 25 220 24 15 16 16 198 1106 268 61086 25 220 21 15 20 19 198 23202 396 53656 25 220 17 18 15 22 198 57 4897 55240 25 220 20 16 23 23 198 49 11642 61028 25 220 16 20 17 21 198 45 51054 23773 12949 25 220 19 19 19 16 198 3320 2472 40050 12297 25 220 18 20 18 19 198 36 46419 227938 25 220 24 19 23 17 198 6737 55747 61028 25 220 19 23 22 15 198 43 1506 67186 25 220 17 16 19 21 198 623 287 710 358 1091 6433 25 220 21 23 20 24 198 89680 7509 14315 48040 25 220 16 15 17 23 198 27175 667 458 452 82319 25 220 24 19 15 17 198 57 4493 61086 25 220 24 20 18 19 198 92055 36461 25 220 21 15 20 22 198 623 287 32442 54958 25 220 21 24 22 20 198 35 1701 452 64683 14183 25 220 18 18 16 19 198 46 23738 67186 25 220 22 24 23 21 198 82433 496 4405 1891 25 220 21 21 24 22 198 27175 667 63294 25 220 22 24 24 17 198 92055 59831 25 220 23 20 24 18 198 42 88850 496 4405 1891 25 220 22 16 19 18 198 34930 269 59405 85 25 220 16 23 20 23 198 2229 10211 55240 25 220 16 24 16 18 271 14162 25 3437 369 279 2528 1970 364 2732 2472 40050 12297 30 198 15666 25 561 2528 1970 364 2732 2472 40050 12297 369 220 19 21 24 21	348
r013/gold/q13	nll	5865 1970 18834 198 51 2692 80 74092 25 220 23 21 19 24 198 2665 269 26342 67220 375 25 220 19 17 18 19 198 36 46419 458 452 82319 25 220 21 18 24 22 198 42 2075 207520 25 220 22 19 24 22 198 39 3253 52582 25 220 17 23 15 23 198 57 4493 64683 14183 25 220 18 18 22 22 198 42 2075 59831 25 220 22 21 15 22 198 35 1701 452 1799 33852 1482 25 220 19 17 20 18 198 2196 319 458 452 82319 25 220 23 23 21 24 198 92055 26342 67220 375 25 220 17 21 16 19 198 65343 710 358 1091 6433 25 220 17 19 21 24 198 3320 2472 61850 25 220 20 17 20 23 198 2665 269 710 358 1091 6433 25 220 23 23 21 22 198 2196 50557 74092 25 220 18 19 19 17 198 4904 4897 78961 25 220 19 20 15 16 198 34930 269 14315 48040 25 220 20 24 22 16 198 83554 63419 25 220 22 24 15 23 198 2196 50557 4254 2770 25 220 21 19 17 15 198 89680 7509 16592 28100 25 220 22 15 19 16 198 2196 50557 34827 25 220 22 24 24 20 198 2196 319 23773 12949 25 220 17 17 15 21 198 39 3253 55240 25 220 17 21 18 20 198 51 21576 4470 570 25 220 21 16 15 18 198 43 1506 710 3974 25 220 23 18 23 22 198 2196 319 235489 25 220 19 24 19 21 198 34930 269 32442 54958 25 220 20 24 16 16 198 1106 268 39185 25 220 20 21 17 22 198 42 88850 496 4405 1891 25 220 17 20 17 20 198 50 1020 667 227938 25 220 16 23 15 20 198 233511 93922 25 220 20 17 22 24 271 14162 25 3437 369 279 2528 1970 364 5570 50557 74092 30 198 15666 25 561 2528 1970 364 5570 50557 74092 369 220 18 19 19 17	352
r013/wrong/q13	nll	5865 1970 18834 198 51 2692 80 74092 25 220 23 21 19 24 198 2665 269 26342 67220 375 25 220 19 17 18 19 198 36 46419 458 452 82319 25 220 21 18 24 22 198 42 2075 207520 25 220 22 19 24 22 198 39 3253 52582 25 220 17 23 15 23 198 57 4493 64683 14183 25 220 18 18 22 22 198 42 2075 59831 25 220 22 21 15 22 198 35 1701 452 1799 33852 1482 25 220 19 17 20 18 198 2196 319 458 452 82319 25 220 23 23 21 24 198 92055 26342 67220 375 25 220 17 21 16 19 198 65343 710 358 1091 6433 25 220 17 19 21 24 198 3320 2472 61850 25 220 20 17 20 23 198 2665 269 710 358 1091 6433 25 220 23 23 21 22 198 2196 50557 74092 25 220 18 19 19 17 198 4904 4897 78961 25 220 19 20 15 16 198 34930 269 14315 48040 25 220 20 24 22 16 198 83554 63419 25 220 22 24 15 23 198 2196 50557 4254 2770 25 220 21 19 17 15 198 89680 7509 16592 28100 25 220 22 15 19 16 198 2196 50557 34827 25 220 22 24 24 20 198 2196 319 23773 12949 25 220 17 17 15 21 198 39 3253 55240 25 220 17 21 18 20 198 51 21576 4470 570 25 220 21 16 15 18 198 43 1506 710 3974 25 220 23 18 23 22 198 2196 319 235489 25 220 19 24 19 21 198 34930 269 32442 54958 25 220 20 24 16 16 198 1106 268 39185 25 220 20 21 17 22 198 42 88850 496 4405 1891 25 220 17 20 17 20 198 50 1020 667 227938 25 220 16 23 15 20 198 233511 93922 25 220 20 17 22 24 271 14162 25 3437 369 279 2528 1970 364 5570 50557 74092 30 198 15666 25 561 2528 1970 364 5570 50557 74092 369 220 21 18 24 22	352
r014/gold/q14	nll	5865 1970 18834 198 46 23738 61086 25 220 16 16 23 21 198 57 4897 72925 25 220 23 19 18 19 198 233511 93922 25 220 22 23 17 19 198 54 268 74092 25 220 24 24 22 15 198 39 32389 56763 25 220 19 23 15 20 198 35921 299 1799 33852 1482 25 220 16 22 24 19 198 35 1701 452 34827 25 220 20 16 19 21 198 6737 55747 36461 25 220 23 17 21 19 198 43 1506 61086 25 220 16 16 19 23 198 57 4897 14315 48040 25 220 22 21 21 22 198 46 23738 458 452 82319 25 220 17 17 23 15 198 3320 2472 14315 48040 25 220 21 23 18 18 198 83554 56763 25 220 24 24 15 21 198 51 21576 5367 25 220 24 20 21 19 198 51 24685 74092 25 220 24 16 24 16 198 46 23738 72925 25 220 23 24 22 22 198 45 51054 74092 25 220 19 17 24 21 198 50 1020 667 629 17386 25 220 24 24 15 15 198 24601 10211 40050 12297 25 220 16 21 19 24 198 82433 458 452 82319 25 220 19 23 18 17 198 51 21576 46035 25 220 18 24 18 19 198 49 2492 5709 93922 25 220 22 21 21 16 198 39 3253 46035 25 220 22 24 21 21 198 1106 268 61086 25 220 19 21 22 23 198 5901 4897 26342 67220 375 25 220 23 19 19 19 198 623 287 710 358 1091 6433 25 220 18 21 16 22 198 3320 2472 67186 25 220 21 18 21 16 198 27175 667 458 452 82319 25 220 19 23 15 17 198 92055 28975 25 220 19 21 19 16 198 45 51054 39185 25 220 22 20 17 22 271 14162 25 3437 369 279 2528 1970 364 345 24685 74092 30 198 15666 25 561 2528 1970 364 345 24685 74092 369 220 24 16 24 16	343
r014/wrong/q14	nll	5865 1970 18834 198 46 23738 61086 25 220 16 16 23 21 198 57 4897 72925 25 220 23 19 18 19 198 233511 93922 25 220 22 23 17 19 198 54 268 74092 25 220 24 24 22 15 198 39 32389 56763 25 220 19 23 15 20 198 35921 299 1799 33852 1482 25 220 16 22 24 19 198 35 1701 452 34827 25 220 20 16 19 21 198 6737 55747 36461 25 220 23 17 21 19 198 43 1506 61086 25 220 16 16 19 23 198 57 4897 14315 48040 25 220 22 21 21 22 198 46 23738 458 452 82319 25 220 17 17 23 15 198 3320 2472 14315 48040 25 220 21 23 18 18 198 83554 56763 25 220 24 24 15 21 198 51 21576 5367 25 220 24 20 21 19 198 51 24685 74092 25 220 24 16 24 16 198 46 23738 72925 25 220 23 24 22 22 198 45 51054 74092 25 220 19 17 24 21 198 50 1020 667 629 17386 25 220 24 24 15 15 198 24601 10211 40050 12297 25 220 16 21 19 24 198 82433 458 452 82319 25 220 19 23 18 17 198 51 21576 46035 25 220 18 24 18 19 198 49 2492 5709 93922 25 220 22 21 21 16 198 39 3253 46035 25 220 22 24 21 21 198 1106 268 61086 25 220 19 21 22 23 198 5901 4897 26342 67220 375 25 220 23 19 19 19 198 623 287 710 358 1091 6433 25 220 18 21 16 22 198 3320 2472 67186 25 220 21 18 21 16 198 27175 667 458 452 82319 25 220 19 23 15 17 198 92055 28975 25 220 19 21 19 16 198 45 51054 39185 25 220 22 20 17 22 271 14162 25 3437 369 279 2528 1970 364 345 24685 74092 30 198 15666 25 561 2528 1970 364 345 24685 74092 369 220 23 19 19 19	343
r015/gold/q15	nll	5865 1970 18834 198 2196 319 92372 25 220 24 16 16 22 198 35921 299 34827 25 220 16 17 15 15 198 39 32389 496 4405 1891 25 220 16 16 17 16 198 51 2692 80 207520 25 220 20 15 20 21 198 50 1020 667 496 4405 1891 25 220 23 24 20 20 198 10786 64 235489 25 220 16 22 16 20 198 36 46419 26342 67220 375 25 220 23 18 21 23 198 51 2692 80 82596 25 220 22 16 24 23 198 51 21576 82596 25 220 24 21 24 18 198 6737 55747 710 3974 25 220 19 21 17 17 198 90979 78 40733 25 220 22 24 16 19 198 10786 64 39185 25 220 21 23 18 22 198 42 88850 72925 25 220 22 15 21 16 198 34930 269 39185 25 220 22 24 24 23 198 623 287 46035 25 220 21 24 17 21 198 49 2492 5709 61028 25 220 21 15 23 17 198 89306 629 17386 25 220 19 16 15 15 198 34930 269 462 698 327 25 220 21 15 16 19 198 35 1701 452 227938 25 220 18 24 17 16 198 89680 7509 710 358 1091 6433 25 220 17 15 15 24 198 51 21576 49346 25 220 24 19 15 20 198 34930 269 1799 33852 1482 25 220 21 20 15 19 198 49 11642 92372 25 220 22 24 17 17 198 92055 32442 54958 25 220 21 15 16 24 198 56 4897 1799 33852 1482 25 220 21 24 18 17 198 40 15190 235489 25 220 18 23 23 19 198 2229 10211 32442 54958 25 220 23 16 18 16 198 51 21576 39185 25 220 19 15 21 16 198 23202 396 34827 25 220 17 19 21 21 198 34930 269 629 17386 25 220 24 15 21 19 271 14162 25 3437 369 279 2528 1970 364 52575 61028 30 198 15666 25 561 2528 1970 364 52575 61028 369 220 21 15 23 17	348
r015/wrong/q15	nll	5865 1970 18834 198 2196 319 92372 25 220 24 16 16 22 198 35921 299 34827 25 220 16 17 15 15 198 39 32389 496 4405 1891 25 220 16 16 17 16 198 51 2692 80 207520 25 220 20 15 20 21 198 50 1020 667 496 4405 1891 25 220 23 24 20 20 198 10786 64 235489 25 220 16 22 16 20 198 36 46419 26342 67220 375 25 220 23 18 21 23 198 51 2692 80 82596 25 220 22 16 24 23 198 51 21576 82596 25 220 24 21 24 18 198 6737 55747 710 3974 25 220 19 21 17 17 198 90979 78 40733 25 220 22 24 16 19 198 10786 64 39185 25 220 21 23 18 22 198 42 88850 72925 25 220 22 15 21 16 198 34930 269 39185 25 220 22 24 24 23 198 623 287 46035 25 220 21 24 17 21 198 49 2492 5709 61028 25 220 21 15 23 17 198 89306 629 17386 25 220 19 16 15 15 198 34930 269 462 698 327 25 220 21 15 16 19 198 35 1701 452 227938 25 220 18 24 17 16 198 89680 7509 710 358 1091 6433 25 220 17 15 15 24 198 51 21576 49346 25 220 24 19 15 20 198 34930 269 1799 33852 1482 25 220 21 20 15 19 198 49 11642 92372 25 220 22 24 17 17 198 92055 32442 54958 25 220 21 15 16 24 198 56 4897 1799 33852 1482 25 220 21 24 18 17 198 40 15190 235489 25 220 18 23 23 19 198 2229 10211 32442 54958 25 220 23 16 18 16 198 51 21576 39185 25 220 19 15 21 16 198 23202 396 34827 25 220 17 19 21 21 198 34930 269 629 17386 25 220 24 15 21 19 271 14162 25 3437 369 279 2528 1970 364 52575 61028 30 198 15666 25 561 2528 1970 364 52575 61028 369 220 23 18 21 23	348
r016/gold/q16	nll	5865 1970 18834 198 39 3253 207520 25 220 21 15 21 19 198 56 350 1644 462 698 327 25 220 20 19 16 21 198 36 46419 61028 25 220 23 17 20 17 198 49 2492 5709 26342 67220 375 25 220 16 24 15 17 198 27175 667 82596 25 220 18 17 19 22 198 6737 55747 59405 85 25 220 24 23 19 16 198 89306 49472 25 220 22 20 23 15 198 233511 78961 25 220 16 19 17 15 198 37 65435 61028 25 220 23 20 16 19 198 65343 49472 25 220 17 21 23 20 198 83554 72925 25 220 16 20 20 21 198 39 3253 40733 25 220 22 24 23 16 198 2229 10211 32442 54958 25 220 23 21 21 18 198 57 4493 710 358 1091 6433 25 220 18 23 20 24 198 2196 50557 39685 25 220 22 23 22 18 198 35 1701 452 55240 25 220 20 15 18 24 198 49 11642 67186 25 220 21 19 19 22 198 57 4493 36461 25 220 24 20 20 16 198 2229 10211 49472 25 220 23 20 19 17 198 2196 50557 27466 25 220 22 23 21 17 198 24601 10211 26342 67220 375 25 220 24 15 15 21 198 45 1524 335 2075 78961 25 220 17 16 18 24 198 2196 319 26342 67220 375 25 220 17 23 21 15 198 83554 227938 25 220 19 18 23 18 198 56 4897 59831 25 220 24 22 22 24 198 4904 4897 629 17386 25 220 19 20 16 20 198 2665 269 14315 48040 25 220 19 19 17 18 198 10786 64 63419 25 220 19 22 19 15 198 83554 1799 33852 1482 25 220 16 21 18 21 198 2196 50557 28975 25 220 16 18 17 16 271 14162 25 3437 369 279 2528 1970 364 45265 67186 30 198 15666 25 561 2528 1970 364 45265 67186 369 220 21 19 19 22	341
r016/wrong/q16	nll	5865 1970 18834 198 39 3253 207520 25 220 21 15 21 19 198 56 350 1644 462 698 327 25 220 20 19 16 21 198 36 46419 61028 25 220 23 17 20 17 198 49 2492 5709 26342 67220 375 25 220 16 24 15 17 198 27175 667 82596 25 220 18 17 19 22 198 6737 55747 59405 85 25 220 24 23 19 16 198 89306 49472 25 220 22 20 23 15 198 233511 78961 25 220 16 19 17 15 198 37 65435 61028 25 220 23 20 16 19 198 65343 49472 25 220 17 21 23 20 198 83554 72925 25 220 16 20 20 21 198 39 3253 40733 25 220 22 24 23 16 198 2229 10211 32442 54958 25 220 23 21 21 18 198 57 4493 710 358 1091 6433 25 220 18 23 20 24 198 2196 50557 39685 25 220 22 23 22 18 198 35 1701 452 55240 25 220 20 15 18 24 198 49 11642 67186 25 220 21 19 19 22 198 57 4493 36461 25 220 24 20 20 16 198 2229 10211 49472 25 220 23 20 19 17 198 2196 50557 27466 25 220 22 23 21 17 198 24601 10211 26342 67220 375 25 220 24 15 15 21 198 45 1524 335 2075 78961 25 220 17 16 18 24 198 2196 319 26342 67220 375 25 220 17 23 21 15 198 83554 227938 25 220 19 18 23 18 198 56 4897 59831 25 220 24 22 22 24 198 4904 4897 629 17386 25 220 19 20 16 20 198 2665 269 14315 48040 25 220 19 19 17 18 198 10786 64 63419 25 220 19 22 19 15 198 83554 1799 33852 1482 25 220 16 21 18 21 198 2196 50557 28975 25 220 16 18 17 16 271 14162 25 3437 369 279 2528 1970 364 45265 67186 30 198 15666 25 561 2528 1970 364 45265 67186 369 220 24 23 19 16	341
r017/gold/q17	nll	5865 1970 18834 198 46 23738 32442 54958 25 220 16 21 21 20 198 65343 27466 25 220 23 21 20 18 198 2196 319 34827 25 220 21 17 18 18 198 35 1701 452 67186 25 220 16 22 16 22 198 57 4493 462 698 327 25 220 23 21 21 17 198 10786 64 41803 80831 25 220 21 19 22 24 198 49 11642 52582 25 220 20 15 17 24 198 34930 269 39185 25 220 23 16 15 17 198 89306 462 698 327 25 220 16 24 23 19 198 92055 67186 25 220 17 24 21 19 198 34930 269 59405 85 25 220 22 19 24 20 198 6737 55747 39185 25 220 20 19 20 15 198 36 46419 16592 28100 25 220 18 20 19 20 198 59605 39185 25 220 23 20 24 24 198 5901 4897 64683 14183 25 220 21 18 24 18 198 35921 299 63419 25 220 21 21 21 17 198 42 2075 458 452 82319 25 220 16 16 21 21 198 36 46419 40050 12297 25 220 24 16 18 24 198 36 46419 26342 67220 375 25 220 16 18 24 21 198 40 15190 4254 2770 25 220 22 19 21 20 198 92055 462 698 327 25 220 18 20 21 16 198 57 4897 40733 25 220 20 20 19 18 198 37 65435 235489 25 220 23 24 22 18 198 42 88850 64683 14183 25 220 20 16 16 15 198 65343 629 17386 25 220 21 20 19 24 198 4904 4897 46035 25 220 17 23 22 16 198 233511 4470 570 25 220 18 16 18 19 198 39304 667 64683 14183 25 220 19 18 22 23 198 43 1506 64683 14183 25 220 23 22 18 20 198 2196 319 40050 12297 25 220 16 22 22 15 271 14162 25 3437 369 279 2528 1970 364 66255 40050 12297 30 198 15666 25 561 2528 1970 364 66255 40050 12297 369 220 24 16 18 24	344
r017/wrong/q17	nll	5865 1970 18834 198 46 23738 32442 54958 25 220 16 21 21 20 198 65343 27466 25 220 23 21 20 18 198 2196 319 34827 25 220 21 17 18 18 198 35 1701 452 67186 25 220 16 22 16 22 198 57 4493 462 698 327 25 220 23 21 21 17 198 10786 64 41803 80831 25 220 21 19 22 24 198 49 11642 52582 25 220 20 15 17 24 198 34930 269 39185 25 220 23 16 15 17 198 89306 462 698 327 25 220 16 24 23 19 198 92055 67186 25 220 17 24 21 19 198 34930 269 59405 85 25 220 22 19 24 20 198 6737 55747 39185 25 220 20 19 20 15 198 36 46419 16592 28100 25 220 18 20 19 20 198 59605 39185 25 220 23 20 24 24 198 5901 4897 64683 14183 25 220 21 18 24 18 198 35921 299 63419 25 220 21 21 21 17 198 42 2075 458 452 82319 25 220 16 16 21 21 198 36 46419 40050 12297 25 220 24 16 18 24 198 36 46419 26342 67220 375 25 220 16 18 24 21 198 40 15190 4254 2770 25 220 22 19 21 20 198 92055 462 698 327 25 220 18 20 21 16 198 57 4897 40733 25 220 20 20 19 18 198 37 65435 235489 25 220 23 24 22 18 198 42 88850 64683 14183 25 220 20 16 16 15 198 65343 629 17386 25 220 21 20 19 24 198 4904 4897 46035 25 220 17 23 22 16 198 233511 4470 570 25 220 18 16 18 19 198 39304 667 64683 14183 25 220 19 18 22 23 198 43 1506 64683 14183 25 220 23 22 18 20 198 2196 319 40050 12297 25 220 16 22 22 15 271 14162 25 3437 369 279 2528 1970 364 66255 40050 12297 30 198 15666 25 561 2528 1970 364 66255 40050 12297 369 220 21 21 21 17	344
r018/gold/q18	nll	5865 1970 18834 198 5901 4897 73467 25 220 22 18 24 15 198 42 88850 710 358 1091 6433 25 220 23 19 17 24 198 24601 10211 16592 28100 25 220 19 18 20 22 198 23202 396 462 698 327 25 220 18 17 19 18 198 233511 23773 12949 25 220 18 21 17 20 198 3320 2472 235489 25 220 16 15 16 22 198 92055 52582 25 220 19 15 18 18 198 42 2075 458 452 82319 25 220 18 20 22 16 198 59605 28975 25 220 22 17 24 16 198 51 2692 80 55240 25 220 19 21 16 24 198 83554 78961 25 220 22 19 21 23 198 92055 64683 14183 25 220 24 20 15 17 198 92055 40733 25 220 22 16 16 20 198 2196 50557 496 4405 1891 25 220 19 16 22 23 198 57 4897 710 3974 25 220 18 19 16 18 198 233511 629 17386 25 220 16 21 19 20 198 31795 1413 39185 25 220 21 15 23 17 198 24601 10211 61086 25 220 18 24 20 24 198 623 287 61850 25 220 24 18 18 24 198 27175 667 93922 25 220 17 15 17 23 198 49 2492 5709 14315 48040 25 220 20 20 19 23 198 42 2075 61086 25 220 17 21 22 22 198 43 1506 458 452 82319 25 220 16 24 18 18 198 35921 299 64683 14183 25 220 16 15 20 18 198 49 11642 49472 25 220 22 18 22 15 198 57 4493 34827 25 220 17 22 24 20 198 40 15190 82596 25 220 18 17 15 21 198 40 15190 53656 25 220 22 15 17 22 198 31795 1413 82596 25 220 19 18 16 20 198 57 4897 28975 25 220 24 22 15 18 271 14162 25 3437 369 279 2528 1970 364 733 287 61850 30 198 15666 25 561 2528 1970 364 733 287 61850 369 220 24 18 18 24	340
r018/wrong/q18	nll	5865 1970 18834 198 5901 4897 73467 25 220 22 18 24 15 198 42 88850 710 358 1091 6433 25 220 23 19 17 24 198 24601 10211 16592 28100 25 220 19 18 20 22 198 23202 396 462 698 327 25 220 18 17 19 18 198 233511 23773 12949 25 220 18 21 17 20 198 3320 2472 235489 25 220 16 15 16 22 198 92055 52582 25 220 19 15 18 18 198 42 2075 458 452 82319 25 220 18 20 22 16 198 59605 28975 25 220 22 17 24 16 198 51 2692 80 55240 25 220 19 21 16 24 198 83554 78961 25 220 22 19 21 23 198 92055 64683 14183 25 220 24 20 15 17 198 92055 40733 25 220 22 16 16 20 198 2196 50557 496 4405 1891 25 220 19 16 22 23 198 57 4897 710 3974 25 220 18 19 16 18 198 233511 629 17386 25 220 16 21 19 20 198 31795 1413 39185 25 220 21 15 23 17 198 24601 10211 61086 25 220 18 24 20 24 198 623 287 61850 25 220 24 18 18 24 198 27175 667 93922 25 220 17 15 17 23 198 49 2492 5709 14315 48040 25 220 20 20 19 23 198 42 2075 61086 25 220 17 21 22 22 198 43 1506 458 452 82319 25 220 16 24 18 18 198 35921 299 64683 14183 25 220 16 15 20 18 198 49 11642 49472 25 220 22 18 22 15 198 57 4493 34827 25 220 17 22 24 20 198 40 15190 82596 25 220 18 17 15 21 198 40 15190 53656 25 220 22 15 17 22 198 31795 1413 82596 25 220 19 18 16 20 198 57 4897 28975 25 220 24 22 15 18 271 14162 25 3437 369 279 2528 1970 364 733 287 61850 30 198 15666 25 561 2528 1970 364 733 287 61850 369 220 22 16 16 20	340
r019/gold/q19	nll	5865 1970 18834 198 45 1524 335 2075 52582 25 220 19 16 21 18 198 37 65435 39185 25 220 18 17 21 19 198 5901 4897 78961 25 220 18 20 17 24 198 42 2075 5367 25 220 21 21 15 21 198 50 1020 667 59405 85 25 220 18 15 16 22 198 37 65435 53656 25 220 20 23 24 23 198 10786 64 53656 25 220 22 23 19 24 198 43 1506 61850 25 220 24 17 24 19 198 42 2075 462 698 327 25 220 18 17 20 20 198 34930 269 46035 25 220 19 21 22 21 198 54 268 4254 2770 25 220 18 20 18 17 198 36 46419 23773 12949 25 220 24 21 21 16 198 50 1020 667 41803 80831 25 220 22 15 23 19 198 49 11642 4254 2770 25 220 24 23 23 23 198 45 51054 28975 25 220 21 19 19 21 198 27175 667 496 4405 1891 25 220 18 23 19 16 198 6737 55747 5367 25 220 20 22 20 22 198 83554 52582 25 220 24 20 17 19 198 27175 667 14315 48040 25 220 17 16 17 16 198 623 287 27466 25 220 17 19 16 19 198 65343 26342 67220 375 25 220 20 23 18 22 198 37 65435 710 3974 25 220 21 17 24 20 198 233511 458 452 82319 25 220 19 21 20 16 198 50 1020 667 61028 25 220 21 21 23 15 198 35 1701 452 64683 14183 25 220 16 18 19 23 198 4904 4897 61028 25 220 18 20 24 22 198 39 32389 4254 2770 25 220 24 18 16 24 198 6737 55747 63419 25 220 22 20 15 17 198 56 350 1644 27466 25 220 20 18 21 16 198 39304 667 4470 570 25 220 21 18 16 19 271 14162 25 3437 369 279 2528 1970 364 733 287 27466 30 198 15666 25 561 2528 1970 364 733 287 27466 369 220 17 19 16 19	349
r019/wrong/q19	nll	5865 1970 18834 198 45 1524 335 2075 52582 25 220 19 16 21 18 198 37 65435 39185 25 220 18 17 21 19 198 5901 4897 78961 25 220 18 20 17 24 198 42 2075 5367 25 220 21 21 15 21 198 50 1020 667 59405 85 25 220 18 15 16 22 198 37 65435 53656 25 220 20 23 24 23 198 10786 64 53656 25 220 22 23 19 24 198 43 1506 61850 25 220 24 17 24 19 198 42 2075 462 698 327 25 220 18 17 20 20 198 34930 269 46035 25 220 19 21 22 21 198 54 268 4254 2770 25 220 18 20 18 17 198 36 46419 23773 12949 25 220 24 21 21 16 198 50 1020 667 41803 80831 25 220 22 15 23 19 198 49 11642 4254 2770 25 220 24 23 23 23 198 45 51054 28975 25 220 21 19 19 21 198 27175 667 496 4405 1891 25 220 18 23 19 16 198 6737 55747 5367 25 220 20 22 20 22 198 83554 52582 25 220 24 20 17 19 198 27175 667 14315 48040 25 220 17 16 17 16 198 623 287 27466 25 220 17 19 16 19 198 65343 26342 67220 375 25 220 20 23 18 22 198 37 65435 710 3974 25 220 21 17 24 20 198 233511 458 452 82319 25 220 19 21 20 16 198 50 1020 667 61028 25 220 21 21 23 15 198 35 1701 452 64683 14183 25 220 16 18 19 23 198 4904 4897 61028 25 220 18 20 24 22 198 39 32389 4254 2770 25 220 24 18 16 24 198 6737 55747 63419 25 220 22 20 15 17 198 56 350 1644 27466 25 220 20 18 21 16 198 39304 667 4470 570 25 220 21 18 16 19 271 14162 25 3437 369 279 2528 1970 364 733 287 27466 30 198 15666 25 561 2528 1970 364 733 287 27466 369 220 17 16 17 16	349
r020/gold/q20	nll	5865 1970 18834 198 2196 50557 227938 25 220 20 19 17 17 198 3320 2472 28975 25 220 22 22 17 24 198 3320 2472 73467 25 220 21 15 24 23 198 39 3253 49346 25 220 16 23 22 18 198 57 4493 40733 25 220 24 15 22 18 198 36 46419 61850 25 220 16 22 21 16 198 89306 4470 570 25 220 16 20 21 19 198 39304 667 629 17386 25 220 21 15 16 20 198 233511 82596 25 220 22 20 21 17 198 51 24685 49472 25 220 18 16 24 17 198 39 32389 23773 12949 25 220 18 15 22 19 198 35 1701 452 207520 25 220 21 19 16 24 198 35921 299 462 698 327 25 220 16 16 17 15 198 89306 1799 33852 1482 25 220 24 20 16 23 198 4904 4897 235489 25 220 17 22 23 20 198 54 268 710 3974 25 220 20 22 24 24 198 49 11642 53656 25 220 19 19 21 16 198 2229 10211 56763 25 220 20 20 20 18 198 50 1020 667 4254 2770 25 220 21 24 24 24 198 23202 396 34827 25 220 23 22 17 18 198 4904 4897 64683 14183 25 220 18 20 24 16 198 42 88850 61850 25 220 16 24 20 22 198 51 2692 80 49472 25 220 17 20 15 23 198 90979 78 39685 25 220 21 15 20 15 198 39 3253 629 17386 25 220 19 17 18 17 198 56 350 1644 34827 25 220 23 18 24 23 198 35921 299 5367 25 220 24 20 18 22 198 45 51054 55240 25 220 23 22 24 21 198 51 2692 80 34827 25 220 16 23 18 23 198 57 4897 4254 2770 25 220 20 22 24 19 271 14162 25 3437 369 279 2528 1970 364 48854 64683 14183 30 198 15666 25 561 2528 1970 364 48854 64683 14183 369 220 18 20 24 16	341
r020/wrong/q20	nll	5865 1970 18834 198 2196 50557 227938 25 220 20 19 17 17 198 3320 2472 28975 25 220 22 22 17 24 198 3320 2472 73467 25 220 21 15 24 23 198 39 3253 49346 25 220 16 23 22 18 198 57 4493 40733 25 220 24 15 22 18 198 36 46419 61850 25 220 16 22 21 16 198 89306 4470 570 25 220 16 20 21 19 198 39304 667 629 17386 25 220 21 15 16 20 198 233511 82596 25 220 22 20 21 17 198 51 24685 49472 25 220 18 16 24 17 198 39 32389 23773 12949 25 220 18 15 22 19 198 35 1701 452 207520 25 220 21 19 16 24 198 35921 299 462 698 327 25 220 16 16 17 15 198 89306 1799 33852 1482 25 220 24 20 16 23 198 4904 4897 235489 25 220 17 22 23 20 198 54 268 710 3974 25 220 20 22 24 24 198 49 11642 53656 25 220 19 19 21 16 198 2229 10211 56763 25 220 20 20 20 18 198 50 1020 667 4254 2770 25 220 21 24 24 24 198 23202 396 34827 25 220 23 22 17 18 198 4904 4897 64683 14183 25 220 18 20 24 16 198 42 88850 61850 25 220 16 24 20 22 198 51 2692 80 49472 25 220 17 20 15 23 198 90979 78 39685 25 220 21 15 20 15 198 39 3253 629 17386 25 220 19 17 18 17 198 56 350 1644 34827 25 220 23 18 24 23 198 35921 299 5367 25 220 24 20 18 22 198 45 51054 55240 25 220 23 22 24 21 198 51 2692 80 34827 25 220 16 23 18 23 198 57 4897 4254 2770 25 220 20 22 24 19 271 14162 25 3437 369 279 2528 1970 364 48854 64683 14183 30 198 15666 25 561 2528 1970 364 48854 64683 14183 369 220 24 15 22 18	341
r021/gold/q21	nll	5865 1970 18834 198 49 2492 5709 710 358 1091 6433 25 220 16 24 20 20 198 42 88850 710 358 1091 6433 25 220 16 21 24 21 198 92055 496 4405 1891 25 220 18 16 20 19 198 4904 4897 462 698 327 25 220 18 18 15 24 198 51 24685 1799 33852 1482 25 220 22 19 18 16 198 59605 61850 25 220 19 19 24 15 198 82433 27466 25 220 20 20 23 21 198 83554 46035 25 220 17 24 21 23 198 3320 2472 73467 25 220 23 15 24 23 198 65343 462 698 327 25 220 20 21 18 22 198 90979 78 59405 85 25 220 22 18 22 19 198 10786 64 52582 25 220 18 20 19 20 198 82433 53656 25 220 22 23 23 19 198 65343 61028 25 220 21 23 16 24 198 1106 268 1799 33852 1482 25 220 17 15 15 22 198 2229 10211 61028 25 220 18 19 19 19 198 56 350 1644 227938 25 220 22 15 15 21 198 35921 299 23773 12949 25 220 22 17 15 19 198 56 350 1644 59405 85 25 220 16 20 24 21 198 39304 667 40733 25 220 23 16 22 19 198 45 51054 4254 2770 25 220 18 15 23 23 198 2665 269 235489 25 220 21 18 24 16 198 39 3253 207520 25 220 24 23 17 20 198 623 287 16592 28100 25 220 20 24 21 22 198 233511 496 4405 1891 25 220 18 16 22 22 198 51 24685 227938 25 220 18 21 15 15 198 35 1701 452 207520 25 220 16 21 24 18 198 10786 64 67186 25 220 18 18 17 17 198 2229 10211 28975 25 220 21 17 19 17 198 45 1524 335 2075 56763 25 220 18 20 21 19 271 14162 25 3437 369 279 2528 1970 364 2233 269 235489 30 198 15666 25 561 2528 1970 364 2233 269 235489 369 220 21 18 24 16	348
r021/wrong/q21	nll	5865 1970 18834 198 49 2492 5709 710 358 1091 6433 25 220 16 24 20 20 198 42 88850 710 358 1091 6433 25 220 16 21 24 21 198 92055 496 4405 1891 25 220 18 16 20 19 198 4904 4897 462 698 327 25 220 18 18 15 24 198 51 24685 1799 33852 1482 25 220 22 19 18 16 198 59605 61850 25 220 19 19 24 15 198 82433 27466 25 220 20 20 23 21 198 83554 46035 25 220 17 24 21 23 198 3320 2472 73467 25 220 23 15 24 23 198 65343 462 698 327 25 220 20 21 18 22 198 90979 78 59405 85 25 220 22 18 22 19 198 10786 64 52582 25 220 18 20 19 20 198 82433 53656 25 220 22 23 23 19 198 65343 61028 25 220 21 23 16 24 198 1106 268 1799 33852 1482 25 220 17 15 15 22 198 2229 10211 61028 25 220 18 19 19 19 198 56 350 1644 227938 25 220 22 15 15 21 198 35921 299 23773 12949 25 220 22 17 15 19 198 56 350 1644 59405 85 25 220 16 20 24 21 198 39304 667 40733 25 220 23 16 22 19 198 45 51054 4254 2770 25 220 18 15 23 23 198 2665 269 235489 25 220 21 18 24 16 198 39 3253 207520 25 220 24 23 17 20 198 623 287 16592 28100 25 220 20 24 21 22 198 233511 496 4405 1891 25 220 18 16 22 22 198 51 24685 227938 25 220 18 21 15 15 198 35 1701 452 207520 25 220 16 21 24 18 198 10786 64 67186 25 220 18 18 17 17 198 2229 10211 28975 25 220 21 17 19 17 198 45 1524 335 2075 56763 25 220 18 20 21 19 271 14162 25 3437 369 279 2528 1970 364 2233 269 235489 30 198 15666 25 561 2528 1970 364 2233 269 235489 369 220 22 17 15 19	348
r022/gold/q22	nll	5865 1970 18834 198 35 1701 452 28975 25 220 20 22 22 16 198 2196 319 59831 25 220 20 23 20 16 198 45 1524 335 2075 4254 2770 25 220 23 19 22 24 198 24601 10211 61028 25 220 22 18 17 16 198 39 3253 74092 25 220 17 24 15 20 198 40 15190 64683 14183 25 220 21 21 19 15 198 45 51054 52582 25 220 24 18 22 22 198 56 4897 49472 25 220 20 16 19 20 198 59605 40050 12297 25 220 21 23 24 19 198 2196 50557 23773 12949 25 220 24 18 16 20 198 45 51054 27466 25 220 18 23 15 23 198 39304 667 710 358 1091 6433 25 220 19 22 18 15 198 92055 235489 25 220 16 21 16 16 198 2665 269 4254 2770 25 220 16 16 24 15 198 2229 10211 52582 25 220 21 20 19 19 198 65343 462 698 327 25 220 24 21 21 17 198 34930 269 59405 85 25 220 18 16 18 24 198 57 4897 710 3974 25 220 22 22 19 16 198 57 4897 93922 25 220 20 21 20 18 198 51 21576 26342 67220 375 25 220 19 23 17 23 198 27175 667 227938 25 220 18 24 24 24 198 1106 268 59831 25 220 18 21 17 15 198 1106 268 34827 25 220 20 16 17 17 198 10786 64 59831 25 220 20 15 20 21 198 51 21576 41803 80831 25 220 24 19 18 20 198 54 268 61028 25 220 20 22 15 23 198 45 1524 335 2075 4470 570 25 220 17 23 17 18 198 65343 72925 25 220 16 22 21 24 198 40 15190 207520 25 220 21 18 22 22 198 23202 396 74092 25 220 20 22 21 23 271 14162 25 3437 369 279 2528 1970 364 23720 34827 30 198 15666 25 561 2528 1970 364 23720 34827 369 220 20 16 17 17	342
r022/wrong/q22	nll	5865 1970 18834 198 35 1701 452 28975 25 220 20 22 22 16 198 2196 319 59831 25 220 20 23 20 16 198 45 1524 335 2075 4254 2770 25 220 23 19 22 24 198 24601 10211 61028 25 220 22 18 17 16 198 39 3253 74092 25 220 17 24 15 20 198 40 15190 64683 14183 25 220 21 21 19 15 198 45 51054 52582 25 220 24 18 22 22 198 56 4897 49472 25 220 20 16 19 20 198 59605 40050 12297 25 220 21 23 24 19 198 2196 50557 23773 12949 25 220 24 18 16 20 198 45 51054 27466 25 220 18 23 15 23 198 39304 667 710 358 1091 6433 25 220 19 22 18 15 198 92055 235489 25 220 16 21 16 16 198 2665 269 4254 2770 25 220 16 16 24 15 198 2229 10211 52582 25 220 21 20 19 19 198 65343 462 698 327 25 220 24 21 21 17 198 34930 269 59405 85 25 220 18 16 18 24 198 57 4897 710 3974 25 220 22 22 19 16 198 57 4897 93922 25 220 20 21 20 18 198 51 21576 26342 67220 375 25 220 19 23 17 23 198 27175 667 227938 25 220 18 24 24 24 198 1106 268 59831 25 220 18 21 17 15 198 1106 268 34827 25 220 20 16 17 17 198 10786 64 59831 25 220 20 15 20 21 198 51 21576 41803 80831 25 220 24 19 18 20 198 54 268 61028 25 220 20 22 15 23 198 45 1524 335 2075 4470 570 25 220 17 23 17 18 198 65343 72925 25 220 16 22 21 24 198 40 15190 207520 25 220 21 18 22 22 198 23202 396 74092 25 220 20 22 21 23 271 14162 25 3437 369 279 2528 1970 364 23720 34827 30 198 15666 25 561 2528 1970 364 23720 34827 369 220 24 18 22 22	342
r023/gold/q23	nll	5865 1970 18834 198 35 1701 452 14315 48040 25 220 20 16 15 22 198 233511 39685 25 220 20 18 17 24 198 233511 63294 25 220 23 22 19 23 198 57 4493 496 4405 1891 25 220 17 18 16 15 198 51 24685 235489 25 220 20 19 24 15 198 54 268 710 358 1091 6433 25 220 23 24 17 17 198 623 287 41803 80831 25 220 20 15 15 18 198 3320 2472 93922 25 220 22 17 17 16 198 51 24685 34827 25 220 17 16 20 24 198 10786 64 55240 25 220 22 18 21 16 198 57 4493 59405 85 25 220 18 19 18 15 198 82433 93922 25 220 19 22 22 23 198 49 2492 5709 46035 25 220 22 19 18 16 198 46 23738 14315 48040 25 220 22 16 15 22 198 51 24685 14315 48040 25 220 20 23 22 23 198 51 24685 32442 54958 25 220 18 23 22 16 198 56 4897 36461 25 220 20 20 24 17 198 43 1506 63419 25 220 17 18 23 21 198 50 1020 667 28975 25 220 21 19 18 20 198 89306 61028 25 220 22 23 15 18 198 49 2492 5709 5367 25 220 21 16 18 20 198 2665 269 61086 25 220 19 16 21 17 198 10786 64 74092 25 220 22 20 17 19 198 90979 78 710 358 1091 6433 25 220 20 24 24 21 198 51 21576 49346 25 220 17 19 22 18 198 2665 269 710 358 1091 6433 25 220 16 18 23 22 198 233511 462 698 327 25 220 22 18 19 22 198 35 1701 452 49346 25 220 24 21 22 19 198 2196 50557 32442 54958 25 220 20 18 21 16 198 83554 710 358 1091 6433 25 220 23 21 15 20 271 14162 25 3437 369 279 2528 1970 364 49390 710 358 1091 6433 30 198 15666 25 561 2528 1970 364 49390 710 358 1091 6433 369 220 20 24 24 21	353
r023/wrong/q23	nll	5865 1970 18834 198 35 1701 452 14315 48040 25 220 20 16 15 22 198 233511 39685 25 220 20 18 17 24 198 233511 63294 25 220 23 22 19 23 198 57 4493 496 4405 1891 25 220 17 18 16 15 198 51 24685 235489 25 220 20 19 24 15 198 54 268 710 358 1091 6433 25 220 23 24 17 17 198 623 287 41803 80831 25 220 20 15 15 18 198 3320 2472 93922 25 220 22 17 17 16 198 51 24685 34827 25 220 17 16 20 24 198 10786 64 55240 25 220 22 18 21 16 198 57 4493 59405 85 25 220 18 19 18 15 198 82433 93922 25 220 19 22 22 23 198 49 2492 5709 46035 25 220 22 19 18 16 198 46 23738 14315 48040 25 220 22 16 15 22 198 51 24685 14315 48040 25 220 20 23 22 23 198 51 24685 32442 54958 25 220 18 23 22 16 198 56 4897 36461 25 220 20 20 24 17 198 43 1506 63419 25 220 17 18 23 21 198 50 1020 667 28975 25 220 21 19 18 20 198 89306 61028 25 220 22 23 15 18 198 49 2492 5709 5367 25 220 21 16 18 20 198 2665 269 61086 25 220 19 16 21 17 198 10786 64 74092 25 220 22 20 17 19 198 90979 78 710 358 1091 6433 25 220 20 24 24 21 198 51 21576 49346 25 220 17 19 22 18 198 2665 269 710 358 1091 6433 25 220 16 18 23 22 198 233511 462 698 327 25 220 22 18 19 22 198 35 1701 452 49346 25 220 24 21 22 19 198 2196 50557 32442 54958 25 220 20 18 21 16 198 83554 710 358 1091 6433 25 220 23 21 15 20 271 14162 25 3437 369 279 2528 1970 364 49390 710 358 1091 6433 30 198 15666 25 561 2528 1970 364 49390 710 358 1091 6433 369 220 20 16 15 22	353
r024/gold/q24	nll	5865 1970 18834 198 51 2692 80 82596 25 220 22 21 16 24 198 233511 52582 25 220 17 24 22 18 198 35 1701 452 710 3974 25 220 19 23 21 17 198 10786 64 40050 12297 25 220 22 21 19 16 198 2665 269 40733 25 220 22 20 18 21 198 65343 49346 25 220 21 17 16 20 198 24601 10211 78961 25 220 23 21 18 24 198 31795 1413 92372 25 220 20 17 24 22 198 2196 50557 49346 25 220 18 18 20 16 198 46 23738 93922 25 220 21 23 18 16 198 39 3253 46035 25 220 16 22 22 17 198 39 32389 32442 54958 25 220 18 22 15 18 198 24601 10211 73467 25 220 24 15 22 24 198 36 46419 235489 25 220 19 16 23 21 198 35 1701 452 39185 25 220 18 16 24 20 198 45 1524 335 2075 74092 25 220 20 15 21 19 198 37 65435 496 4405 1891 25 220 20 23 16 20 198 51 24685 82596 25 220 18 23 16 24 198 49 11642 4470 570 25 220 20 21 18 19 198 2229 10211 32442 54958 25 220 23 20 18 19 198 51 24685 59405 85 25 220 18 23 18 20 198 27175 667 40050 12297 25 220 16 20 24 22 198 42 2075 629 17386 25 220 17 18 21 19 198 5901 4897 59831 25 220 18 18 22 21 198 233511 710 3974 25 220 23 24 20 24 198 4904 4897 61850 25 220 23 20 20 16 198 35921 299 49472 25 220 18 22 22 18 198 27175 667 72925 25 220 24 20 15 24 198 59605 207520 25 220 16 15 20 20 198 89306 93922 25 220 24 15 23 24 271 14162 25 3437 369 279 2528 1970 364 82807 710 3974 30 198 15666 25 561 2528 1970 364 82807 710 3974 369 220 23 24 20 24	338
r024/wrong/q24	nll	5865 1970 18834 198 51 2692 80 82596 25 220 22 21 16 24 198 233511 52582 25 220 17 24 22 18 198 35 1701 452 710 3974 25 220 19 23 21 17 198 10786 64 40050 12297 25 220 22 21 19 16 198 2665 269 40733 25 220 22 20 18 21 198 65343 49346 25 220 21 17 16 20 198 24601 10211 78961 25 220 23 21 18 24 198 31795 1413 92372 25 220 20 17 24 22 198 2196 50557 49346 25 220 18 18 20 16 198 46 23738 93922 25 220 21 23 18 16 198 39 3253 46035 25 220 16 22 22 17 198 39 32389 32442 54958 25 220 18 22 15 18 198 24601 10211 73467 25 220 24 15 22 24 198 36 46419 235489 25 220 19 16 23 21 198 35 1701 452 39185 25 220 18 16 24 20 198 45 1524 335 2075 74092 25 220 20 15 21 19 198 37 65435 496 4405 1891 25 220 20 23 16 20 198 51 24685 82596 25 220 18 23 16 24 198 49 11642 4470 570 25 220 20 21 18 19 198 2229 10211 32442 54958 25 220 23 20 18 19 198 51 24685 59405 85 25 220 18 23 18 20 198 27175 667 40050 12297 25 220 16 20 24 22 198 42 2075 629 17386 25 220 17 18 21 19 198 5901 4897 59831 25 220 18 18 22 21 198 233511 710 3974 25 220 23 24 20 24 198 4904 4897 61850 25 220 23 20 20 16 198 35921 299 49472 25 220 18 22 22 18 198 27175 667 72925 25 220 24 20 15 24 198 59605 207520 25 220 16 15 20 20 198 89306 93922 25 220 24 15 23 24 271 14162 25 3437 369 279 2528 1970 364 82807 710 3974 30 198 15666 25 561 2528 1970 364 82807 710 3974 369 220 24 20 15 24	338
r025/gold/q25	nll	5865 1970 18834 198 39 3253 63419 25 220 22 20 17 17 198 6737 55747 32442 54958 25 220 21 17 20 19 198 49 11642 78961 25 220 24 15 17 19 198 54 268 92372 25 220 22 18 16 18 198 92055 32442 54958 25 220 18 17 20 19 198 39 3253 67186 25 220 23 20 24 18 198 90979 78 64683 14183 25 220 16 15 17 16 198 233511 61850 25 220 19 16 16 15 198 40 15190 34827 25 220 24 20 20 18 198 59605 16592 28100 25 220 19 18 16 19 198 6737 55747 710 358 1091 6433 25 220 23 24 20 17 198 27175 667 56763 25 220 16 20 24 22 198 4904 4897 36461 25 220 19 16 21 22 198 43 1506 4254 2770 25 220 19 19 21 22 198 90979 78 72925 25 220 24 19 23 16 198 3320 2472 59831 25 220 24 20 16 18 198 35921 299 32442 54958 25 220 22 20 16 21 198 36 46419 39185 25 220 24 23 24 16 198 89306 40733 25 220 16 15 19 17 198 6737 55747 4470 570 25 220 18 18 16 22 198 49 2492 5709 82596 25 220 21 18 17 22 198 23202 396 710 358 1091 6433 25 220 22 18 16 20 198 49 11642 63419 25 220 17 18 21 19 198 1106 268 40050 12297 25 220 21 23 16 23 198 40 15190 59405 85 25 220 17 22 18 21 198 92055 55240 25 220 18 19 22 19 198 54 268 64683 14183 25 220 20 20 15 16 198 51 24685 93922 25 220 17 23 22 23 198 56 4897 496 4405 1891 25 220 16 21 21 19 198 3320 2472 1799 33852 1482 25 220 16 15 16 16 271 14162 25 3437 369 279 2528 1970 364 49428 55240 30 198 15666 25 561 2528 1970 364 49428 55240 369 220 18 19 22 19	341
r025/wrong/q25	nll	5865 1970 18834 198 39 3253 63419 25 220 22 20 17 17 198 6737 55747 32442 54958 25 220 21 17 20 19 198 49 11642 78961 25 220 24 15 17 19 198 54 268 92372 25 220 22 18 16 18 198 92055 32442 54958 25 220 18 17 20 19 198 39 3253 67186 25 220 23 20 24 18 198 90979 78 64683 14183 25 220 16 15 17 16 198 233511 61850 25 220 19 16 16 15 198 40 15190 34827 25 220 24 20 20 18 198 59605 16592 28100 25 220 19 18 16 19 198 6737 55747 710 358 1091 6433 25 220 23 24 20 17 198 27175 667 56763 25 220 16 20 24 22 198 4904 4897 36461 25 220 19 16 21 22 198 43 1506 4254 2770 25 220 19 19 21 22 198 90979 78 72925 25 220 24 19 23 16 198 3320 2472 59831 25 220 24 20 16 18 198 35921 299 32442 54958 25 220 22 20 16 21 198 36 46419 39185 25 220 24 23 24 16 198 89306 40733 25 220 16 15 19 17 198 6737 55747 4470 570 25 220 18 18 16 22 198 49 2492 5709 82596 25 220 21 18 17 22 198 23202 396 710 358 1091 6433 25 220 22 18 16 20 198 49 11642 63419 25 220 17 18 21 19 198 1106 268 40050 12297 25 220 21 23 16 23 198 40 15190 59405 85 25 220 17 22 18 21 198 92055 55240 25 220 18 19 22 19 198 54 268 64683 14183 25 220 20 20 15 16 198 51 24685 93922 25 220 17 23 22 23 198 56 4897 496 4405 1891 25 220 16 21 21 19 198 3320 2472 1799 33852 1482 25 220 16 15 16 16 271 14162 25 3437 369 279 2528 1970 364 49428 55240 30 198 15666 25 561 2528 1970 364 49428 55240 369 220 22 18 16 18	341
r026/gold/q26	nll	5865 1970 18834 198 1106 268 227938 25 220 23 18 17 24 198 51 2692 80 46035 25 220 16 24 18 16 198 35 1701 452 63419 25 220 16 16 23 16 198 24601 10211 73467 25 220 21 16 20 22 198 36 46419 61028 25 220 23 16 16 24 198 2196 319 59405 85 25 220 23 24 17 24 198 90979 78 61086 25 220 17 15 17 16 198 35 1701 452 458 452 82319 25 220 19 22 19 21 198 42 88850 1799 33852 1482 25 220 16 20 22 21 198 92055 49472 25 220 22 20 20 18 198 49 2492 5709 23773 12949 25 220 21 20 19 16 198 36 46419 39185 25 220 23 18 21 19 198 39 32389 5367 25 220 16 19 23 23 198 51 21576 32442 54958 25 220 23 16 19 20 198 36 46419 1799 33852 1482 25 220 21 19 23 20 198 42 2075 93922 25 220 23 24 24 20 198 51 2692 80 462 698 327 25 220 24 20 16 22 198 49 11642 56763 25 220 23 22 20 17 198 89306 56763 25 220 20 23 20 23 198 2665 269 63294 25 220 24 20 18 18 198 35 1701 452 78961 25 220 18 21 18 21 198 24601 10211 39185 25 220 21 15 15 21 198 39304 667 82596 25 220 23 21 23 22 198 2196 50557 16592 28100 25 220 20 21 19 18 198 31795 1413 36461 25 220 23 21 20 23 198 43 1506 41803 80831 25 220 24 22 19 21 198 51 21576 4254 2770 25 220 16 18 17 20 198 2196 319 55240 25 220 20 22 16 15 198 4904 4897 61850 25 220 17 22 18 21 198 56 4897 46035 25 220 19 15 23 19 271 14162 25 3437 369 279 2528 1970 364 84907 4254 2770 30 198 15666 25 561 2528 1970 364 84907 4254 2770 369 220 16 18 17 20	345
r026/wrong/q26	nll	5865 1970 18834 198 1106 268 227938 25 220 23 18 17 24 198 51 2692 80 46035 25 220 16 24 18 16 198 35 1701 452 63419 25 220 16 16 23 16 198 24601 10211 73467 25 220 21 16 20 22 198 36 46419 61028 25 220 23 16 16 24 198 2196 319 59405 85 25 220 23 24 17 24 198 90979 78 61086 25 220 17 15 17 16 198 35 1701 452 458 452 82319 25 220 19 22 19 21 198 42 88850 1799 33852 1482 25 220 16 20 22 21 198 92055 49472 25 220 22 20 20 18 198 49 2492 5709 23773 12949 25 220 21 20 19 16 198 36 46419 39185 25 220 23 18 21 19 198 39 32389 5367 25 220 16 19 23 23 198 51 21576 32442 54958 25 220 23 16 19 20 198 36 46419 1799 33852 1482 25 220 21 19 23 20 198 42 2075 93922 25 220 23 24 24 20 198 51 2692 80 462 698 327 25 220 24 20 16 22 198 49 11642 56763 25 220 23 22 20 17 198 89306 56763 25 220 20 23 20 23 198 2665 269 63294 25 220 24 20 18 18 198 35 1701 452 78961 25 220 18 21 18 21 198 24601 10211 39185 25 220 21 15 15 21 198 39304 667 82596 25 220 23 21 23 22 198 2196 50557 16592 28100 25 220 20 21 19 18 198 31795 1413 36461 25 220 23 21 20 23 198 43 1506 41803 80831 25 220 24 22 19 21 198 51 21576 4254 2770 25 220 16 18 17 20 198 2196 319 55240 25 220 20 22 16 15 198 4904 4897 61850 25 220 17 22 18 21 198 56 4897 46035 25 220 19 15 23 19 271 14162 25 3437 369 279 2528 1970 364 84907 4254 2770 30 198 15666 25 561 2528 1970 364 84907 4254 2770 369 220 24 22 19 21	345
r027/gold/q27	nll	5865 1970 18834 198 37 65435 27466 25 220 18 16 23 20 198 35921 299 4470 570 25 220 23 18 24 16 198 57 4493 61086 25 220 21 23 23 24 198 35921 299 26342 67220 375 25 220 17 16 20 24 198 4904 4897 56763 25 220 19 15 16 17 198 23202 396 63419 25 220 23 18 23 21 198 45 51054 61028 25 220 17 15 17 16 198 10786 64 56763 25 220 23 19 15 19 198 56 4897 61086 25 220 19 15 21 24 198 623 287 14315 48040 25 220 19 19 16 20 198 10786 64 28975 25 220 19 20 24 22 198 31795 1413 458 452 82319 25 220 21 19 21 24 198 233511 28975 25 220 23 20 15 15 198 40 15190 41803 80831 25 220 24 16 23 18 198 59605 67186 25 220 17 19 16 21 198 42 88850 64683 14183 25 220 18 16 23 24 198 83554 629 17386 25 220 18 19 18 20 198 54 268 5367 25 220 16 21 15 24 198 37 65435 1799 33852 1482 25 220 23 15 22 21 198 45 1524 335 2075 32442 54958 25 220 18 17 20 17 198 34930 269 235489 25 220 21 17 17 15 198 90979 78 4254 2770 25 220 22 24 16 17 198 46 23738 16592 28100 25 220 19 22 24 24 198 27175 667 61028 25 220 16 22 17 17 198 623 287 39185 25 220 23 18 23 16 198 59605 462 698 327 25 220 16 22 17 16 198 43 1506 28975 25 220 19 15 20 16 198 37 65435 26342 67220 375 25 220 16 22 19 16 198 2196 319 496 4405 1891 25 220 19 21 24 16 198 50 1020 667 40733 25 220 21 16 15 23 271 14162 25 3437 369 279 2528 1970 364 54048 26342 67220 375 30 198 15666 25 561 2528 1970 364 54048 26342 67220 375 369 220 16 22 19 16	348
r027/wrong/q27	nll	5865 1970 18834 198 37 65435 27466 25 220 18 16 23 20 198 35921 299 4470 570 25 220 23 18 24 16 198 57 4493 61086 25 220 21 23 23 24 198 35921 299 26342 67220 375 25 220 17 16 20 24 198 4904 4897 56763 25 220 19 15 16 17 198 23202 396 63419 25 220 23 18 23 21 198 45 51054 61028 25 220 17 15 17 16 198 10786 64 56763 25 220 23 19 15 19 198 56 4897 61086 25 220 19 15 21 24 198 623 287 14315 48040 25 220 19 19 16 20 198 10786 64 28975 25 220 19 20 24 22 198 31795 1413 458 452 82319 25 220 21 19 21 24 198 233511 28975 25 220 23 20 15 15 198 40 15190 41803 80831 25 220 24 16 23 18 198 59605 67186 25 220 17 19 16 21 198 42 88850 64683 14183 25 220 18 16 23 24 198 83554 629 17386 25 220 18 19 18 20 198 54 268 5367 25 220 16 21 15 24 198 37 65435 1799 33852 1482 25 220 23 15 22 21 198 45 1524 335 2075 32442 54958 25 220 18 17 20 17 198 34930 269 235489 25 220 21 17 17 15 198 90979 78 4254 2770 25 220 22 24 16 17 198 46 23738 16592 28100 25 220 19 22 24 24 198 27175 667 61028 25 220 16 22 17 17 198 623 287 39185 25 220 23 18 23 16 198 59605 462 698 327 25 220 16 22 17 16 198 43 1506 28975 25 220 19 15 20 16 198 37 65435 26342 67220 375 25 220 16 22 19 16 198 2196 319 496 4405 1891 25 220 19 21 24 16 198 50 1020 667 40733 25 220 21 16 15 23 271 14162 25 3437 369 279 2528 1970 364 54048 26342 67220 375 30 198 15666 25 561 2528 1970 364 54048 26342 67220 375 369 220 23 19 15 19	348
r028/gold/q28	nll	5865 1970 18834 198 1106 268 5367 25 220 16 24 24 22 198 54 268 4470 570 25 220 23 20 21 17 198 35921 299 5367 25 220 24 22 20 16 198 83554 64683 14183 25 220 18 15 21 22 198 57 4493 72925 25 220 23 16 23 23 198 49 11642 59405 85 25 220 16 15 24 15 198 90979 78 63294 25 220 20 22 23 15 198 3320 2472 72925 25 220 19 19 15 20 198 2196 319 40050 12297 25 220 18 17 22 21 198 51 24685 92372 25 220 22 18 24 19 198 45 51054 16592 28100 25 220 18 21 21 23 198 57 4493 32442 54958 25 220 21 21 18 21 198 51 2692 80 227938 25 220 21 20 23 18 198 39 3253 61028 25 220 17 16 22 24 198 57 4493 36461 25 220 18 23 16 19 198 233511 39685 25 220 20 22 21 20 198 2196 50557 72925 25 220 18 22 22 18 198 45 1524 335 2075 39185 25 220 16 23 16 19 198 59605 63419 25 220 19 23 23 22 198 2665 269 36461 25 220 24 21 18 22 198 56 350 1644 14315 48040 25 220 24 16 16 18 198 37 65435 61850 25 220 22 16 19 23 198 89680 7509 72925 25 220 22 20 22 23 198 56 4897 61850 25 220 17 16 23 18 198 2196 50557 629 17386 25 220 23 19 22 23 198 3320 2472 496 4405 1891 25 220 21 16 18 23 198 57 4897 41803 80831 25 220 20 21 19 21 198 233511 67186 25 220 16 19 21 22 198 39 3253 53656 25 220 24 20 18 24 198 92055 49346 25 220 21 18 18 17 271 14162 25 3437 369 279 2528 1970 364 462 3253 53656 30 198 15666 25 561 2528 1970 364 462 3253 53656 369 220 24 20 18 24	337
r028/wrong/q28	nll	5865 1970 18834 198 1106 268 5367 25 220 16 24 24 22 198 54 268 4470 570 25 220 23 20 21 17 198 35921 299 5367 25 220 24 22 20 16 198 83554 64683 14183 25 220 18 15 21 22 198 57 4493 72925 25 220 23 16 23 23 198 49 11642 59405 85 25 220 16 15 24 15 198 90979 78 63294 25 220 20 22 23 15 198 3320 2472 72925 25 220 19 19 15 20 198 2196 319 40050 12297 25 220 18 17 22 21 198 51 24685 92372 25 220 22 18 24 19 198 45 51054 16592 28100 25 220 18 21 21 23 198 57 4493 32442 54958 25 220 21 21 18 21 198 51 2692 80 227938 25 220 21 20 23 18 198 39 3253 61028 25 220 17 16 22 24 198 57 4493 36461 25 220 18 23 16 19 198 233511 39685 25 220 20 22 21 20 198 2196 50557 72925 25 220 18 22 22 18 198 45 1524 335 2075 39185 25 220 16 23 16 19 198 59605 63419 25 220 19 23 23 22 198 2665 269 36461 25 220 24 21 18 22 198 56 350 1644 14315 48040 25 220 24 16 16 18 198 37 65435 61850 25 220 22 16 19 23 198 89680 7509 72925 25 220 22 20 22 23 198 56 4897 61850 25 220 17 16 23 18 198 2196 50557 629 17386 25 220 23 19 22 23 198 3320 2472 496 4405 1891 25 220 21 16 18 23 198 57 4897 41803 80831 25 220 20 21 19 21 198 233511 67186 25 220 16 19 21 22 198 39 3253 53656 25 220 24 20 18 24 198 92055 49346 25 220 21 18 18 17 271 14162 25 3437 369 279 2528 1970 364 462 3253 53656 30 198 15666 25 561 2528 1970 364 462 3253 53656 369 220 18 23 16 19	337
r029/gold/q29	nll	5865 1970 18834 198 35921 299 207520 25 220 22 24 17 24 198 2196 319 93922 25 220 23 18 17 22 198 27175 667 14315 48040 25 220 21 22 19 20 198 3320 2472 61850 25 220 22 22 20 18 198 233511 27466 25 220 19 21 17 16 198 27175 667 78961 25 220 16 19 21 18 198 51 2692 80 82596 25 220 18 19 20 20 198 92055 40733 25 220 16 19 17 15 198 54 268 16592 28100 25 220 18 21 15 20 198 42 88850 1799 33852 1482 25 220 21 19 20 15 198 4904 4897 40050 12297 25 220 17 15 21 21 198 39 32389 49346 25 220 18 23 23 23 198 23202 396 4254 2770 25 220 19 15 16 20 198 45 51054 23773 12949 25 220 23 22 16 19 198 51 2692 80 40733 25 220 21 18 21 24 198 23202 396 23773 12949 25 220 22 16 18 20 198 37 65435 78961 25 220 18 22 18 17 198 2665 269 63419 25 220 21 16 23 22 198 89680 7509 16592 28100 25 220 24 17 23 18 198 49 2492 5709 63294 25 220 24 16 15 22 198 39 3253 39185 25 220 21 19 15 18 198 45 51054 34827 25 220 24 23 17 15 198 39304 667 5367 25 220 21 15 23 18 198 90979 78 46035 25 220 23 17 21 17 198 92055 52582 25 220 23 20 16 17 198 92055 46035 25 220 22 15 15 23 198 45 1524 335 2075 67186 25 220 18 23 22 16 198 37 65435 63419 25 220 24 16 24 22 198 65343 49346 25 220 16 20 20 22 198 42 88850 5367 25 220 16 23 19 18 271 14162 25 3437 369 279 2528 1970 364 710 88850 5367 30 198 15666 25 561 2528 1970 364 710 88850 5367 369 220 16 23 19 18	336
r029/wrong/q29	nll	5865 1970 18834 198 35921 299 207520 25 220 22 24 17 24 198 2196 319 93922 25 220 23 18 17 22 198 27175 667 14315 48040 25 220 21 22 19 20 198 3320 2472 61850 25 220 22 22 20 18 198 233511 27466 25 220 19 21 17 16 198 27175 667 78961 25 220 16 19 21 18 198 51 2692 80 82596 25 220 18 19 20 20 198 92055 40733 25 220 16 19 17 15 198 54 268 16592 28100 25 220 18 21 15 20 198 42 88850 1799 33852 1482 25 220 21 19 20 15 198 4904 4897 40050 12297 25 220 17 15 21 21 198 39 32389 49346 25 220 18 23 23 23 198 23202 396 4254 2770 25 220 19 15 16 20 198 45 51054 23773 12949 25 220 23 22 16 19 198 51 2692 80 40733 25 220 21 18 21 24 198 23202 396 23773 12949 25 220 22 16 18 20 198 37 65435 78961 25 220 18 22 18 17 198 2665 269 63419 25 220 21 16 23 22 198 89680 7509 16592 28100 25 220 24 17 23 18 198 49 2492 5709 63294 25 220 24 16 15 22 198 39 3253 39185 25 220 21 19 15 18 198 45 51054 34827 25 220 24 23 17 15 198 39304 667 5367 25 220 21 15 23 18 198 90979 78 46035 25 220 23 17 21 17 198 92055 52582 25 220 23 20 16 17 198 92055 46035 25 220 22 15 15 23 198 45 1524 335 2075 67186 25 220 18 23 22 16 198 37 65435 63419 25 220 24 16 24 22 198 65343 49346 25 220 16 20 20 22 198 42 88850 5367 25 220 16 23 19 18 271 14162 25 3437 369 279 2528 1970 364 710 88850 5367 30 198 15666 25 561 2528 1970 364 710 88850 5367 369 220 18 21 15 20	336
r030/gold/q0	nll	5865 1970 18834 198 51 2692 80 5367 25 220 18 21 18 15 198 45 1524 335 2075 93922 25 220 18 16 21 16 198 23202 396 46035 25 220 18 22 19 16 198 57 4493 61028 25 220 17 22 18 24 198 35921 299 52582 25 220 23 19 16 22 198 2196 319 235489 25 220 18 24 21 18 198 57 4493 78961 25 220 21 20 20 24 198 4904 4897 32442 54958 25 220 19 17 19 24 198 59605 40733 25 220 17 20 19 19 198 34930 269 32442 54958 25 220 20 22 19 16 198 89306 14315 48040 25 220 18 15 18 15 198 42 2075 34827 25 220 16 19 20 17 198 57 4493 59831 25 220 17 19 22 23 198 45 1524 335 2075 40733 25 220 21 23 18 22 198 92055 16592 28100 25 220 17 24 21 16 198 59605 72925 25 220 24 21 16 23 198 82433 458 452 82319 25 220 23 16 21 22 198 39 32389 49472 25 220 17 20 20 17 198 2665 269 52582 25 220 18 23 19 18 198 42 88850 26342 67220 375 25 220 24 24 24 21 198 27175 667 59405 85 25 220 20 15 22 20 198 89306 227938 25 220 19 17 22 17 198 46 23738 74092 25 220 19 20 15 24 198 89306 235489 25 220 24 24 21 23 198 27175 667 64683 14183 25 220 18 15 23 18 198 36 46419 61028 25 220 19 16 23 18 198 39 32389 27466 25 220 24 23 17 23 198 39 32389 92372 25 220 24 24 24 18 198 89680 7509 59405 85 25 220 19 23 22 17 198 45 1524 335 2075 82596 25 220 22 22 24 22 271 14162 25 3437 369 279 2528 1970 364 174109 80 5367 30 198 15666 25 561 2528 1970 364 174109 80 5367 369 220 18 21 18 15	338
r030/wrong/q0	nll	5865 1970 18834 198 51 2692 80 5367 25 220 18 21 18 15 198 45 1524 335 2075 93922 25 220 18 16 21 16 198 23202 396 46035 25 220 18 22 19 16 198 57 4493 61028 25 220 17 22 18 24 198 35921 299 52582 25 220 23 19 16 22 198 2196 319 235489 25 220 18 24 21 18 198 57 4493 78961 25 220 21 20 20 24 198 4904 4897 32442 54958 25 220 19 17 19 24 198 59605 40733 25 220 17 20 19 19 198 34930 269 32442 54958 25 220 20 22 19 16 198 89306 14315 48040 25 220 18 15 18 15 198 42 2075 34827 25 220 16 19 20 17 198 57 4493 59831 25 220 17 19 22 23 198 45 1524 335 2075 40733 25 220 21 23 18 22 198 92055 16592 28100 25 220 17 24 21 16 198 59605 72925 25 220 24 21 16 23 198 82433 458 452 82319 25 220 23 16 21 22 198 39 32389 49472 25 220 17 20 20 17 198 2665 269 52582 25 220 18 23 19 18 198 42 88850 26342 67220 375 25 220 24 24 24 21 198 27175 667 59405 85 25 220 20 15 22 20 198 89306 227938 25 220 19 17 22 17 198 46 23738 74092 25 220 19 20 15 24 198 89306 235489 25 220 24 24 21 23 198 27175 667 64683 14183 25 220 18 15 23 18 198 36 46419 61028 25 220 19 16 23 18 198 39 32389 27466 25 220 24 23 17 23 198 39 32389 92372 25 220 24 24 24 18 198 89680 7509 59405 85 25 220 19 23 22 17 198 45 1524 335 2075 82596 25 220 22 22 24 22 271 14162 25 3437 369 279 2528 1970 364 174109 80 5367 30 198 15666 25 561 2528 1970 364 174109 80 5367 369 220 22 22 24 22	338
r031/gold/q1	nll	5865 1970 18834 198 49 11642 61028 25 220 24 16 17 17 198 36 46419 46035 25 220 18 21 21 20 198 45 1524 335 2075 73467 25 220 24 21 19 16 198 50 1020 667 27466 25 220 16 22 16 17 198 233511 74092 25 220 23 23 15 18 198 82433 23773 12949 25 220 16 15 22 24 198 57 4493 462 698 327 25 220 22 15 23 15 198 35 1701 452 710 358 1091 6433 25 220 19 15 20 16 198 36 46419 78961 25 220 20 19 16 17 198 50 1020 667 63294 25 220 22 16 20 20 198 46 23738 39185 25 220 24 18 22 19 198 34930 269 26342 67220 375 25 220 21 17 15 19 198 51 24685 34827 25 220 16 18 24 22 198 27175 667 72925 25 220 22 15 20 20 198 37 65435 16592 28100 25 220 23 24 18 20 198 57 4897 49346 25 220 16 19 18 18 198 31795 1413 34827 25 220 20 21 18 24 198 5901 4897 227938 25 220 19 17 17 18 198 35 1701 452 61086 25 220 17 17 15 20 198 46 23738 93922 25 220 23 20 16 15 198 90979 78 52582 25 220 19 17 22 19 198 56 4897 23773 12949 25 220 20 23 23 22 198 4904 4897 26342 67220 375 25 220 17 20 22 24 198 35 1701 452 496 4405 1891 25 220 22 17 20 23 198 1106 268 55240 25 220 17 24 19 17 198 51 2692 80 28975 25 220 20 18 20 20 198 89306 46035 25 220 18 21 17 15 198 57 4897 227938 25 220 18 15 21 20 198 5901 4897 26342 67220 375 25 220 16 19 15 17 198 65343 32442 54958 25 220 18 24 16 16 271 14162 25 3437 369 279 2528 1970 364 66255 46035 30 198 15666 25 561 2528 1970 364 66255 46035 369 220 18 21 21 20	346
r031/wrong/q1	nll	5865 1970 18834 198 49 11642 61028 25 220 24 16 17 17 198 36 46419 46035 25 220 18 21 21 20 198 45 1524 335 2075 73467 25 220 24 21 19 16 198 50 1020 667 27466 25 220 16 22 16 17 198 233511 74092 25 220 23 23 15 18 198 82433 23773 12949 25 220 16 15 22 24 198 57 4493 462 698 327 25 220 22 15 23 15 198 35 1701 452 710 358 1091 6433 25 220 19 15 20 16 198 36 46419 78961 25 220 20 19 16 17 198 50 1020 667 63294 25 220 22 16 20 20 198 46 23738 39185 25 220 24 18 22 19 198 34930 269 26342 67220 375 25 220 21 17 15 19 198 51 24685 34827 25 220 16 18 24 22 198 27175 667 72925 25 220 22 15 20 20 198 37 65435 16592 28100 25 220 23 24 18 20 198 57 4897 49346 25 220 16 19 18 18 198 31795 1413 34827 25 220 20 21 18 24 198 5901 4897 227938 25 220 19 17 17 18 198 35 1701 452 61086 25 220 17 17 15 20 198 46 23738 93922 25 220 23 20 16 15 198 90979 78 52582 25 220 19 17 22 19 198 56 4897 23773 12949 25 220 20 23 23 22 198 4904 4897 26342 67220 375 25 220 17 20 22 24 198 35 1701 452 496 4405 1891 25 220 22 17 20 23 198 1106 268 55240 25 220 17 24 19 17 198 51 2692 80 28975 25 220 20 18 20 20 198 89306 46035 25 220 18 21 17 15 198 57 4897 227938 25 220 18 15 21 20 198 5901 4897 26342 67220 375 25 220 16 19 15 17 198 65343 32442 54958 25 220 18 24 16 16 271 14162 25 3437 369 279 2528 1970 364 66255 46035 30 198 15666 25 561 2528 1970 364 66255 46035 369 220 20 19 16 17	346
r032/gold/q2	nll	5865 1970 18834 198 10786 64 1799 33852 1482 25 220 23 21 18 17 198 51 2692 80 34827 25 220 19 15 20 23 198 92055 63294 25 220 23 22 19 24 198 89680 7509 28975 25 220 22 15 17 15 198 5901 4897 61086 25 220 22 20 15 21 198 6737 55747 40050 12297 25 220 20 23 24 24 198 34930 269 458 452 82319 25 220 17 15 19 21 198 623 287 64683 14183 25 220 16 21 20 15 198 46 23738 39685 25 220 20 23 19 18 198 23202 396 92372 25 220 23 22 19 17 198 57 4897 49346 25 220 16 18 23 23 198 6737 55747 63294 25 220 18 20 18 16 198 49 11642 61086 25 220 17 21 19 16 198 51 24685 72925 25 220 23 15 23 21 198 31795 1413 227938 25 220 17 24 24 17 198 54 268 78961 25 220 16 15 20 23 198 42 88850 67186 25 220 17 19 22 21 198 39 32389 92372 25 220 23 18 23 15 198 4904 4897 49472 25 220 21 18 22 23 198 2196 319 61086 25 220 21 15 21 24 198 36 46419 67186 25 220 18 21 24 17 198 92055 710 358 1091 6433 25 220 23 18 23 24 198 37 65435 59405 85 25 220 21 15 23 18 198 36 46419 53656 25 220 21 19 22 24 198 23202 396 710 3974 25 220 16 23 24 22 198 51 24685 4254 2770 25 220 17 19 21 21 198 65343 64683 14183 25 220 22 20 16 22 198 89306 39685 25 220 17 18 19 16 198 233511 52582 25 220 24 20 18 19 198 57 4897 227938 25 220 21 20 20 16 271 14162 25 3437 369 279 2528 1970 364 49428 63294 30 198 15666 25 561 2528 1970 364 49428 63294 369 220 23 22 19 24	334
r032/wrong/q2	nll	5865 1970 18834 198 10786 64 1799 33852 1482 25 220 23 21 18 17 198 51 2692 80 34827 25 220 19 15 20 23 198 92055 63294 25 220 23 22 19 24 198 89680 7509 28975 25 220 22 15 17 15 198 5901 4897 61086 25 220 22 20 15 21 198 6737 55747 40050 12297 25 220 20 23 24 24 198 34930 269 458 452 82319 25 220 17 15 19 21 198 623 287 64683 14183 25 220 16 21 20 15 198 46 23738 39685 25 220 20 23 19 18 198 23202 396 92372 25 220 23 22 19 17 198 57 4897 49346 25 220 16 18 23 23 198 6737 55747 63294 25 220 18 20 18 16 198 49 11642 61086 25 220 17 21 19 16 198 51 24685 72925 25 220 23 15 23 21 198 31795 1413 227938 25 220 17 24 24 17 198 54 268 78961 25 220 16 15 20 23 198 42 88850 67186 25 220 17 19 22 21 198 39 32389 92372 25 220 23 18 23 15 198 4904 4897 49472 25 220 21 18 22 23 198 2196 319 61086 25 220 21 15 21 24 198 36 46419 67186 25 220 18 21 24 17 198 92055 710 358 1091 6433 25 220 23 18 23 24 198 37 65435 59405 85 25 220 21 15 23 18 198 36 46419 53656 25 220 21 19 22 24 198 23202 396 710 3974 25 220 16 23 24 22 198 51 24685 4254 2770 25 220 17 19 21 21 198 65343 64683 14183 25 220 22 20 16 22 198 89306 39685 25 220 17 18 19 16 198 233511 52582 25 220 24 20 18 19 198 57 4897 227938 25 220 21 20 20 16 271 14162 25 3437 369 279 2528 1970 364 49428 63294 30 198 15666 25 561 2528 1970 364 49428 63294 369 220 19 15 20 23	334
r033/gold/q3	nll	5865 1970 18834 198 51 24685 63419 25 220 18 24 16 19 198 24601 10211 49472 25 220 16 18 23 16 198 39 3253 56763 25 220 22 24 15 24 198 89680 7509 26342 67220 375 25 220 17 16 19 16 198 50 1020 667 49472 25 220 24 16 18 16 198 39304 667 39185 25 220 18 16 18 19 198 56 4897 56763 25 220 23 21 17 20 198 35 1701 452 14315 48040 25 220 22 21 22 18 198 2196 50557 227938 25 220 21 17 23 23 198 83554 49346 25 220 18 15 16 17 198 56 350 1644 4470 570 25 220 18 20 16 17 198 2229 10211 93922 25 220 18 16 18 21 198 57 4897 26342 67220 375 25 220 16 24 20 21 198 36 46419 67186 25 220 16 16 17 16 198 42 88850 49472 25 220 23 22 22 21 198 92055 59405 85 25 220 21 23 19 18 198 27175 667 207520 25 220 20 18 16 17 198 45 1524 335 2075 36461 25 220 21 18 16 23 198 89680 7509 4470 570 25 220 20 24 16 19 198 2229 10211 41803 80831 25 220 22 23 22 23 198 42 88850 462 698 327 25 220 19 16 17 20 198 51 21576 235489 25 220 22 20 19 21 198 50 1020 667 53656 25 220 17 21 23 18 198 5901 4897 63294 25 220 24 18 24 20 198 89680 7509 14315 48040 25 220 23 15 20 23 198 57 4493 27466 25 220 20 16 15 20 198 6737 55747 73467 25 220 16 20 17 24 198 56 350 1644 64683 14183 25 220 20 21 23 16 198 92055 235489 25 220 23 22 18 16 198 51 21576 63294 25 220 17 15 21 20 271 14162 25 3437 369 279 2528 1970 364 26882 7509 26342 67220 375 30 198 15666 25 561 2528 1970 364 26882 7509 26342 67220 375 369 220 17 16 19 16	348
r033/wrong/q3	nll	5865 1970 18834 198 51 24685 63419 25 220 18 24 16 19 198 24601 10211 49472 25 220 16 18 23 16 198 39 3253 56763 25 220 22 24 15 24 198 89680 7509 26342 67220 375 25 220 17 16 19 16 198 50 1020 667 49472 25 220 24 16 18 16 198 39304 667 39185 25 220 18 16 18 19 198 56 4897 56763 25 220 23 21 17 20 198 35 1701 452 14315 48040 25 220 22 21 22 18 198 2196 50557 227938 25 220 21 17 23 23 198 83554 49346 25 220 18 15 16 17 198 56 350 1644 4470 570 25 220 18 20 16 17 198 2229 10211 93922 25 220 18 16 18 21 198 57 4897 26342 67220 375 25 220 16 24 20 21 198 36 46419 67186 25 220 16 16 17 16 198 42 88850 49472 25 220 23 22 22 21 198 92055 59405 85 25 220 21 23 19 18 198 27175 667 207520 25 220 20 18 16 17 198 45 1524 335 2075 36461 25 220 21 18 16 23 198 89680 7509 4470 570 25 220 20 24 16 19 198 2229 10211 41803 80831 25 220 22 23 22 23 198 42 88850 462 698 327 25 220 19 16 17 20 198 51 21576 235489 25 220 22 20 19 21 198 50 1020 667 53656 25 220 17 21 23 18 198 5901 4897 63294 25 220 24 18 24 20 198 89680 7509 14315 48040 25 220 23 15 20 23 198 57 4493 27466 25 220 20 16 15 20 198 6737 55747 73467 25 220 16 20 17 24 198 56 350 1644 64683 14183 25 220 20 21 23 16 198 92055 235489 25 220 23 22 18 16 198 51 21576 63294 25 220 17 15 21 20 271 14162 25 3437 369 279 2528 1970 364 26882 7509 26342 67220 375 30 198 15666 25 561 2528 1970 364 26882 7509 26342 67220 375 369 220 22 20 19 21	348
r034/gold/q4	nll	5865 1970 18834 198 65343 61028 25 220 16 22 22 24 198 83554 93922 25 220 23 15 18 18 198 43 1506 39185 25 220 17 21 18 16 198 57 4493 16592 28100 25 220 22 15 21 20 198 623 287 93922 25 220 24 19 16 24 198 1106 268 14315 48040 25 220 18 23 19 19 198 89306 28975 25 220 19 19 23 24 198 51 24685 55240 25 220 17 22 22 22 198 82433 710 3974 25 220 19 18 23 17 198 89306 227938 25 220 24 22 22 16 198 57 4493 49472 25 220 24 19 16 19 198 45 51054 53656 25 220 24 22 18 22 198 50 1020 667 49346 25 220 17 18 24 18 198 35 1701 452 63294 25 220 24 18 23 19 198 4904 4897 16592 28100 25 220 19 20 19 19 198 4904 4897 32442 54958 25 220 18 24 20 20 198 49 11642 63419 25 220 19 16 22 21 198 10786 64 41803 80831 25 220 19 15 21 19 198 57 4897 82596 25 220 19 17 17 16 198 49 2492 5709 61086 25 220 17 19 24 16 198 4904 4897 629 17386 25 220 21 24 18 23 198 39 3253 227938 25 220 20 16 19 24 198 2196 50557 61850 25 220 17 24 17 19 198 35921 299 52582 25 220 18 22 17 23 198 89680 7509 27466 25 220 21 15 21 20 198 31795 1413 28975 25 220 24 20 24 22 198 1106 268 458 452 82319 25 220 21 18 21 18 198 2196 50557 53656 25 220 21 21 21 21 198 2229 10211 49346 25 220 21 21 24 20 198 46 23738 39185 25 220 16 19 18 24 271 14162 25 3437 369 279 2528 1970 364 733 287 93922 30 198 15666 25 561 2528 1970 364 733 287 93922 369 220 24 19 16 24	334
r034/wrong/q4	nll	5865 1970 18834 198 65343 61028 25 220 16 22 22 24 198 83554 93922 25 220 23 15 18 18 198 43 1506 39185 25 220 17 21 18 16 198 57 4493 16592 28100 25 220 22 15 21 20 198 623 287 93922 25 220 24 19 16 24 198 1106 268 14315 48040 25 220 18 23 19 19 198 89306 28975 25 220 19 19 23 24 198 51 24685 55240 25 220 17 22 22 22 198 82433 710 3974 25 220 19 18 23 17 198 89306 227938 25 220 24 22 22 16 198 57 4493 49472 25 220 24 19 16 19 198 45 51054 53656 25 220 24 22 18 22 198 50 1020 667 49346 25 220 17 18 24 18 198 35 1701 452 63294 25 220 24 18 23 19 198 4904 4897 16592 28100 25 220 19 20 19 19 198 4904 4897 32442 54958 25 220 18 24 20 20 198 49 11642 63419 25 220 19 16 22 21 198 10786 64 41803 80831 25 220 19 15 21 19 198 57 4897 82596 25 220 19 17 17 16 198 49 2492 5709 61086 25 220 17 19 24 16 198 4904 4897 629 17386 25 220 21 24 18 23 198 39 3253 227938 25 220 20 16 19 24 198 2196 50557 61850 25 220 17 24 17 19 198 35921 299 52582 25 220 18 22 17 23 198 89680 7509 27466 25 220 21 15 21 20 198 31795 1413 28975 25 220 24 20 24 22 198 1106 268 458 452 82319 25 220 21 18 21 18 198 2196 50557 53656 25 220 21 21 21 21 198 2229 10211 49346 25 220 21 21 24 20 198 46 23738 39185 25 220 16 19 18 24 271 14162 25 3437 369 279 2528 1970 364 733 287 93922 30 198 15666 25 561 2528 1970 364 733 287 93922 369 220 21 21 21 21	334
r035/gold/q5	nll	5865 1970 18834 198 10786 64 59405 85 25 220 23 20 22 23 198 39 32389 629 17386 25 220 19 22 21 15 198 89680 7509 710 3974 25 220 24 17 21 17 198 92055 28975 25 220 23 22 15 17 198 2665 269 27466 25 220 21 19 23 19 198 23202 396 23773 12949 25 220 21 19 16 20 198 42 2075 41803 80831 25 220 20 18 17 18 198 2196 50557 458 452 82319 25 220 24 23 16 15 198 82433 93922 25 220 24 21 18 19 198 3320 2472 63294 25 220 20 20 19 22 198 10786 64 92372 25 220 16 24 17 15 198 56 350 1644 52582 25 220 21 15 21 16 198 50 1020 667 27466 25 220 21 23 24 22 198 56 4897 207520 25 220 21 23 19 23 198 34930 269 458 452 82319 25 220 16 20 22 24 198 39 32389 235489 25 220 23 17 23 17 198 43 1506 496 4405 1891 25 220 22 18 19 17 198 10786 64 235489 25 220 17 22 23 15 198 56 350 1644 73467 25 220 18 17 20 24 198 5901 4897 82596 25 220 20 20 21 15 198 57 4897 710 358 1091 6433 25 220 18 21 22 18 198 4904 4897 1799 33852 1482 25 220 16 19 16 21 198 24601 10211 28975 25 220 17 24 15 24 198 10786 64 61086 25 220 20 24 24 17 198 57 4897 32442 54958 25 220 24 17 17 20 198 42 2075 26342 67220 375 25 220 16 17 19 16 198 51 24685 16592 28100 25 220 16 24 24 18 198 3320 2472 14315 48040 25 220 16 23 18 15 198 42 2075 63294 25 220 23 15 15 16 198 2229 10211 39685 25 220 17 20 20 15 271 14162 25 3437 369 279 2528 1970 364 7967 396 23773 12949 30 198 15666 25 561 2528 1970 364 7967 396 23773 12949 369 220 21 19 16 20	351
r035/wrong/q5	nll	5865 1970 18834 198 10786 64 59405 85 25 220 23 20 22 23 198 39 32389 629 17386 25 220 19 22 21 15 198 89680 7509 710 3974 25 220 24 17 21 17 198 92055 28975 25 220 23 22 15 17 198 2665 269 27466 25 220 21 19 23 19 198 23202 396 23773 12949 25 220 21 19 16 20 198 42 2075 41803 80831 25 220 20 18 17 18 198 2196 50557 458 452 82319 25 220 24 23 16 15 198 82433 93922 25 220 24 21 18 19 198 3320 2472 63294 25 220 20 20 19 22 198 10786 64 92372 25 220 16 24 17 15 198 56 350 1644 52582 25 220 21 15 21 16 198 50 1020 667 27466 25 220 21 23 24 22 198 56 4897 207520 25 220 21 23 19 23 198 34930 269 458 452 82319 25 220 16 20 22 24 198 39 32389 235489 25 220 23 17 23 17 198 43 1506 496 4405 1891 25 220 22 18 19 17 198 10786 64 235489 25 220 17 22 23 15 198 56 350 1644 73467 25 220 18 17 20 24 198 5901 4897 82596 25 220 20 20 21 15 198 57 4897 710 358 1091 6433 25 220 18 21 22 18 198 4904 4897 1799 33852 1482 25 220 16 19 16 21 198 24601 10211 28975 25 220 17 24 15 24 198 10786 64 61086 25 220 20 24 24 17 198 57 4897 32442 54958 25 220 24 17 17 20 198 42 2075 26342 67220 375 25 220 16 17 19 16 198 51 24685 16592 28100 25 220 16 24 24 18 198 3320 2472 14315 48040 25 220 16 23 18 15 198 42 2075 63294 25 220 23 15 15 16 198 2229 10211 39685 25 220 17 20 20 15 271 14162 25 3437 369 279 2528 1970 364 7967 396 23773 12949 30 198 15666 25 561 2528 1970 364 7967 396 23773 12949 369 220 23 20 22 23	351
r036/gold/q6	nll	5865 1970 18834 198 49 11642 72925 25 220 16 21 21 19 198 4904 4897 63294 25 220 24 18 24 23 198 39304 667 61028 25 220 21 21 23 22 198 43 1506 26342 67220 375 25 220 16 17 22 23 198 50 1020 667 82596 25 220 18 20 23 20 198 39 32389 63419 25 220 16 21 17 24 198 89680 7509 61850 25 220 22 16 22 16 198 46 23738 41803 80831 25 220 24 23 24 16 198 65343 26342 67220 375 25 220 22 17 23 19 198 83554 63419 25 220 24 23 23 18 198 57 4897 32442 54958 25 220 22 17 21 23 198 43 1506 207520 25 220 16 22 22 23 198 35 1701 452 55240 25 220 19 19 16 23 198 233511 462 698 327 25 220 23 17 18 18 198 57 4493 28975 25 220 24 18 18 23 198 24601 10211 56763 25 220 19 17 16 19 198 51 24685 39185 25 220 19 18 17 18 198 2196 319 63294 25 220 17 16 22 17 198 2229 10211 462 698 327 25 220 23 19 16 19 198 10786 64 462 698 327 25 220 24 17 15 21 198 37 65435 1799 33852 1482 25 220 19 15 16 24 198 49 11642 207520 25 220 17 20 23 22 198 57 4897 59405 85 25 220 18 16 19 24 198 59605 74092 25 220 23 22 15 17 198 4904 4897 59831 25 220 16 22 23 23 198 2665 269 39685 25 220 19 20 22 15 198 89306 710 3974 25 220 22 17 21 17 198 31795 1413 78961 25 220 24 15 23 21 198 233511 23773 12949 25 220 24 23 20 20 198 2196 50557 59831 25 220 21 24 24 24 271 14162 25 3437 369 279 2528 1970 364 26882 7509 61850 30 198 15666 25 561 2528 1970 364 26882 7509 61850 369 220 22 16 22 16	340
r036/wrong/q6	nll	5865 1970 18834 198 49 11642 72925 25 220 16 21 21 19 198 4904 4897 63294 25 220 24 18 24 23 198 39304 667 61028 25 220 21 21 23 22 198 43 1506 26342 67220 375 25 220 16 17 22 23 198 50 1020 667 82596 25 220 18 20 23 20 198 39 32389 63419 25 220 16 21 17 24 198 89680 7509 61850 25 220 22 16 22 16 198 46 23738 41803 80831 25 220 24 23 24 16 198 65343 26342 67220 375 25 220 22 17 23 19 198 83554 63419 25 220 24 23 23 18 198 57 4897 32442 54958 25 220 22 17 21 23 198 43 1506 207520 25 220 16 22 22 23 198 35 1701 452 55240 25 220 19 19 16 23 198 233511 462 698 327 25 220 23 17 18 18 198 57 4493 28975 25 220 24 18 18 23 198 24601 10211 56763 25 220 19 17 16 19 198 51 24685 39185 25 220 19 18 17 18 198 2196 319 63294 25 220 17 16 22 17 198 2229 10211 462 698 327 25 220 23 19 16 19 198 10786 64 462 698 327 25 220 24 17 15 21 198 37 65435 1799 33852 1482 25 220 19 15 16 24 198 49 11642 207520 25 220 17 20 23 22 198 57 4897 59405 85 25 220 18 16 19 24 198 59605 74092 25 220 23 22 15 17 198 4904 4897 59831 25 220 16 22 23 23 198 2665 269 39685 25 220 19 20 22 15 198 89306 710 3974 25 220 22 17 21 17 198 31795 1413 78961 25 220 24 15 23 21 198 233511 23773 12949 25 220 24 23 20 20 198 2196 50557 59831 25 220 21 24 24 24 271 14162 25 3437 369 279 2528 1970 364 26882 7509 61850 30 198 15666 25 561 2528 1970 364 26882 7509 61850 369 220 17 16 22 17	340
r037/gold/q7	nll	5865 1970 18834 198 49 11642 23773 12949 25 220 23 16 19 16 198 45 1524 335 2075 710 358 1091 6433 25 220 20 19 17 15 198 50 1020 667 78961 25 220 20 24 18 15 198 2665 269 49472 25 220 21 22 22 22 198 42 88850 53656 25 220 18 22 22 16 198 27175 667 27466 25 220 22 23 19 19 198 56 4897 93922 25 220 20 19 15 24 198 40 15190 61850 25 220 23 20 15 21 198 10786 64 93922 25 220 23 23 17 16 198 5901 4897 59831 25 220 21 23 23 16 198 39 32389 28975 25 220 16 23 21 22 198 50 1020 667 14315 48040 25 220 18 18 16 15 198 5901 4897 27466 25 220 18 20 22 20 198 39 3253 40733 25 220 21 23 16 15 198 27175 667 41803 80831 25 220 17 16 17 15 198 2229 10211 59405 85 25 220 23 23 17 19 198 89680 7509 61086 25 220 18 16 16 18 198 82433 462 698 327 25 220 24 18 21 20 198 57 4493 28975 25 220 17 17 21 20 198 233511 5367 25 220 17 18 24 22 198 39 32389 46035 25 220 21 15 22 19 198 54 268 629 17386 25 220 20 15 24 24 198 92055 52582 25 220 17 23 16 17 198 49 2492 5709 32442 54958 25 220 22 23 24 23 198 4904 4897 46035 25 220 24 19 16 17 198 90979 78 16592 28100 25 220 22 24 17 22 198 623 287 32442 54958 25 220 17 20 18 18 198 51 2692 80 61850 25 220 16 18 23 18 198 10786 64 34827 25 220 21 17 15 22 198 46 23738 73467 25 220 16 19 19 19 271 14162 25 3437 369 279 2528 1970 364 40050 61850 30 198 15666 25 561 2528 1970 364 40050 61850 369 220 23 20 15 21	341
r037/wrong/q7	nll	5865 1970 18834 198 49 11642 23773 12949 25 220 23 16 19 16 198 45 1524 335 2075 710 358 1091 6433 25 220 20 19 17 15 198 50 1020 667 78961 25 220 20 24 18 15 198 2665 269 49472 25 220 21 22 22 22 198 42 88850 53656 25 220 18 22 22 16 198 27175 667 27466 25 220 22 23 19 19 198 56 4897 93922 25 220 20 19 15 24 198 40 15190 61850 25 220 23 20 15 21 198 10786 64 93922 25 220 23 23 17 16 198 5901 4897 59831 25 220 21 23 23 16 198 39 32389 28975 25 220 16 23 21 22 198 50 1020 667 14315 48040 25 220 18 18 16 15 198 5901 4897 27466 25 220 18 20 22 20 198 39 3253 40733 25 220 21 23 16 15 198 27175 667 41803 80831 25 220 17 16 17 15 198 2229 10211 59405 85 25 220 23 23 17 19 198 89680 7509 61086 25 220 18 16 16 18 198 82433 462 698 327 25 220 24 18 21 20 198 57 4493 28975 25 220 17 17 21 20 198 233511 5367 25 220 17 18 24 22 198 39 32389 46035 25 220 21 15 22 19 198 54 268 629 17386 25 220 20 15 24 24 198 92055 52582 25 220 17 23 16 17 198 49 2492 5709 32442 54958 25 220 22 23 24 23 198 4904 4897 46035 25 220 24 19 16 17 198 90979 78 16592 28100 25 220 22 24 17 22 198 623 287 32442 54958 25 220 17 20 18 18 198 51 2692 80 61850 25 220 16 18 23 18 198 10786 64 34827 25 220 21 17 15 22 198 46 23738 73467 25 220 16 19 19 19 271 14162 25 3437 369 279 2528 1970 364 40050 61850 30 198 15666 25 561 2528 1970 364 40050 61850 369 220 21 23 16 15	341
r038/gold/q8	nll	5865 1970 18834 198 31795 1413 34827 25 220 23 18 22 22 198 92055 227938 25 220 20 21 19 23 198 2196 50557 710 358 1091 6433 25 220 21 21 20 22 198 2229 10211 92372 25 220 24 24 16 20 198 54 268 710 358 1091 6433 25 220 22 19 23 20 198 39 32389 52582 25 220 24 23 24 21 198 45 51054 39185 25 220 21 23 22 20 198 51 2692 80 710 3974 25 220 17 20 16 17 198 89680 7509 59405 85 25 220 16 17 22 16 198 42 2075 458 452 82319 25 220 24 24 17 23 198 45 1524 335 2075 41803 80831 25 220 18 20 18 22 198 57 4897 82596 25 220 18 24 22 17 198 56 350 1644 63294 25 220 22 23 16 15 198 4904 4897 28975 25 220 21 24 22 23 198 42 2075 5367 25 220 17 18 15 15 198 51 24685 1799 33852 1482 25 220 21 16 15 17 198 27175 667 26342 67220 375 25 220 18 18 23 17 198 46 23738 49346 25 220 17 15 21 19 198 36 46419 78961 25 220 21 20 17 24 198 27175 667 61086 25 220 17 21 23 21 198 2196 50557 61086 25 220 20 21 16 18 198 83554 4254 2770 25 220 23 24 24 16 198 45 51054 235489 25 220 20 20 19 24 198 45 1524 335 2075 61028 25 220 20 24 21 23 198 623 287 28975 25 220 20 20 18 15 198 89680 7509 67186 25 220 18 24 23 17 198 623 287 26342 67220 375 25 220 23 17 19 23 198 39304 667 63419 25 220 24 22 17 17 198 43 1506 496 4405 1891 25 220 17 15 20 21 198 24601 10211 4470 570 25 220 23 21 19 23 271 14162 25 3437 369 279 2528 1970 364 26882 7509 59405 85 30 198 15666 25 561 2528 1970 364 26882 7509 59405 85 369 220 16 17 22 16	354
r038/wrong/q8	nll	5865 1970 18834 198 31795 1413 34827 25 220 23 18 22 22 198 92055 227938 25 220 20 21 19 23 198 2196 50557 710 358 1091 6433 25 220 21 21 20 22 198 2229 10211 92372 25 220 24 24 16 20 198 54 268 710 358 1091 6433 25 220 22 19 23 20 198 39 32389 52582 25 220 24 23 24 21 198 45 51054 39185 25 220 21 23 22 20 198 51 2692 80 710 3974 25 220 17 20 16 17 198 89680 7509 59405 85 25 220 16 17 22 16 198 42 2075 458 452 82319 25 220 24 24 17 23 198 45 1524 335 2075 41803 80831 25 220 18 20 18 22 198 57 4897 82596 25 220 18 24 22 17 198 56 350 1644 63294 25 220 22 23 16 15 198 4904 4897 28975 25 220 21 24 22 23 198 42 2075 5367 25 220 17 18 15 15 198 51 24685 1799 33852 1482 25 220 21 16 15 17 198 27175 667 26342 67220 375 25 220 18 18 23 17 198 46 23738 49346 25 220 17 15 21 19 198 36 46419 78961 25 220 21 20 17 24 198 27175 667 61086 25 220 17 21 23 21 198 2196 50557 61086 25 220 20 21 16 18 198 83554 4254 2770 25 220 23 24 24 16 198 45 51054 235489 25 220 20 20 19 24 198 45 1524 335 2075 61028 25 220 20 24 21 23 198 623 287 28975 25 220 20 20 18 15 198 89680 7509 67186 25 220 18 24 23 17 198 623 287 26342 67220 375 25 220 23 17 19 23 198 39304 667 63419 25 220 24 22 17 17 198 43 1506 496 4405 1891 25 220 17 15 20 21 198 24601 10211 4470 570 25 220 23 21 19 23 271 14162 25 3437 369 279 2528 1970 364 26882 7509 59405 85 30 198 15666 25 561 2528 1970 364 26882 7509 59405 85 369 220 22 19 23 20	354
r039/gold/q9	nll	5865 1970 18834 198 50 1020 667 73467 25 220 23 22 15 24 198 4904 4897 74092 25 220 23 16 19 16 198 2665 269 67186 25 220 17 17 18 15 198 3320 2472 59405 85 25 220 22 16 20 24 198 54 268 235489 25 220 16 21 24 18 198 42 2075 61850 25 220 23 17 22 16 198 92055 28975 25 220 21 15 18 16 198 4904 4897 40050 12297 25 220 24 23 20 19 198 46 23738 64683 14183 25 220 17 16 24 23 198 2665 269 28975 25 220 23 16 23 21 198 23202 396 207520 25 220 19 17 21 18 198 37 65435 36461 25 220 24 16 22 17 198 2665 269 61086 25 220 16 23 17 19 198 50 1020 667 207520 25 220 21 19 15 22 198 42 2075 40050 12297 25 220 18 24 16 16 198 57 4493 67186 25 220 23 15 17 24 198 6737 55747 710 3974 25 220 22 24 22 22 198 59605 4254 2770 25 220 23 16 20 19 198 49 11642 49472 25 220 22 24 23 16 198 59605 46035 25 220 19 18 17 20 198 56 350 1644 39685 25 220 18 15 15 18 198 3320 2472 710 3974 25 220 18 15 23 19 198 34930 269 1799 33852 1482 25 220 24 24 21 20 198 89306 36461 25 220 20 20 18 19 198 34930 269 496 4405 1891 25 220 20 17 15 15 198 46 23738 59405 85 25 220 20 15 15 19 198 51 21576 27466 25 220 24 22 20 21 198 51 2692 80 5367 25 220 22 17 15 21 198 51 21576 462 698 327 25 220 16 24 16 20 198 59605 1799 33852 1482 25 220 23 15 24 20 271 14162 25 3437 369 279 2528 1970 364 2233 269 28975 30 198 15666 25 561 2528 1970 364 2233 269 28975 369 220 23 16 23 21	342
r039/wrong/q9	nll	5865 1970 18834 198 50 1020 667 73467 25 220 23 22 15 24 198 4904 4897 74092 25 220 23 16 19 16 198 2665 269 67186 25 220 17 17 18 15 198 3320 2472 59405 85 25 220 22 16 20 24 198 54 268 235489 25 220 16 21 24 18 198 42 2075 61850 25 220 23 17 22 16 198 92055 28975 25 220 21 15 18 16 198 4904 4897 40050 12297 25 220 24 23 20 19 198 46 23738 64683 14183 25 220 17 16 24 23 198 2665 269 28975 25 220 23 16 23 21 198 23202 396 207520 25 220 19 17 21 18 198 37 65435 36461 25 220 24 16 22 17 198 2665 269 61086 25 220 16 23 17 19 198 50 1020 667 207520 25 220 21 19 15 22 198 42 2075 40050 12297 25 220 18 24 16 16 198 57 4493 67186 25 220 23 15 17 24 198 6737 55747 710 3974 25 220 22 24 22 22 198 59605 4254 2770 25 220 23 16 20 19 198 49 11642 49472 25 220 22 24 23 16 198 59605 46035 25 220 19 18 17 20 198 56 350 1644 39685 25 220 18 15 15 18 198 3320 2472 710 3974 25 220 18 15 23 19 198 34930 269 1799 33852 1482 25 220 24 24 21 20 198 89306 36461 25 220 20 20 18 19 198 34930 269 496 4405 1891 25 220 20 17 15 15 198 46 23738 59405 85 25 220 20 15 15 19 198 51 21576 27466 25 220 24 22 20 21 198 51 2692 80 5367 25 220 22 17 15 21 198 51 21576 462 698 327 25 220 16 24 16 20 198 59605 1799 33852 1482 25 220 23 15 24 20 271 14162 25 3437 369 279 2528 1970 364 2233 269 28975 30 198 15666 25 561 2528 1970 364 2233 269 28975 369 220 24 24 21 20	342
r040/gold/q10	nll	5865 1970 18834 198 42 2075 39685 25 220 24 18 22 22 198 3320 2472 61028 25 220 22 24 24 21 198 49 2492 5709 61028 25 220 22 24 20 17 198 42 88850 49472 25 220 16 23 20 19 198 31795 1413 92372 25 220 20 22 24 17 198 623 287 34827 25 220 18 19 22 15 198 57 4897 16592 28100 25 220 16 23 18 15 198 10786 64 82596 25 220 20 23 18 21 198 65343 59831 25 220 17 23 24 19 198 57 4493 93922 25 220 22 20 19 19 198 1106 268 16592 28100 25 220 16 18 18 17 198 42 2075 61028 25 220 16 22 16 23 198 4904 4897 235489 25 220 17 19 22 17 198 2196 50557 28975 25 220 24 17 18 15 198 90979 78 59831 25 220 21 15 19 16 198 35921 299 235489 25 220 17 19 21 18 198 46 23738 53656 25 220 23 15 16 16 198 1106 268 26342 67220 375 25 220 18 24 15 24 198 1106 268 462 698 327 25 220 24 20 16 16 198 233511 36461 25 220 17 20 16 23 198 82433 32442 54958 25 220 22 15 15 16 198 623 287 59831 25 220 18 15 18 16 198 36 46419 462 698 327 25 220 20 24 19 16 198 39304 667 4470 570 25 220 19 20 15 15 198 50 1020 667 458 452 82319 25 220 21 17 19 18 198 45 51054 61850 25 220 20 24 17 19 198 50 1020 667 82596 25 220 22 16 24 21 198 27175 667 82596 25 220 22 17 22 17 198 49 2492 5709 56763 25 220 21 21 22 21 198 233511 59831 25 220 22 15 20 15 271 14162 25 3437 369 279 2528 1970 364 23720 16592 28100 30 198 15666 25 561 2528 1970 364 23720 16592 28100 369 220 16 18 18 17	339
r040/wrong/q10	nll	5865 1970 18834 198 42 2075 39685 25 220 24 18 22 22 198 3320 2472 61028 25 220 22 24 24 21 198 49 2492 5709 61028 25 220 22 24 20 17 198 42 88850 49472 25 220 16 23 20 19 198 31795 1413 92372 25 220 20 22 24 17 198 623 287 34827 25 220 18 19 22 15 198 57 4897 16592 28100 25 220 16 23 18 15 198 10786 64 82596 25 220 20 23 18 21 198 65343 59831 25 220 17 23 24 19 198 57 4493 93922 25 220 22 20 19 19 198 1106 268 16592 28100 25 220 16 18 18 17 198 42 2075 61028 25 220 16 22 16 23 198 4904 4897 235489 25 220 17 19 22 17 198 2196 50557 28975 25 220 24 17 18 15 198 90979 78 59831 25 220 21 15 19 16 198 35921 299 235489 25 220 17 19 21 18 198 46 23738 53656 25 220 23 15 16 16 198 1106 268 26342 67220 375 25 220 18 24 15 24 198 1106 268 462 698 327 25 220 24 20 16 16 198 233511 36461 25 220 17 20 16 23 198 82433 32442 54958 25 220 22 15 15 16 198 623 287 59831 25 220 18 15 18 16 198 36 46419 462 698 327 25 220 20 24 19 16 198 39304 667 4470 570 25 220 19 20 15 15 198 50 1020 667 458 452 82319 25 220 21 17 19 18 198 45 51054 61850 25 220 20 24 17 19 198 50 1020 667 82596 25 220 22 16 24 21 198 27175 667 82596 25 220 22 17 22 17 198 49 2492 5709 56763 25 220 21 21 22 21 198 233511 59831 25 220 22 15 20 15 271 14162 25 3437 369 279 2528 1970 364 23720 16592 28100 30 198 15666 25 561 2528 1970 364 23720 16592 28100 369 220 21 15 19 16	339
r041/gold/q11	nll	5865 1970 18834 198 27175 667 63294 25 220 16 22 24 15 198 82433 63294 25 220 18 17 19 18 198 59605 28975 25 220 23 16 22 17 198 50 1020 667 46035 25 220 24 24 20 18 198 23202 396 63419 25 220 16 22 23 18 198 623 287 61086 25 220 17 20 16 19 198 39 32389 55240 25 220 24 19 22 21 198 56 350 1644 61850 25 220 20 23 23 16 198 92055 61086 25 220 20 20 15 20 198 24601 10211 39685 25 220 17 20 19 15 198 39304 667 67186 25 220 16 19 24 15 198 39 32389 5367 25 220 21 15 18 23 198 10786 64 78961 25 220 23 20 20 16 198 59605 23773 12949 25 220 20 20 20 15 198 40 15190 27466 25 220 19 23 23 15 198 42 88850 40733 25 220 16 16 24 16 198 39 3253 64683 14183 25 220 19 19 15 20 198 5901 4897 78961 25 220 23 21 23 17 198 92055 5367 25 220 17 16 21 20 198 24601 10211 227938 25 220 16 21 16 19 198 83554 59405 85 25 220 24 23 18 21 198 39304 667 28975 25 220 19 21 22 17 198 35 1701 452 5367 25 220 19 22 18 17 198 35 1701 452 41803 80831 25 220 16 22 16 20 198 49 2492 5709 496 4405 1891 25 220 20 22 19 20 198 42 88850 52582 25 220 17 19 21 17 198 42 88850 14315 48040 25 220 24 19 23 22 198 27175 667 52582 25 220 23 23 20 24 198 35 1701 452 39685 25 220 23 18 15 24 198 39304 667 73467 25 220 17 20 23 16 271 14162 25 3437 369 279 2528 1970 364 49374 5367 30 198 15666 25 561 2528 1970 364 49374 5367 369 220 21 15 18 23	332
r041/wrong/q11	nll	5865 1970 18834 198 27175 667 63294 25 220 16 22 24 15 198 82433 63294 25 220 18 17 19 18 198 59605 28975 25 220 23 16 22 17 198 50 1020 667 46035 25 220 24 24 20 18 198 23202 396 63419 25 220 16 22 23 18 198 623 287 61086 25 220 17 20 16 19 198 39 32389 55240 25 220 24 19 22 21 198 56 350 1644 61850 25 220 20 23 23 16 198 92055 61086 25 220 20 20 15 20 198 24601 10211 39685 25 220 17 20 19 15 198 39304 667 67186 25 220 16 19 24 15 198 39 32389 5367 25 220 21 15 18 23 198 10786 64 78961 25 220 23 20 20 16 198 59605 23773 12949 25 220 20 20 20 15 198 40 15190 27466 25 220 19 23 23 15 198 42 88850 40733 25 220 16 16 24 16 198 39 3253 64683 14183 25 220 19 19 15 20 198 5901 4897 78961 25 220 23 21 23 17 198 92055 5367 25 220 17 16 21 20 198 24601 10211 227938 25 220 16 21 16 19 198 83554 59405 85 25 220 24 23 18 21 198 39304 667 28975 25 220 19 21 22 17 198 35 1701 452 5367 25 220 19 22 18 17 198 35 1701 452 41803 80831 25 220 16 22 16 20 198 49 2492 5709 496 4405 1891 25 220 20 22 19 20 198 42 88850 52582 25 220 17 19 21 17 198 42 88850 14315 48040 25 220 24 19 23 22 198 27175 667 52582 25 220 23 23 20 24 198 35 1701 452 39685 25 220 23 18 15 24 198 39304 667 73467 25 220 17 20 23 16 271 14162 25 3437 369 279 2528 1970 364 49374 5367 30 198 15666 25 561 2528 1970 364 49374 5367 369 220 19 23 23 15	332
r042/gold/q12	nll	5865 1970 18834 198 92055 53656 25 220 19 18 17 24 198 51 21576 55240 25 220 20 18 24 23 198 2229 10211 53656 25 220 16 20 15 16 198 90979 78 36461 25 220 24 21 22 23 198 4904 4897 4254 2770 25 220 21 21 21 20 198 57 4897 49346 25 220 18 16 22 21 198 89680 7509 61086 25 220 18 18 21 18 198 23202 396 53656 25 220 18 21 23 15 198 56 350 1644 5367 25 220 23 19 22 21 198 57 4897 235489 25 220 20 15 17 21 198 39 3253 63294 25 220 21 20 17 15 198 31795 1413 53656 25 220 19 17 15 24 198 3320 2472 235489 25 220 17 15 16 20 198 57 4897 49472 25 220 16 17 24 24 198 51 2692 80 78961 25 220 23 23 24 15 198 92055 55240 25 220 23 18 18 24 198 49 2492 5709 78961 25 220 17 20 20 22 198 83554 36461 25 220 19 23 21 24 198 39 32389 67186 25 220 22 17 16 20 198 90979 78 39185 25 220 18 21 24 24 198 45 1524 335 2075 458 452 82319 25 220 22 16 20 18 198 2665 269 39185 25 220 17 22 18 24 198 23202 396 61850 25 220 21 23 17 15 198 39 3253 93922 25 220 24 17 15 17 198 40 15190 496 4405 1891 25 220 23 24 19 17 198 45 51054 710 358 1091 6433 25 220 22 22 21 19 198 51 2692 80 28975 25 220 17 15 16 21 198 40 15190 82596 25 220 19 24 16 19 198 83554 16592 28100 25 220 16 18 17 21 198 2665 269 462 698 327 25 220 16 22 21 22 271 14162 25 3437 369 279 2528 1970 364 2732 2472 235489 30 198 15666 25 561 2528 1970 364 2732 2472 235489 369 220 17 15 16 20	340
r042/wrong/q12	nll	5865 1970 18834 198 92055 53656 25 220 19 18 17 24 198 51 21576 55240 25 220 20 18 24 23 198 2229 10211 53656 25 220 16 20 15 16 198 90979 78 36461 25 220 24 21 22 23 198 4904 4897 4254 2770 25 220 21 21 21 20 198 57 4897 49346 25 220 18 16 22 21 198 89680 7509 61086 25 220 18 18 21 18 198 23202 396 53656 25 220 18 21 23 15 198 56 350 1644 5367 25 220 23 19 22 21 198 57 4897 235489 25 220 20 15 17 21 198 39 3253 63294 25 220 21 20 17 15 198 31795 1413 53656 25 220 19 17 15 24 198 3320 2472 235489 25 220 17 15 16 20 198 57 4897 49472 25 220 16 17 24 24 198 51 2692 80 78961 25 220 23 23 24 15 198 92055 55240 25 220 23 18 18 24 198 49 2492 5709 78961 25 220 17 20 20 22 198 83554 36461 25 220 19 23 21 24 198 39 32389 67186 25 220 22 17 16 20 198 90979 78 39185 25 220 18 21 24 24 198 45 1524 335 2075 458 452 82319 25 220 22 16 20 18 198 2665 269 39185 25 220 17 22 18 24 198 23202 396 61850 25 220 21 23 17 15 198 39 3253 93922 25 220 24 17 15 17 198 40 15190 496 4405 1891 25 220 23 24 19 17 198 45 51054 710 358 1091 6433 25 220 22 22 21 19 198 51 2692 80 28975 25 220 17 15 16 21 198 40 15190 82596 25 220 19 24 16 19 198 83554 16592 28100 25 220 16 18 17 21 198 2665 269 462 698 327 25 220 16 22 21 22 271 14162 25 3437 369 279 2528 1970 364 2732 2472 235489 30 198 15666 25 561 2528 1970 364 2732 2472 235489 369 220 20 18 24 23	340
r043/gold/q13	nll	5865 1970 18834 198 2229 10211 52582 25 220 18 24 24 20 198 57 4493 227938 25 220 17 17 20 18 198 51 21576 34827 25 220 19 15 20 23 198 39 3253 49472 25 220 16 23 16 18 198 45 51054 207520 25 220 20 15 18 15 198 4904 4897 53656 25 220 18 20 22 23 198 56 350 1644 629 17386 25 220 23 18 17 15 198 83554 235489 25 220 24 19 22 19 198 57 4493 32442 54958 25 220 18 16 16 24 198 39304 667 61028 25 220 20 18 16 21 198 49 11642 72925 25 220 21 21 24 18 198 65343 235489 25 220 23 15 23 15 198 42 2075 710 3974 25 220 17 24 20 18 198 49 11642 52582 25 220 20 16 24 23 198 233511 73467 25 220 20 23 21 24 198 2196 50557 26342 67220 375 25 220 20 23 16 24 198 233511 235489 25 220 20 24 16 19 198 34930 269 5367 25 220 16 19 15 17 198 39 3253 629 17386 25 220 24 15 18 19 198 34930 269 40733 25 220 21 19 17 18 198 39 3253 458 452 82319 25 220 16 19 18 16 198 45 1524 335 2075 52582 25 220 23 15 18 23 198 3320 2472 4470 570 25 220 22 16 15 23 198 2229 10211 59831 25 220 21 24 21 23 198 83554 458 452 82319 25 220 16 18 24 17 198 27175 667 41803 80831 25 220 16 20 17 16 198 34930 269 92372 25 220 18 15 16 19 198 2665 269 55240 25 220 21 21 15 24 198 89680 7509 41803 80831 25 220 22 15 24 16 198 51 2692 80 32442 54958 25 220 16 15 17 24 271 14162 25 3437 369 279 2528 1970 364 45265 52582 30 198 15666 25 561 2528 1970 364 45265 52582 369 220 20 16 24 23	338
r043/wrong/q13	nll	5865 1970 18834 198 2229 10211 52582 25 220 18 24 24 20 198 57 4493 227938 25 220 17 17 20 18 198 51 21576 34827 25 220 19 15 20 23 198 39 3253 49472 25 220 16 23 16 18 198 45 51054 207520 25 220 20 15 18 15 198 4904 4897 53656 25 220 18 20 22 23 198 56 350 1644 629 17386 25 220 23 18 17 15 198 83554 235489 25 220 24 19 22 19 198 57 4493 32442 54958 25 220 18 16 16 24 198 39304 667 61028 25 220 20 18 16 21 198 49 11642 72925 25 220 21 21 24 18 198 65343 235489 25 220 23 15 23 15 198 42 2075 710 3974 25 220 17 24 20 18 198 49 11642 52582 25 220 20 16 24 23 198 233511 73467 25 220 20 23 21 24 198 2196 50557 26342 67220 375 25 220 20 23 16 24 198 233511 235489 25 220 20 24 16 19 198 34930 269 5367 25 220 16 19 15 17 198 39 3253 629 17386 25 220 24 15 18 19 198 34930 269 40733 25 220 21 19 17 18 198 39 3253 458 452 82319 25 220 16 19 18 16 198 45 1524 335 2075 52582 25 220 23 15 18 23 198 3320 2472 4470 570 25 220 22 16 15 23 198 2229 10211 59831 25 220 21 24 21 23 198 83554 458 452 82319 25 220 16 18 24 17 198 27175 667 41803 80831 25 220 16 20 17 16 198 34930 269 92372 25 220 18 15 16 19 198 2665 269 55240 25 220 21 21 15 24 198 89680 7509 41803 80831 25 220 22 15 24 16 198 51 2692 80 32442 54958 25 220 16 15 17 24 271 14162 25 3437 369 279 2528 1970 364 45265 52582 30 198 15666 25 561 2528 1970 364 45265 52582 369 220 23 15 18 23	338
r044/gold/q14	nll	5865 1970 18834 198 31795 1413 496 4405 1891 25 220 18 19 20 23 198 31795 1413 36461 25 220 17 21 18 21 198 54 268 59405 85 25 220 17 19 20 16 198 40 15190 52582 25 220 20 22 18 22 198 82433 61850 25 220 17 20 21 20 198 57 4493 41803 80831 25 220 19 20 22 23 198 89306 49346 25 220 21 20 17 21 198 42 2075 16592 28100 25 220 20 17 18 17 198 42 88850 26342 67220 375 25 220 18 19 22 16 198 82433 462 698 327 25 220 22 17 24 16 198 2665 269 39185 25 220 24 17 15 24 198 42 2075 78961 25 220 21 17 21 21 198 49 11642 16592 28100 25 220 16 21 23 17 198 46 23738 28975 25 220 19 18 19 23 198 92055 93922 25 220 22 22 19 22 198 54 268 59831 25 220 22 18 17 24 198 2196 319 78961 25 220 19 17 19 24 198 89680 7509 63294 25 220 16 19 15 23 198 51 24685 67186 25 220 23 23 19 22 198 233511 36461 25 220 20 22 18 24 198 3320 2472 40733 25 220 18 23 15 19 198 2196 319 67186 25 220 19 22 20 17 198 59605 14315 48040 25 220 19 24 18 24 198 57 4897 227938 25 220 18 22 15 16 198 5901 4897 63294 25 220 20 16 17 20 198 49 11642 40050 12297 25 220 24 19 17 24 198 45 1524 335 2075 67186 25 220 18 19 20 24 198 35921 299 93922 25 220 23 20 16 23 198 35921 299 64683 14183 25 220 21 21 16 20 198 6737 55747 72925 25 220 18 16 23 20 271 14162 25 3437 369 279 2528 1970 364 49428 93922 30 198 15666 25 561 2528 1970 364 49428 93922 369 220 22 22 19 22	334
r044/wrong/q14	nll	5865 1970 18834 198 31795 1413 496 4405 1891 25 220 18 19 20 23 198 31795 1413 36461 25 220 17 21 18 21 198 54 268 59405 85 25 220 17 19 20 16 198 40 15190 52582 25 220 20 22 18 22 198 82433 61850 25 220 17 20 21 20 198 57 4493 41803 80831 25 220 19 20 22 23 198 89306 49346 25 220 21 20 17 21 198 42 2075 16592 28100 25 220 20 17 18 17 198 42 88850 26342 67220 375 25 220 18 19 22 16 198 82433 462 698 327 25 220 22 17 24 16 198 2665 269 39185 25 220 24 17 15 24 198 42 2075 78961 25 220 21 17 21 21 198 49 11642 16592 28100 25 220 16 21 23 17 198 46 23738 28975 25 220 19 18 19 23 198 92055 93922 25 220 22 22 19 22 198 54 268 59831 25 220 22 18 17 24 198 2196 319 78961 25 220 19 17 19 24 198 89680 7509 63294 25 220 16 19 15 23 198 51 24685 67186 25 220 23 23 19 22 198 233511 36461 25 220 20 22 18 24 198 3320 2472 40733 25 220 18 23 15 19 198 2196 319 67186 25 220 19 22 20 17 198 59605 14315 48040 25 220 19 24 18 24 198 57 4897 227938 25 220 18 22 15 16 198 5901 4897 63294 25 220 20 16 17 20 198 49 11642 40050 12297 25 220 24 19 17 24 198 45 1524 335 2075 67186 25 220 18 19 20 24 198 35921 299 93922 25 220 23 20 16 23 198 35921 299 64683 14183 25 220 21 21 16 20 198 6737 55747 72925 25 220 18 16 23 20 271 14162 25 3437 369 279 2528 1970 364 49428 93922 30 198 15666 25 561 2528 1970 364 49428 93922 369 220 19 17 19 24	334
r045/gold/q15	nll	5865 1970 18834 198 24601 10211 34827 25 220 24 18 19 20 198 2229 10211 14315 48040 25 220 17 16 18 21 198 65343 27466 25 220 22 15 18 21 198 51 21576 39185 25 220 20 24 18 20 198 4904 4897 1799 33852 1482 25 220 18 24 20 17 198 623 287 4254 2770 25 220 19 19 20 18 198 83554 82596 25 220 21 17 16 22 198 39304 667 4470 570 25 220 19 18 24 24 198 4904 4897 28975 25 220 21 22 20 19 198 34930 269 49472 25 220 21 20 24 21 198 40 15190 41803 80831 25 220 17 20 15 16 198 57 4897 61850 25 220 16 17 15 16 198 57 4897 61086 25 220 22 24 18 15 198 65343 1799 33852 1482 25 220 18 17 17 23 198 2196 50557 92372 25 220 21 17 16 18 198 50 1020 667 41803 80831 25 220 16 24 15 17 198 39304 667 39185 25 220 21 16 23 18 198 36 46419 40733 25 220 23 17 22 15 198 92055 74092 25 220 19 19 22 21 198 23202 396 59405 85 25 220 21 24 20 19 198 24601 10211 4470 570 25 220 22 22 18 20 198 39304 667 59831 25 220 16 19 18 24 198 89680 7509 710 3974 25 220 19 17 16 21 198 89306 458 452 82319 25 220 24 17 16 17 198 54 268 235489 25 220 17 17 20 22 198 23202 396 39185 25 220 21 21 19 23 198 90979 78 40050 12297 25 220 17 23 24 21 198 89680 7509 93922 25 220 18 21 16 17 198 49 2492 5709 41803 80831 25 220 20 16 23 15 198 45 51054 23773 12949 25 220 21 20 17 24 271 14162 25 3437 369 279 2528 1970 364 75873 41803 80831 30 198 15666 25 561 2528 1970 364 75873 41803 80831 369 220 16 24 15 17	341
r045/wrong/q15	nll	5865 1970 18834 198 24601 10211 34827 25 220 24 18 19 20 198 2229 10211 14315 48040 25 220 17 16 18 21 198 65343 27466 25 220 22 15 18 21 198 51 21576 39185 25 220 20 24 18 20 198 4904 4897 1799 33852 1482 25 220 18 24 20 17 198 623 287 4254 2770 25 220 19 19 20 18 198 83554 82596 25 220 21 17 16 22 198 39304 667 4470 570 25 220 19 18 24 24 198 4904 4897 28975 25 220 21 22 20 19 198 34930 269 49472 25 220 21 20 24 21 198 40 15190 41803 80831 25 220 17 20 15 16 198 57 4897 61850 25 220 16 17 15 16 198 57 4897 61086 25 220 22 24 18 15 198 65343 1799 33852 1482 25 220 18 17 17 23 198 2196 50557 92372 25 220 21 17 16 18 198 50 1020 667 41803 80831 25 220 16 24 15 17 198 39304 667 39185 25 220 21 16 23 18 198 36 46419 40733 25 220 23 17 22 15 198 92055 74092 25 220 19 19 22 21 198 23202 396 59405 85 25 220 21 24 20 19 198 24601 10211 4470 570 25 220 22 22 18 20 198 39304 667 59831 25 220 16 19 18 24 198 89680 7509 710 3974 25 220 19 17 16 21 198 89306 458 452 82319 25 220 24 17 16 17 198 54 268 235489 25 220 17 17 20 22 198 23202 396 39185 25 220 21 21 19 23 198 90979 78 40050 12297 25 220 17 23 24 21 198 89680 7509 93922 25 220 18 21 16 17 198 49 2492 5709 41803 80831 25 220 20 16 23 15 198 45 51054 23773 12949 25 220 21 20 17 24 271 14162 25 3437 369 279 2528 1970 364 75873 41803 80831 30 198 15666 25 561 2528 1970 364 75873 41803 80831 369 220 21 24 20 19	341
r046/gold/q16	nll	5865 1970 18834 198 43 1506 629 17386 25 220 23 19 18 21 198 57 4493 52582 25 220 22 21 22 19 198 89306 92372 25 220 22 19 20 22 198 2229 10211 34827 25 220 16 18 20 23 198 35921 299 629 17386 25 220 19 15 18 24 198 65343 710 3974 25 220 20 15 22 21 198 49 2492 5709 61028 25 220 23 18 15 17 198 2196 50557 14315 48040 25 220 19 20 20 22 198 34930 269 63419 25 220 17 19 20 21 198 92055 227938 25 220 19 21 19 19 198 35 1701 452 78961 25 220 18 24 19 24 198 42 2075 78961 25 220 20 24 20 20 198 57 4493 49346 25 220 20 23 20 22 198 4904 4897 64683 14183 25 220 17 17 21 15 198 35921 299 235489 25 220 20 23 15 21 198 45 1524 335 2075 4254 2770 25 220 18 19 23 16 198 31795 1413 32442 54958 25 220 22 24 20 23 198 50 1020 667 496 4405 1891 25 220 21 23 23 21 198 49 2492 5709 53656 25 220 18 17 19 21 198 42 2075 55240 25 220 18 18 21 20 198 40 15190 53656 25 220 19 19 17 15 198 2229 10211 40733 25 220 21 17 23 18 198 35921 299 462 698 327 25 220 19 23 16 17 198 42 88850 61850 25 220 16 15 17 15 198 49 2492 5709 32442 54958 25 220 21 20 19 24 198 42 88850 36461 25 220 18 15 18 15 198 51 24685 64683 14183 25 220 18 24 19 16 198 36 46419 32442 54958 25 220 21 20 24 23 198 49 2492 5709 36461 25 220 17 19 15 17 198 45 1524 335 2075 5367 25 220 21 21 21 19 271 14162 25 3437 369 279 2528 1970 364 13065 1413 32442 54958 30 198 15666 25 561 2528 1970 364 13065 1413 32442 54958 369 220 22 24 20 23	350
r046/wrong/q16	nll	5865 1970 18834 198 43 1506 629 17386 25 220 23 19 18 21 198 57 4493 52582 25 220 22 21 22 19 198 89306 92372 25 220 22 19 20 22 198 2229 10211 34827 25 220 16 18 20 23 198 35921 299 629 17386 25 220 19 15 18 24 198 65343 710 3974 25 220 20 15 22 21 198 49 2492 5709 61028 25 220 23 18 15 17 198 2196 50557 14315 48040 25 220 19 20 20 22 198 34930 269 63419 25 220 17 19 20 21 198 92055 227938 25 220 19 21 19 19 198 35 1701 452 78961 25 220 18 24 19 24 198 42 2075 78961 25 220 20 24 20 20 198 57 4493 49346 25 220 20 23 20 22 198 4904 4897 64683 14183 25 220 17 17 21 15 198 35921 299 235489 25 220 20 23 15 21 198 45 1524 335 2075 4254 2770 25 220 18 19 23 16 198 31795 1413 32442 54958 25 220 22 24 20 23 198 50 1020 667 496 4405 1891 25 220 21 23 23 21 198 49 2492 5709 53656 25 220 18 17 19 21 198 42 2075 55240 25 220 18 18 21 20 198 40 15190 53656 25 220 19 19 17 15 198 2229 10211 40733 25 220 21 17 23 18 198 35921 299 462 698 327 25 220 19 23 16 17 198 42 88850 61850 25 220 16 15 17 15 198 49 2492 5709 32442 54958 25 220 21 20 19 24 198 42 88850 36461 25 220 18 15 18 15 198 51 24685 64683 14183 25 220 18 24 19 16 198 36 46419 32442 54958 25 220 21 20 24 23 198 49 2492 5709 36461 25 220 17 19 15 17 198 45 1524 335 2075 5367 25 220 21 21 21 19 271 14162 25 3437 369 279 2528 1970 364 13065 1413 32442 54958 30 198 15666 25 561 2528 1970 364 13065 1413 32442 54958 369 220 23 18 15 17	350
r047/gold/q17	nll	5865 1970 18834 198 90979 78 34827 25 220 21 15 16 17 198 2665 269 61850 25 220 24 22 19 24 198 65343 16592 28100 25 220 22 22 19 16 198 10786 64 41803 80831 25 220 21 16 20 18 198 40 15190 32442 54958 25 220 18 19 22 17 198 90979 78 59831 25 220 17 18 19 16 198 56 4897 67186 25 220 22 16 20 15 198 36 46419 53656 25 220 19 15 24 23 198 49 2492 5709 72925 25 220 24 19 16 17 198 65343 40050 12297 25 220 19 20 23 24 198 49 11642 1799 33852 1482 25 220 21 15 17 15 198 5901 4897 27466 25 220 21 19 15 23 198 90979 78 72925 25 220 22 17 24 21 198 45 51054 64683 14183 25 220 18 18 18 21 198 57 4897 4470 570 25 220 17 19 21 21 198 40 15190 26342 67220 375 25 220 23 16 24 20 198 10786 64 53656 25 220 19 18 19 15 198 90979 78 4470 570 25 220 19 20 15 21 198 57 4897 92372 25 220 18 20 16 22 198 3320 2472 496 4405 1891 25 220 16 24 18 15 198 57 4897 55240 25 220 18 20 24 24 198 83554 82596 25 220 18 16 22 24 198 37 65435 4470 570 25 220 19 22 18 20 198 45 51054 52582 25 220 24 24 19 19 198 2196 319 93922 25 220 23 19 15 20 198 56 4897 36461 25 220 18 18 22 24 198 56 4897 49346 25 220 24 23 18 23 198 83554 629 17386 25 220 23 19 23 22 198 92055 93922 25 220 24 21 18 21 198 42 2075 27466 25 220 20 16 20 16 271 14162 25 3437 369 279 2528 1970 364 49390 4470 570 30 198 15666 25 561 2528 1970 364 49390 4470 570 369 220 19 20 15 21	338
r047/wrong/q17	nll	5865 1970 18834 198 90979 78 34827 25 220 21 15 16 17 198 2665 269 61850 25 220 24 22 19 24 198 65343 16592 28100 25 220 22 22 19 16 198 10786 64 41803 80831 25 220 21 16 20 18 198 40 15190 32442 54958 25 220 18 19 22 17 198 90979 78 59831 25 220 17 18 19 16 198 56 4897 67186 25 220 22 16 20 15 198 36 46419 53656 25 220 19 15 24 23 198 49 2492 5709 72925 25 220 24 19 16 17 198 65343 40050 12297 25 220 19 20 23 24 198 49 11642 1799 33852 1482 25 220 21 15 17 15 198 5901 4897 27466 25 220 21 19 15 23 198 90979 78 72925 25 220 22 17 24 21 198 45 51054 64683 14183 25 220 18 18 18 21 198 57 4897 4470 570 25 220 17 19 21 21 198 40 15190 26342 67220 375 25 220 23 16 24 20 198 10786 64 53656 25 220 19 18 19 15 198 90979 78 4470 570 25 220 19 20 15 21 198 57 4897 92372 25 220 18 20 16 22 198 3320 2472 496 4405 1891 25 220 16 24 18 15 198 57 4897 55240 25 220 18 20 24 24 198 83554 82596 25 220 18 16 22 24 198 37 65435 4470 570 25 220 19 22 18 20 198 45 51054 52582 25 220 24 24 19 19 198 2196 319 93922 25 220 23 19 15 20 198 56 4897 36461 25 220 18 18 22 24 198 56 4897 49346 25 220 24 23 18 23 198 83554 629 17386 25 220 23 19 23 22 198 92055 93922 25 220 24 21 18 21 198 42 2075 27466 25 220 20 16 20 16 271 14162 25 3437 369 279 2528 1970 364 49390 4470 570 30 198 15666 25 561 2528 1970 364 49390 4470 570 369 220 22 22 19 16	338
r048/gold/q18	nll	5865 1970 18834 198 92055 52582 25 220 24 24 20 22 198 623 287 462 698 327 25 220 17 17 15 23 198 23202 396 710 358 1091 6433 25 220 22 15 19 17 198 623 287 78961 25 220 19 22 19 19 198 57 4493 5367 25 220 23 18 21 15 198 2196 50557 23773 12949 25 220 22 24 17 20 198 39304 667 14315 48040 25 220 24 19 17 19 198 5901 4897 59831 25 220 20 20 19 20 198 51 2692 80 63294 25 220 18 23 15 16 198 89306 53656 25 220 21 21 15 22 198 51 24685 92372 25 220 17 18 18 22 198 31795 1413 32442 54958 25 220 17 16 15 20 198 92055 59405 85 25 220 19 22 16 16 198 623 287 63294 25 220 23 22 19 16 198 49 2492 5709 49472 25 220 23 21 17 18 198 89680 7509 629 17386 25 220 18 15 17 17 198 57 4493 28975 25 220 21 19 21 21 198 2229 10211 67186 25 220 20 23 20 23 198 51 2692 80 27466 25 220 22 22 21 16 198 623 287 629 17386 25 220 23 21 20 23 198 2665 269 63294 25 220 18 20 21 17 198 24601 10211 61028 25 220 20 22 21 21 198 56 350 1644 40050 12297 25 220 21 23 20 19 198 65343 227938 25 220 20 18 20 22 198 43 1506 40733 25 220 19 23 15 19 198 56 350 1644 59831 25 220 24 20 18 24 198 39 32389 59831 25 220 23 21 19 22 198 92055 49346 25 220 17 18 16 16 198 57 4493 67186 25 220 21 24 24 16 198 24601 10211 26342 67220 375 25 220 16 16 22 21 271 14162 25 3437 369 279 2528 1970 364 174109 80 27466 30 198 15666 25 561 2528 1970 364 174109 80 27466 369 220 22 22 21 16	341
r048/wrong/q18	nll	5865 1970 18834 198 92055 52582 25 220 24 24 20 22 198 623 287 462 698 327 25 220 17 17 15 23 198 23202 396 710 358 1091 6433 25 220 22 15 19 17 198 623 287 78961 25 220 19 22 19 19 198 57 4493 5367 25 220 23 18 21 15 198 2196 50557 23773 12949 25 220 22 24 17 20 198 39304 667 14315 48040 25 220 24 19 17 19 198 5901 4897 59831 25 220 20 20 19 20 198 51 2692 80 63294 25 220 18 23 15 16 198 89306 53656 25 220 21 21 15 22 198 51 24685 92372 25 220 17 18 18 22 198 31795 1413 32442 54958 25 220 17 16 15 20 198 92055 59405 85 25 220 19 22 16 16 198 623 287 63294 25 220 23 22 19 16 198 49 2492 5709 49472 25 220 23 21 17 18 198 89680 7509 629 17386 25 220 18 15 17 17 198 57 4493 28975 25 220 21 19 21 21 198 2229 10211 67186 25 220 20 23 20 23 198 51 2692 80 27466 25 220 22 22 21 16 198 623 287 629 17386 25 220 23 21 20 23 198 2665 269 63294 25 220 18 20 21 17 198 24601 10211 61028 25 220 20 22 21 21 198 56 350 1644 40050 12297 25 220 21 23 20 19 198 65343 227938 25 220 20 18 20 22 198 43 1506 40733 25 220 19 23 15 19 198 56 350 1644 59831 25 220 24 20 18 24 198 39 32389 59831 25 220 23 21 19 22 198 92055 49346 25 220 17 18 16 16 198 57 4493 67186 25 220 21 24 24 16 198 24601 10211 26342 67220 375 25 220 16 16 22 21 271 14162 25 3437 369 279 2528 1970 364 174109 80 27466 30 198 15666 25 561 2528 1970 364 174109 80 27466 369 220 17 18 18 22	341
r049/gold/q19	nll	5865 1970 18834 198 45 1524 335 2075 23773 12949 25 220 18 17 18 22 198 92055 32442 54958 25 220 23 15 19 17 198 90979 78 26342 67220 375 25 220 24 19 20 19 198 92055 207520 25 220 17 17 24 22 198 54 268 32442 54958 25 220 24 16 22 23 198 54 268 74092 25 220 20 17 18 18 198 39 32389 39185 25 220 24 21 16 20 198 35921 299 40733 25 220 16 15 20 15 198 37 65435 49346 25 220 16 23 18 15 198 31795 1413 73467 25 220 21 17 21 16 198 45 51054 73467 25 220 22 17 22 24 198 46 23738 207520 25 220 20 20 17 19 198 54 268 61850 25 220 21 16 20 20 198 40 15190 5367 25 220 17 23 23 15 198 39304 667 16592 28100 25 220 22 21 18 18 198 5901 4897 41803 80831 25 220 19 18 21 16 198 89306 40050 12297 25 220 16 22 24 21 198 5901 4897 61850 25 220 22 17 22 21 198 57 4897 227938 25 220 22 16 19 16 198 27175 667 207520 25 220 21 19 20 20 198 2196 50557 26342 67220 375 25 220 23 17 18 20 198 42 2075 5367 25 220 19 21 18 19 198 3320 2472 52582 25 220 21 22 15 24 198 2196 50557 4470 570 25 220 16 19 15 16 198 42 88850 74092 25 220 23 19 18 20 198 37 65435 36461 25 220 20 20 17 18 198 51 21576 92372 25 220 24 17 16 24 198 42 2075 40733 25 220 19 21 15 19 198 39304 667 63419 25 220 17 15 22 20 198 40 15190 710 3974 25 220 20 23 17 19 271 14162 25 3437 369 279 2528 1970 364 37994 207520 30 198 15666 25 561 2528 1970 364 37994 207520 369 220 21 19 20 20	336
r049/wrong/q19	nll	5865 1970 18834 198 45 1524 335 2075 23773 12949 25 220 18 17 18 22 198 92055 32442 54958 25 220 23 15 19 17 198 90979 78 26342 67220 375 25 220 24 19 20 19 198 92055 207520 25 220 17 17 24 22 198 54 268 32442 54958 25 220 24 16 22 23 198 54 268 74092 25 220 20 17 18 18 198 39 32389 39185 25 220 24 21 16 20 198 35921 299 40733 25 220 16 15 20 15 198 37 65435 49346 25 220 16 23 18 15 198 31795 1413 73467 25 220 21 17 21 16 198 45 51054 73467 25 220 22 17 22 24 198 46 23738 207520 25 220 20 20 17 19 198 54 268 61850 25 220 21 16 20 20 198 40 15190 5367 25 220 17 23 23 15 198 39304 667 16592 28100 25 220 22 21 18 18 198 5901 4897 41803 80831 25 220 19 18 21 16 198 89306 40050 12297 25 220 16 22 24 21 198 5901 4897 61850 25 220 22 17 22 21 198 57 4897 227938 25 220 22 16 19 16 198 27175 667 207520 25 220 21 19 20 20 198 2196 50557 26342 67220 375 25 220 23 17 18 20 198 42 2075 5367 25 220 19 21 18 19 198 3320 2472 52582 25 220 21 22 15 24 198 2196 50557 4470 570 25 220 16 19 15 16 198 42 88850 74092 25 220 23 19 18 20 198 37 65435 36461 25 220 20 20 17 18 198 51 21576 92372 25 220 24 17 16 24 198 42 2075 40733 25 220 19 21 15 19 198 39304 667 63419 25 220 17 15 22 20 198 40 15190 710 3974 25 220 20 23 17 19 271 14162 25 3437 369 279 2528 1970 364 37994 207520 30 198 15666 25 561 2528 1970 364 37994 207520 369 220 16 19 15 16	336
r050/gold/q20	nll	5865 1970 18834 198 5901 4897 458 452 82319 25 220 17 17 20 24 198 10786 64 26342 67220 375 25 220 18 18 20 17 198 51 2692 80 235489 25 220 18 17 24 16 198 623 287 4470 570 25 220 20 20 22 23 198 42 88850 4254 2770 25 220 21 21 19 24 198 40 15190 39185 25 220 18 17 23 22 198 45 51054 207520 25 220 19 20 18 17 198 23202 396 59831 25 220 21 24 24 20 198 4904 4897 4254 2770 25 220 16 20 22 20 198 57 4493 227938 25 220 17 16 20 15 198 49 11642 629 17386 25 220 19 24 16 15 198 10786 64 14315 48040 25 220 21 23 17 23 198 2665 269 67186 25 220 16 20 16 19 198 49 11642 23773 12949 25 220 22 20 21 24 198 31795 1413 629 17386 25 220 24 18 20 16 198 31795 1413 26342 67220 375 25 220 19 16 18 19 198 24601 10211 39685 25 220 20 20 24 15 198 54 268 227938 25 220 23 23 18 22 198 35 1701 452 74092 25 220 21 19 22 19 198 39 3253 34827 25 220 24 23 21 19 198 27175 667 629 17386 25 220 20 24 17 21 198 89306 36461 25 220 21 20 22 21 198 49 2492 5709 235489 25 220 17 15 24 22 198 42 2075 59405 85 25 220 19 16 17 20 198 49 11642 49472 25 220 20 16 16 19 198 45 51054 34827 25 220 16 18 23 21 198 59605 39685 25 220 18 15 21 24 198 89306 55240 25 220 22 17 20 20 198 90979 78 52582 25 220 16 18 17 15 198 35 1701 452 28975 25 220 20 24 22 19 271 14162 25 3437 369 279 2528 1970 364 37994 629 17386 30 198 15666 25 561 2528 1970 364 37994 629 17386 369 220 20 24 17 21	343
r050/wrong/q20	nll	5865 1970 18834 198 5901 4897 458 452 82319 25 220 17 17 20 24 198 10786 64 26342 67220 375 25 220 18 18 20 17 198 51 2692 80 235489 25 220 18 17 24 16 198 623 287 4470 570 25 220 20 20 22 23 198 42 88850 4254 2770 25 220 21 21 19 24 198 40 15190 39185 25 220 18 17 23 22 198 45 51054 207520 25 220 19 20 18 17 198 23202 396 59831 25 220 21 24 24 20 198 4904 4897 4254 2770 25 220 16 20 22 20 198 57 4493 227938 25 220 17 16 20 15 198 49 11642 629 17386 25 220 19 24 16 15 198 10786 64 14315 48040 25 220 21 23 17 23 198 2665 269 67186 25 220 16 20 16 19 198 49 11642 23773 12949 25 220 22 20 21 24 198 31795 1413 629 17386 25 220 24 18 20 16 198 31795 1413 26342 67220 375 25 220 19 16 18 19 198 24601 10211 39685 25 220 20 20 24 15 198 54 268 227938 25 220 23 23 18 22 198 35 1701 452 74092 25 220 21 19 22 19 198 39 3253 34827 25 220 24 23 21 19 198 27175 667 629 17386 25 220 20 24 17 21 198 89306 36461 25 220 21 20 22 21 198 49 2492 5709 235489 25 220 17 15 24 22 198 42 2075 59405 85 25 220 19 16 17 20 198 49 11642 49472 25 220 20 16 16 19 198 45 51054 34827 25 220 16 18 23 21 198 59605 39685 25 220 18 15 21 24 198 89306 55240 25 220 22 17 20 20 198 90979 78 52582 25 220 16 18 17 15 198 35 1701 452 28975 25 220 20 24 22 19 271 14162 25 3437 369 279 2528 1970 364 37994 629 17386 30 198 15666 25 561 2528 1970 364 37994 629 17386 369 220 23 23 18 22	343
r051/gold/q21	nll	5865 1970 18834 198 42 88850 36461 25 220 16 21 15 16 198 82433 235489 25 220 21 23 20 16 198 2196 50557 14315 48040 25 220 23 17 24 24 198 4904 4897 710 3974 25 220 17 20 18 16 198 31795 1413 78961 25 220 23 22 21 24 198 83554 496 4405 1891 25 220 20 17 18 22 198 82433 61028 25 220 19 24 21 21 198 45 1524 335 2075 4470 570 25 220 23 23 16 22 198 40 15190 5367 25 220 23 22 23 20 198 49 2492 5709 34827 25 220 17 22 18 21 198 6737 55747 458 452 82319 25 220 19 24 24 24 198 31795 1413 39185 25 220 24 23 23 22 198 39 32389 629 17386 25 220 19 16 17 19 198 23202 396 710 3974 25 220 18 21 20 23 198 42 88850 235489 25 220 19 17 19 16 198 89306 61850 25 220 20 23 17 18 198 45 1524 335 2075 458 452 82319 25 220 20 24 24 19 198 1106 268 49472 25 220 17 17 15 22 198 54 268 64683 14183 25 220 17 23 16 15 198 89306 53656 25 220 21 21 24 18 198 4904 4897 92372 25 220 23 23 16 16 198 39 32389 39685 25 220 23 22 21 18 198 31795 1413 55240 25 220 19 15 21 22 198 89306 55240 25 220 22 17 21 21 198 2196 319 59831 25 220 21 24 22 22 198 31795 1413 61850 25 220 24 18 21 17 198 59605 28975 25 220 17 21 15 20 198 4904 4897 61850 25 220 24 23 17 21 198 39 32389 710 358 1091 6433 25 220 23 17 23 18 198 65343 710 358 1091 6433 25 220 24 19 16 19 271 14162 25 3437 369 279 2528 1970 364 49374 39685 30 198 15666 25 561 2528 1970 364 49374 39685 369 220 23 22 21 18	340
r051/wrong/q21	nll	5865 1970 18834 198 42 88850 36461 25 220 16 21 15 16 198 82433 235489 25 220 21 23 20 16 198 2196 50557 14315 48040 25 220 23 17 24 24 198 4904 4897 710 3974 25 220 17 20 18 16 198 31795 1413 78961 25 220 23 22 21 24 198 83554 496 4405 1891 25 220 20 17 18 22 198 82433 61028 25 220 19 24 21 21 198 45 1524 335 2075 4470 570 25 220 23 23 16 22 198 40 15190 5367 25 220 23 22 23 20 198 49 2492 5709 34827 25 220 17 22 18 21 198 6737 55747 458 452 82319 25 220 19 24 24 24 198 31795 1413 39185 25 220 24 23 23 22 198 39 32389 629 17386 25 220 19 16 17 19 198 23202 396 710 3974 25 220 18 21 20 23 198 42 88850 235489 25 220 19 17 19 16 198 89306 61850 25 220 20 23 17 18 198 45 1524 335 2075 458 452 82319 25 220 20 24 24 19 198 1106 268 49472 25 220 17 17 15 22 198 54 268 64683 14183 25 220 17 23 16 15 198 89306 53656 25 220 21 21 24 18 198 4904 4897 92372 25 220 23 23 16 16 198 39 32389 39685 25 220 23 22 21 18 198 31795 1413 55240 25 220 19 15 21 22 198 89306 55240 25 220 22 17 21 21 198 2196 319 59831 25 220 21 24 22 22 198 31795 1413 61850 25 220 24 18 21 17 198 59605 28975 25 220 17 21 15 20 198 4904 4897 61850 25 220 24 23 17 21 198 39 32389 710 358 1091 6433 25 220 23 17 23 18 198 65343 710 358 1091 6433 25 220 24 19 16 19 271 14162 25 3437 369 279 2528 1970 364 49374 39685 30 198 15666 25 561 2528 1970 364 49374 39685 369 220 21 24 22 22	340
r052/gold/q22	nll	5865 1970 18834 198 27175 667 235489 25 220 21 20 16 18 198 57 4493 27466 25 220 21 21 21 17 198 65343 64683 14183 25 220 21 22 19 15 198 57 4897 458 452 82319 25 220 19 15 23 22 198 2665 269 227938 25 220 20 19 18 22 198 2229 10211 4254 2770 25 220 22 17 23 24 198 82433 5367 25 220 23 24 16 22 198 233511 36461 25 220 20 22 23 16 198 233511 61028 25 220 16 15 20 21 198 51 24685 4470 570 25 220 18 18 16 24 198 6737 55747 74092 25 220 24 24 21 24 198 57 4897 36461 25 220 19 17 21 16 198 83554 710 358 1091 6433 25 220 24 22 19 19 198 57 4897 49346 25 220 23 24 15 23 198 37 65435 710 358 1091 6433 25 220 21 23 22 15 198 36 46419 61086 25 220 22 18 22 22 198 39304 667 53656 25 220 17 20 21 19 198 42 2075 235489 25 220 22 15 23 15 198 37 65435 28975 25 220 23 17 24 16 198 56 350 1644 710 358 1091 6433 25 220 23 19 24 24 198 3320 2472 55240 25 220 22 17 15 16 198 51 21576 56763 25 220 19 21 16 22 198 6737 55747 78961 25 220 24 21 19 20 198 51 2692 80 14315 48040 25 220 21 18 17 19 198 23202 396 39185 25 220 21 15 22 18 198 51 2692 80 1799 33852 1482 25 220 18 20 16 17 198 46 23738 41803 80831 25 220 21 19 24 15 198 49 11642 235489 25 220 17 22 16 17 198 23202 396 40733 25 220 22 22 24 20 198 39 3253 710 358 1091 6433 25 220 23 23 15 23 271 14162 25 3437 369 279 2528 1970 364 1587 55747 78961 30 198 15666 25 561 2528 1970 364 1587 55747 78961 369 220 24 21 19 20	346
r052/wrong/q22	nll	5865 1970 18834 198 27175 667 235489 25 220 21 20 16 18 198 57 4493 27466 25 220 21 21 21 17 198 65343 64683 14183 25 220 21 22 19 15 198 57 4897 458 452 82319 25 220 19 15 23 22 198 2665 269 227938 25 220 20 19 18 22 198 2229 10211 4254 2770 25 220 22 17 23 24 198 82433 5367 25 220 23 24 16 22 198 233511 36461 25 220 20 22 23 16 198 233511 61028 25 220 16 15 20 21 198 51 24685 4470 570 25 220 18 18 16 24 198 6737 55747 74092 25 220 24 24 21 24 198 57 4897 36461 25 220 19 17 21 16 198 83554 710 358 1091 6433 25 220 24 22 19 19 198 57 4897 49346 25 220 23 24 15 23 198 37 65435 710 358 1091 6433 25 220 21 23 22 15 198 36 46419 61086 25 220 22 18 22 22 198 39304 667 53656 25 220 17 20 21 19 198 42 2075 235489 25 220 22 15 23 15 198 37 65435 28975 25 220 23 17 24 16 198 56 350 1644 710 358 1091 6433 25 220 23 19 24 24 198 3320 2472 55240 25 220 22 17 15 16 198 51 21576 56763 25 220 19 21 16 22 198 6737 55747 78961 25 220 24 21 19 20 198 51 2692 80 14315 48040 25 220 21 18 17 19 198 23202 396 39185 25 220 21 15 22 18 198 51 2692 80 1799 33852 1482 25 220 18 20 16 17 198 46 23738 41803 80831 25 220 21 19 24 15 198 49 11642 235489 25 220 17 22 16 17 198 23202 396 40733 25 220 22 22 24 20 198 39 3253 710 358 1091 6433 25 220 23 23 15 23 271 14162 25 3437 369 279 2528 1970 364 1587 55747 78961 30 198 15666 25 561 2528 1970 364 1587 55747 78961 369 220 19 21 16 22	346
r053/gold/q23	nll	5865 1970 18834 198 23202 396 92372 25 220 16 23 16 21 198 49 2492 5709 5367 25 220 21 21 16 21 198 35 1701 452 496 4405 1891 25 220 16 19 19 18 198 51 24685 14315 48040 25 220 20 20 22 23 198 89680 7509 4254 2770 25 220 21 21 15 21 198 51 21576 227938 25 220 24 15 16 16 198 31795 1413 227938 25 220 21 22 21 15 198 27175 667 40050 12297 25 220 19 19 24 21 198 2665 269 52582 25 220 24 20 17 15 198 50 1020 667 61086 25 220 19 15 20 24 198 39304 667 710 3974 25 220 16 18 17 19 198 35921 299 52582 25 220 23 21 24 24 198 35 1701 452 55240 25 220 21 22 16 20 198 49 2492 5709 49472 25 220 17 18 21 23 198 35921 299 61086 25 220 20 23 21 21 198 623 287 16592 28100 25 220 21 21 21 18 198 57 4493 59405 85 25 220 16 20 18 15 198 57 4493 235489 25 220 16 22 20 16 198 623 287 41803 80831 25 220 21 19 24 15 198 35 1701 452 23773 12949 25 220 16 19 15 18 198 23202 396 629 17386 25 220 17 17 17 24 198 4904 4897 1799 33852 1482 25 220 17 19 15 19 198 37 65435 28975 25 220 24 17 19 22 198 45 1524 335 2075 64683 14183 25 220 21 22 16 19 198 45 51054 72925 25 220 23 24 19 23 198 24601 10211 67186 25 220 17 24 20 24 198 57 4493 41803 80831 25 220 23 21 20 20 198 46 23738 4254 2770 25 220 16 17 21 20 198 92055 235489 25 220 18 23 15 16 198 89680 7509 61086 25 220 22 22 16 22 271 14162 25 3437 369 279 2528 1970 364 92253 2075 64683 14183 30 198 15666 25 561 2528 1970 364 92253 2075 64683 14183 369 220 21 22 16 19	352
r053/wrong/q23	nll	5865 1970 18834 198 23202 396 92372 25 220 16 23 16 21 198 49 2492 5709 5367 25 220 21 21 16 21 198 35 1701 452 496 4405 1891 25 220 16 19 19 18 198 51 24685 14315 48040 25 220 20 20 22 23 198 89680 7509 4254 2770 25 220 21 21 15 21 198 51 21576 227938 25 220 24 15 16 16 198 31795 1413 227938 25 220 21 22 21 15 198 27175 667 40050 12297 25 220 19 19 24 21 198 2665 269 52582 25 220 24 20 17 15 198 50 1020 667 61086 25 220 19 15 20 24 198 39304 667 710 3974 25 220 16 18 17 19 198 35921 299 52582 25 220 23 21 24 24 198 35 1701 452 55240 25 220 21 22 16 20 198 49 2492 5709 49472 25 220 17 18 21 23 198 35921 299 61086 25 220 20 23 21 21 198 623 287 16592 28100 25 220 21 21 21 18 198 57 4493 59405 85 25 220 16 20 18 15 198 57 4493 235489 25 220 16 22 20 16 198 623 287 41803 80831 25 220 21 19 24 15 198 35 1701 452 23773 12949 25 220 16 19 15 18 198 23202 396 629 17386 25 220 17 17 17 24 198 4904 4897 1799 33852 1482 25 220 17 19 15 19 198 37 65435 28975 25 220 24 17 19 22 198 45 1524 335 2075 64683 14183 25 220 21 22 16 19 198 45 51054 72925 25 220 23 24 19 23 198 24601 10211 67186 25 220 17 24 20 24 198 57 4493 41803 80831 25 220 23 21 20 20 198 46 23738 4254 2770 25 220 16 17 21 20 198 92055 235489 25 220 18 23 15 16 198 89680 7509 61086 25 220 22 22 16 22 271 14162 25 3437 369 279 2528 1970 364 92253 2075 64683 14183 30 198 15666 25 561 2528 1970 364 92253 2075 64683 14183 369 220 21 21 15 21	352
r054/gold/q24	nll	5865 1970 18834 198 37 65435 629 17386 25 220 18 20 24 19 198 56 350 1644 78961 25 220 20 23 21 20 198 10786 64 49346 25 220 21 18 15 16 198 1106 268 55240 25 220 20 15 23 17 198 42 88850 227938 25 220 18 18 18 18 198 3320 2472 93922 25 220 16 21 23 18 198 51 2692 80 61028 25 220 23 24 16 24 198 37 65435 1799 33852 1482 25 220 17 19 20 21 198 2665 269 39685 25 220 19 24 22 23 198 49 11642 40050 12297 25 220 16 20 16 18 198 623 287 53656 25 220 19 23 19 18 198 54 268 235489 25 220 17 22 16 21 198 45 1524 335 2075 629 17386 25 220 24 24 24 19 198 40 15190 40050 12297 25 220 18 21 17 21 198 34930 269 93922 25 220 18 22 18 18 198 4904 4897 32442 54958 25 220 16 23 16 23 198 46 23738 710 3974 25 220 17 17 21 15 198 83554 40733 25 220 19 19 23 20 198 49 2492 5709 28975 25 220 16 18 20 19 198 35921 299 235489 25 220 20 23 19 22 198 50 1020 667 46035 25 220 22 20 20 20 198 57 4897 14315 48040 25 220 21 20 22 24 198 23202 396 34827 25 220 16 19 15 16 198 40 15190 74092 25 220 19 16 22 20 198 49 11642 53656 25 220 22 21 17 24 198 45 1524 335 2075 63294 25 220 23 17 22 20 198 57 4897 61028 25 220 22 24 17 19 198 37 65435 16592 28100 25 220 23 20 15 15 198 89680 7509 39685 25 220 18 20 16 18 198 51 21576 61086 25 220 24 15 20 17 271 14162 25 3437 369 279 2528 1970 364 45265 53656 30 198 15666 25 561 2528 1970 364 45265 53656 369 220 22 21 17 24	342
r054/wrong/q24	nll	5865 1970 18834 198 37 65435 629 17386 25 220 18 20 24 19 198 56 350 1644 78961 25 220 20 23 21 20 198 10786 64 49346 25 220 21 18 15 16 198 1106 268 55240 25 220 20 15 23 17 198 42 88850 227938 25 220 18 18 18 18 198 3320 2472 93922 25 220 16 21 23 18 198 51 2692 80 61028 25 220 23 24 16 24 198 37 65435 1799 33852 1482 25 220 17 19 20 21 198 2665 269 39685 25 220 19 24 22 23 198 49 11642 40050 12297 25 220 16 20 16 18 198 623 287 53656 25 220 19 23 19 18 198 54 268 235489 25 220 17 22 16 21 198 45 1524 335 2075 629 17386 25 220 24 24 24 19 198 40 15190 40050 12297 25 220 18 21 17 21 198 34930 269 93922 25 220 18 22 18 18 198 4904 4897 32442 54958 25 220 16 23 16 23 198 46 23738 710 3974 25 220 17 17 21 15 198 83554 40733 25 220 19 19 23 20 198 49 2492 5709 28975 25 220 16 18 20 19 198 35921 299 235489 25 220 20 23 19 22 198 50 1020 667 46035 25 220 22 20 20 20 198 57 4897 14315 48040 25 220 21 20 22 24 198 23202 396 34827 25 220 16 19 15 16 198 40 15190 74092 25 220 19 16 22 20 198 49 11642 53656 25 220 22 21 17 24 198 45 1524 335 2075 63294 25 220 23 17 22 20 198 57 4897 61028 25 220 22 24 17 19 198 37 65435 16592 28100 25 220 23 20 15 15 198 89680 7509 39685 25 220 18 20 16 18 198 51 21576 61086 25 220 24 15 20 17 271 14162 25 3437 369 279 2528 1970 364 45265 53656 30 198 15666 25 561 2528 1970 364 45265 53656 369 220 21 18 15 16	342
r055/gold/q25	nll	5865 1970 18834 198 35921 299 53656 25 220 24 19 22 24 198 45 51054 63419 25 220 23 15 16 22 198 6737 55747 458 452 82319 25 220 23 22 16 22 198 5901 4897 72925 25 220 21 24 24 20 198 45 51054 14315 48040 25 220 21 15 17 21 198 51 2692 80 462 698 327 25 220 22 15 23 21 198 89306 73467 25 220 24 18 24 22 198 49 11642 5367 25 220 20 17 17 20 198 1106 268 67186 25 220 20 19 21 24 198 89306 49472 25 220 19 15 16 16 198 42 88850 496 4405 1891 25 220 17 24 17 22 198 24601 10211 629 17386 25 220 17 18 15 15 198 51 21576 63419 25 220 18 24 23 24 198 56 350 1644 46035 25 220 16 17 16 24 198 27175 667 67186 25 220 22 24 22 17 198 51 24685 235489 25 220 20 22 21 17 198 2196 50557 710 3974 25 220 23 17 17 19 198 45 51054 61086 25 220 16 21 15 24 198 39 3253 4470 570 25 220 23 19 24 23 198 1106 268 710 3974 25 220 21 17 16 16 198 65343 72925 25 220 24 15 20 23 198 57 4897 82596 25 220 22 24 19 21 198 42 88850 49346 25 220 22 20 20 17 198 40 15190 26342 67220 375 25 220 24 19 24 20 198 623 287 56763 25 220 24 20 24 18 198 35921 299 63294 25 220 23 16 22 16 198 5901 4897 16592 28100 25 220 24 23 20 15 198 56 350 1644 16592 28100 25 220 21 23 20 15 198 83554 710 3974 25 220 16 18 16 15 198 50 1020 667 710 3974 25 220 16 20 19 19 271 14162 25 3437 369 279 2528 1970 364 65788 63294 30 198 15666 25 561 2528 1970 364 65788 63294 369 220 23 16 22 16	342
r055/wrong/q25	nll	5865 1970 18834 198 35921 299 53656 25 220 24 19 22 24 198 45 51054 63419 25 220 23 15 16 22 198 6737 55747 458 452 82319 25 220 23 22 16 22 198 5901 4897 72925 25 220 21 24 24 20 198 45 51054 14315 48040 25 220 21 15 17 21 198 51 2692 80 462 698 327 25 220 22 15 23 21 198 89306 73467 25 220 24 18 24 22 198 49 11642 5367 25 220 20 17 17 20 198 1106 268 67186 25 220 20 19 21 24 198 89306 49472 25 220 19 15 16 16 198 42 88850 496 4405 1891 25 220 17 24 17 22 198 24601 10211 629 17386 25 220 17 18 15 15 198 51 21576 63419 25 220 18 24 23 24 198 56 350 1644 46035 25 220 16 17 16 24 198 27175 667 67186 25 220 22 24 22 17 198 51 24685 235489 25 220 20 22 21 17 198 2196 50557 710 3974 25 220 23 17 17 19 198 45 51054 61086 25 220 16 21 15 24 198 39 3253 4470 570 25 220 23 19 24 23 198 1106 268 710 3974 25 220 21 17 16 16 198 65343 72925 25 220 24 15 20 23 198 57 4897 82596 25 220 22 24 19 21 198 42 88850 49346 25 220 22 20 20 17 198 40 15190 26342 67220 375 25 220 24 19 24 20 198 623 287 56763 25 220 24 20 24 18 198 35921 299 63294 25 220 23 16 22 16 198 5901 4897 16592 28100 25 220 24 23 20 15 198 56 350 1644 16592 28100 25 220 21 23 20 15 198 83554 710 3974 25 220 16 18 16 15 198 50 1020 667 710 3974 25 220 16 20 19 19 271 14162 25 3437 369 279 2528 1970 364 65788 63294 30 198 15666 25 561 2528 1970 364 65788 63294 369 220 23 19 24 23	342
r056/gold/q26	nll	5865 1970 18834 198 83554 207520 25 220 16 20 23 16 198 37 65435 73467 25 220 17 16 15 19 198 3320 2472 496 4405 1891 25 220 20 21 17 21 198 46 23738 63419 25 220 21 23 19 15 198 49 2492 5709 53656 25 220 18 24 15 24 198 49 2492 5709 61086 25 220 18 20 15 24 198 56 4897 64683 14183 25 220 22 24 15 19 198 56 4897 61850 25 220 20 21 15 24 198 31795 1413 49472 25 220 17 24 17 16 198 50 1020 667 61028 25 220 23 23 15 18 198 27175 667 458 452 82319 25 220 17 17 20 24 198 233511 61850 25 220 20 18 18 24 198 83554 227938 25 220 16 18 23 15 198 31795 1413 32442 54958 25 220 18 21 23 19 198 51 2692 80 14315 48040 25 220 24 24 17 20 198 57 4897 629 17386 25 220 18 21 20 24 198 2665 269 629 17386 25 220 23 17 16 19 198 89680 7509 36461 25 220 22 24 19 24 198 10786 64 78961 25 220 17 24 20 19 198 42 2075 1799 33852 1482 25 220 23 17 15 19 198 50 1020 667 458 452 82319 25 220 19 20 22 24 198 56 4897 41803 80831 25 220 21 16 16 22 198 1106 268 710 3974 25 220 21 20 22 16 198 31795 1413 64683 14183 25 220 20 21 24 18 198 43 1506 82596 25 220 21 21 23 24 198 51 2692 80 207520 25 220 18 24 22 22 198 40 15190 63294 25 220 17 18 18 23 198 59605 72925 25 220 23 18 17 24 198 37 65435 41803 80831 25 220 23 16 17 24 198 59605 4470 570 25 220 17 22 23 22 271 14162 25 3437 369 279 2528 1970 364 40050 63294 30 198 15666 25 561 2528 1970 364 40050 63294 369 220 17 18 18 23	344
r056/wrong/q26	nll	5865 1970 18834 198 83554 207520 25 220 16 20 23 16 198 37 65435 73467 25 220 17 16 15 19 198 3320 2472 496 4405 1891 25 220 20 21 17 21 198 46 23738 63419 25 220 21 23 19 15 198 49 2492 5709 53656 25 220 18 24 15 24 198 49 2492 5709 61086 25 220 18 20 15 24 198 56 4897 64683 14183 25 220 22 24 15 19 198 56 4897 61850 25 220 20 21 15 24 198 31795 1413 49472 25 220 17 24 17 16 198 50 1020 667 61028 25 220 23 23 15 18 198 27175 667 458 452 82319 25 220 17 17 20 24 198 233511 61850 25 220 20 18 18 24 198 83554 227938 25 220 16 18 23 15 198 31795 1413 32442 54958 25 220 18 21 23 19 198 51 2692 80 14315 48040 25 220 24 24 17 20 198 57 4897 629 17386 25 220 18 21 20 24 198 2665 269 629 17386 25 220 23 17 16 19 198 89680 7509 36461 25 220 22 24 19 24 198 10786 64 78961 25 220 17 24 20 19 198 42 2075 1799 33852 1482 25 220 23 17 15 19 198 50 1020 667 458 452 82319 25 220 19 20 22 24 198 56 4897 41803 80831 25 220 21 16 16 22 198 1106 268 710 3974 25 220 21 20 22 16 198 31795 1413 64683 14183 25 220 20 21 24 18 198 43 1506 82596 25 220 21 21 23 24 198 51 2692 80 207520 25 220 18 24 22 22 198 40 15190 63294 25 220 17 18 18 23 198 59605 72925 25 220 23 18 17 24 198 37 65435 41803 80831 25 220 23 16 17 24 198 59605 4470 570 25 220 17 22 23 22 271 14162 25 3437 369 279 2528 1970 364 40050 63294 30 198 15666 25 561 2528 1970 364 40050 63294 369 220 20 21 15 24	344
r057/gold/q27	nll	5865 1970 18834 198 51 2692 80 53656 25 220 19 22 15 16 198 42 88850 61028 25 220 21 24 21 24 198 89306 26342 67220 375 25 220 23 23 19 15 198 56 350 1644 34827 25 220 21 18 24 21 198 90979 78 1799 33852 1482 25 220 22 22 15 15 198 54 268 78961 25 220 24 15 20 20 198 4904 4897 64683 14183 25 220 16 15 19 17 198 89306 53656 25 220 22 20 16 20 198 59605 32442 54958 25 220 20 15 21 21 198 59605 39685 25 220 20 17 15 16 198 233511 78961 25 220 20 22 23 18 198 39304 667 78961 25 220 21 17 21 15 198 37 65435 496 4405 1891 25 220 18 22 23 18 198 49 2492 5709 629 17386 25 220 24 17 24 16 198 51 24685 52582 25 220 17 22 20 21 198 56 350 1644 64683 14183 25 220 19 20 17 24 198 623 287 73467 25 220 19 20 17 19 198 42 88850 4470 570 25 220 20 21 17 24 198 31795 1413 92372 25 220 23 23 15 23 198 233511 56763 25 220 21 22 22 18 198 57 4897 36461 25 220 16 18 15 22 198 623 287 53656 25 220 21 22 19 21 198 5901 4897 496 4405 1891 25 220 19 23 24 17 198 2665 269 496 4405 1891 25 220 21 21 19 16 198 49 2492 5709 4254 2770 25 220 22 17 20 21 198 40 15190 67186 25 220 21 16 20 24 198 51 21576 710 3974 25 220 23 15 19 15 198 45 1524 335 2075 710 3974 25 220 20 15 21 18 198 51 21576 61028 25 220 22 22 21 16 198 6737 55747 458 452 82319 25 220 17 23 17 15 271 14162 25 3437 369 279 2528 1970 364 92253 2075 710 3974 30 198 15666 25 561 2528 1970 364 92253 2075 710 3974 369 220 20 15 21 18	350
r057/wrong/q27	nll	5865 1970 18834 198 51 2692 80 53656 25 220 19 22 15 16 198 42 88850 61028 25 220 21 24 21 24 198 89306 26342 67220 375 25 220 23 23 19 15 198 56 350 1644 34827 25 220 21 18 24 21 198 90979 78 1799 33852 1482 25 220 22 22 15 15 198 54 268 78961 25 220 24 15 20 20 198 4904 4897 64683 14183 25 220 16 15 19 17 198 89306 53656 25 220 22 20 16 20 198 59605 32442 54958 25 220 20 15 21 21 198 59605 39685 25 220 20 17 15 16 198 233511 78961 25 220 20 22 23 18 198 39304 667 78961 25 220 21 17 21 15 198 37 65435 496 4405 1891 25 220 18 22 23 18 198 49 2492 5709 629 17386 25 220 24 17 24 16 198 51 24685 52582 25 220 17 22 20 21 198 56 350 1644 64683 14183 25 220 19 20 17 24 198 623 287 73467 25 220 19 20 17 19 198 42 88850 4470 570 25 220 20 21 17 24 198 31795 1413 92372 25 220 23 23 15 23 198 233511 56763 25 220 21 22 22 18 198 57 4897 36461 25 220 16 18 15 22 198 623 287 53656 25 220 21 22 19 21 198 5901 4897 496 4405 1891 25 220 19 23 24 17 198 2665 269 496 4405 1891 25 220 21 21 19 16 198 49 2492 5709 4254 2770 25 220 22 17 20 21 198 40 15190 67186 25 220 21 16 20 24 198 51 21576 710 3974 25 220 23 15 19 15 198 45 1524 335 2075 710 3974 25 220 20 15 21 18 198 51 21576 61028 25 220 22 22 21 16 198 6737 55747 458 452 82319 25 220 17 23 17 15 271 14162 25 3437 369 279 2528 1970 364 92253 2075 710 3974 30 198 15666 25 561 2528 1970 364 92253 2075 710 3974 369 220 23 23 19 15	350
r058/gold/q28	nll	5865 1970 18834 198 6737 55747 28975 25 220 22 21 16 20 198 90979 78 59831 25 220 21 19 19 15 198 92055 46035 25 220 19 22 22 24 198 83554 1799 33852 1482 25 220 16 16 20 23 198 1106 268 72925 25 220 17 23 23 22 198 1106 268 49346 25 220 18 23 20 23 198 37 65435 1799 33852 1482 25 220 17 20 20 19 198 42 2075 61850 25 220 20 18 20 24 198 24601 10211 26342 67220 375 25 220 24 18 19 18 198 89306 1799 33852 1482 25 220 22 23 18 20 198 56 350 1644 67186 25 220 18 20 22 21 198 83554 235489 25 220 22 21 22 17 198 2229 10211 710 3974 25 220 22 22 21 20 198 40 15190 59831 25 220 16 23 19 24 198 5901 4897 28975 25 220 18 24 17 20 198 3320 2472 82596 25 220 24 16 16 18 198 36 46419 73467 25 220 20 17 18 17 198 57 4493 82596 25 220 16 23 16 24 198 2229 10211 227938 25 220 16 16 20 15 198 54 268 73467 25 220 18 21 17 15 198 45 51054 56763 25 220 16 21 15 24 198 35 1701 452 23773 12949 25 220 22 22 24 24 198 56 4897 73467 25 220 18 16 19 22 198 2665 269 28975 25 220 22 18 22 24 198 31795 1413 73467 25 220 22 24 19 15 198 2665 269 49346 25 220 22 23 22 22 198 83554 629 17386 25 220 20 16 19 15 198 34930 269 23773 12949 25 220 19 16 20 19 198 24601 10211 72925 25 220 20 22 21 23 198 45 51054 40733 25 220 18 16 23 22 271 14162 25 3437 369 279 2528 1970 364 7802 10211 72925 30 198 15666 25 561 2528 1970 364 7802 10211 72925 369 220 20 22 21 23	336
r058/wrong/q28	nll	5865 1970 18834 198 6737 55747 28975 25 220 22 21 16 20 198 90979 78 59831 25 220 21 19 19 15 198 92055 46035 25 220 19 22 22 24 198 83554 1799 33852 1482 25 220 16 16 20 23 198 1106 268 72925 25 220 17 23 23 22 198 1106 268 49346 25 220 18 23 20 23 198 37 65435 1799 33852 1482 25 220 17 20 20 19 198 42 2075 61850 25 220 20 18 20 24 198 24601 10211 26342 67220 375 25 220 24 18 19 18 198 89306 1799 33852 1482 25 220 22 23 18 20 198 56 350 1644 67186 25 220 18 20 22 21 198 83554 235489 25 220 22 21 22 17 198 2229 10211 710 3974 25 220 22 22 21 20 198 40 15190 59831 25 220 16 23 19 24 198 5901 4897 28975 25 220 18 24 17 20 198 3320 2472 82596 25 220 24 16 16 18 198 36 46419 73467 25 220 20 17 18 17 198 57 4493 82596 25 220 16 23 16 24 198 2229 10211 227938 25 220 16 16 20 15 198 54 268 73467 25 220 18 21 17 15 198 45 51054 56763 25 220 16 21 15 24 198 35 1701 452 23773 12949 25 220 22 22 24 24 198 56 4897 73467 25 220 18 16 19 22 198 2665 269 28975 25 220 22 18 22 24 198 31795 1413 73467 25 220 22 24 19 15 198 2665 269 49346 25 220 22 23 22 22 198 83554 629 17386 25 220 20 16 19 15 198 34930 269 23773 12949 25 220 19 16 20 19 198 24601 10211 72925 25 220 20 22 21 23 198 45 51054 40733 25 220 18 16 23 22 271 14162 25 3437 369 279 2528 1970 364 7802 10211 72925 30 198 15666 25 561 2528 1970 364 7802 10211 72925 369 220 21 19 19 15	336
r059/gold/q29	nll	5865 1970 18834 198 56 4897 63419 25 220 17 24 17 15 198 39 3253 63419 25 220 23 16 24 17 198 39 3253 40050 12297 25 220 19 18 18 17 198 39304 667 710 358 1091 6433 25 220 20 17 21 23 198 39 32389 40733 25 220 22 20 20 24 198 2229 10211 496 4405 1891 25 220 24 22 19 21 198 51 24685 5367 25 220 19 19 19 16 198 59605 61850 25 220 20 16 20 18 198 51 24685 67186 25 220 18 19 16 15 198 6737 55747 710 358 1091 6433 25 220 22 21 22 21 198 45 1524 335 2075 207520 25 220 16 23 22 19 198 2229 10211 82596 25 220 20 18 21 20 198 2229 10211 55240 25 220 24 17 20 23 198 59605 710 358 1091 6433 25 220 22 21 17 15 198 49 11642 59831 25 220 18 16 22 18 198 92055 61028 25 220 17 19 22 18 198 49 11642 39185 25 220 20 19 24 19 198 623 287 34827 25 220 19 15 21 22 198 56 350 1644 496 4405 1891 25 220 17 22 20 17 198 56 350 1644 32442 54958 25 220 22 19 23 19 198 49 11642 56763 25 220 17 23 17 15 198 2196 50557 67186 25 220 21 17 15 24 198 57 4897 67186 25 220 16 17 20 24 198 233511 63419 25 220 24 18 24 18 198 35921 299 49472 25 220 20 21 20 21 198 31795 1413 462 698 327 25 220 20 17 15 22 198 233511 23773 12949 25 220 22 22 19 18 198 2196 50557 72925 25 220 17 15 19 24 198 54 268 629 17386 25 220 16 22 22 21 198 6737 55747 78961 25 220 20 15 18 23 271 14162 25 3437 369 279 2528 1970 364 1587 55747 78961 30 198 15666 25 561 2528 1970 364 1587 55747 78961 369 220 20 15 18 23	345
r059/wrong/q29	nll	5865 1970 18834 198 56 4897 63419 25 220 17 24 17 15 198 39 3253 63419 25 220 23 16 24 17 198 39 3253 40050 12297 25 220 19 18 18 17 198 39304 667 710 358 1091 6433 25 220 20 17 21 23 198 39 32389 40733 25 220 22 20 20 24 198 2229 10211 496 4405 1891 25 220 24 22 19 21 198 51 24685 5367 25 220 19 19 19 16 198 59605 61850 25 220 20 16 20 18 198 51 24685 67186 25 220 18 19 16 15 198 6737 55747 710 358 1091 6433 25 220 22 21 22 21 198 45 1524 335 2075 207520 25 220 16 23 22 19 198 2229 10211 82596 25 220 20 18 21 20 198 2229 10211 55240 25 220 24 17 20 23 198 59605 710 358 1091 6433 25 220 22 21 17 15 198 49 11642 59831 25 220 18 16 22 18 198 92055 61028 25 220 17 19 22 18 198 49 11642 39185 25 220 20 19 24 19 198 623 287 34827 25 220 19 15 21 22 198 56 350 1644 496 4405 1891 25 220 17 22 20 17 198 56 350 1644 32442 54958 25 220 22 19 23 19 198 49 11642 56763 25 220 17 23 17 15 198 2196 50557 67186 25 220 21 17 15 24 198 57 4897 67186 25 220 16 17 20 24 198 233511 63419 25 220 24 18 24 18 198 35921 299 49472 25 220 20 21 20 21 198 31795 1413 462 698 327 25 220 20 17 15 22 198 233511 23773 12949 25 220 22 22 19 18 198 2196 50557 72925 25 220 17 15 19 24 198 54 268 629 17386 25 220 16 22 22 21 198 6737 55747 78961 25 220 20 15 18 23 271 14162 25 3437 369 279 2528 1970 364 1587 55747 78961 30 198 15666 25 561 2528 1970 364 1587 55747 78961 369 220 20 17 21 23	345
r060/gold/q0	nll	5865 1970 18834 198 54 268 92372 25 220 18 18 21 17 198 45 51054 56763 25 220 21 15 18 19 198 4904 4897 26342 67220 375 25 220 24 19 18 19 198 2196 50557 462 698 327 25 220 23 17 23 15 198 92055 55240 25 220 19 19 16 24 198 23202 396 82596 25 220 16 22 23 20 198 39 32389 61028 25 220 21 24 17 23 198 56 350 1644 61028 25 220 16 18 15 19 198 83554 59831 25 220 16 19 20 23 198 27175 667 39185 25 220 16 21 24 15 198 89680 7509 28975 25 220 22 21 16 17 198 623 287 40733 25 220 19 24 22 16 198 39304 667 14315 48040 25 220 24 16 23 20 198 37 65435 5367 25 220 22 21 18 19 198 82433 67186 25 220 16 18 18 18 198 51 2692 80 53656 25 220 16 23 20 15 198 51 21576 40733 25 220 17 15 21 17 198 39 3253 235489 25 220 16 24 24 16 198 65343 56763 25 220 23 22 19 17 198 83554 49472 25 220 16 16 18 22 198 31795 1413 55240 25 220 24 15 21 16 198 82433 629 17386 25 220 24 19 17 22 198 89306 227938 25 220 20 21 23 22 198 89680 7509 49472 25 220 18 17 17 23 198 39 32389 235489 25 220 20 24 23 21 198 3320 2472 73467 25 220 16 19 17 19 198 1106 268 49472 25 220 23 19 20 21 198 42 2075 710 3974 25 220 20 20 17 15 198 45 1524 335 2075 235489 25 220 21 15 23 19 198 42 88850 458 452 82319 25 220 17 21 16 16 271 14162 25 3437 369 279 2528 1970 364 59157 92372 30 198 15666 25 561 2528 1970 364 59157 92372 369 220 18 18 21 17	331
r060/wrong/q0	nll	5865 1970 18834 198 54 268 92372 25 220 18 18 21 17 198 45 51054 56763 25 220 21 15 18 19 198 4904 4897 26342 67220 375 25 220 24 19 18 19 198 2196 50557 462 698 327 25 220 23 17 23 15 198 92055 55240 25 220 19 19 16 24 198 23202 396 82596 25 220 16 22 23 20 198 39 32389 61028 25 220 21 24 17 23 198 56 350 1644 61028 25 220 16 18 15 19 198 83554 59831 25 220 16 19 20 23 198 27175 667 39185 25 220 16 21 24 15 198 89680 7509 28975 25 220 22 21 16 17 198 623 287 40733 25 220 19 24 22 16 198 39304 667 14315 48040 25 220 24 16 23 20 198 37 65435 5367 25 220 22 21 18 19 198 82433 67186 25 220 16 18 18 18 198 51 2692 80 53656 25 220 16 23 20 15 198 51 21576 40733 25 220 17 15 21 17 198 39 3253 235489 25 220 16 24 24 16 198 65343 56763 25 220 23 22 19 17 198 83554 49472 25 220 16 16 18 22 198 31795 1413 55240 25 220 24 15 21 16 198 82433 629 17386 25 220 24 19 17 22 198 89306 227938 25 220 20 21 23 22 198 89680 7509 49472 25 220 18 17 17 23 198 39 32389 235489 25 220 20 24 23 21 198 3320 2472 73467 25 220 16 19 17 19 198 1106 268 49472 25 220 23 19 20 21 198 42 2075 710 3974 25 220 20 20 17 15 198 45 1524 335 2075 235489 25 220 21 15 23 19 198 42 88850 458 452 82319 25 220 17 21 16 16 271 14162 25 3437 369 279 2528 1970 364 59157 92372 30 198 15666 25 561 2528 1970 364 59157 92372 369 220 18 17 17 23	331
r061/gold/q1	nll	5865 1970 18834 198 39304 667 63294 25 220 21 16 21 24 198 40 15190 49472 25 220 16 20 19 21 198 51 21576 92372 25 220 22 21 18 24 198 623 287 78961 25 220 20 19 19 19 198 49 2492 5709 27466 25 220 20 18 15 18 198 49 2492 5709 227938 25 220 17 24 22 19 198 42 88850 52582 25 220 22 15 20 20 198 6737 55747 4254 2770 25 220 18 21 20 20 198 92055 67186 25 220 18 17 24 22 198 46 23738 23773 12949 25 220 16 19 18 15 198 89680 7509 59405 85 25 220 24 18 17 16 198 92055 56763 25 220 21 19 16 24 198 1106 268 32442 54958 25 220 19 16 21 24 198 57 4493 23773 12949 25 220 17 18 21 24 198 57 4897 28975 25 220 24 21 20 23 198 39304 667 34827 25 220 23 20 18 22 198 39 3253 41803 80831 25 220 18 24 17 24 198 83554 710 3974 25 220 17 23 18 21 198 233511 4470 570 25 220 21 20 24 24 198 56 4897 73467 25 220 18 24 20 21 198 51 2692 80 93922 25 220 19 23 17 19 198 34930 269 14315 48040 25 220 19 20 22 19 198 34930 269 16592 28100 25 220 22 18 15 22 198 89306 52582 25 220 23 22 20 17 198 40 15190 53656 25 220 23 19 23 24 198 1106 268 5367 25 220 18 15 21 19 198 57 4493 52582 25 220 23 18 15 20 198 59605 59831 25 220 21 22 17 23 198 56 350 1644 63419 25 220 24 19 19 17 198 43 1506 55240 25 220 21 18 19 17 271 14162 25 3437 369 279 2528 1970 364 40050 49472 30 198 15666 25 561 2528 1970 364 40050 49472 369 220 16 20 19 21	333
r061/wrong/q1	nll	5865 1970 18834 198 39304 667 63294 25 220 21 16 21 24 198 40 15190 49472 25 220 16 20 19 21 198 51 21576 92372 25 220 22 21 18 24 198 623 287 78961 25 220 20 19 19 19 198 49 2492 5709 27466 25 220 20 18 15 18 198 49 2492 5709 227938 25 220 17 24 22 19 198 42 88850 52582 25 220 22 15 20 20 198 6737 55747 4254 2770 25 220 18 21 20 20 198 92055 67186 25 220 18 17 24 22 198 46 23738 23773 12949 25 220 16 19 18 15 198 89680 7509 59405 85 25 220 24 18 17 16 198 92055 56763 25 220 21 19 16 24 198 1106 268 32442 54958 25 220 19 16 21 24 198 57 4493 23773 12949 25 220 17 18 21 24 198 57 4897 28975 25 220 24 21 20 23 198 39304 667 34827 25 220 23 20 18 22 198 39 3253 41803 80831 25 220 18 24 17 24 198 83554 710 3974 25 220 17 23 18 21 198 233511 4470 570 25 220 21 20 24 24 198 56 4897 73467 25 220 18 24 20 21 198 51 2692 80 93922 25 220 19 23 17 19 198 34930 269 14315 48040 25 220 19 20 22 19 198 34930 269 16592 28100 25 220 22 18 15 22 198 89306 52582 25 220 23 22 20 17 198 40 15190 53656 25 220 23 19 23 24 198 1106 268 5367 25 220 18 15 21 19 198 57 4493 52582 25 220 23 18 15 20 198 59605 59831 25 220 21 22 17 23 198 56 350 1644 63419 25 220 24 19 19 17 198 43 1506 55240 25 220 21 18 19 17 271 14162 25 3437 369 279 2528 1970 364 40050 49472 30 198 15666 25 561 2528 1970 364 40050 49472 369 220 19 16 21 24	333
r062/gold/q2	nll	5865 1970 18834 198 54 268 458 452 82319 25 220 17 15 22 23 198 10786 64 46035 25 220 21 17 18 17 198 83554 64683 14183 25 220 17 15 20 15 198 49 2492 5709 710 358 1091 6433 25 220 24 18 15 18 198 24601 10211 40733 25 220 21 17 23 17 198 623 287 4254 2770 25 220 18 18 19 21 198 59605 61850 25 220 24 24 24 23 198 42 88850 49346 25 220 17 17 23 15 198 2665 269 32442 54958 25 220 20 20 24 15 198 2665 269 61086 25 220 18 15 24 21 198 56 4897 39185 25 220 18 15 23 21 198 31795 1413 40050 12297 25 220 24 17 19 19 198 45 1524 335 2075 629 17386 25 220 17 20 22 18 198 2196 50557 55240 25 220 19 15 16 16 198 83554 92372 25 220 16 15 17 24 198 45 1524 335 2075 63419 25 220 18 19 23 21 198 90979 78 1799 33852 1482 25 220 19 17 20 16 198 46 23738 59405 85 25 220 18 16 16 19 198 39304 667 629 17386 25 220 24 23 17 19 198 35 1701 452 74092 25 220 23 19 19 24 198 23202 396 710 358 1091 6433 25 220 24 22 24 17 198 24601 10211 92372 25 220 23 23 24 15 198 49 11642 1799 33852 1482 25 220 21 22 20 18 198 49 2492 5709 32442 54958 25 220 22 20 16 17 198 39 32389 458 452 82319 25 220 19 16 24 18 198 39 3253 458 452 82319 25 220 21 16 19 19 198 2665 269 92372 25 220 19 22 19 19 198 2229 10211 1799 33852 1482 25 220 20 18 15 18 198 35 1701 452 59831 25 220 21 19 21 20 198 5901 4897 4470 570 25 220 16 18 22 22 271 14162 25 3437 369 279 2528 1970 364 30053 64683 14183 30 198 15666 25 561 2528 1970 364 30053 64683 14183 369 220 17 15 20 15	359
r062/wrong/q2	nll	5865 1970 18834 198 54 268 458 452 82319 25 220 17 15 22 23 198 10786 64 46035 25 220 21 17 18 17 198 83554 64683 14183 25 220 17 15 20 15 198 49 2492 5709 710 358 1091 6433 25 220 24 18 15 18 198 24601 10211 40733 25 220 21 17 23 17 198 623 287 4254 2770 25 220 18 18 19 21 198 59605 61850 25 220 24 24 24 23 198 42 88850 49346 25 220 17 17 23 15 198 2665 269 32442 54958 25 220 20 20 24 15 198 2665 269 61086 25 220 18 15 24 21 198 56 4897 39185 25 220 18 15 23 21 198 31795 1413 40050 12297 25 220 24 17 19 19 198 45 1524 335 2075 629 17386 25 220 17 20 22 18 198 2196 50557 55240 25 220 19 15 16 16 198 83554 92372 25 220 16 15 17 24 198 45 1524 335 2075 63419 25 220 18 19 23 21 198 90979 78 1799 33852 1482 25 220 19 17 20 16 198 46 23738 59405 85 25 220 18 16 16 19 198 39304 667 629 17386 25 220 24 23 17 19 198 35 1701 452 74092 25 220 23 19 19 24 198 23202 396 710 358 1091 6433 25 220 24 22 24 17 198 24601 10211 92372 25 220 23 23 24 15 198 49 11642 1799 33852 1482 25 220 21 22 20 18 198 49 2492 5709 32442 54958 25 220 22 20 16 17 198 39 32389 458 452 82319 25 220 19 16 24 18 198 39 3253 458 452 82319 25 220 21 16 19 19 198 2665 269 92372 25 220 19 22 19 19 198 2229 10211 1799 33852 1482 25 220 20 18 15 18 198 35 1701 452 59831 25 220 21 19 21 20 198 5901 4897 4470 570 25 220 16 18 22 22 271 14162 25 3437 369 279 2528 1970 364 30053 64683 14183 30 198 15666 25 561 2528 1970 364 30053 64683 14183 369 220 21 17 23 17	359
r063/gold/q3	nll	5865 1970 18834 198 37 65435 40050 12297 25 220 20 22 22 18 198 36 46419 27466 25 220 17 19 18 16 198 6737 55747 710 358 1091 6433 25 220 17 22 19 24 198 90979 78 1799 33852 1482 25 220 21 18 24 23 198 83554 49472 25 220 19 22 17 23 198 39 3253 227938 25 220 16 15 21 22 198 39 32389 46035 25 220 23 21 20 18 198 2196 50557 28975 25 220 23 15 20 21 198 56 350 1644 59831 25 220 20 23 24 24 198 37 65435 55240 25 220 16 19 24 18 198 37 65435 4254 2770 25 220 24 17 20 24 198 10786 64 63419 25 220 18 16 21 19 198 10786 64 462 698 327 25 220 22 18 24 15 198 51 2692 80 64683 14183 25 220 18 23 22 19 198 2229 10211 61028 25 220 20 20 24 23 198 623 287 73467 25 220 23 16 20 21 198 6737 55747 52582 25 220 16 19 20 20 198 40 15190 710 3974 25 220 23 22 20 20 198 1106 268 63419 25 220 20 23 20 21 198 623 287 34827 25 220 17 24 24 22 198 2229 10211 61850 25 220 19 16 18 19 198 59605 27466 25 220 24 18 19 21 198 39 32389 61028 25 220 18 17 23 16 198 45 51054 23773 12949 25 220 16 16 17 23 198 57 4897 4470 570 25 220 21 23 15 18 198 2196 319 56763 25 220 17 16 20 15 198 5901 4897 1799 33852 1482 25 220 20 19 18 19 198 45 1524 335 2075 39185 25 220 17 21 17 19 198 90979 78 16592 28100 25 220 20 17 15 17 198 51 24685 52582 25 220 20 24 15 21 271 14162 25 3437 369 279 2528 1970 364 49390 1799 33852 1482 30 198 15666 25 561 2528 1970 364 49390 1799 33852 1482 369 220 21 18 24 23	347
r063/wrong/q3	nll	5865 1970 18834 198 37 65435 40050 12297 25 220 20 22 22 18 198 36 46419 27466 25 220 17 19 18 16 198 6737 55747 710 358 1091 6433 25 220 17 22 19 24 198 90979 78 1799 33852 1482 25 220 21 18 24 23 198 83554 49472 25 220 19 22 17 23 198 39 3253 227938 25 220 16 15 21 22 198 39 32389 46035 25 220 23 21 20 18 198 2196 50557 28975 25 220 23 15 20 21 198 56 350 1644 59831 25 220 20 23 24 24 198 37 65435 55240 25 220 16 19 24 18 198 37 65435 4254 2770 25 220 24 17 20 24 198 10786 64 63419 25 220 18 16 21 19 198 10786 64 462 698 327 25 220 22 18 24 15 198 51 2692 80 64683 14183 25 220 18 23 22 19 198 2229 10211 61028 25 220 20 20 24 23 198 623 287 73467 25 220 23 16 20 21 198 6737 55747 52582 25 220 16 19 20 20 198 40 15190 710 3974 25 220 23 22 20 20 198 1106 268 63419 25 220 20 23 20 21 198 623 287 34827 25 220 17 24 24 22 198 2229 10211 61850 25 220 19 16 18 19 198 59605 27466 25 220 24 18 19 21 198 39 32389 61028 25 220 18 17 23 16 198 45 51054 23773 12949 25 220 16 16 17 23 198 57 4897 4470 570 25 220 21 23 15 18 198 2196 319 56763 25 220 17 16 20 15 198 5901 4897 1799 33852 1482 25 220 20 19 18 19 198 45 1524 335 2075 39185 25 220 17 21 17 19 198 90979 78 16592 28100 25 220 20 17 15 17 198 51 24685 52582 25 220 20 24 15 21 271 14162 25 3437 369 279 2528 1970 364 49390 1799 33852 1482 30 198 15666 25 561 2528 1970 364 49390 1799 33852 1482 369 220 17 19 18 16	347
r064/gold/q4	nll	5865 1970 18834 198 82433 23773 12949 25 220 22 17 24 20 198 35 1701 452 59405 85 25 220 16 15 20 20 198 65343 32442 54958 25 220 17 20 20 20 198 35921 299 1799 33852 1482 25 220 16 19 17 16 198 50 1020 667 27466 25 220 24 21 18 23 198 6737 55747 61028 25 220 16 16 20 18 198 39 32389 64683 14183 25 220 21 19 24 19 198 40 15190 55240 25 220 21 18 24 19 198 2229 10211 462 698 327 25 220 24 18 15 24 198 39 32389 61028 25 220 20 18 22 22 198 39 32389 46035 25 220 16 19 15 24 198 54 268 462 698 327 25 220 16 20 18 20 198 82433 40733 25 220 23 23 24 15 198 51 21576 16592 28100 25 220 19 18 23 24 198 56 350 1644 40050 12297 25 220 16 19 24 19 198 57 4897 63294 25 220 20 24 24 24 198 233511 462 698 327 25 220 18 20 23 20 198 83554 63419 25 220 23 23 19 19 198 59605 40733 25 220 23 20 20 21 198 50 1020 667 92372 25 220 24 22 18 23 198 36 46419 36461 25 220 24 17 21 21 198 89680 7509 92372 25 220 21 24 15 16 198 46 23738 40050 12297 25 220 19 24 21 16 198 39 32389 92372 25 220 17 24 24 16 198 2229 10211 14315 48040 25 220 19 16 23 19 198 51 2692 80 40050 12297 25 220 17 22 17 23 198 2665 269 78961 25 220 20 16 24 19 198 43 1506 4470 570 25 220 20 19 23 20 198 39304 667 36461 25 220 17 21 15 22 198 89680 7509 710 3974 25 220 16 23 24 16 271 14162 25 3437 369 279 2528 1970 364 75873 27466 30 198 15666 25 561 2528 1970 364 75873 27466 369 220 24 21 18 23	343
r064/wrong/q4	nll	5865 1970 18834 198 82433 23773 12949 25 220 22 17 24 20 198 35 1701 452 59405 85 25 220 16 15 20 20 198 65343 32442 54958 25 220 17 20 20 20 198 35921 299 1799 33852 1482 25 220 16 19 17 16 198 50 1020 667 27466 25 220 24 21 18 23 198 6737 55747 61028 25 220 16 16 20 18 198 39 32389 64683 14183 25 220 21 19 24 19 198 40 15190 55240 25 220 21 18 24 19 198 2229 10211 462 698 327 25 220 24 18 15 24 198 39 32389 61028 25 220 20 18 22 22 198 39 32389 46035 25 220 16 19 15 24 198 54 268 462 698 327 25 220 16 20 18 20 198 82433 40733 25 220 23 23 24 15 198 51 21576 16592 28100 25 220 19 18 23 24 198 56 350 1644 40050 12297 25 220 16 19 24 19 198 57 4897 63294 25 220 20 24 24 24 198 233511 462 698 327 25 220 18 20 23 20 198 83554 63419 25 220 23 23 19 19 198 59605 40733 25 220 23 20 20 21 198 50 1020 667 92372 25 220 24 22 18 23 198 36 46419 36461 25 220 24 17 21 21 198 89680 7509 92372 25 220 21 24 15 16 198 46 23738 40050 12297 25 220 19 24 21 16 198 39 32389 92372 25 220 17 24 24 16 198 2229 10211 14315 48040 25 220 19 16 23 19 198 51 2692 80 40050 12297 25 220 17 22 17 23 198 2665 269 78961 25 220 20 16 24 19 198 43 1506 4470 570 25 220 20 19 23 20 198 39304 667 36461 25 220 17 21 15 22 198 89680 7509 710 3974 25 220 16 23 24 16 271 14162 25 3437 369 279 2528 1970 364 75873 27466 30 198 15666 25 561 2528 1970 364 75873 27466 369 220 16 15 20 20	343
r065/gold/q5	nll	5865 1970 18834 198 2229 10211 40733 25 220 19 24 24 15 198 2196 319 61850 25 220 17 21 24 20 198 43 1506 26342 67220 375 25 220 24 24 21 16 198 57 4897 39185 25 220 18 20 16 16 198 82433 92372 25 220 20 22 24 18 198 623 287 28975 25 220 23 15 17 22 198 623 287 16592 28100 25 220 17 21 20 21 198 35921 299 74092 25 220 24 20 19 22 198 92055 41803 80831 25 220 21 24 24 19 198 4904 4897 39185 25 220 21 22 16 18 198 36 46419 227938 25 220 19 15 16 23 198 89306 496 4405 1891 25 220 22 18 18 15 198 24601 10211 73467 25 220 19 15 21 15 198 82433 5367 25 220 22 22 16 23 198 49 2492 5709 92372 25 220 23 21 22 23 198 59605 55240 25 220 17 22 20 15 198 233511 629 17386 25 220 16 18 16 18 198 10786 64 61086 25 220 22 15 16 17 198 83554 93922 25 220 19 15 21 18 198 27175 667 46035 25 220 17 19 15 21 198 56 350 1644 28975 25 220 23 18 21 18 198 39304 667 63294 25 220 21 22 17 15 198 59605 93922 25 220 18 19 23 15 198 37 65435 78961 25 220 19 24 16 22 198 2196 50557 14315 48040 25 220 20 22 19 18 198 89680 7509 63294 25 220 22 19 20 23 198 49 11642 710 3974 25 220 16 19 18 15 198 36 46419 207520 25 220 24 20 19 15 198 54 268 28975 25 220 20 21 24 15 198 233511 34827 25 220 16 16 24 21 271 14162 25 3437 369 279 2528 1970 364 733 287 28975 30 198 15666 25 561 2528 1970 364 733 287 28975 369 220 23 15 17 22	329
r065/wrong/q5	nll	5865 1970 18834 198 2229 10211 40733 25 220 19 24 24 15 198 2196 319 61850 25 220 17 21 24 20 198 43 1506 26342 67220 375 25 220 24 24 21 16 198 57 4897 39185 25 220 18 20 16 16 198 82433 92372 25 220 20 22 24 18 198 623 287 28975 25 220 23 15 17 22 198 623 287 16592 28100 25 220 17 21 20 21 198 35921 299 74092 25 220 24 20 19 22 198 92055 41803 80831 25 220 21 24 24 19 198 4904 4897 39185 25 220 21 22 16 18 198 36 46419 227938 25 220 19 15 16 23 198 89306 496 4405 1891 25 220 22 18 18 15 198 24601 10211 73467 25 220 19 15 21 15 198 82433 5367 25 220 22 22 16 23 198 49 2492 5709 92372 25 220 23 21 22 23 198 59605 55240 25 220 17 22 20 15 198 233511 629 17386 25 220 16 18 16 18 198 10786 64 61086 25 220 22 15 16 17 198 83554 93922 25 220 19 15 21 18 198 27175 667 46035 25 220 17 19 15 21 198 56 350 1644 28975 25 220 23 18 21 18 198 39304 667 63294 25 220 21 22 17 15 198 59605 93922 25 220 18 19 23 15 198 37 65435 78961 25 220 19 24 16 22 198 2196 50557 14315 48040 25 220 20 22 19 18 198 89680 7509 63294 25 220 22 19 20 23 198 49 11642 710 3974 25 220 16 19 18 15 198 36 46419 207520 25 220 24 20 19 15 198 54 268 28975 25 220 20 21 24 15 198 233511 34827 25 220 16 16 24 21 271 14162 25 3437 369 279 2528 1970 364 733 287 28975 30 198 15666 25 561 2528 1970 364 733 287 28975 369 220 19 15 21 18	329
r066/gold/q6	nll	5865 1970 18834 198 40 15190 59405 85 25 220 23 18 19 18 198 92055 207520 25 220 18 24 20 16 198 4904 4897 41803 80831 25 220 20 24 16 16 198 89680 7509 14315 48040 25 220 24 21 17 15 198 3320 2472 40050 12297 25 220 18 18 16 22 198 54 268 82596 25 220 21 18 24 15 198 2665 269 5367 25 220 18 21 24 24 198 92055 28975 25 220 21 23 17 24 198 39 3253 78961 25 220 20 19 20 16 198 2196 319 40733 25 220 21 19 24 24 198 42 88850 458 452 82319 25 220 18 22 24 23 198 623 287 61850 25 220 23 15 20 18 198 24601 10211 63419 25 220 23 20 21 21 198 49 2492 5709 23773 12949 25 220 17 17 22 18 198 6737 55747 14315 48040 25 220 22 18 21 22 198 35 1701 452 53656 25 220 16 16 22 15 198 49 11642 46035 25 220 22 15 24 17 198 2196 319 710 358 1091 6433 25 220 19 17 22 21 198 57 4493 78961 25 220 21 22 18 22 198 65343 64683 14183 25 220 24 22 21 23 198 34930 269 710 3974 25 220 17 16 19 17 198 2665 269 462 698 327 25 220 19 18 23 17 198 83554 82596 25 220 22 17 15 16 198 49 11642 629 17386 25 220 24 21 17 18 198 51 2692 80 74092 25 220 23 16 17 20 198 83554 55240 25 220 19 17 16 15 198 24601 10211 227938 25 220 20 20 22 17 198 59605 16592 28100 25 220 24 24 24 21 198 6737 55747 55240 25 220 19 15 15 22 198 40 15190 32442 54958 25 220 19 19 23 23 271 14162 25 3437 369 279 2528 1970 364 2233 269 5367 30 198 15666 25 561 2528 1970 364 2233 269 5367 369 220 18 21 24 24	342
r066/wrong/q6	nll	5865 1970 18834 198 40 15190 59405 85 25 220 23 18 19 18 198 92055 207520 25 220 18 24 20 16 198 4904 4897 41803 80831 25 220 20 24 16 16 198 89680 7509 14315 48040 25 220 24 21 17 15 198 3320 2472 40050 12297 25 220 18 18 16 22 198 54 268 82596 25 220 21 18 24 15 198 2665 269 5367 25 220 18 21 24 24 198 92055 28975 25 220 21 23 17 24 198 39 3253 78961 25 220 20 19 20 16 198 2196 319 40733 25 220 21 19 24 24 198 42 88850 458 452 82319 25 220 18 22 24 23 198 623 287 61850 25 220 23 15 20 18 198 24601 10211 63419 25 220 23 20 21 21 198 49 2492 5709 23773 12949 25 220 17 17 22 18 198 6737 55747 14315 48040 25 220 22 18 21 22 198 35 1701 452 53656 25 220 16 16 22 15 198 49 11642 46035 25 220 22 15 24 17 198 2196 319 710 358 1091 6433 25 220 19 17 22 21 198 57 4493 78961 25 220 21 22 18 22 198 65343 64683 14183 25 220 24 22 21 23 198 34930 269 710 3974 25 220 17 16 19 17 198 2665 269 462 698 327 25 220 19 18 23 17 198 83554 82596 25 220 22 17 15 16 198 49 11642 629 17386 25 220 24 21 17 18 198 51 2692 80 74092 25 220 23 16 17 20 198 83554 55240 25 220 19 17 16 15 198 24601 10211 227938 25 220 20 20 22 17 198 59605 16592 28100 25 220 24 24 24 21 198 6737 55747 55240 25 220 19 15 15 22 198 40 15190 32442 54958 25 220 19 19 23 23 271 14162 25 3437 369 279 2528 1970 364 2233 269 5367 30 198 15666 25 561 2528 1970 364 2233 269 5367 369 220 23 16 17 20	342
r067/gold/q7	nll	5865 1970 18834 198 39304 667 40050 12297 25 220 23 22 24 20 198 45 51054 40733 25 220 16 20 18 22 198 31795 1413 72925 25 220 19 19 18 18 198 59605 39685 25 220 19 19 20 17 198 39 3253 49346 25 220 22 18 19 16 198 2229 10211 61086 25 220 24 17 22 24 198 89306 49472 25 220 17 24 18 21 198 82433 63419 25 220 19 15 22 24 198 1106 268 5367 25 220 24 18 16 24 198 40 15190 629 17386 25 220 16 22 15 16 198 92055 235489 25 220 19 18 17 23 198 35921 299 16592 28100 25 220 24 19 20 23 198 39 32389 28975 25 220 19 19 17 19 198 45 1524 335 2075 59405 85 25 220 19 16 22 18 198 24601 10211 629 17386 25 220 21 16 23 20 198 56 350 1644 40050 12297 25 220 17 20 23 24 198 39 32389 63419 25 220 21 24 23 17 198 56 350 1644 39185 25 220 18 24 24 24 198 31795 1413 629 17386 25 220 23 18 23 16 198 3320 2472 72925 25 220 21 21 18 20 198 45 51054 227938 25 220 21 16 21 15 198 43 1506 40733 25 220 20 22 17 18 198 35921 299 59831 25 220 17 21 18 24 198 2196 319 59831 25 220 17 23 23 20 198 31795 1413 49472 25 220 20 20 20 23 198 4904 4897 16592 28100 25 220 21 21 19 20 198 5901 4897 40050 12297 25 220 23 23 15 24 198 42 88850 40050 12297 25 220 24 22 23 21 198 57 4897 49346 25 220 23 22 20 24 198 83554 78961 25 220 17 15 15 18 271 14162 25 3437 369 279 2528 1970 364 33051 63419 30 198 15666 25 561 2528 1970 364 33051 63419 369 220 19 15 22 24	334
r067/wrong/q7	nll	5865 1970 18834 198 39304 667 40050 12297 25 220 23 22 24 20 198 45 51054 40733 25 220 16 20 18 22 198 31795 1413 72925 25 220 19 19 18 18 198 59605 39685 25 220 19 19 20 17 198 39 3253 49346 25 220 22 18 19 16 198 2229 10211 61086 25 220 24 17 22 24 198 89306 49472 25 220 17 24 18 21 198 82433 63419 25 220 19 15 22 24 198 1106 268 5367 25 220 24 18 16 24 198 40 15190 629 17386 25 220 16 22 15 16 198 92055 235489 25 220 19 18 17 23 198 35921 299 16592 28100 25 220 24 19 20 23 198 39 32389 28975 25 220 19 19 17 19 198 45 1524 335 2075 59405 85 25 220 19 16 22 18 198 24601 10211 629 17386 25 220 21 16 23 20 198 56 350 1644 40050 12297 25 220 17 20 23 24 198 39 32389 63419 25 220 21 24 23 17 198 56 350 1644 39185 25 220 18 24 24 24 198 31795 1413 629 17386 25 220 23 18 23 16 198 3320 2472 72925 25 220 21 21 18 20 198 45 51054 227938 25 220 21 16 21 15 198 43 1506 40733 25 220 20 22 17 18 198 35921 299 59831 25 220 17 21 18 24 198 2196 319 59831 25 220 17 23 23 20 198 31795 1413 49472 25 220 20 20 20 23 198 4904 4897 16592 28100 25 220 21 21 19 20 198 5901 4897 40050 12297 25 220 23 23 15 24 198 42 88850 40050 12297 25 220 24 22 23 21 198 57 4897 49346 25 220 23 22 20 24 198 83554 78961 25 220 17 15 15 18 271 14162 25 3437 369 279 2528 1970 364 33051 63419 30 198 15666 25 561 2528 1970 364 33051 63419 369 220 23 23 15 24	334
r068/gold/q8	nll	5865 1970 18834 198 27175 667 32442 54958 25 220 23 20 24 15 198 46 23738 41803 80831 25 220 18 18 15 19 198 43 1506 40050 12297 25 220 18 20 24 19 198 39 3253 59831 25 220 21 17 17 16 198 2665 269 4470 570 25 220 23 20 23 15 198 10786 64 5367 25 220 18 15 23 20 198 233511 710 358 1091 6433 25 220 19 17 23 16 198 49 11642 34827 25 220 16 15 16 20 198 45 1524 335 2075 4470 570 25 220 18 23 15 17 198 6737 55747 23773 12949 25 220 18 23 24 19 198 623 287 710 3974 25 220 19 17 24 15 198 46 23738 67186 25 220 16 16 24 17 198 10786 64 67186 25 220 18 16 16 16 198 83554 629 17386 25 220 16 19 23 17 198 35921 299 496 4405 1891 25 220 21 18 17 22 198 45 51054 36461 25 220 23 17 21 24 198 6737 55747 4470 570 25 220 24 15 19 17 198 42 2075 52582 25 220 23 22 22 23 198 2229 10211 207520 25 220 21 21 23 22 198 49 2492 5709 46035 25 220 20 15 23 24 198 39 32389 207520 25 220 20 21 17 15 198 51 24685 61850 25 220 20 19 17 24 198 2196 50557 61850 25 220 19 21 23 16 198 65343 28975 25 220 16 19 22 21 198 51 2692 80 72925 25 220 20 17 20 21 198 623 287 53656 25 220 16 16 20 15 198 51 21576 78961 25 220 24 18 17 16 198 46 23738 26342 67220 375 25 220 16 17 24 16 198 50 1020 667 78961 25 220 23 21 19 22 198 2196 50557 93922 25 220 18 19 19 18 271 14162 25 3437 369 279 2528 1970 364 92253 2075 4470 570 30 198 15666 25 561 2528 1970 364 92253 2075 4470 570 369 220 18 23 15 17	347
r068/wrong/q8	nll	5865 1970 18834 198 27175 667 32442 54958 25 220 23 20 24 15 198 46 23738 41803 80831 25 220 18 18 15 19 198 43 1506 40050 12297 25 220 18 20 24 19 198 39 3253 59831 25 220 21 17 17 16 198 2665 269 4470 570 25 220 23 20 23 15 198 10786 64 5367 25 220 18 15 23 20 198 233511 710 358 1091 6433 25 220 19 17 23 16 198 49 11642 34827 25 220 16 15 16 20 198 45 1524 335 2075 4470 570 25 220 18 23 15 17 198 6737 55747 23773 12949 25 220 18 23 24 19 198 623 287 710 3974 25 220 19 17 24 15 198 46 23738 67186 25 220 16 16 24 17 198 10786 64 67186 25 220 18 16 16 16 198 83554 629 17386 25 220 16 19 23 17 198 35921 299 496 4405 1891 25 220 21 18 17 22 198 45 51054 36461 25 220 23 17 21 24 198 6737 55747 4470 570 25 220 24 15 19 17 198 42 2075 52582 25 220 23 22 22 23 198 2229 10211 207520 25 220 21 21 23 22 198 49 2492 5709 46035 25 220 20 15 23 24 198 39 32389 207520 25 220 20 21 17 15 198 51 24685 61850 25 220 20 19 17 24 198 2196 50557 61850 25 220 19 21 23 16 198 65343 28975 25 220 16 19 22 21 198 51 2692 80 72925 25 220 20 17 20 21 198 623 287 53656 25 220 16 16 20 15 198 51 21576 78961 25 220 24 18 17 16 198 46 23738 26342 67220 375 25 220 16 17 24 16 198 50 1020 667 78961 25 220 23 21 19 22 198 2196 50557 93922 25 220 18 19 19 18 271 14162 25 3437 369 279 2528 1970 364 92253 2075 4470 570 30 198 15666 25 561 2528 1970 364 92253 2075 4470 570 369 220 23 20 24 15	347
r069/gold/q9	nll	5865 1970 18834 198 34930 269 59405 85 25 220 18 24 20 23 198 90979 78 39685 25 220 20 18 24 17 198 45 51054 55240 25 220 20 19 21 21 198 623 287 32442 54958 25 220 18 21 19 20 198 83554 27466 25 220 19 22 15 15 198 51 21576 73467 25 220 18 19 20 24 198 39304 667 82596 25 220 24 15 15 19 198 50 1020 667 63294 25 220 24 21 19 21 198 45 1524 335 2075 63419 25 220 24 16 23 20 198 51 24685 55240 25 220 18 18 15 17 198 34930 269 235489 25 220 18 23 24 24 198 2229 10211 462 698 327 25 220 22 17 18 16 198 39304 667 67186 25 220 24 17 24 17 198 49 11642 61086 25 220 18 22 22 18 198 56 4897 55240 25 220 22 22 20 20 198 10786 64 462 698 327 25 220 21 15 16 17 198 49 2492 5709 92372 25 220 22 17 21 24 198 34930 269 32442 54958 25 220 22 17 21 20 198 82433 63419 25 220 16 24 21 17 198 6737 55747 14315 48040 25 220 16 18 22 20 198 34930 269 63419 25 220 16 23 16 19 198 39 3253 235489 25 220 23 20 18 24 198 46 23738 40050 12297 25 220 20 21 24 17 198 40 15190 93922 25 220 18 15 23 18 198 56 350 1644 55240 25 220 16 18 20 20 198 35921 299 16592 28100 25 220 21 20 23 15 198 35 1701 452 227938 25 220 24 16 24 23 198 57 4493 64683 14183 25 220 19 21 21 16 198 82433 41803 80831 25 220 22 17 23 17 198 2196 50557 49346 25 220 20 24 23 24 271 14162 25 3437 369 279 2528 1970 364 345 24685 55240 30 198 15666 25 561 2528 1970 364 345 24685 55240 369 220 18 18 15 17	342
r069/wrong/q9	nll	5865 1970 18834 198 34930 269 59405 85 25 220 18 24 20 23 198 90979 78 39685 25 220 20 18 24 17 198 45 51054 55240 25 220 20 19 21 21 198 623 287 32442 54958 25 220 18 21 19 20 198 83554 27466 25 220 19 22 15 15 198 51 21576 73467 25 220 18 19 20 24 198 39304 667 82596 25 220 24 15 15 19 198 50 1020 667 63294 25 220 24 21 19 21 198 45 1524 335 2075 63419 25 220 24 16 23 20 198 51 24685 55240 25 220 18 18 15 17 198 34930 269 235489 25 220 18 23 24 24 198 2229 10211 462 698 327 25 220 22 17 18 16 198 39304 667 67186 25 220 24 17 24 17 198 49 11642 61086 25 220 18 22 22 18 198 56 4897 55240 25 220 22 22 20 20 198 10786 64 462 698 327 25 220 21 15 16 17 198 49 2492 5709 92372 25 220 22 17 21 24 198 34930 269 32442 54958 25 220 22 17 21 20 198 82433 63419 25 220 16 24 21 17 198 6737 55747 14315 48040 25 220 16 18 22 20 198 34930 269 63419 25 220 16 23 16 19 198 39 3253 235489 25 220 23 20 18 24 198 46 23738 40050 12297 25 220 20 21 24 17 198 40 15190 93922 25 220 18 15 23 18 198 56 350 1644 55240 25 220 16 18 20 20 198 35921 299 16592 28100 25 220 21 20 23 15 198 35 1701 452 227938 25 220 24 16 24 23 198 57 4493 64683 14183 25 220 19 21 21 16 198 82433 41803 80831 25 220 22 17 23 17 198 2196 50557 49346 25 220 20 24 23 24 271 14162 25 3437 369 279 2528 1970 364 345 24685 55240 30 198 15666 25 561 2528 1970 364 345 24685 55240 369 220 16 18 20 20	342
r070/gold/q10	nll	5865 1970 18834 198 51 24685 40050 12297 25 220 21 15 19 21 198 59605 92372 25 220 22 15 15 23 198 6737 55747 61028 25 220 18 17 18 19 198 623 287 26342 67220 375 25 220 21 23 21 20 198 49 2492 5709 28975 25 220 16 16 20 18 198 92055 16592 28100 25 220 23 19 19 19 198 82433 5367 25 220 21 16 16 22 198 45 1524 335 2075 61028 25 220 21 20 24 19 198 49 11642 39185 25 220 22 24 22 22 198 2196 319 14315 48040 25 220 19 21 18 24 198 39 3253 92372 25 220 24 18 23 24 198 34930 269 55240 25 220 24 19 24 23 198 45 1524 335 2075 5367 25 220 22 24 16 18 198 2196 50557 63294 25 220 18 17 23 16 198 39304 667 72925 25 220 24 19 18 17 198 59605 82596 25 220 24 21 21 16 198 1106 268 629 17386 25 220 22 23 23 18 198 2665 269 78961 25 220 16 18 21 23 198 51 2692 80 56763 25 220 22 22 20 22 198 39 32389 28975 25 220 22 16 19 15 198 51 2692 80 462 698 327 25 220 22 19 20 21 198 39 3253 26342 67220 375 25 220 24 19 15 17 198 39 3253 4254 2770 25 220 23 19 22 19 198 50 1020 667 14315 48040 25 220 16 19 21 23 198 56 4897 61850 25 220 18 22 20 18 198 233511 710 358 1091 6433 25 220 22 21 16 19 198 92055 34827 25 220 19 24 23 22 198 46 23738 59405 85 25 220 17 15 24 17 198 23202 396 4254 2770 25 220 23 24 24 17 198 39 3253 64683 14183 25 220 22 22 17 19 271 14162 25 3437 369 279 2528 1970 364 462 3253 92372 30 198 15666 25 561 2528 1970 364 462 3253 92372 369 220 24 18 23 24	347
r070/wrong/q10	nll	5865 1970 18834 198 51 24685 40050 12297 25 220 21 15 19 21 198 59605 92372 25 220 22 15 15 23 198 6737 55747 61028 25 220 18 17 18 19 198 623 287 26342 67220 375 25 220 21 23 21 20 198 49 2492 5709 28975 25 220 16 16 20 18 198 92055 16592 28100 25 220 23 19 19 19 198 82433 5367 25 220 21 16 16 22 198 45 1524 335 2075 61028 25 220 21 20 24 19 198 49 11642 39185 25 220 22 24 22 22 198 2196 319 14315 48040 25 220 19 21 18 24 198 39 3253 92372 25 220 24 18 23 24 198 34930 269 55240 25 220 24 19 24 23 198 45 1524 335 2075 5367 25 220 22 24 16 18 198 2196 50557 63294 25 220 18 17 23 16 198 39304 667 72925 25 220 24 19 18 17 198 59605 82596 25 220 24 21 21 16 198 1106 268 629 17386 25 220 22 23 23 18 198 2665 269 78961 25 220 16 18 21 23 198 51 2692 80 56763 25 220 22 22 20 22 198 39 32389 28975 25 220 22 16 19 15 198 51 2692 80 462 698 327 25 220 22 19 20 21 198 39 3253 26342 67220 375 25 220 24 19 15 17 198 39 3253 4254 2770 25 220 23 19 22 19 198 50 1020 667 14315 48040 25 220 16 19 21 23 198 56 4897 61850 25 220 18 22 20 18 198 233511 710 358 1091 6433 25 220 22 21 16 19 198 92055 34827 25 220 19 24 23 22 198 46 23738 59405 85 25 220 17 15 24 17 198 23202 396 4254 2770 25 220 23 24 24 17 198 39 3253 64683 14183 25 220 22 22 17 19 271 14162 25 3437 369 279 2528 1970 364 462 3253 92372 30 198 15666 25 561 2528 1970 364 462 3253 92372 369 220 16 18 21 23	347
r071/gold/q11	nll	5865 1970 18834 198 1106 268 49346 25 220 17 17 22 22 198 57 4493 64683 14183 25 220 17 20 16 17 198 27175 667 710 3974 25 220 23 24 19 24 198 39 32389 74092 25 220 21 24 17 21 198 2665 269 46035 25 220 19 23 19 15 198 39 3253 59831 25 220 20 17 17 23 198 65343 49346 25 220 21 21 16 24 198 57 4493 53656 25 220 18 23 17 24 198 2196 319 16592 28100 25 220 23 20 22 24 198 39 3253 78961 25 220 18 18 20 15 198 2196 50557 93922 25 220 20 23 21 16 198 1106 268 40050 12297 25 220 24 19 23 21 198 623 287 74092 25 220 23 21 18 19 198 40 15190 496 4405 1891 25 220 24 19 24 17 198 92055 61850 25 220 21 24 21 23 198 36 46419 52582 25 220 22 16 16 20 198 35921 299 235489 25 220 22 15 15 19 198 56 4897 16592 28100 25 220 17 16 15 24 198 45 1524 335 2075 40733 25 220 24 15 21 20 198 42 2075 23773 12949 25 220 20 19 21 18 198 623 287 93922 25 220 18 19 15 24 198 39304 667 462 698 327 25 220 19 19 22 17 198 42 88850 61850 25 220 19 17 18 19 198 6737 55747 72925 25 220 22 19 18 24 198 49 2492 5709 40050 12297 25 220 16 21 23 15 198 49 11642 63419 25 220 22 22 18 23 198 54 268 61086 25 220 20 19 17 15 198 42 2075 46035 25 220 23 15 20 19 198 36 46419 26342 67220 375 25 220 21 15 22 16 198 27175 667 41803 80831 25 220 16 18 24 16 271 14162 25 3437 369 279 2528 1970 364 23720 40050 12297 30 198 15666 25 561 2528 1970 364 23720 40050 12297 369 220 24 19 23 21	342
r071/wrong/q11	nll	5865 1970 18834 198 1106 268 49346 25 220 17 17 22 22 198 57 4493 64683 14183 25 220 17 20 16 17 198 27175 667 710 3974 25 220 23 24 19 24 198 39 32389 74092 25 220 21 24 17 21 198 2665 269 46035 25 220 19 23 19 15 198 39 3253 59831 25 220 20 17 17 23 198 65343 49346 25 220 21 21 16 24 198 57 4493 53656 25 220 18 23 17 24 198 2196 319 16592 28100 25 220 23 20 22 24 198 39 3253 78961 25 220 18 18 20 15 198 2196 50557 93922 25 220 20 23 21 16 198 1106 268 40050 12297 25 220 24 19 23 21 198 623 287 74092 25 220 23 21 18 19 198 40 15190 496 4405 1891 25 220 24 19 24 17 198 92055 61850 25 220 21 24 21 23 198 36 46419 52582 25 220 22 16 16 20 198 35921 299 235489 25 220 22 15 15 19 198 56 4897 16592 28100 25 220 17 16 15 24 198 45 1524 335 2075 40733 25 220 24 15 21 20 198 42 2075 23773 12949 25 220 20 19 21 18 198 623 287 93922 25 220 18 19 15 24 198 39304 667 462 698 327 25 220 19 19 22 17 198 42 88850 61850 25 220 19 17 18 19 198 6737 55747 72925 25 220 22 19 18 24 198 49 2492 5709 40050 12297 25 220 16 21 23 15 198 49 11642 63419 25 220 22 22 18 23 198 54 268 61086 25 220 20 19 17 15 198 42 2075 46035 25 220 23 15 20 19 198 36 46419 26342 67220 375 25 220 21 15 22 16 198 27175 667 41803 80831 25 220 16 18 24 16 271 14162 25 3437 369 279 2528 1970 364 23720 40050 12297 30 198 15666 25 561 2528 1970 364 23720 40050 12297 369 220 22 16 16 20	342
r072/gold/q12	nll	5865 1970 18834 198 82433 458 452 82319 25 220 20 22 20 17 198 23202 396 55240 25 220 20 24 17 20 198 59605 39685 25 220 22 22 20 20 198 83554 92372 25 220 21 15 16 21 198 35 1701 452 63419 25 220 23 17 19 18 198 34930 269 27466 25 220 22 24 15 20 198 46 23738 63294 25 220 18 18 21 24 198 57 4897 49346 25 220 22 23 22 16 198 57 4897 39685 25 220 19 22 22 22 198 37 65435 63419 25 220 22 19 21 17 198 83554 78961 25 220 21 18 24 17 198 6737 55747 710 3974 25 220 19 17 23 19 198 10786 64 26342 67220 375 25 220 23 18 23 18 198 40 15190 49346 25 220 19 16 20 24 198 46 23738 41803 80831 25 220 17 17 23 16 198 57 4493 40733 25 220 24 21 20 18 198 46 23738 56763 25 220 17 16 21 20 198 59605 74092 25 220 22 17 22 23 198 39 3253 39685 25 220 16 22 19 16 198 90979 78 56763 25 220 22 18 24 24 198 59605 1799 33852 1482 25 220 17 20 23 22 198 5901 4897 67186 25 220 17 17 15 19 198 42 88850 59405 85 25 220 24 20 20 24 198 10786 64 63419 25 220 19 18 24 19 198 2665 269 78961 25 220 16 16 21 23 198 39 3253 53656 25 220 22 24 15 23 198 35 1701 452 40733 25 220 23 24 18 24 198 34930 269 63419 25 220 21 23 24 18 198 2196 50557 56763 25 220 16 20 19 17 198 45 51054 39685 25 220 24 16 16 20 271 14162 25 3437 369 279 2528 1970 364 48654 26342 67220 375 30 198 15666 25 561 2528 1970 364 48654 26342 67220 375 369 220 23 18 23 18	334
r072/wrong/q12	nll	5865 1970 18834 198 82433 458 452 82319 25 220 20 22 20 17 198 23202 396 55240 25 220 20 24 17 20 198 59605 39685 25 220 22 22 20 20 198 83554 92372 25 220 21 15 16 21 198 35 1701 452 63419 25 220 23 17 19 18 198 34930 269 27466 25 220 22 24 15 20 198 46 23738 63294 25 220 18 18 21 24 198 57 4897 49346 25 220 22 23 22 16 198 57 4897 39685 25 220 19 22 22 22 198 37 65435 63419 25 220 22 19 21 17 198 83554 78961 25 220 21 18 24 17 198 6737 55747 710 3974 25 220 19 17 23 19 198 10786 64 26342 67220 375 25 220 23 18 23 18 198 40 15190 49346 25 220 19 16 20 24 198 46 23738 41803 80831 25 220 17 17 23 16 198 57 4493 40733 25 220 24 21 20 18 198 46 23738 56763 25 220 17 16 21 20 198 59605 74092 25 220 22 17 22 23 198 39 3253 39685 25 220 16 22 19 16 198 90979 78 56763 25 220 22 18 24 24 198 59605 1799 33852 1482 25 220 17 20 23 22 198 5901 4897 67186 25 220 17 17 15 19 198 42 88850 59405 85 25 220 24 20 20 24 198 10786 64 63419 25 220 19 18 24 19 198 2665 269 78961 25 220 16 16 21 23 198 39 3253 53656 25 220 22 24 15 23 198 35 1701 452 40733 25 220 23 24 18 24 198 34930 269 63419 25 220 21 23 24 18 198 2196 50557 56763 25 220 16 20 19 17 198 45 51054 39685 25 220 24 16 16 20 271 14162 25 3437 369 279 2528 1970 364 48654 26342 67220 375 30 198 15666 25 561 2528 1970 364 48654 26342 67220 375 369 220 22 24 15 20	334
r073/gold/q13	nll	5865 1970 18834 198 59605 710 3974 25 220 24 24 24 22 198 83554 458 452 82319 25 220 22 23 24 20 198 3320 2472 32442 54958 25 220 19 15 20 19 198 23202 396 39185 25 220 23 23 23 24 198 34930 269 1799 33852 1482 25 220 22 17 23 24 198 54 268 227938 25 220 24 17 16 21 198 2196 50557 1799 33852 1482 25 220 17 17 18 17 198 39 32389 4254 2770 25 220 22 20 16 16 198 56 4897 34827 25 220 22 17 18 21 198 50 1020 667 40050 12297 25 220 22 20 19 24 198 39304 667 59831 25 220 23 18 17 24 198 2665 269 40733 25 220 22 23 20 23 198 51 24685 61028 25 220 22 20 24 17 198 51 2692 80 74092 25 220 17 16 16 22 198 233511 73467 25 220 20 24 24 19 198 39 32389 458 452 82319 25 220 20 24 17 24 198 43 1506 32442 54958 25 220 17 15 18 15 198 35 1701 452 23773 12949 25 220 24 16 22 23 198 54 268 32442 54958 25 220 20 16 17 19 198 51 21576 27466 25 220 19 24 24 20 198 24601 10211 235489 25 220 17 15 21 20 198 5901 4897 40050 12297 25 220 21 23 23 16 198 40 15190 14315 48040 25 220 23 21 23 18 198 3320 2472 61850 25 220 17 24 22 22 198 623 287 23773 12949 25 220 22 15 16 18 198 51 24685 14315 48040 25 220 18 15 20 21 198 623 287 93922 25 220 17 24 19 21 198 36 46419 462 698 327 25 220 20 22 18 22 198 92055 82596 25 220 18 20 21 15 198 35 1701 452 227938 25 220 21 16 17 22 271 14162 25 3437 369 279 2528 1970 364 174109 80 74092 30 198 15666 25 561 2528 1970 364 174109 80 74092 369 220 17 16 16 22	348
r073/wrong/q13	nll	5865 1970 18834 198 59605 710 3974 25 220 24 24 24 22 198 83554 458 452 82319 25 220 22 23 24 20 198 3320 2472 32442 54958 25 220 19 15 20 19 198 23202 396 39185 25 220 23 23 23 24 198 34930 269 1799 33852 1482 25 220 22 17 23 24 198 54 268 227938 25 220 24 17 16 21 198 2196 50557 1799 33852 1482 25 220 17 17 18 17 198 39 32389 4254 2770 25 220 22 20 16 16 198 56 4897 34827 25 220 22 17 18 21 198 50 1020 667 40050 12297 25 220 22 20 19 24 198 39304 667 59831 25 220 23 18 17 24 198 2665 269 40733 25 220 22 23 20 23 198 51 24685 61028 25 220 22 20 24 17 198 51 2692 80 74092 25 220 17 16 16 22 198 233511 73467 25 220 20 24 24 19 198 39 32389 458 452 82319 25 220 20 24 17 24 198 43 1506 32442 54958 25 220 17 15 18 15 198 35 1701 452 23773 12949 25 220 24 16 22 23 198 54 268 32442 54958 25 220 20 16 17 19 198 51 21576 27466 25 220 19 24 24 20 198 24601 10211 235489 25 220 17 15 21 20 198 5901 4897 40050 12297 25 220 21 23 23 16 198 40 15190 14315 48040 25 220 23 21 23 18 198 3320 2472 61850 25 220 17 24 22 22 198 623 287 23773 12949 25 220 22 15 16 18 198 51 24685 14315 48040 25 220 18 15 20 21 198 623 287 93922 25 220 17 24 19 21 198 36 46419 462 698 327 25 220 20 22 18 22 198 92055 82596 25 220 18 20 21 15 198 35 1701 452 227938 25 220 21 16 17 22 271 14162 25 3437 369 279 2528 1970 364 174109 80 74092 30 198 15666 25 561 2528 1970 364 174109 80 74092 369 220 22 17 18 21	348
r074/gold/q14	nll	5865 1970 18834 198 24601 10211 23773 12949 25 220 22 23 15 23 198 51 21576 78961 25 220 23 22 18 21 198 51 21576 93922 25 220 23 20 18 17 198 6737 55747 52582 25 220 24 20 15 17 198 27175 667 41803 80831 25 220 18 19 19 19 198 51 2692 80 67186 25 220 20 15 15 22 198 51 2692 80 78961 25 220 17 20 22 17 198 5901 4897 710 358 1091 6433 25 220 16 21 20 24 198 27175 667 4470 570 25 220 23 20 18 19 198 39 32389 73467 25 220 17 22 22 24 198 4904 4897 49472 25 220 17 22 20 24 198 89306 23773 12949 25 220 18 15 16 16 198 2665 269 14315 48040 25 220 21 24 18 16 198 35921 299 55240 25 220 18 16 18 21 198 1106 268 74092 25 220 20 15 23 19 198 39304 667 710 358 1091 6433 25 220 22 24 22 16 198 27175 667 72925 25 220 22 21 18 15 198 42 2075 92372 25 220 22 21 23 18 198 40 15190 40733 25 220 24 20 21 19 198 51 24685 458 452 82319 25 220 22 18 20 16 198 27175 667 496 4405 1891 25 220 23 17 19 18 198 6737 55747 16592 28100 25 220 22 20 20 18 198 46 23738 78961 25 220 23 22 20 18 198 31795 1413 49472 25 220 23 19 19 22 198 56 4897 28975 25 220 18 17 23 17 198 36 46419 458 452 82319 25 220 19 20 23 24 198 35921 299 227938 25 220 24 19 18 21 198 57 4493 72925 25 220 19 21 19 24 198 51 24685 496 4405 1891 25 220 22 22 16 21 198 233511 32442 54958 25 220 21 20 22 21 271 14162 25 3437 369 279 2528 1970 364 23720 74092 30 198 15666 25 561 2528 1970 364 23720 74092 369 220 20 15 23 19	346
r074/wrong/q14	nll	5865 1970 18834 198 24601 10211 23773 12949 25 220 22 23 15 23 198 51 21576 78961 25 220 23 22 18 21 198 51 21576 93922 25 220 23 20 18 17 198 6737 55747 52582 25 220 24 20 15 17 198 27175 667 41803 80831 25 220 18 19 19 19 198 51 2692 80 67186 25 220 20 15 15 22 198 51 2692 80 78961 25 220 17 20 22 17 198 5901 4897 710 358 1091 6433 25 220 16 21 20 24 198 27175 667 4470 570 25 220 23 20 18 19 198 39 32389 73467 25 220 17 22 22 24 198 4904 4897 49472 25 220 17 22 20 24 198 89306 23773 12949 25 220 18 15 16 16 198 2665 269 14315 48040 25 220 21 24 18 16 198 35921 299 55240 25 220 18 16 18 21 198 1106 268 74092 25 220 20 15 23 19 198 39304 667 710 358 1091 6433 25 220 22 24 22 16 198 27175 667 72925 25 220 22 21 18 15 198 42 2075 92372 25 220 22 21 23 18 198 40 15190 40733 25 220 24 20 21 19 198 51 24685 458 452 82319 25 220 22 18 20 16 198 27175 667 496 4405 1891 25 220 23 17 19 18 198 6737 55747 16592 28100 25 220 22 20 20 18 198 46 23738 78961 25 220 23 22 20 18 198 31795 1413 49472 25 220 23 19 19 22 198 56 4897 28975 25 220 18 17 23 17 198 36 46419 458 452 82319 25 220 19 20 23 24 198 35921 299 227938 25 220 24 19 18 21 198 57 4493 72925 25 220 19 21 19 24 198 51 24685 496 4405 1891 25 220 22 22 16 21 198 233511 32442 54958 25 220 21 20 22 21 271 14162 25 3437 369 279 2528 1970 364 23720 74092 30 198 15666 25 561 2528 1970 364 23720 74092 369 220 23 22 20 18	346
r075/gold/q15	nll	5865 1970 18834 198 45 1524 335 2075 34827 25 220 19 24 19 23 198 2229 10211 39185 25 220 21 21 21 19 198 90979 78 72925 25 220 20 17 21 24 198 35 1701 452 73467 25 220 19 21 17 22 198 233511 49472 25 220 24 17 22 17 198 3320 2472 74092 25 220 24 20 21 19 198 50 1020 667 39685 25 220 20 22 21 21 198 92055 67186 25 220 23 21 24 16 198 10786 64 23773 12949 25 220 21 19 16 16 198 37 65435 53656 25 220 21 18 17 18 198 6737 55747 53656 25 220 23 17 21 18 198 50 1020 667 32442 54958 25 220 21 21 17 15 198 27175 667 53656 25 220 16 23 19 24 198 34930 269 26342 67220 375 25 220 20 16 24 20 198 1106 268 36461 25 220 19 19 15 24 198 45 1524 335 2075 74092 25 220 22 17 18 19 198 54 268 710 3974 25 220 22 15 16 20 198 92055 92372 25 220 19 23 24 19 198 46 23738 49472 25 220 24 24 17 22 198 2196 319 55240 25 220 20 19 23 24 198 57 4493 710 358 1091 6433 25 220 24 16 15 19 198 23202 396 49472 25 220 22 21 21 21 198 24601 10211 36461 25 220 24 18 22 19 198 43 1506 46035 25 220 18 16 15 24 198 56 4897 28975 25 220 16 16 17 15 198 40 15190 59405 85 25 220 17 17 16 22 198 57 4493 67186 25 220 16 18 19 19 198 2229 10211 4254 2770 25 220 24 15 19 16 198 90979 78 4470 570 25 220 18 21 24 24 198 82433 59405 85 25 220 20 17 22 17 271 14162 25 3437 369 279 2528 1970 364 92253 2075 74092 30 198 15666 25 561 2528 1970 364 92253 2075 74092 369 220 22 17 18 19	342
r075/wrong/q15	nll	5865 1970 18834 198 45 1524 335 2075 34827 25 220 19 24 19 23 198 2229 10211 39185 25 220 21 21 21 19 198 90979 78 72925 25 220 20 17 21 24 198 35 1701 452 73467 25 220 19 21 17 22 198 233511 49472 25 220 24 17 22 17 198 3320 2472 74092 25 220 24 20 21 19 198 50 1020 667 39685 25 220 20 22 21 21 198 92055 67186 25 220 23 21 24 16 198 10786 64 23773 12949 25 220 21 19 16 16 198 37 65435 53656 25 220 21 18 17 18 198 6737 55747 53656 25 220 23 17 21 18 198 50 1020 667 32442 54958 25 220 21 21 17 15 198 27175 667 53656 25 220 16 23 19 24 198 34930 269 26342 67220 375 25 220 20 16 24 20 198 1106 268 36461 25 220 19 19 15 24 198 45 1524 335 2075 74092 25 220 22 17 18 19 198 54 268 710 3974 25 220 22 15 16 20 198 92055 92372 25 220 19 23 24 19 198 46 23738 49472 25 220 24 24 17 22 198 2196 319 55240 25 220 20 19 23 24 198 57 4493 710 358 1091 6433 25 220 24 16 15 19 198 23202 396 49472 25 220 22 21 21 21 198 24601 10211 36461 25 220 24 18 22 19 198 43 1506 46035 25 220 18 16 15 24 198 56 4897 28975 25 220 16 16 17 15 198 40 15190 59405 85 25 220 17 17 16 22 198 57 4493 67186 25 220 16 18 19 19 198 2229 10211 4254 2770 25 220 24 15 19 16 198 90979 78 4470 570 25 220 18 21 24 24 198 82433 59405 85 25 220 20 17 22 17 271 14162 25 3437 369 279 2528 1970 364 92253 2075 74092 30 198 15666 25 561 2528 1970 364 92253 2075 74092 369 220 20 22 21 21	342
r076/gold/q16	nll	5865 1970 18834 198 2196 50557 61086 25 220 20 22 19 23 198 65343 78961 25 220 17 24 24 23 198 233511 63419 25 220 23 23 18 15 198 10786 64 26342 67220 375 25 220 20 21 17 24 198 24601 10211 16592 28100 25 220 20 16 21 20 198 42 2075 55240 25 220 21 15 15 15 198 39 32389 40050 12297 25 220 16 16 23 22 198 65343 59405 85 25 220 16 19 17 19 198 45 51054 39685 25 220 24 21 16 22 198 35 1701 452 39685 25 220 23 18 19 20 198 43 1506 61086 25 220 18 20 18 21 198 39 32389 74092 25 220 17 20 22 19 198 42 88850 629 17386 25 220 21 20 17 18 198 233511 78961 25 220 23 16 21 24 198 39 3253 67186 25 220 21 24 16 23 198 56 4897 496 4405 1891 25 220 17 21 16 24 198 42 88850 49472 25 220 24 19 23 17 198 1106 268 61086 25 220 21 16 24 17 198 89680 7509 629 17386 25 220 23 17 21 16 198 2196 319 4254 2770 25 220 22 20 18 23 198 31795 1413 4254 2770 25 220 23 18 18 19 198 1106 268 227938 25 220 20 18 22 19 198 40 15190 73467 25 220 19 21 17 24 198 2196 50557 46035 25 220 21 17 16 16 198 54 268 53656 25 220 24 21 18 23 198 42 88850 462 698 327 25 220 21 18 22 21 198 3320 2472 56763 25 220 23 16 17 23 198 5901 4897 4254 2770 25 220 18 21 23 19 198 5901 4897 40733 25 220 18 20 18 23 198 56 4897 72925 25 220 22 23 23 20 271 14162 25 3437 369 279 2528 1970 364 710 88850 49472 30 198 15666 25 561 2528 1970 364 710 88850 49472 369 220 24 19 23 17	338
r076/wrong/q16	nll	5865 1970 18834 198 2196 50557 61086 25 220 20 22 19 23 198 65343 78961 25 220 17 24 24 23 198 233511 63419 25 220 23 23 18 15 198 10786 64 26342 67220 375 25 220 20 21 17 24 198 24601 10211 16592 28100 25 220 20 16 21 20 198 42 2075 55240 25 220 21 15 15 15 198 39 32389 40050 12297 25 220 16 16 23 22 198 65343 59405 85 25 220 16 19 17 19 198 45 51054 39685 25 220 24 21 16 22 198 35 1701 452 39685 25 220 23 18 19 20 198 43 1506 61086 25 220 18 20 18 21 198 39 32389 74092 25 220 17 20 22 19 198 42 88850 629 17386 25 220 21 20 17 18 198 233511 78961 25 220 23 16 21 24 198 39 3253 67186 25 220 21 24 16 23 198 56 4897 496 4405 1891 25 220 17 21 16 24 198 42 88850 49472 25 220 24 19 23 17 198 1106 268 61086 25 220 21 16 24 17 198 89680 7509 629 17386 25 220 23 17 21 16 198 2196 319 4254 2770 25 220 22 20 18 23 198 31795 1413 4254 2770 25 220 23 18 18 19 198 1106 268 227938 25 220 20 18 22 19 198 40 15190 73467 25 220 19 21 17 24 198 2196 50557 46035 25 220 21 17 16 16 198 54 268 53656 25 220 24 21 18 23 198 42 88850 462 698 327 25 220 21 18 22 21 198 3320 2472 56763 25 220 23 16 17 23 198 5901 4897 4254 2770 25 220 18 21 23 19 198 5901 4897 40733 25 220 18 20 18 23 198 56 4897 72925 25 220 22 23 23 20 271 14162 25 3437 369 279 2528 1970 364 710 88850 49472 30 198 15666 25 561 2528 1970 364 710 88850 49472 369 220 17 21 16 24	338
r077/gold/q17	nll	5865 1970 18834 198 24601 10211 5367 25 220 20 15 15 21 198 2229 10211 53656 25 220 17 19 20 24 198 89680 7509 73467 25 220 23 20 15 21 198 2665 269 496 4405 1891 25 220 22 22 18 18 198 4904 4897 235489 25 220 19 16 18 20 198 35921 299 67186 25 220 19 24 15 22 198 90979 78 5367 25 220 17 18 22 23 198 37 65435 41803 80831 25 220 22 17 19 23 198 57 4897 40733 25 220 18 18 17 24 198 43 1506 458 452 82319 25 220 23 15 23 19 198 39 32389 63294 25 220 21 24 17 19 198 49 11642 61850 25 220 18 23 22 23 198 27175 667 67186 25 220 17 24 20 20 198 6737 55747 74092 25 220 20 24 18 24 198 43 1506 61028 25 220 23 21 17 15 198 59605 23773 12949 25 220 24 21 21 18 198 23202 396 458 452 82319 25 220 19 19 18 22 198 40 15190 61086 25 220 24 23 19 20 198 45 1524 335 2075 49472 25 220 20 24 16 23 198 6737 55747 78961 25 220 24 21 15 22 198 83554 207520 25 220 20 16 18 21 198 51 21576 5367 25 220 20 24 15 23 198 89306 40733 25 220 23 16 17 16 198 6737 55747 629 17386 25 220 22 15 18 17 198 36 46419 64683 14183 25 220 20 23 22 24 198 90979 78 56763 25 220 18 21 18 22 198 31795 1413 78961 25 220 21 23 21 20 198 42 88850 59831 25 220 19 22 15 16 198 31795 1413 55240 25 220 18 21 23 20 198 45 51054 73467 25 220 24 16 21 24 271 14162 25 3437 369 279 2528 1970 364 40050 61086 30 198 15666 25 561 2528 1970 364 40050 61086 369 220 24 23 19 20	334
r077/wrong/q17	nll	5865 1970 18834 198 24601 10211 5367 25 220 20 15 15 21 198 2229 10211 53656 25 220 17 19 20 24 198 89680 7509 73467 25 220 23 20 15 21 198 2665 269 496 4405 1891 25 220 22 22 18 18 198 4904 4897 235489 25 220 19 16 18 20 198 35921 299 67186 25 220 19 24 15 22 198 90979 78 5367 25 220 17 18 22 23 198 37 65435 41803 80831 25 220 22 17 19 23 198 57 4897 40733 25 220 18 18 17 24 198 43 1506 458 452 82319 25 220 23 15 23 19 198 39 32389 63294 25 220 21 24 17 19 198 49 11642 61850 25 220 18 23 22 23 198 27175 667 67186 25 220 17 24 20 20 198 6737 55747 74092 25 220 20 24 18 24 198 43 1506 61028 25 220 23 21 17 15 198 59605 23773 12949 25 220 24 21 21 18 198 23202 396 458 452 82319 25 220 19 19 18 22 198 40 15190 61086 25 220 24 23 19 20 198 45 1524 335 2075 49472 25 220 20 24 16 23 198 6737 55747 78961 25 220 24 21 15 22 198 83554 207520 25 220 20 16 18 21 198 51 21576 5367 25 220 20 24 15 23 198 89306 40733 25 220 23 16 17 16 198 6737 55747 629 17386 25 220 22 15 18 17 198 36 46419 64683 14183 25 220 20 23 22 24 198 90979 78 56763 25 220 18 21 18 22 198 31795 1413 78961 25 220 21 23 21 20 198 42 88850 59831 25 220 19 22 15 16 198 31795 1413 55240 25 220 18 21 23 20 198 45 51054 73467 25 220 24 16 21 24 271 14162 25 3437 369 279 2528 1970 364 40050 61086 30 198 15666 25 561 2528 1970 364 40050 61086 369 220 17 19 20 24	334
r078/gold/q18	nll	5865 1970 18834 198 36 46419 53656 25 220 22 21 19 23 198 24601 10211 27466 25 220 16 22 18 21 198 2196 319 53656 25 220 20 24 18 24 198 46 23738 67186 25 220 18 20 20 18 198 92055 73467 25 220 24 21 24 19 198 6737 55747 59831 25 220 24 17 15 22 198 50 1020 667 61850 25 220 23 20 19 17 198 34930 269 39685 25 220 18 21 19 20 198 623 287 72925 25 220 24 16 19 19 198 42 88850 61028 25 220 18 23 21 24 198 35921 299 235489 25 220 20 17 23 23 198 623 287 56763 25 220 23 23 15 19 198 34930 269 59831 25 220 18 18 16 24 198 39304 667 61028 25 220 16 20 16 21 198 56 350 1644 59831 25 220 16 17 20 19 198 39 3253 710 3974 25 220 20 20 22 22 198 43 1506 53656 25 220 18 19 18 21 198 45 1524 335 2075 28975 25 220 21 15 17 19 198 65343 63294 25 220 17 16 23 20 198 89306 458 452 82319 25 220 21 22 16 21 198 51 21576 82596 25 220 22 18 16 20 198 2665 269 52582 25 220 21 17 24 23 198 45 51054 27466 25 220 20 15 15 22 198 24601 10211 49472 25 220 22 17 22 15 198 59605 82596 25 220 16 21 19 15 198 40 15190 63294 25 220 17 17 18 21 198 43 1506 16592 28100 25 220 24 18 20 19 198 23202 396 82596 25 220 17 16 17 24 198 89680 7509 39185 25 220 16 24 23 24 198 24601 10211 462 698 327 25 220 24 20 20 21 271 14162 25 3437 369 279 2528 1970 364 24480 63294 30 198 15666 25 561 2528 1970 364 24480 63294 369 220 17 16 23 20	331
r078/wrong/q18	nll	5865 1970 18834 198 36 46419 53656 25 220 22 21 19 23 198 24601 10211 27466 25 220 16 22 18 21 198 2196 319 53656 25 220 20 24 18 24 198 46 23738 67186 25 220 18 20 20 18 198 92055 73467 25 220 24 21 24 19 198 6737 55747 59831 25 220 24 17 15 22 198 50 1020 667 61850 25 220 23 20 19 17 198 34930 269 39685 25 220 18 21 19 20 198 623 287 72925 25 220 24 16 19 19 198 42 88850 61028 25 220 18 23 21 24 198 35921 299 235489 25 220 20 17 23 23 198 623 287 56763 25 220 23 23 15 19 198 34930 269 59831 25 220 18 18 16 24 198 39304 667 61028 25 220 16 20 16 21 198 56 350 1644 59831 25 220 16 17 20 19 198 39 3253 710 3974 25 220 20 20 22 22 198 43 1506 53656 25 220 18 19 18 21 198 45 1524 335 2075 28975 25 220 21 15 17 19 198 65343 63294 25 220 17 16 23 20 198 89306 458 452 82319 25 220 21 22 16 21 198 51 21576 82596 25 220 22 18 16 20 198 2665 269 52582 25 220 21 17 24 23 198 45 51054 27466 25 220 20 15 15 22 198 24601 10211 49472 25 220 22 17 22 15 198 59605 82596 25 220 16 21 19 15 198 40 15190 63294 25 220 17 17 18 21 198 43 1506 16592 28100 25 220 24 18 20 19 198 23202 396 82596 25 220 17 16 17 24 198 89680 7509 39185 25 220 16 24 23 24 198 24601 10211 462 698 327 25 220 24 20 20 21 271 14162 25 3437 369 279 2528 1970 364 24480 63294 30 198 15666 25 561 2528 1970 364 24480 63294 369 220 16 24 23 24	331
r079/gold/q19	nll	5865 1970 18834 198 51 21576 40050 12297 25 220 18 24 24 20 198 46 23738 55240 25 220 21 18 17 16 198 24601 10211 61086 25 220 20 16 18 19 198 24601 10211 39185 25 220 16 17 23 21 198 92055 23773 12949 25 220 19 20 17 21 198 36 46419 61028 25 220 20 17 22 18 198 233511 629 17386 25 220 19 24 24 18 198 89680 7509 32442 54958 25 220 16 19 21 15 198 42 88850 207520 25 220 18 23 15 20 198 34930 269 82596 25 220 22 20 21 20 198 56 350 1644 5367 25 220 24 15 19 18 198 2196 319 49472 25 220 21 24 19 16 198 56 350 1644 49472 25 220 17 23 20 18 198 40 15190 39685 25 220 18 20 15 18 198 3320 2472 23773 12949 25 220 19 15 16 15 198 10786 64 63294 25 220 21 24 22 19 198 51 24685 462 698 327 25 220 21 22 19 24 198 50 1020 667 16592 28100 25 220 21 16 22 18 198 42 2075 49472 25 220 22 21 20 16 198 31795 1413 14315 48040 25 220 22 16 23 23 198 59605 462 698 327 25 220 22 16 24 16 198 233511 64683 14183 25 220 20 15 24 21 198 3320 2472 710 358 1091 6433 25 220 24 22 24 21 198 36 46419 39185 25 220 17 24 16 17 198 57 4493 23773 12949 25 220 22 15 23 22 198 59605 4254 2770 25 220 23 18 16 22 198 1106 268 67186 25 220 17 22 18 16 198 51 24685 27466 25 220 23 22 23 23 198 2665 269 32442 54958 25 220 23 21 20 15 198 83554 16592 28100 25 220 24 22 19 22 271 14162 25 3437 369 279 2528 1970 364 13065 1413 14315 48040 30 198 15666 25 561 2528 1970 364 13065 1413 14315 48040 369 220 22 16 23 23	345
r079/wrong/q19	nll	5865 1970 18834 198 51 21576 40050 12297 25 220 18 24 24 20 198 46 23738 55240 25 220 21 18 17 16 198 24601 10211 61086 25 220 20 16 18 19 198 24601 10211 39185 25 220 16 17 23 21 198 92055 23773 12949 25 220 19 20 17 21 198 36 46419 61028 25 220 20 17 22 18 198 233511 629 17386 25 220 19 24 24 18 198 89680 7509 32442 54958 25 220 16 19 21 15 198 42 88850 207520 25 220 18 23 15 20 198 34930 269 82596 25 220 22 20 21 20 198 56 350 1644 5367 25 220 24 15 19 18 198 2196 319 49472 25 220 21 24 19 16 198 56 350 1644 49472 25 220 17 23 20 18 198 40 15190 39685 25 220 18 20 15 18 198 3320 2472 23773 12949 25 220 19 15 16 15 198 10786 64 63294 25 220 21 24 22 19 198 51 24685 462 698 327 25 220 21 22 19 24 198 50 1020 667 16592 28100 25 220 21 16 22 18 198 42 2075 49472 25 220 22 21 20 16 198 31795 1413 14315 48040 25 220 22 16 23 23 198 59605 462 698 327 25 220 22 16 24 16 198 233511 64683 14183 25 220 20 15 24 21 198 3320 2472 710 358 1091 6433 25 220 24 22 24 21 198 36 46419 39185 25 220 17 24 16 17 198 57 4493 23773 12949 25 220 22 15 23 22 198 59605 4254 2770 25 220 23 18 16 22 198 1106 268 67186 25 220 17 22 18 16 198 51 24685 27466 25 220 23 22 23 23 198 2665 269 32442 54958 25 220 23 21 20 15 198 83554 16592 28100 25 220 24 22 19 22 271 14162 25 3437 369 279 2528 1970 364 13065 1413 14315 48040 30 198 15666 25 561 2528 1970 364 13065 1413 14315 48040 369 220 20 15 24 21	345
r080/gold/q20	nll	5865 1970 18834 198 43 1506 462 698 327 25 220 16 15 18 20 198 37 65435 41803 80831 25 220 17 21 15 23 198 27175 667 52582 25 220 20 24 15 17 198 56 4897 462 698 327 25 220 19 18 21 18 198 90979 78 710 3974 25 220 20 19 20 22 198 45 51054 16592 28100 25 220 18 24 19 15 198 51 2692 80 53656 25 220 19 19 15 21 198 10786 64 49472 25 220 24 16 22 17 198 3320 2472 73467 25 220 23 15 19 20 198 57 4493 63294 25 220 19 23 18 19 198 92055 55240 25 220 17 18 20 19 198 51 2692 80 28975 25 220 16 18 19 20 198 57 4493 61086 25 220 21 23 22 18 198 43 1506 36461 25 220 17 24 19 18 198 65343 496 4405 1891 25 220 22 22 21 23 198 51 2692 80 61028 25 220 17 21 19 18 198 37 65435 72925 25 220 22 22 22 24 198 51 24685 73467 25 220 20 15 15 16 198 45 1524 335 2075 462 698 327 25 220 21 18 19 24 198 51 21576 59405 85 25 220 23 16 23 23 198 46 23738 63294 25 220 20 21 19 19 198 23202 396 40050 12297 25 220 16 18 21 22 198 59605 55240 25 220 19 20 22 15 198 65343 23773 12949 25 220 23 17 17 17 198 27175 667 26342 67220 375 25 220 24 22 18 21 198 90979 78 496 4405 1891 25 220 18 16 22 24 198 39 3253 74092 25 220 16 24 24 22 198 36 46419 40050 12297 25 220 20 24 21 16 198 92055 59405 85 25 220 24 15 15 19 198 3320 2472 59831 25 220 24 22 21 17 271 14162 25 3437 369 279 2528 1970 364 29695 63294 30 198 15666 25 561 2528 1970 364 29695 63294 369 220 20 21 19 19	345
r080/wrong/q20	nll	5865 1970 18834 198 43 1506 462 698 327 25 220 16 15 18 20 198 37 65435 41803 80831 25 220 17 21 15 23 198 27175 667 52582 25 220 20 24 15 17 198 56 4897 462 698 327 25 220 19 18 21 18 198 90979 78 710 3974 25 220 20 19 20 22 198 45 51054 16592 28100 25 220 18 24 19 15 198 51 2692 80 53656 25 220 19 19 15 21 198 10786 64 49472 25 220 24 16 22 17 198 3320 2472 73467 25 220 23 15 19 20 198 57 4493 63294 25 220 19 23 18 19 198 92055 55240 25 220 17 18 20 19 198 51 2692 80 28975 25 220 16 18 19 20 198 57 4493 61086 25 220 21 23 22 18 198 43 1506 36461 25 220 17 24 19 18 198 65343 496 4405 1891 25 220 22 22 21 23 198 51 2692 80 61028 25 220 17 21 19 18 198 37 65435 72925 25 220 22 22 22 24 198 51 24685 73467 25 220 20 15 15 16 198 45 1524 335 2075 462 698 327 25 220 21 18 19 24 198 51 21576 59405 85 25 220 23 16 23 23 198 46 23738 63294 25 220 20 21 19 19 198 23202 396 40050 12297 25 220 16 18 21 22 198 59605 55240 25 220 19 20 22 15 198 65343 23773 12949 25 220 23 17 17 17 198 27175 667 26342 67220 375 25 220 24 22 18 21 198 90979 78 496 4405 1891 25 220 18 16 22 24 198 39 3253 74092 25 220 16 24 24 22 198 36 46419 40050 12297 25 220 20 24 21 16 198 92055 59405 85 25 220 24 15 15 19 198 3320 2472 59831 25 220 24 22 21 17 271 14162 25 3437 369 279 2528 1970 364 29695 63294 30 198 15666 25 561 2528 1970 364 29695 63294 369 220 20 24 15 17	345
r081/gold/q21	nll	5865 1970 18834 198 50 1020 667 28975 25 220 17 21 21 22 198 43 1506 227938 25 220 22 23 24 23 198 57 4897 458 452 82319 25 220 24 24 24 24 198 2229 10211 92372 25 220 24 19 20 21 198 50 1020 667 458 452 82319 25 220 24 17 19 23 198 45 51054 52582 25 220 20 21 16 23 198 57 4897 629 17386 25 220 16 18 24 16 198 89680 7509 40733 25 220 21 15 23 24 198 59605 78961 25 220 19 15 17 17 198 89680 7509 59405 85 25 220 20 15 17 20 198 2229 10211 40050 12297 25 220 16 17 15 19 198 51 24685 56763 25 220 20 21 19 22 198 56 350 1644 41803 80831 25 220 18 21 18 23 198 39 3253 28975 25 220 22 22 17 18 198 51 2692 80 4470 570 25 220 21 16 21 16 198 31795 1413 16592 28100 25 220 23 20 24 17 198 42 88850 4254 2770 25 220 19 23 22 21 198 49 2492 5709 78961 25 220 20 18 24 17 198 39 3253 4254 2770 25 220 19 17 17 15 198 51 21576 55240 25 220 18 16 17 24 198 89680 7509 56763 25 220 21 21 20 21 198 10786 64 458 452 82319 25 220 17 17 15 22 198 82433 93922 25 220 22 20 24 17 198 56 350 1644 16592 28100 25 220 20 16 20 18 198 6737 55747 52582 25 220 22 16 24 21 198 623 287 710 3974 25 220 21 18 23 19 198 233511 74092 25 220 22 24 23 17 198 35 1701 452 67186 25 220 18 18 19 17 198 65343 39185 25 220 21 17 22 15 198 1106 268 61028 25 220 22 17 22 21 271 14162 25 3437 369 279 2528 1970 364 48654 458 452 82319 30 198 15666 25 561 2528 1970 364 48654 458 452 82319 369 220 17 17 15 22	348
r081/wrong/q21	nll	5865 1970 18834 198 50 1020 667 28975 25 220 17 21 21 22 198 43 1506 227938 25 220 22 23 24 23 198 57 4897 458 452 82319 25 220 24 24 24 24 198 2229 10211 92372 25 220 24 19 20 21 198 50 1020 667 458 452 82319 25 220 24 17 19 23 198 45 51054 52582 25 220 20 21 16 23 198 57 4897 629 17386 25 220 16 18 24 16 198 89680 7509 40733 25 220 21 15 23 24 198 59605 78961 25 220 19 15 17 17 198 89680 7509 59405 85 25 220 20 15 17 20 198 2229 10211 40050 12297 25 220 16 17 15 19 198 51 24685 56763 25 220 20 21 19 22 198 56 350 1644 41803 80831 25 220 18 21 18 23 198 39 3253 28975 25 220 22 22 17 18 198 51 2692 80 4470 570 25 220 21 16 21 16 198 31795 1413 16592 28100 25 220 23 20 24 17 198 42 88850 4254 2770 25 220 19 23 22 21 198 49 2492 5709 78961 25 220 20 18 24 17 198 39 3253 4254 2770 25 220 19 17 17 15 198 51 21576 55240 25 220 18 16 17 24 198 89680 7509 56763 25 220 21 21 20 21 198 10786 64 458 452 82319 25 220 17 17 15 22 198 82433 93922 25 220 22 20 24 17 198 56 350 1644 16592 28100 25 220 20 16 20 18 198 6737 55747 52582 25 220 22 16 24 21 198 623 287 710 3974 25 220 21 18 23 19 198 233511 74092 25 220 22 24 23 17 198 35 1701 452 67186 25 220 18 18 19 17 198 65343 39185 25 220 21 17 22 15 198 1106 268 61028 25 220 22 17 22 21 271 14162 25 3437 369 279 2528 1970 364 48654 458 452 82319 30 198 15666 25 561 2528 1970 364 48654 458 452 82319 369 220 18 21 18 23	348
r082/gold/q22	nll	5865 1970 18834 198 10786 64 496 4405 1891 25 220 24 18 19 21 198 35921 299 462 698 327 25 220 24 15 23 19 198 2196 50557 72925 25 220 21 17 16 21 198 31795 1413 227938 25 220 17 18 22 21 198 43 1506 59405 85 25 220 23 23 19 23 198 57 4493 235489 25 220 16 22 20 24 198 39304 667 49346 25 220 16 23 16 19 198 56 350 1644 67186 25 220 23 15 18 21 198 51 2692 80 52582 25 220 23 21 17 21 198 39 3253 235489 25 220 18 20 22 19 198 23202 396 4470 570 25 220 24 17 22 17 198 51 24685 39185 25 220 16 21 24 18 198 54 268 46035 25 220 18 18 21 15 198 89680 7509 462 698 327 25 220 16 20 18 19 198 46 23738 59831 25 220 24 17 19 15 198 233511 41803 80831 25 220 20 24 24 17 198 42 2075 235489 25 220 20 23 19 16 198 83554 61028 25 220 18 24 21 22 198 56 4897 14315 48040 25 220 24 15 16 19 198 51 24685 64683 14183 25 220 22 19 18 16 198 83554 78961 25 220 21 16 20 23 198 43 1506 46035 25 220 21 19 16 18 198 3320 2472 49346 25 220 24 18 19 15 198 82433 4254 2770 25 220 22 21 21 21 198 43 1506 32442 54958 25 220 22 19 20 17 198 39304 667 72925 25 220 16 17 21 16 198 40 15190 39185 25 220 16 21 24 21 198 82433 49346 25 220 17 24 23 17 198 56 4897 34827 25 220 21 22 21 24 198 51 24685 63419 25 220 16 22 23 16 271 14162 25 3437 369 279 2528 1970 364 2732 2472 49346 30 198 15666 25 561 2528 1970 364 2732 2472 49346 369 220 24 18 19 15	337
r082/wrong/q22	nll	5865 1970 18834 198 10786 64 496 4405 1891 25 220 24 18 19 21 198 35921 299 462 698 327 25 220 24 15 23 19 198 2196 50557 72925 25 220 21 17 16 21 198 31795 1413 227938 25 220 17 18 22 21 198 43 1506 59405 85 25 220 23 23 19 23 198 57 4493 235489 25 220 16 22 20 24 198 39304 667 49346 25 220 16 23 16 19 198 56 350 1644 67186 25 220 23 15 18 21 198 51 2692 80 52582 25 220 23 21 17 21 198 39 3253 235489 25 220 18 20 22 19 198 23202 396 4470 570 25 220 24 17 22 17 198 51 24685 39185 25 220 16 21 24 18 198 54 268 46035 25 220 18 18 21 15 198 89680 7509 462 698 327 25 220 16 20 18 19 198 46 23738 59831 25 220 24 17 19 15 198 233511 41803 80831 25 220 20 24 24 17 198 42 2075 235489 25 220 20 23 19 16 198 83554 61028 25 220 18 24 21 22 198 56 4897 14315 48040 25 220 24 15 16 19 198 51 24685 64683 14183 25 220 22 19 18 16 198 83554 78961 25 220 21 16 20 23 198 43 1506 46035 25 220 21 19 16 18 198 3320 2472 49346 25 220 24 18 19 15 198 82433 4254 2770 25 220 22 21 21 21 198 43 1506 32442 54958 25 220 22 19 20 17 198 39304 667 72925 25 220 16 17 21 16 198 40 15190 39185 25 220 16 21 24 21 198 82433 49346 25 220 17 24 23 17 198 56 4897 34827 25 220 21 22 21 24 198 51 24685 63419 25 220 16 22 23 16 271 14162 25 3437 369 279 2528 1970 364 2732 2472 49346 30 198 15666 25 561 2528 1970 364 2732 2472 49346 369 220 16 23 16 19	337
r083/gold/q23	nll	5865 1970 18834 198 54 268 63419 25 220 22 23 15 18 198 56 4897 458 452 82319 25 220 16 15 23 15 198 57 4897 63294 25 220 16 16 17 17 198 2229 10211 32442 54958 25 220 17 22 15 16 198 1106 268 41803 80831 25 220 23 17 21 15 198 59605 39685 25 220 23 18 21 17 198 54 268 73467 25 220 22 21 22 22 198 54 268 28975 25 220 19 20 22 21 198 39 3253 36461 25 220 19 24 22 24 198 59605 207520 25 220 24 16 17 19 198 56 350 1644 39685 25 220 18 23 22 17 198 45 51054 64683 14183 25 220 16 20 22 20 198 42 88850 92372 25 220 24 16 18 23 198 2196 319 74092 25 220 24 19 18 17 198 40 15190 55240 25 220 21 19 24 24 198 40 15190 52582 25 220 20 15 24 23 198 54 268 53656 25 220 16 21 22 21 198 34930 269 92372 25 220 18 24 24 19 198 51 24685 235489 25 220 18 22 23 19 198 82433 36461 25 220 20 15 22 24 198 42 2075 27466 25 220 23 19 20 16 198 42 2075 16592 28100 25 220 20 15 15 20 198 2665 269 49346 25 220 20 21 20 22 198 57 4493 710 358 1091 6433 25 220 17 20 15 21 198 39 3253 27466 25 220 21 19 22 22 198 57 4493 52582 25 220 20 23 22 18 198 1106 268 73467 25 220 21 24 21 22 198 6737 55747 23773 12949 25 220 23 16 16 19 198 35921 299 16592 28100 25 220 18 22 21 21 198 623 287 78961 25 220 23 24 20 17 271 14162 25 3437 369 279 2528 1970 364 72102 710 358 1091 6433 30 198 15666 25 561 2528 1970 364 72102 710 358 1091 6433 369 220 17 20 15 21	340
r083/wrong/q23	nll	5865 1970 18834 198 54 268 63419 25 220 22 23 15 18 198 56 4897 458 452 82319 25 220 16 15 23 15 198 57 4897 63294 25 220 16 16 17 17 198 2229 10211 32442 54958 25 220 17 22 15 16 198 1106 268 41803 80831 25 220 23 17 21 15 198 59605 39685 25 220 23 18 21 17 198 54 268 73467 25 220 22 21 22 22 198 54 268 28975 25 220 19 20 22 21 198 39 3253 36461 25 220 19 24 22 24 198 59605 207520 25 220 24 16 17 19 198 56 350 1644 39685 25 220 18 23 22 17 198 45 51054 64683 14183 25 220 16 20 22 20 198 42 88850 92372 25 220 24 16 18 23 198 2196 319 74092 25 220 24 19 18 17 198 40 15190 55240 25 220 21 19 24 24 198 40 15190 52582 25 220 20 15 24 23 198 54 268 53656 25 220 16 21 22 21 198 34930 269 92372 25 220 18 24 24 19 198 51 24685 235489 25 220 18 22 23 19 198 82433 36461 25 220 20 15 22 24 198 42 2075 27466 25 220 23 19 20 16 198 42 2075 16592 28100 25 220 20 15 15 20 198 2665 269 49346 25 220 20 21 20 22 198 57 4493 710 358 1091 6433 25 220 17 20 15 21 198 39 3253 27466 25 220 21 19 22 22 198 57 4493 52582 25 220 20 23 22 18 198 1106 268 73467 25 220 21 24 21 22 198 6737 55747 23773 12949 25 220 23 16 16 19 198 35921 299 16592 28100 25 220 18 22 21 21 198 623 287 78961 25 220 23 24 20 17 271 14162 25 3437 369 279 2528 1970 364 72102 710 358 1091 6433 30 198 15666 25 561 2528 1970 364 72102 710 358 1091 6433 369 220 20 15 22 24	340
r084/gold/q24	nll	5865 1970 18834 198 46 23738 41803 80831 25 220 19 24 21 20 198 623 287 53656 25 220 22 24 23 18 198 5901 4897 93922 25 220 23 16 21 20 198 45 51054 49346 25 220 18 18 24 20 198 35921 299 55240 25 220 17 24 21 22 198 56 4897 235489 25 220 23 19 20 23 198 2229 10211 49346 25 220 23 18 23 23 198 2229 10211 53656 25 220 19 19 23 18 198 43 1506 462 698 327 25 220 24 22 23 17 198 51 24685 14315 48040 25 220 23 17 15 24 198 42 88850 710 3974 25 220 24 21 21 24 198 51 2692 80 93922 25 220 21 22 22 18 198 233511 496 4405 1891 25 220 24 24 15 19 198 49 2492 5709 32442 54958 25 220 22 19 22 16 198 233511 72925 25 220 18 23 19 18 198 6737 55747 710 358 1091 6433 25 220 16 18 17 15 198 89680 7509 5367 25 220 18 24 20 19 198 57 4897 49472 25 220 19 17 22 16 198 4904 4897 235489 25 220 20 20 16 15 198 56 4897 207520 25 220 19 15 19 23 198 1106 268 49346 25 220 22 23 22 24 198 2196 319 629 17386 25 220 16 23 24 21 198 65343 67186 25 220 24 16 22 17 198 31795 1413 61086 25 220 20 15 15 16 198 49 11642 53656 25 220 18 22 24 20 198 2665 269 55240 25 220 16 16 19 21 198 2196 319 235489 25 220 16 19 17 20 198 37 65435 61028 25 220 21 19 22 18 198 2196 319 61850 25 220 20 21 21 20 198 37 65435 63419 25 220 23 17 16 16 271 14162 25 3437 369 279 2528 1970 364 45265 53656 30 198 15666 25 561 2528 1970 364 45265 53656 369 220 18 22 24 20	336
r084/wrong/q24	nll	5865 1970 18834 198 46 23738 41803 80831 25 220 19 24 21 20 198 623 287 53656 25 220 22 24 23 18 198 5901 4897 93922 25 220 23 16 21 20 198 45 51054 49346 25 220 18 18 24 20 198 35921 299 55240 25 220 17 24 21 22 198 56 4897 235489 25 220 23 19 20 23 198 2229 10211 49346 25 220 23 18 23 23 198 2229 10211 53656 25 220 19 19 23 18 198 43 1506 462 698 327 25 220 24 22 23 17 198 51 24685 14315 48040 25 220 23 17 15 24 198 42 88850 710 3974 25 220 24 21 21 24 198 51 2692 80 93922 25 220 21 22 22 18 198 233511 496 4405 1891 25 220 24 24 15 19 198 49 2492 5709 32442 54958 25 220 22 19 22 16 198 233511 72925 25 220 18 23 19 18 198 6737 55747 710 358 1091 6433 25 220 16 18 17 15 198 89680 7509 5367 25 220 18 24 20 19 198 57 4897 49472 25 220 19 17 22 16 198 4904 4897 235489 25 220 20 20 16 15 198 56 4897 207520 25 220 19 15 19 23 198 1106 268 49346 25 220 22 23 22 24 198 2196 319 629 17386 25 220 16 23 24 21 198 65343 67186 25 220 24 16 22 17 198 31795 1413 61086 25 220 20 15 15 16 198 49 11642 53656 25 220 18 22 24 20 198 2665 269 55240 25 220 16 16 19 21 198 2196 319 235489 25 220 16 19 17 20 198 37 65435 61028 25 220 21 19 22 18 198 2196 319 61850 25 220 20 21 21 20 198 37 65435 63419 25 220 23 17 16 16 271 14162 25 3437 369 279 2528 1970 364 45265 53656 30 198 15666 25 561 2528 1970 364 45265 53656 369 220 19 15 19 23	336
r085/gold/q25	nll	5865 1970 18834 198 23202 396 63419 25 220 17 16 23 21 198 57 4493 23773 12949 25 220 24 21 19 20 198 623 287 56763 25 220 17 23 24 20 198 39 32389 61028 25 220 18 19 24 15 198 3320 2472 61850 25 220 19 20 18 15 198 92055 23773 12949 25 220 24 16 15 21 198 65343 36461 25 220 22 19 20 23 198 59605 74092 25 220 16 16 21 15 198 6737 55747 64683 14183 25 220 20 16 22 24 198 39304 667 40733 25 220 21 19 21 22 198 23202 396 40733 25 220 17 17 22 17 198 43 1506 41803 80831 25 220 22 19 15 17 198 24601 10211 61086 25 220 16 18 17 19 198 51 24685 59831 25 220 17 23 23 19 198 56 350 1644 59831 25 220 19 24 18 20 198 59605 235489 25 220 17 20 22 19 198 92055 36461 25 220 19 23 23 21 198 233511 40050 12297 25 220 21 23 18 16 198 49 11642 40050 12297 25 220 24 16 21 24 198 92055 458 452 82319 25 220 21 24 18 19 198 34930 269 4470 570 25 220 22 19 23 22 198 49 11642 73467 25 220 24 16 15 19 198 2229 10211 36461 25 220 24 19 19 17 198 45 1524 335 2075 207520 25 220 22 23 18 20 198 83554 235489 25 220 20 19 23 16 198 5901 4897 61850 25 220 16 24 22 24 198 35 1701 452 629 17386 25 220 22 19 19 19 198 65343 5367 25 220 18 15 21 15 198 37 65435 40050 12297 25 220 18 15 15 15 198 36 46419 74092 25 220 18 24 24 23 271 14162 25 3437 369 279 2528 1970 364 3194 4897 61850 30 198 15666 25 561 2528 1970 364 3194 4897 61850 369 220 16 24 22 24	333
r085/wrong/q25	nll	5865 1970 18834 198 23202 396 63419 25 220 17 16 23 21 198 57 4493 23773 12949 25 220 24 21 19 20 198 623 287 56763 25 220 17 23 24 20 198 39 32389 61028 25 220 18 19 24 15 198 3320 2472 61850 25 220 19 20 18 15 198 92055 23773 12949 25 220 24 16 15 21 198 65343 36461 25 220 22 19 20 23 198 59605 74092 25 220 16 16 21 15 198 6737 55747 64683 14183 25 220 20 16 22 24 198 39304 667 40733 25 220 21 19 21 22 198 23202 396 40733 25 220 17 17 22 17 198 43 1506 41803 80831 25 220 22 19 15 17 198 24601 10211 61086 25 220 16 18 17 19 198 51 24685 59831 25 220 17 23 23 19 198 56 350 1644 59831 25 220 19 24 18 20 198 59605 235489 25 220 17 20 22 19 198 92055 36461 25 220 19 23 23 21 198 233511 40050 12297 25 220 21 23 18 16 198 49 11642 40050 12297 25 220 24 16 21 24 198 92055 458 452 82319 25 220 21 24 18 19 198 34930 269 4470 570 25 220 22 19 23 22 198 49 11642 73467 25 220 24 16 15 19 198 2229 10211 36461 25 220 24 19 19 17 198 45 1524 335 2075 207520 25 220 22 23 18 20 198 83554 235489 25 220 20 19 23 16 198 5901 4897 61850 25 220 16 24 22 24 198 35 1701 452 629 17386 25 220 22 19 19 19 198 65343 5367 25 220 18 15 21 15 198 37 65435 40050 12297 25 220 18 15 15 15 198 36 46419 74092 25 220 18 24 24 23 271 14162 25 3437 369 279 2528 1970 364 3194 4897 61850 30 198 15666 25 561 2528 1970 364 3194 4897 61850 369 220 17 23 23 19	333
r086/gold/q26	nll	5865 1970 18834 198 90979 78 5367 25 220 22 24 22 18 198 46 23738 5367 25 220 20 19 19 18 198 623 287 4470 570 25 220 18 23 23 17 198 24601 10211 458 452 82319 25 220 17 18 16 15 198 623 287 40050 12297 25 220 16 15 18 22 198 10786 64 40050 12297 25 220 19 21 22 18 198 56 350 1644 710 358 1091 6433 25 220 21 24 15 18 198 89680 7509 61086 25 220 23 24 20 19 198 2196 319 16592 28100 25 220 18 24 18 20 198 6737 55747 64683 14183 25 220 21 18 24 19 198 2229 10211 64683 14183 25 220 20 22 15 21 198 27175 667 61086 25 220 19 22 23 18 198 2196 319 82596 25 220 21 15 16 23 198 43 1506 49346 25 220 16 20 21 21 198 42 2075 235489 25 220 23 21 20 15 198 54 268 40050 12297 25 220 16 20 15 17 198 82433 49346 25 220 18 22 22 15 198 36 46419 56763 25 220 18 16 18 16 198 42 2075 61086 25 220 20 15 19 18 198 45 51054 227938 25 220 20 16 21 21 198 36 46419 710 3974 25 220 19 22 15 22 198 49 2492 5709 55240 25 220 16 20 17 18 198 51 2692 80 61850 25 220 22 23 17 19 198 34930 269 40733 25 220 19 18 22 17 198 23202 396 4254 2770 25 220 20 18 15 20 198 49 2492 5709 4470 570 25 220 21 19 22 16 198 4904 4897 27466 25 220 18 20 15 16 198 51 24685 710 3974 25 220 21 20 19 22 198 5901 4897 5367 25 220 17 23 15 22 198 35 1701 452 41803 80831 25 220 19 22 18 17 271 14162 25 3437 369 279 2528 1970 364 48854 27466 30 198 15666 25 561 2528 1970 364 48854 27466 369 220 18 20 15 16	346
r086/wrong/q26	nll	5865 1970 18834 198 90979 78 5367 25 220 22 24 22 18 198 46 23738 5367 25 220 20 19 19 18 198 623 287 4470 570 25 220 18 23 23 17 198 24601 10211 458 452 82319 25 220 17 18 16 15 198 623 287 40050 12297 25 220 16 15 18 22 198 10786 64 40050 12297 25 220 19 21 22 18 198 56 350 1644 710 358 1091 6433 25 220 21 24 15 18 198 89680 7509 61086 25 220 23 24 20 19 198 2196 319 16592 28100 25 220 18 24 18 20 198 6737 55747 64683 14183 25 220 21 18 24 19 198 2229 10211 64683 14183 25 220 20 22 15 21 198 27175 667 61086 25 220 19 22 23 18 198 2196 319 82596 25 220 21 15 16 23 198 43 1506 49346 25 220 16 20 21 21 198 42 2075 235489 25 220 23 21 20 15 198 54 268 40050 12297 25 220 16 20 15 17 198 82433 49346 25 220 18 22 22 15 198 36 46419 56763 25 220 18 16 18 16 198 42 2075 61086 25 220 20 15 19 18 198 45 51054 227938 25 220 20 16 21 21 198 36 46419 710 3974 25 220 19 22 15 22 198 49 2492 5709 55240 25 220 16 20 17 18 198 51 2692 80 61850 25 220 22 23 17 19 198 34930 269 40733 25 220 19 18 22 17 198 23202 396 4254 2770 25 220 20 18 15 20 198 49 2492 5709 4470 570 25 220 21 19 22 16 198 4904 4897 27466 25 220 18 20 15 16 198 51 24685 710 3974 25 220 21 20 19 22 198 5901 4897 5367 25 220 17 23 15 22 198 35 1701 452 41803 80831 25 220 19 22 18 17 271 14162 25 3437 369 279 2528 1970 364 48854 27466 30 198 15666 25 561 2528 1970 364 48854 27466 369 220 18 22 22 15	346
r087/gold/q27	nll	5865 1970 18834 198 51 24685 73467 25 220 18 19 17 20 198 24601 10211 40050 12297 25 220 23 18 17 21 198 36 46419 67186 25 220 19 20 19 17 198 233511 41803 80831 25 220 21 19 20 24 198 10786 64 4470 570 25 220 16 23 16 21 198 89306 73467 25 220 19 21 22 21 198 3320 2472 93922 25 220 17 21 21 22 198 57 4897 39685 25 220 21 19 18 15 198 5901 4897 61086 25 220 19 18 21 20 198 83554 710 3974 25 220 16 18 23 23 198 57 4897 23773 12949 25 220 18 19 21 24 198 42 2075 710 358 1091 6433 25 220 21 16 18 19 198 4904 4897 49472 25 220 22 21 19 21 198 40 15190 458 452 82319 25 220 22 22 24 20 198 42 88850 28975 25 220 21 23 24 22 198 57 4897 61086 25 220 16 18 24 17 198 49 2492 5709 46035 25 220 21 17 23 22 198 89306 40050 12297 25 220 19 15 17 15 198 6737 55747 28975 25 220 18 20 24 15 198 3320 2472 63294 25 220 17 16 16 22 198 31795 1413 72925 25 220 24 23 22 23 198 27175 667 39185 25 220 17 22 17 22 198 49 11642 462 698 327 25 220 19 24 20 18 198 49 11642 40050 12297 25 220 17 22 16 24 198 39 3253 67186 25 220 24 24 18 19 198 92055 41803 80831 25 220 17 17 16 15 198 51 21576 61850 25 220 19 20 22 23 198 623 287 67186 25 220 18 21 18 17 198 2196 50557 23773 12949 25 220 20 18 22 15 198 51 24685 40050 12297 25 220 20 20 19 21 271 14162 25 3437 369 279 2528 1970 364 733 287 67186 30 198 15666 25 561 2528 1970 364 733 287 67186 369 220 18 21 18 17	340
r087/wrong/q27	nll	5865 1970 18834 198 51 24685 73467 25 220 18 19 17 20 198 24601 10211 40050 12297 25 220 23 18 17 21 198 36 46419 67186 25 220 19 20 19 17 198 233511 41803 80831 25 220 21 19 20 24 198 10786 64 4470 570 25 220 16 23 16 21 198 89306 73467 25 220 19 21 22 21 198 3320 2472 93922 25 220 17 21 21 22 198 57 4897 39685 25 220 21 19 18 15 198 5901 4897 61086 25 220 19 18 21 20 198 83554 710 3974 25 220 16 18 23 23 198 57 4897 23773 12949 25 220 18 19 21 24 198 42 2075 710 358 1091 6433 25 220 21 16 18 19 198 4904 4897 49472 25 220 22 21 19 21 198 40 15190 458 452 82319 25 220 22 22 24 20 198 42 88850 28975 25 220 21 23 24 22 198 57 4897 61086 25 220 16 18 24 17 198 49 2492 5709 46035 25 220 21 17 23 22 198 89306 40050 12297 25 220 19 15 17 15 198 6737 55747 28975 25 220 18 20 24 15 198 3320 2472 63294 25 220 17 16 16 22 198 31795 1413 72925 25 220 24 23 22 23 198 27175 667 39185 25 220 17 22 17 22 198 49 11642 462 698 327 25 220 19 24 20 18 198 49 11642 40050 12297 25 220 17 22 16 24 198 39 3253 67186 25 220 24 24 18 19 198 92055 41803 80831 25 220 17 17 16 15 198 51 21576 61850 25 220 19 20 22 23 198 623 287 67186 25 220 18 21 18 17 198 2196 50557 23773 12949 25 220 20 18 22 15 198 51 24685 40050 12297 25 220 20 20 19 21 271 14162 25 3437 369 279 2528 1970 364 733 287 67186 30 198 15666 25 561 2528 1970 364 733 287 67186 369 220 17 22 16 24	340
r088/gold/q28	nll	5865 1970 18834 198 56 350 1644 64683 14183 25 220 17 17 15 22 198 49 11642 92372 25 220 17 18 19 21 198 5901 4897 82596 25 220 21 18 19 22 198 27175 667 92372 25 220 23 18 15 16 198 2665 269 458 452 82319 25 220 19 24 24 21 198 42 2075 72925 25 220 16 22 23 20 198 92055 63419 25 220 24 18 22 19 198 89680 7509 74092 25 220 22 20 17 23 198 54 268 23773 12949 25 220 23 24 20 17 198 35921 299 1799 33852 1482 25 220 17 18 17 18 198 35921 299 235489 25 220 21 19 19 15 198 27175 667 53656 25 220 16 23 21 17 198 31795 1413 59831 25 220 23 15 23 18 198 39304 667 710 358 1091 6433 25 220 20 20 17 21 198 2665 269 36461 25 220 16 22 16 23 198 10786 64 93922 25 220 24 18 17 22 198 3320 2472 59405 85 25 220 16 16 21 20 198 83554 40050 12297 25 220 17 16 24 21 198 42 88850 40733 25 220 23 18 21 18 198 56 4897 49346 25 220 23 17 21 19 198 2665 269 227938 25 220 16 20 19 18 198 46 23738 39685 25 220 24 22 24 22 198 56 350 1644 26342 67220 375 25 220 18 17 21 22 198 59605 78961 25 220 16 16 15 17 198 2665 269 56763 25 220 17 18 24 16 198 31795 1413 16592 28100 25 220 17 22 21 22 198 49 11642 59831 25 220 22 16 22 23 198 45 1524 335 2075 72925 25 220 24 24 17 20 198 6737 55747 39685 25 220 22 16 17 24 198 51 21576 28975 25 220 19 18 15 23 271 14162 25 3437 369 279 2528 1970 364 1587 55747 39685 30 198 15666 25 561 2528 1970 364 1587 55747 39685 369 220 22 16 17 24	342
r088/wrong/q28	nll	5865 1970 18834 198 56 350 1644 64683 14183 25 220 17 17 15 22 198 49 11642 92372 25 220 17 18 19 21 198 5901 4897 82596 25 220 21 18 19 22 198 27175 667 92372 25 220 23 18 15 16 198 2665 269 458 452 82319 25 220 19 24 24 21 198 42 2075 72925 25 220 16 22 23 20 198 92055 63419 25 220 24 18 22 19 198 89680 7509 74092 25 220 22 20 17 23 198 54 268 23773 12949 25 220 23 24 20 17 198 35921 299 1799 33852 1482 25 220 17 18 17 18 198 35921 299 235489 25 220 21 19 19 15 198 27175 667 53656 25 220 16 23 21 17 198 31795 1413 59831 25 220 23 15 23 18 198 39304 667 710 358 1091 6433 25 220 20 20 17 21 198 2665 269 36461 25 220 16 22 16 23 198 10786 64 93922 25 220 24 18 17 22 198 3320 2472 59405 85 25 220 16 16 21 20 198 83554 40050 12297 25 220 17 16 24 21 198 42 88850 40733 25 220 23 18 21 18 198 56 4897 49346 25 220 23 17 21 19 198 2665 269 227938 25 220 16 20 19 18 198 46 23738 39685 25 220 24 22 24 22 198 56 350 1644 26342 67220 375 25 220 18 17 21 22 198 59605 78961 25 220 16 16 15 17 198 2665 269 56763 25 220 17 18 24 16 198 31795 1413 16592 28100 25 220 17 22 21 22 198 49 11642 59831 25 220 22 16 22 23 198 45 1524 335 2075 72925 25 220 24 24 17 20 198 6737 55747 39685 25 220 22 16 17 24 198 51 21576 28975 25 220 19 18 15 23 271 14162 25 3437 369 279 2528 1970 364 1587 55747 39685 30 198 15666 25 561 2528 1970 364 1587 55747 39685 369 220 20 20 17 21	342
r089/gold/q29	nll	5865 1970 18834 198 51 21576 227938 25 220 20 17 24 20 198 623 287 36461 25 220 19 22 17 22 198 2665 269 458 452 82319 25 220 22 21 24 23 198 37 65435 235489 25 220 17 18 18 15 198 5901 4897 49472 25 220 18 22 15 22 198 39 32389 67186 25 220 17 15 17 17 198 51 24685 55240 25 220 20 19 22 16 198 51 21576 72925 25 220 21 23 23 23 198 59605 63294 25 220 22 20 21 24 198 45 1524 335 2075 82596 25 220 19 15 17 23 198 35921 299 61086 25 220 23 15 22 17 198 37 65435 710 358 1091 6433 25 220 16 24 21 19 198 89306 710 3974 25 220 21 16 21 24 198 49 11642 46035 25 220 20 22 22 17 198 83554 52582 25 220 19 16 24 20 198 89306 40733 25 220 22 16 24 22 198 42 2075 207520 25 220 21 16 15 15 198 51 24685 1799 33852 1482 25 220 22 15 23 23 198 233511 92372 25 220 21 20 21 21 198 89306 36461 25 220 16 24 17 17 198 49 2492 5709 34827 25 220 17 18 22 23 198 92055 16592 28100 25 220 21 17 17 20 198 36 46419 40050 12297 25 220 20 22 22 16 198 2665 269 49346 25 220 21 17 17 18 198 39 32389 235489 25 220 24 18 16 22 198 10786 64 1799 33852 1482 25 220 19 20 22 21 198 50 1020 667 78961 25 220 18 19 18 24 198 92055 59831 25 220 20 21 19 24 198 34930 269 28975 25 220 17 18 15 24 198 82433 72925 25 220 17 21 24 16 271 14162 25 3437 369 279 2528 1970 364 33051 72925 30 198 15666 25 561 2528 1970 364 33051 72925 369 220 17 21 24 16	332
r089/wrong/q29	nll	5865 1970 18834 198 51 21576 227938 25 220 20 17 24 20 198 623 287 36461 25 220 19 22 17 22 198 2665 269 458 452 82319 25 220 22 21 24 23 198 37 65435 235489 25 220 17 18 18 15 198 5901 4897 49472 25 220 18 22 15 22 198 39 32389 67186 25 220 17 15 17 17 198 51 24685 55240 25 220 20 19 22 16 198 51 21576 72925 25 220 21 23 23 23 198 59605 63294 25 220 22 20 21 24 198 45 1524 335 2075 82596 25 220 19 15 17 23 198 35921 299 61086 25 220 23 15 22 17 198 37 65435 710 358 1091 6433 25 220 16 24 21 19 198 89306 710 3974 25 220 21 16 21 24 198 49 11642 46035 25 220 20 22 22 17 198 83554 52582 25 220 19 16 24 20 198 89306 40733 25 220 22 16 24 22 198 42 2075 207520 25 220 21 16 15 15 198 51 24685 1799 33852 1482 25 220 22 15 23 23 198 233511 92372 25 220 21 20 21 21 198 89306 36461 25 220 16 24 17 17 198 49 2492 5709 34827 25 220 17 18 22 23 198 92055 16592 28100 25 220 21 17 17 20 198 36 46419 40050 12297 25 220 20 22 22 16 198 2665 269 49346 25 220 21 17 17 18 198 39 32389 235489 25 220 24 18 16 22 198 10786 64 1799 33852 1482 25 220 19 20 22 21 198 50 1020 667 78961 25 220 18 19 18 24 198 92055 59831 25 220 20 21 19 24 198 34930 269 28975 25 220 17 18 15 24 198 82433 72925 25 220 17 21 24 16 271 14162 25 3437 369 279 2528 1970 364 33051 72925 30 198 15666 25 561 2528 1970 364 33051 72925 369 220 20 17 24 20	332
r090/gold/q0	nll	5865 1970 18834 198 2196 319 4254 2770 25 220 18 24 22 20 198 36 46419 52582 25 220 22 18 18 20 198 2665 269 14315 48040 25 220 16 15 22 18 198 37 65435 496 4405 1891 25 220 19 20 23 20 198 59605 207520 25 220 20 15 15 22 198 51 24685 61086 25 220 20 22 17 15 198 37 65435 49472 25 220 19 19 18 18 198 45 51054 61028 25 220 21 23 21 24 198 31795 1413 49346 25 220 17 15 22 15 198 39 3253 14315 48040 25 220 24 23 18 17 198 24601 10211 710 3974 25 220 16 15 21 23 198 56 4897 41803 80831 25 220 18 23 23 22 198 2196 50557 36461 25 220 24 17 15 22 198 40 15190 49472 25 220 22 23 22 17 198 39304 667 63294 25 220 18 16 22 23 198 24601 10211 61028 25 220 17 20 19 23 198 5901 4897 52582 25 220 22 19 22 23 198 34930 269 41803 80831 25 220 21 16 21 23 198 2229 10211 34827 25 220 22 16 21 21 198 49 11642 458 452 82319 25 220 21 18 19 16 198 59605 39685 25 220 24 19 17 23 198 36 46419 92372 25 220 16 22 20 18 198 23202 396 40050 12297 25 220 17 17 18 21 198 40 15190 235489 25 220 22 21 19 23 198 2196 50557 56763 25 220 20 16 16 15 198 51 24685 49472 25 220 23 23 15 20 198 2196 319 82596 25 220 23 19 18 16 198 90979 78 458 452 82319 25 220 24 21 23 16 198 40 15190 93922 25 220 23 16 15 16 198 50 1020 667 46035 25 220 18 20 19 24 271 14162 25 3437 369 279 2528 1970 364 84699 4254 2770 30 198 15666 25 561 2528 1970 364 84699 4254 2770 369 220 18 24 22 20	339
r090/wrong/q0	nll	5865 1970 18834 198 2196 319 4254 2770 25 220 18 24 22 20 198 36 46419 52582 25 220 22 18 18 20 198 2665 269 14315 48040 25 220 16 15 22 18 198 37 65435 496 4405 1891 25 220 19 20 23 20 198 59605 207520 25 220 20 15 15 22 198 51 24685 61086 25 220 20 22 17 15 198 37 65435 49472 25 220 19 19 18 18 198 45 51054 61028 25 220 21 23 21 24 198 31795 1413 49346 25 220 17 15 22 15 198 39 3253 14315 48040 25 220 24 23 18 17 198 24601 10211 710 3974 25 220 16 15 21 23 198 56 4897 41803 80831 25 220 18 23 23 22 198 2196 50557 36461 25 220 24 17 15 22 198 40 15190 49472 25 220 22 23 22 17 198 39304 667 63294 25 220 18 16 22 23 198 24601 10211 61028 25 220 17 20 19 23 198 5901 4897 52582 25 220 22 19 22 23 198 34930 269 41803 80831 25 220 21 16 21 23 198 2229 10211 34827 25 220 22 16 21 21 198 49 11642 458 452 82319 25 220 21 18 19 16 198 59605 39685 25 220 24 19 17 23 198 36 46419 92372 25 220 16 22 20 18 198 23202 396 40050 12297 25 220 17 17 18 21 198 40 15190 235489 25 220 22 21 19 23 198 2196 50557 56763 25 220 20 16 16 15 198 51 24685 49472 25 220 23 23 15 20 198 2196 319 82596 25 220 23 19 18 16 198 90979 78 458 452 82319 25 220 24 21 23 16 198 40 15190 93922 25 220 23 16 15 16 198 50 1020 667 46035 25 220 18 20 19 24 271 14162 25 3437 369 279 2528 1970 364 84699 4254 2770 30 198 15666 25 561 2528 1970 364 84699 4254 2770 369 220 22 18 18 20	339
r091/gold/q1	nll	5865 1970 18834 198 49 11642 235489 25 220 17 19 22 24 198 56 350 1644 72925 25 220 16 15 22 15 198 89680 7509 55240 25 220 23 17 17 23 198 65343 34827 25 220 23 21 23 15 198 65343 61850 25 220 18 15 17 17 198 233511 49346 25 220 24 15 20 20 198 51 2692 80 82596 25 220 22 24 20 24 198 2196 319 710 358 1091 6433 25 220 24 19 20 24 198 45 51054 56763 25 220 19 16 21 21 198 82433 61850 25 220 21 19 24 17 198 23202 396 63294 25 220 19 18 17 24 198 51 21576 61028 25 220 16 15 17 16 198 42 88850 72925 25 220 16 21 17 16 198 56 350 1644 93922 25 220 20 19 16 15 198 1106 268 39185 25 220 22 16 24 15 198 45 1524 335 2075 49472 25 220 23 16 20 20 198 39 32389 36461 25 220 18 24 20 23 198 89680 7509 72925 25 220 22 15 16 16 198 51 2692 80 207520 25 220 16 15 19 16 198 49 11642 629 17386 25 220 22 19 17 20 198 92055 49346 25 220 17 15 23 21 198 24601 10211 49346 25 220 24 17 19 19 198 623 287 28975 25 220 17 21 18 22 198 2196 319 93922 25 220 23 19 20 22 198 50 1020 667 53656 25 220 16 19 20 15 198 56 350 1644 26342 67220 375 25 220 19 16 17 21 198 34930 269 34827 25 220 19 19 19 23 198 92055 39185 25 220 23 16 24 23 198 45 1524 335 2075 56763 25 220 22 15 17 24 198 2665 269 28975 25 220 21 22 23 21 271 14162 25 3437 369 279 2528 1970 364 220348 72925 30 198 15666 25 561 2528 1970 364 220348 72925 369 220 16 15 22 15	335
r091/wrong/q1	nll	5865 1970 18834 198 49 11642 235489 25 220 17 19 22 24 198 56 350 1644 72925 25 220 16 15 22 15 198 89680 7509 55240 25 220 23 17 17 23 198 65343 34827 25 220 23 21 23 15 198 65343 61850 25 220 18 15 17 17 198 233511 49346 25 220 24 15 20 20 198 51 2692 80 82596 25 220 22 24 20 24 198 2196 319 710 358 1091 6433 25 220 24 19 20 24 198 45 51054 56763 25 220 19 16 21 21 198 82433 61850 25 220 21 19 24 17 198 23202 396 63294 25 220 19 18 17 24 198 51 21576 61028 25 220 16 15 17 16 198 42 88850 72925 25 220 16 21 17 16 198 56 350 1644 93922 25 220 20 19 16 15 198 1106 268 39185 25 220 22 16 24 15 198 45 1524 335 2075 49472 25 220 23 16 20 20 198 39 32389 36461 25 220 18 24 20 23 198 89680 7509 72925 25 220 22 15 16 16 198 51 2692 80 207520 25 220 16 15 19 16 198 49 11642 629 17386 25 220 22 19 17 20 198 92055 49346 25 220 17 15 23 21 198 24601 10211 49346 25 220 24 17 19 19 198 623 287 28975 25 220 17 21 18 22 198 2196 319 93922 25 220 23 19 20 22 198 50 1020 667 53656 25 220 16 19 20 15 198 56 350 1644 26342 67220 375 25 220 19 16 17 21 198 34930 269 34827 25 220 19 19 19 23 198 92055 39185 25 220 23 16 24 23 198 45 1524 335 2075 56763 25 220 22 15 17 24 198 2665 269 28975 25 220 21 22 23 21 271 14162 25 3437 369 279 2528 1970 364 220348 72925 30 198 15666 25 561 2528 1970 364 220348 72925 369 220 24 17 19 19	335
r092/gold/q2	nll	5865 1970 18834 198 54 268 629 17386 25 220 22 23 23 22 198 45 51054 61850 25 220 16 21 17 21 198 56 350 1644 63419 25 220 21 18 19 22 198 27175 667 59831 25 220 17 20 16 21 198 54 268 4254 2770 25 220 16 15 17 20 198 31795 1413 92372 25 220 20 23 24 24 198 51 24685 26342 67220 375 25 220 16 22 17 22 198 82433 23773 12949 25 220 19 21 15 17 198 5901 4897 74092 25 220 24 16 23 18 198 59605 5367 25 220 23 19 18 19 198 54 268 56763 25 220 16 24 23 24 198 59605 26342 67220 375 25 220 21 21 18 24 198 45 51054 23773 12949 25 220 22 21 23 18 198 92055 34827 25 220 22 24 15 19 198 4904 4897 61028 25 220 21 17 16 17 198 46 23738 26342 67220 375 25 220 18 15 15 21 198 233511 34827 25 220 19 15 22 16 198 40 15190 227938 25 220 16 19 20 19 198 4904 4897 49472 25 220 21 22 22 23 198 49 11642 41803 80831 25 220 16 17 23 17 198 39 3253 710 3974 25 220 21 15 22 18 198 45 51054 5367 25 220 22 18 17 22 198 50 1020 667 46035 25 220 21 17 15 18 198 92055 39685 25 220 18 24 19 24 198 39 3253 73467 25 220 21 19 24 16 198 37 65435 61028 25 220 21 21 23 17 198 56 350 1644 227938 25 220 17 24 24 23 198 40 15190 61028 25 220 23 20 20 17 198 51 21576 92372 25 220 20 21 17 21 198 49 11642 1799 33852 1482 25 220 21 16 23 19 271 14162 25 3437 369 279 2528 1970 364 220348 63419 30 198 15666 25 561 2528 1970 364 220348 63419 369 220 21 18 19 22	336
r092/wrong/q2	nll	5865 1970 18834 198 54 268 629 17386 25 220 22 23 23 22 198 45 51054 61850 25 220 16 21 17 21 198 56 350 1644 63419 25 220 21 18 19 22 198 27175 667 59831 25 220 17 20 16 21 198 54 268 4254 2770 25 220 16 15 17 20 198 31795 1413 92372 25 220 20 23 24 24 198 51 24685 26342 67220 375 25 220 16 22 17 22 198 82433 23773 12949 25 220 19 21 15 17 198 5901 4897 74092 25 220 24 16 23 18 198 59605 5367 25 220 23 19 18 19 198 54 268 56763 25 220 16 24 23 24 198 59605 26342 67220 375 25 220 21 21 18 24 198 45 51054 23773 12949 25 220 22 21 23 18 198 92055 34827 25 220 22 24 15 19 198 4904 4897 61028 25 220 21 17 16 17 198 46 23738 26342 67220 375 25 220 18 15 15 21 198 233511 34827 25 220 19 15 22 16 198 40 15190 227938 25 220 16 19 20 19 198 4904 4897 49472 25 220 21 22 22 23 198 49 11642 41803 80831 25 220 16 17 23 17 198 39 3253 710 3974 25 220 21 15 22 18 198 45 51054 5367 25 220 22 18 17 22 198 50 1020 667 46035 25 220 21 17 15 18 198 92055 39685 25 220 18 24 19 24 198 39 3253 73467 25 220 21 19 24 16 198 37 65435 61028 25 220 21 21 23 17 198 56 350 1644 227938 25 220 17 24 24 23 198 40 15190 61028 25 220 23 20 20 17 198 51 21576 92372 25 220 20 21 17 21 198 49 11642 1799 33852 1482 25 220 21 16 23 19 271 14162 25 3437 369 279 2528 1970 364 220348 63419 30 198 15666 25 561 2528 1970 364 220348 63419 369 220 21 15 22 18	336
r093/gold/q3	nll	5865 1970 18834 198 50 1020 667 78961 25 220 22 21 17 15 198 51 2692 80 73467 25 220 17 21 22 22 198 39 32389 61086 25 220 16 18 23 16 198 42 2075 72925 25 220 18 20 17 22 198 233511 496 4405 1891 25 220 24 22 20 21 198 59605 40733 25 220 23 17 22 24 198 43 1506 4254 2770 25 220 20 17 21 21 198 4904 4897 63419 25 220 21 15 17 20 198 6737 55747 41803 80831 25 220 23 19 19 20 198 10786 64 496 4405 1891 25 220 24 17 24 19 198 51 2692 80 61850 25 220 24 16 22 20 198 51 21576 34827 25 220 22 16 21 17 198 39304 667 23773 12949 25 220 24 19 24 23 198 23202 396 458 452 82319 25 220 20 21 21 22 198 59605 28975 25 220 20 18 21 16 198 5901 4897 40050 12297 25 220 23 15 16 20 198 51 2692 80 74092 25 220 16 23 16 19 198 23202 396 235489 25 220 24 23 20 17 198 51 24685 52582 25 220 16 17 23 23 198 233511 39685 25 220 18 19 22 20 198 42 88850 64683 14183 25 220 18 18 21 15 198 623 287 61850 25 220 23 15 19 22 198 50 1020 667 1799 33852 1482 25 220 17 19 19 21 198 45 51054 41803 80831 25 220 21 24 21 23 198 56 350 1644 1799 33852 1482 25 220 18 17 15 20 198 82433 5367 25 220 19 20 18 24 198 10786 64 41803 80831 25 220 22 19 20 22 198 49 2492 5709 46035 25 220 21 16 19 22 198 49 2492 5709 64683 14183 25 220 22 24 15 24 198 51 2692 80 28975 25 220 24 24 20 21 271 14162 25 3437 369 279 2528 1970 364 48907 72925 30 198 15666 25 561 2528 1970 364 48907 72925 369 220 18 20 17 22	347
r093/wrong/q3	nll	5865 1970 18834 198 50 1020 667 78961 25 220 22 21 17 15 198 51 2692 80 73467 25 220 17 21 22 22 198 39 32389 61086 25 220 16 18 23 16 198 42 2075 72925 25 220 18 20 17 22 198 233511 496 4405 1891 25 220 24 22 20 21 198 59605 40733 25 220 23 17 22 24 198 43 1506 4254 2770 25 220 20 17 21 21 198 4904 4897 63419 25 220 21 15 17 20 198 6737 55747 41803 80831 25 220 23 19 19 20 198 10786 64 496 4405 1891 25 220 24 17 24 19 198 51 2692 80 61850 25 220 24 16 22 20 198 51 21576 34827 25 220 22 16 21 17 198 39304 667 23773 12949 25 220 24 19 24 23 198 23202 396 458 452 82319 25 220 20 21 21 22 198 59605 28975 25 220 20 18 21 16 198 5901 4897 40050 12297 25 220 23 15 16 20 198 51 2692 80 74092 25 220 16 23 16 19 198 23202 396 235489 25 220 24 23 20 17 198 51 24685 52582 25 220 16 17 23 23 198 233511 39685 25 220 18 19 22 20 198 42 88850 64683 14183 25 220 18 18 21 15 198 623 287 61850 25 220 23 15 19 22 198 50 1020 667 1799 33852 1482 25 220 17 19 19 21 198 45 51054 41803 80831 25 220 21 24 21 23 198 56 350 1644 1799 33852 1482 25 220 18 17 15 20 198 82433 5367 25 220 19 20 18 24 198 10786 64 41803 80831 25 220 22 19 20 22 198 49 2492 5709 46035 25 220 21 16 19 22 198 49 2492 5709 64683 14183 25 220 22 24 15 24 198 51 2692 80 28975 25 220 24 24 20 21 271 14162 25 3437 369 279 2528 1970 364 48907 72925 30 198 15666 25 561 2528 1970 364 48907 72925 369 220 24 17 24 19	347
r094/gold/q4	nll	5865 1970 18834 198 35921 299 227938 25 220 20 19 21 17 198 5901 4897 36461 25 220 18 15 18 23 198 51 21576 34827 25 220 19 17 22 21 198 40 15190 32442 54958 25 220 21 18 22 24 198 57 4493 207520 25 220 21 15 20 24 198 2665 269 59831 25 220 19 24 20 20 198 1106 268 41803 80831 25 220 21 18 18 21 198 42 2075 27466 25 220 22 24 18 22 198 51 21576 26342 67220 375 25 220 18 17 17 20 198 27175 667 27466 25 220 17 16 19 21 198 90979 78 227938 25 220 21 17 21 19 198 45 51054 39185 25 220 24 20 21 18 198 59605 496 4405 1891 25 220 17 24 23 21 198 31795 1413 59831 25 220 21 18 15 17 198 5901 4897 40733 25 220 19 17 20 15 198 23202 396 67186 25 220 23 16 17 19 198 37 65435 4470 570 25 220 20 20 17 16 198 92055 49472 25 220 19 22 22 16 198 2196 50557 39685 25 220 21 17 15 23 198 2196 319 28975 25 220 23 18 16 15 198 35 1701 452 207520 25 220 22 15 19 15 198 40 15190 207520 25 220 18 16 18 20 198 37 65435 55240 25 220 23 22 23 24 198 3320 2472 61850 25 220 21 20 15 23 198 92055 36461 25 220 16 16 16 24 198 39 3253 207520 25 220 24 18 18 21 198 23202 396 49472 25 220 20 15 23 17 198 10786 64 28975 25 220 17 21 22 24 198 35 1701 452 61028 25 220 21 23 17 23 198 35 1701 452 64683 14183 25 220 24 23 17 20 271 14162 25 3437 369 279 2528 1970 364 72102 207520 30 198 15666 25 561 2528 1970 364 72102 207520 369 220 21 15 20 24	333
r094/wrong/q4	nll	5865 1970 18834 198 35921 299 227938 25 220 20 19 21 17 198 5901 4897 36461 25 220 18 15 18 23 198 51 21576 34827 25 220 19 17 22 21 198 40 15190 32442 54958 25 220 21 18 22 24 198 57 4493 207520 25 220 21 15 20 24 198 2665 269 59831 25 220 19 24 20 20 198 1106 268 41803 80831 25 220 21 18 18 21 198 42 2075 27466 25 220 22 24 18 22 198 51 21576 26342 67220 375 25 220 18 17 17 20 198 27175 667 27466 25 220 17 16 19 21 198 90979 78 227938 25 220 21 17 21 19 198 45 51054 39185 25 220 24 20 21 18 198 59605 496 4405 1891 25 220 17 24 23 21 198 31795 1413 59831 25 220 21 18 15 17 198 5901 4897 40733 25 220 19 17 20 15 198 23202 396 67186 25 220 23 16 17 19 198 37 65435 4470 570 25 220 20 20 17 16 198 92055 49472 25 220 19 22 22 16 198 2196 50557 39685 25 220 21 17 15 23 198 2196 319 28975 25 220 23 18 16 15 198 35 1701 452 207520 25 220 22 15 19 15 198 40 15190 207520 25 220 18 16 18 20 198 37 65435 55240 25 220 23 22 23 24 198 3320 2472 61850 25 220 21 20 15 23 198 92055 36461 25 220 16 16 16 24 198 39 3253 207520 25 220 24 18 18 21 198 23202 396 49472 25 220 20 15 23 17 198 10786 64 28975 25 220 17 21 22 24 198 35 1701 452 61028 25 220 21 23 17 23 198 35 1701 452 64683 14183 25 220 24 23 17 20 271 14162 25 3437 369 279 2528 1970 364 72102 207520 30 198 15666 25 561 2528 1970 364 72102 207520 369 220 24 23 17 20	333
r095/gold/q5	nll	5865 1970 18834 198 51 21576 32442 54958 25 220 21 15 19 16 198 45 1524 335 2075 4254 2770 25 220 24 16 20 15 198 57 4897 41803 80831 25 220 18 24 15 22 198 56 4897 78961 25 220 18 17 21 18 198 5901 4897 56763 25 220 21 21 16 17 198 2196 319 235489 25 220 21 21 17 15 198 46 23738 227938 25 220 21 17 19 16 198 23202 396 4254 2770 25 220 24 23 15 24 198 65343 227938 25 220 18 17 21 15 198 623 287 67186 25 220 23 21 18 19 198 623 287 496 4405 1891 25 220 19 20 23 15 198 51 24685 4254 2770 25 220 20 15 16 23 198 40 15190 55240 25 220 22 24 24 17 198 92055 53656 25 220 23 21 20 22 198 36 46419 235489 25 220 17 15 24 15 198 5901 4897 64683 14183 25 220 18 16 19 18 198 3320 2472 4254 2770 25 220 20 16 23 17 198 42 88850 82596 25 220 20 15 18 15 198 56 4897 14315 48040 25 220 17 19 15 17 198 2196 50557 73467 25 220 23 24 16 18 198 45 51054 46035 25 220 24 17 20 15 198 40 15190 61086 25 220 18 24 21 22 198 233511 207520 25 220 20 17 19 23 198 43 1506 93922 25 220 20 18 23 20 198 37 65435 710 3974 25 220 19 17 21 19 198 45 1524 335 2075 27466 25 220 20 17 18 20 198 56 4897 710 358 1091 6433 25 220 21 17 16 15 198 2665 269 39185 25 220 16 17 23 20 198 45 51054 32442 54958 25 220 17 19 15 21 198 2229 10211 74092 25 220 17 19 20 17 271 14162 25 3437 369 279 2528 1970 364 84699 235489 30 198 15666 25 561 2528 1970 364 84699 235489 369 220 21 21 17 15	341
r095/wrong/q5	nll	5865 1970 18834 198 51 21576 32442 54958 25 220 21 15 19 16 198 45 1524 335 2075 4254 2770 25 220 24 16 20 15 198 57 4897 41803 80831 25 220 18 24 15 22 198 56 4897 78961 25 220 18 17 21 18 198 5901 4897 56763 25 220 21 21 16 17 198 2196 319 235489 25 220 21 21 17 15 198 46 23738 227938 25 220 21 17 19 16 198 23202 396 4254 2770 25 220 24 23 15 24 198 65343 227938 25 220 18 17 21 15 198 623 287 67186 25 220 23 21 18 19 198 623 287 496 4405 1891 25 220 19 20 23 15 198 51 24685 4254 2770 25 220 20 15 16 23 198 40 15190 55240 25 220 22 24 24 17 198 92055 53656 25 220 23 21 20 22 198 36 46419 235489 25 220 17 15 24 15 198 5901 4897 64683 14183 25 220 18 16 19 18 198 3320 2472 4254 2770 25 220 20 16 23 17 198 42 88850 82596 25 220 20 15 18 15 198 56 4897 14315 48040 25 220 17 19 15 17 198 2196 50557 73467 25 220 23 24 16 18 198 45 51054 46035 25 220 24 17 20 15 198 40 15190 61086 25 220 18 24 21 22 198 233511 207520 25 220 20 17 19 23 198 43 1506 93922 25 220 20 18 23 20 198 37 65435 710 3974 25 220 19 17 21 19 198 45 1524 335 2075 27466 25 220 20 17 18 20 198 56 4897 710 358 1091 6433 25 220 21 17 16 15 198 2665 269 39185 25 220 16 17 23 20 198 45 51054 32442 54958 25 220 17 19 15 21 198 2229 10211 74092 25 220 17 19 20 17 271 14162 25 3437 369 279 2528 1970 364 84699 235489 30 198 15666 25 561 2528 1970 364 84699 235489 369 220 20 16 23 17	341
r096/gold/q6	nll	5865 1970 18834 198 27175 667 55240 25 220 21 22 21 19 198 59605 63294 25 220 23 16 20 15 198 54 268 63294 25 220 16 21 18 17 198 89306 46035 25 220 17 23 17 18 198 10786 64 32442 54958 25 220 20 17 19 23 198 57 4897 34827 25 220 18 21 21 22 198 10786 64 39185 25 220 24 15 22 17 198 39 32389 49472 25 220 18 20 21 20 198 57 4897 39185 25 220 17 15 16 24 198 10786 64 56763 25 220 18 24 23 17 198 49 11642 49472 25 220 20 24 16 16 198 65343 93922 25 220 17 18 19 15 198 39304 667 4470 570 25 220 16 23 18 21 198 51 24685 61028 25 220 22 20 20 21 198 82433 629 17386 25 220 20 20 15 24 198 24601 10211 32442 54958 25 220 17 18 17 19 198 89306 49346 25 220 21 21 23 24 198 24601 10211 710 358 1091 6433 25 220 19 22 19 22 198 50 1020 667 34827 25 220 22 21 23 22 198 46 23738 73467 25 220 22 19 24 23 198 54 268 458 452 82319 25 220 24 16 16 23 198 49 11642 73467 25 220 23 18 17 17 198 10786 64 4254 2770 25 220 22 24 15 17 198 45 51054 63419 25 220 24 22 18 23 198 42 88850 78961 25 220 19 23 20 15 198 233511 23773 12949 25 220 16 19 19 20 198 37 65435 4470 570 25 220 22 23 19 22 198 233511 40050 12297 25 220 21 23 22 23 198 83554 64683 14183 25 220 22 15 19 17 198 2196 319 64683 14183 25 220 17 18 18 16 271 14162 25 3437 369 279 2528 1970 364 48654 39185 30 198 15666 25 561 2528 1970 364 48654 39185 369 220 24 15 22 17	333
r096/wrong/q6	nll	5865 1970 18834 198 27175 667 55240 25 220 21 22 21 19 198 59605 63294 25 220 23 16 20 15 198 54 268 63294 25 220 16 21 18 17 198 89306 46035 25 220 17 23 17 18 198 10786 64 32442 54958 25 220 20 17 19 23 198 57 4897 34827 25 220 18 21 21 22 198 10786 64 39185 25 220 24 15 22 17 198 39 32389 49472 25 220 18 20 21 20 198 57 4897 39185 25 220 17 15 16 24 198 10786 64 56763 25 220 18 24 23 17 198 49 11642 49472 25 220 20 24 16 16 198 65343 93922 25 220 17 18 19 15 198 39304 667 4470 570 25 220 16 23 18 21 198 51 24685 61028 25 220 22 20 20 21 198 82433 629 17386 25 220 20 20 15 24 198 24601 10211 32442 54958 25 220 17 18 17 19 198 89306 49346 25 220 21 21 23 24 198 24601 10211 710 358 1091 6433 25 220 19 22 19 22 198 50 1020 667 34827 25 220 22 21 23 22 198 46 23738 73467 25 220 22 19 24 23 198 54 268 458 452 82319 25 220 24 16 16 23 198 49 11642 73467 25 220 23 18 17 17 198 10786 64 4254 2770 25 220 22 24 15 17 198 45 51054 63419 25 220 24 22 18 23 198 42 88850 78961 25 220 19 23 20 15 198 233511 23773 12949 25 220 16 19 19 20 198 37 65435 4470 570 25 220 22 23 19 22 198 233511 40050 12297 25 220 21 23 22 23 198 83554 64683 14183 25 220 22 15 19 17 198 2196 319 64683 14183 25 220 17 18 18 16 271 14162 25 3437 369 279 2528 1970 364 48654 39185 30 198 15666 25 561 2528 1970 364 48654 39185 369 220 24 16 16 23	333
r097/gold/q7	nll	5865 1970 18834 198 34930 269 78961 25 220 21 23 16 19 198 50 1020 667 4470 570 25 220 18 17 15 23 198 51 21576 26342 67220 375 25 220 21 16 16 15 198 3320 2472 23773 12949 25 220 23 22 17 18 198 5901 4897 34827 25 220 24 20 24 19 198 56 350 1644 4254 2770 25 220 23 17 21 20 198 45 51054 78961 25 220 22 16 18 20 198 57 4493 710 3974 25 220 19 19 15 18 198 3320 2472 14315 48040 25 220 23 21 24 20 198 50 1020 667 39185 25 220 19 17 17 16 198 89680 7509 16592 28100 25 220 24 16 22 23 198 35921 299 49472 25 220 22 15 17 15 198 34930 269 52582 25 220 22 18 18 15 198 49 2492 5709 55240 25 220 16 17 16 22 198 49 2492 5709 462 698 327 25 220 20 23 18 24 198 49 2492 5709 32442 54958 25 220 18 22 24 23 198 39 3253 629 17386 25 220 18 22 15 24 198 89680 7509 5367 25 220 24 15 22 15 198 43 1506 46035 25 220 18 16 20 17 198 49 2492 5709 73467 25 220 20 19 20 16 198 4904 4897 34827 25 220 17 17 15 24 198 623 287 59831 25 220 19 17 21 15 198 39304 667 5367 25 220 19 20 21 17 198 92055 462 698 327 25 220 21 15 22 19 198 623 287 34827 25 220 21 21 19 18 198 92055 5367 25 220 22 18 15 15 198 40 15190 63419 25 220 18 18 21 17 198 50 1020 667 59405 85 25 220 17 17 21 18 198 51 2692 80 36461 25 220 21 20 20 16 198 83554 26342 67220 375 25 220 22 22 21 20 271 14162 25 3437 369 279 2528 1970 364 72102 710 3974 30 198 15666 25 561 2528 1970 364 72102 710 3974 369 220 19 19 15 18	350
r097/wrong/q7	nll	5865 1970 18834 198 34930 269 78961 25 220 21 23 16 19 198 50 1020 667 4470 570 25 220 18 17 15 23 198 51 21576 26342 67220 375 25 220 21 16 16 15 198 3320 2472 23773 12949 25 220 23 22 17 18 198 5901 4897 34827 25 220 24 20 24 19 198 56 350 1644 4254 2770 25 220 23 17 21 20 198 45 51054 78961 25 220 22 16 18 20 198 57 4493 710 3974 25 220 19 19 15 18 198 3320 2472 14315 48040 25 220 23 21 24 20 198 50 1020 667 39185 25 220 19 17 17 16 198 89680 7509 16592 28100 25 220 24 16 22 23 198 35921 299 49472 25 220 22 15 17 15 198 34930 269 52582 25 220 22 18 18 15 198 49 2492 5709 55240 25 220 16 17 16 22 198 49 2492 5709 462 698 327 25 220 20 23 18 24 198 49 2492 5709 32442 54958 25 220 18 22 24 23 198 39 3253 629 17386 25 220 18 22 15 24 198 89680 7509 5367 25 220 24 15 22 15 198 43 1506 46035 25 220 18 16 20 17 198 49 2492 5709 73467 25 220 20 19 20 16 198 4904 4897 34827 25 220 17 17 15 24 198 623 287 59831 25 220 19 17 21 15 198 39304 667 5367 25 220 19 20 21 17 198 92055 462 698 327 25 220 21 15 22 19 198 623 287 34827 25 220 21 21 19 18 198 92055 5367 25 220 22 18 15 15 198 40 15190 63419 25 220 18 18 21 17 198 50 1020 667 59405 85 25 220 17 17 21 18 198 51 2692 80 36461 25 220 21 20 20 16 198 83554 26342 67220 375 25 220 22 22 21 20 271 14162 25 3437 369 279 2528 1970 364 72102 710 3974 30 198 15666 25 561 2528 1970 364 72102 710 3974 369 220 17 17 15 24	350
r098/gold/q8	nll	5865 1970 18834 198 54 268 63294 25 220 21 17 22 18 198 2196 319 67186 25 220 17 17 21 24 198 59605 61850 25 220 18 23 23 20 198 51 24685 458 452 82319 25 220 16 21 20 24 198 42 88850 49346 25 220 21 24 17 16 198 34930 269 61086 25 220 24 23 15 22 198 2196 319 462 698 327 25 220 19 22 17 23 198 45 1524 335 2075 36461 25 220 22 24 23 15 198 40 15190 73467 25 220 23 24 23 17 198 37 65435 63419 25 220 17 22 17 20 198 3320 2472 36461 25 220 17 23 23 16 198 59605 49472 25 220 22 21 20 20 198 3320 2472 23773 12949 25 220 23 16 17 15 198 42 88850 27466 25 220 23 21 17 17 198 50 1020 667 28975 25 220 20 15 19 24 198 37 65435 28975 25 220 22 18 15 21 198 23202 396 92372 25 220 23 22 17 21 198 39 3253 496 4405 1891 25 220 19 15 15 17 198 31795 1413 52582 25 220 16 15 18 18 198 49 11642 53656 25 220 22 24 17 22 198 623 287 61028 25 220 19 21 22 23 198 39304 667 39685 25 220 17 24 18 18 198 49 2492 5709 55240 25 220 24 21 22 17 198 56 350 1644 235489 25 220 23 21 24 20 198 43 1506 39185 25 220 16 16 18 16 198 2196 319 207520 25 220 17 23 22 17 198 83554 5367 25 220 21 16 22 23 198 35 1701 452 92372 25 220 18 17 19 18 198 65343 52582 25 220 21 20 18 23 198 42 88850 1799 33852 1482 25 220 18 18 20 22 271 14162 25 3437 369 279 2528 1970 364 40050 73467 30 198 15666 25 561 2528 1970 364 40050 73467 369 220 23 24 23 17	336
r098/wrong/q8	nll	5865 1970 18834 198 54 268 63294 25 220 21 17 22 18 198 2196 319 67186 25 220 17 17 21 24 198 59605 61850 25 220 18 23 23 20 198 51 24685 458 452 82319 25 220 16 21 20 24 198 42 88850 49346 25 220 21 24 17 16 198 34930 269 61086 25 220 24 23 15 22 198 2196 319 462 698 327 25 220 19 22 17 23 198 45 1524 335 2075 36461 25 220 22 24 23 15 198 40 15190 73467 25 220 23 24 23 17 198 37 65435 63419 25 220 17 22 17 20 198 3320 2472 36461 25 220 17 23 23 16 198 59605 49472 25 220 22 21 20 20 198 3320 2472 23773 12949 25 220 23 16 17 15 198 42 88850 27466 25 220 23 21 17 17 198 50 1020 667 28975 25 220 20 15 19 24 198 37 65435 28975 25 220 22 18 15 21 198 23202 396 92372 25 220 23 22 17 21 198 39 3253 496 4405 1891 25 220 19 15 15 17 198 31795 1413 52582 25 220 16 15 18 18 198 49 11642 53656 25 220 22 24 17 22 198 623 287 61028 25 220 19 21 22 23 198 39304 667 39685 25 220 17 24 18 18 198 49 2492 5709 55240 25 220 24 21 22 17 198 56 350 1644 235489 25 220 23 21 24 20 198 43 1506 39185 25 220 16 16 18 16 198 2196 319 207520 25 220 17 23 22 17 198 83554 5367 25 220 21 16 22 23 198 35 1701 452 92372 25 220 18 17 19 18 198 65343 52582 25 220 21 20 18 23 198 42 88850 1799 33852 1482 25 220 18 18 20 22 271 14162 25 3437 369 279 2528 1970 364 40050 73467 30 198 15666 25 561 2528 1970 364 40050 73467 369 220 23 22 17 21	336
r099/gold/q9	nll	5865 1970 18834 198 37 65435 235489 25 220 16 22 21 19 198 56 350 1644 49346 25 220 18 17 18 22 198 89680 7509 46035 25 220 23 21 20 19 198 56 350 1644 28975 25 220 16 23 19 18 198 83554 27466 25 220 22 15 22 15 198 56 4897 14315 48040 25 220 16 19 20 19 198 65343 5367 25 220 19 23 23 18 198 50 1020 667 1799 33852 1482 25 220 19 24 20 24 198 1106 268 59405 85 25 220 19 22 17 22 198 4904 4897 92372 25 220 23 16 22 22 198 42 2075 1799 33852 1482 25 220 23 21 20 24 198 34930 269 49472 25 220 17 21 23 17 198 39 3253 67186 25 220 23 24 17 23 198 31795 1413 227938 25 220 22 18 17 21 198 42 88850 28975 25 220 22 18 20 16 198 623 287 207520 25 220 22 18 15 18 198 4904 4897 56763 25 220 24 23 24 21 198 56 4897 49472 25 220 24 17 22 16 198 54 268 82596 25 220 24 23 17 21 198 2196 50557 462 698 327 25 220 17 20 24 22 198 2665 269 40733 25 220 17 22 24 24 198 89680 7509 462 698 327 25 220 16 24 18 15 198 90979 78 629 17386 25 220 19 19 15 18 198 623 287 93922 25 220 18 15 22 18 198 46 23738 40733 25 220 21 18 17 17 198 39 3253 49346 25 220 23 23 21 21 198 31795 1413 73467 25 220 21 15 19 23 198 65343 55240 25 220 23 15 20 24 198 1106 268 55240 25 220 20 16 23 17 198 6737 55747 59405 85 25 220 17 18 16 20 271 14162 25 3437 369 279 2528 1970 364 48854 92372 30 198 15666 25 561 2528 1970 364 48854 92372 369 220 23 16 22 22	337
r099/wrong/q9	nll	5865 1970 18834 198 37 65435 235489 25 220 16 22 21 19 198 56 350 1644 49346 25 220 18 17 18 22 198 89680 7509 46035 25 220 23 21 20 19 198 56 350 1644 28975 25 220 16 23 19 18 198 83554 27466 25 220 22 15 22 15 198 56 4897 14315 48040 25 220 16 19 20 19 198 65343 5367 25 220 19 23 23 18 198 50 1020 667 1799 33852 1482 25 220 19 24 20 24 198 1106 268 59405 85 25 220 19 22 17 22 198 4904 4897 92372 25 220 23 16 22 22 198 42 2075 1799 33852 1482 25 220 23 21 20 24 198 34930 269 49472 25 220 17 21 23 17 198 39 3253 67186 25 220 23 24 17 23 198 31795 1413 227938 25 220 22 18 17 21 198 42 88850 28975 25 220 22 18 20 16 198 623 287 207520 25 220 22 18 15 18 198 4904 4897 56763 25 220 24 23 24 21 198 56 4897 49472 25 220 24 17 22 16 198 54 268 82596 25 220 24 23 17 21 198 2196 50557 462 698 327 25 220 17 20 24 22 198 2665 269 40733 25 220 17 22 24 24 198 89680 7509 462 698 327 25 220 16 24 18 15 198 90979 78 629 17386 25 220 19 19 15 18 198 623 287 93922 25 220 18 15 22 18 198 46 23738 40733 25 220 21 18 17 17 198 39 3253 49346 25 220 23 23 21 21 198 31795 1413 73467 25 220 21 15 19 23 198 65343 55240 25 220 23 15 20 24 198 1106 268 55240 25 220 20 16 23 17 198 6737 55747 59405 85 25 220 17 18 16 20 271 14162 25 3437 369 279 2528 1970 364 48854 92372 30 198 15666 25 561 2528 1970 364 48854 92372 369 220 19 22 17 22	337
r100/gold/q10	nll	5865 1970 18834 198 49 11642 629 17386 25 220 21 23 18 17 198 51 21576 64683 14183 25 220 16 18 16 24 198 40 15190 39185 25 220 24 21 23 19 198 54 268 93922 25 220 23 18 16 24 198 39304 667 49346 25 220 22 20 17 16 198 56 4897 49472 25 220 18 19 15 19 198 57 4897 207520 25 220 24 19 17 22 198 56 4897 82596 25 220 21 22 20 17 198 46 23738 28975 25 220 20 22 16 22 198 10786 64 40733 25 220 19 16 24 15 198 51 2692 80 32442 54958 25 220 16 15 15 15 198 51 24685 28975 25 220 23 20 23 20 198 49 2492 5709 46035 25 220 16 18 17 17 198 10786 64 61028 25 220 24 15 23 16 198 89680 7509 67186 25 220 16 17 19 21 198 27175 667 28975 25 220 20 16 24 15 198 92055 55240 25 220 16 18 21 22 198 24601 10211 67186 25 220 18 20 23 18 198 51 2692 80 36461 25 220 19 22 16 22 198 89306 4470 570 25 220 23 19 17 17 198 2229 10211 207520 25 220 20 17 17 24 198 40 15190 629 17386 25 220 16 21 21 15 198 40 15190 710 3974 25 220 16 20 18 17 198 6737 55747 78961 25 220 20 15 20 24 198 56 350 1644 92372 25 220 16 23 21 24 198 31795 1413 36461 25 220 22 20 19 23 198 40 15190 227938 25 220 17 20 23 20 198 27175 667 14315 48040 25 220 18 24 24 21 198 92055 63419 25 220 20 15 15 19 198 233511 34827 25 220 24 16 23 21 271 14162 25 3437 369 279 2528 1970 364 174109 80 32442 54958 30 198 15666 25 561 2528 1970 364 174109 80 32442 54958 369 220 16 15 15 15	336
r100/wrong/q10	nll	5865 1970 18834 198 49 11642 629 17386 25 220 21 23 18 17 198 51 21576 64683 14183 25 220 16 18 16 24 198 40 15190 39185 25 220 24 21 23 19 198 54 268 93922 25 220 23 18 16 24 198 39304 667 49346 25 220 22 20 17 16 198 56 4897 49472 25 220 18 19 15 19 198 57 4897 207520 25 220 24 19 17 22 198 56 4897 82596 25 220 21 22 20 17 198 46 23738 28975 25 220 20 22 16 22 198 10786 64 40733 25 220 19 16 24 15 198 51 2692 80 32442 54958 25 220 16 15 15 15 198 51 24685 28975 25 220 23 20 23 20 198 49 2492 5709 46035 25 220 16 18 17 17 198 10786 64 61028 25 220 24 15 23 16 198 89680 7509 67186 25 220 16 17 19 21 198 27175 667 28975 25 220 20 16 24 15 198 92055 55240 25 220 16 18 21 22 198 24601 10211 67186 25 220 18 20 23 18 198 51 2692 80 36461 25 220 19 22 16 22 198 89306 4470 570 25 220 23 19 17 17 198 2229 10211 207520 25 220 20 17 17 24 198 40 15190 629 17386 25 220 16 21 21 15 198 40 15190 710 3974 25 220 16 20 18 17 198 6737 55747 78961 25 220 20 15 20 24 198 56 350 1644 92372 25 220 16 23 21 24 198 31795 1413 36461 25 220 22 20 19 23 198 40 15190 227938 25 220 17 20 23 20 198 27175 667 14315 48040 25 220 18 24 24 21 198 92055 63419 25 220 20 15 15 19 198 233511 34827 25 220 24 16 23 21 271 14162 25 3437 369 279 2528 1970 364 174109 80 32442 54958 30 198 15666 25 561 2528 1970 364 174109 80 32442 54958 369 220 18 20 23 18	336
r101/gold/q11	nll	5865 1970 18834 198 82433 458 452 82319 25 220 17 24 17 23 198 49 11642 26342 67220 375 25 220 21 16 20 18 198 82433 710 358 1091 6433 25 220 24 20 22 18 198 49 2492 5709 23773 12949 25 220 22 15 17 16 198 89680 7509 40733 25 220 18 18 22 22 198 27175 667 52582 25 220 18 17 15 18 198 46 23738 710 3974 25 220 20 17 22 16 198 89306 14315 48040 25 220 24 24 18 22 198 40 15190 63419 25 220 23 20 16 20 198 65343 710 358 1091 6433 25 220 19 18 16 23 198 5901 4897 462 698 327 25 220 19 19 16 18 198 82433 26342 67220 375 25 220 16 15 19 16 198 49 2492 5709 39685 25 220 22 24 20 15 198 1106 268 49472 25 220 18 17 20 18 198 31795 1413 14315 48040 25 220 24 23 18 16 198 36 46419 52582 25 220 18 18 22 16 198 51 21576 496 4405 1891 25 220 16 17 20 20 198 42 88850 28975 25 220 21 20 16 20 198 23202 396 16592 28100 25 220 18 18 23 16 198 54 268 46035 25 220 23 15 21 20 198 59605 227938 25 220 23 22 24 24 198 36 46419 73467 25 220 20 21 24 23 198 57 4897 27466 25 220 23 23 19 15 198 59605 92372 25 220 17 17 18 15 198 43 1506 14315 48040 25 220 16 15 19 23 198 46 23738 49346 25 220 17 17 19 24 198 24601 10211 710 358 1091 6433 25 220 23 16 22 19 198 623 287 5367 25 220 20 15 17 18 198 46 23738 73467 25 220 24 21 15 18 198 35 1701 452 63419 25 220 21 18 18 24 271 14162 25 3437 369 279 2528 1970 364 33051 26342 67220 375 30 198 15666 25 561 2528 1970 364 33051 26342 67220 375 369 220 16 15 19 16	350
r101/wrong/q11	nll	5865 1970 18834 198 82433 458 452 82319 25 220 17 24 17 23 198 49 11642 26342 67220 375 25 220 21 16 20 18 198 82433 710 358 1091 6433 25 220 24 20 22 18 198 49 2492 5709 23773 12949 25 220 22 15 17 16 198 89680 7509 40733 25 220 18 18 22 22 198 27175 667 52582 25 220 18 17 15 18 198 46 23738 710 3974 25 220 20 17 22 16 198 89306 14315 48040 25 220 24 24 18 22 198 40 15190 63419 25 220 23 20 16 20 198 65343 710 358 1091 6433 25 220 19 18 16 23 198 5901 4897 462 698 327 25 220 19 19 16 18 198 82433 26342 67220 375 25 220 16 15 19 16 198 49 2492 5709 39685 25 220 22 24 20 15 198 1106 268 49472 25 220 18 17 20 18 198 31795 1413 14315 48040 25 220 24 23 18 16 198 36 46419 52582 25 220 18 18 22 16 198 51 21576 496 4405 1891 25 220 16 17 20 20 198 42 88850 28975 25 220 21 20 16 20 198 23202 396 16592 28100 25 220 18 18 23 16 198 54 268 46035 25 220 23 15 21 20 198 59605 227938 25 220 23 22 24 24 198 36 46419 73467 25 220 20 21 24 23 198 57 4897 27466 25 220 23 23 19 15 198 59605 92372 25 220 17 17 18 15 198 43 1506 14315 48040 25 220 16 15 19 23 198 46 23738 49346 25 220 17 17 19 24 198 24601 10211 710 358 1091 6433 25 220 23 16 22 19 198 623 287 5367 25 220 20 15 17 18 198 46 23738 73467 25 220 24 21 15 18 198 35 1701 452 63419 25 220 21 18 18 24 271 14162 25 3437 369 279 2528 1970 364 33051 26342 67220 375 30 198 15666 25 561 2528 1970 364 33051 26342 67220 375 369 220 16 17 20 20	350
r102/gold/q12	nll	5865 1970 18834 198 3320 2472 56763 25 220 16 15 24 19 198 2196 50557 92372 25 220 21 24 21 15 198 31795 1413 56763 25 220 23 19 19 17 198 39 3253 710 358 1091 6433 25 220 18 17 20 22 198 233511 74092 25 220 24 19 20 21 198 89680 7509 462 698 327 25 220 16 15 16 23 198 92055 34827 25 220 22 19 21 22 198 54 268 462 698 327 25 220 22 17 24 20 198 42 2075 40050 12297 25 220 17 20 15 20 198 2196 50557 56763 25 220 23 16 17 16 198 1106 268 49346 25 220 21 23 23 21 198 89306 72925 25 220 24 19 18 18 198 623 287 49472 25 220 18 21 24 21 198 92055 36461 25 220 24 18 15 17 198 39 32389 74092 25 220 23 19 15 17 198 49 11642 16592 28100 25 220 19 23 19 16 198 623 287 28975 25 220 23 16 22 20 198 51 21576 40050 12297 25 220 22 16 20 19 198 65343 64683 14183 25 220 22 23 21 15 198 56 350 1644 55240 25 220 22 19 18 15 198 2196 319 49346 25 220 24 21 20 19 198 27175 667 53656 25 220 20 18 23 23 198 92055 40733 25 220 24 17 21 22 198 35921 299 63294 25 220 16 19 15 23 198 23202 396 67186 25 220 17 20 23 24 198 37 65435 63294 25 220 18 24 16 21 198 23202 396 710 3974 25 220 19 21 15 23 198 65343 40050 12297 25 220 22 23 20 23 198 39 3253 49472 25 220 22 15 22 19 198 2665 269 14315 48040 25 220 23 21 22 24 271 14162 25 3437 369 279 2528 1970 364 733 287 49472 30 198 15666 25 561 2528 1970 364 733 287 49472 369 220 18 21 24 21	335
r102/wrong/q12	nll	5865 1970 18834 198 3320 2472 56763 25 220 16 15 24 19 198 2196 50557 92372 25 220 21 24 21 15 198 31795 1413 56763 25 220 23 19 19 17 198 39 3253 710 358 1091 6433 25 220 18 17 20 22 198 233511 74092 25 220 24 19 20 21 198 89680 7509 462 698 327 25 220 16 15 16 23 198 92055 34827 25 220 22 19 21 22 198 54 268 462 698 327 25 220 22 17 24 20 198 42 2075 40050 12297 25 220 17 20 15 20 198 2196 50557 56763 25 220 23 16 17 16 198 1106 268 49346 25 220 21 23 23 21 198 89306 72925 25 220 24 19 18 18 198 623 287 49472 25 220 18 21 24 21 198 92055 36461 25 220 24 18 15 17 198 39 32389 74092 25 220 23 19 15 17 198 49 11642 16592 28100 25 220 19 23 19 16 198 623 287 28975 25 220 23 16 22 20 198 51 21576 40050 12297 25 220 22 16 20 19 198 65343 64683 14183 25 220 22 23 21 15 198 56 350 1644 55240 25 220 22 19 18 15 198 2196 319 49346 25 220 24 21 20 19 198 27175 667 53656 25 220 20 18 23 23 198 92055 40733 25 220 24 17 21 22 198 35921 299 63294 25 220 16 19 15 23 198 23202 396 67186 25 220 17 20 23 24 198 37 65435 63294 25 220 18 24 16 21 198 23202 396 710 3974 25 220 19 21 15 23 198 65343 40050 12297 25 220 22 23 20 23 198 39 3253 49472 25 220 22 15 22 19 198 2665 269 14315 48040 25 220 23 21 22 24 271 14162 25 3437 369 279 2528 1970 364 733 287 49472 30 198 15666 25 561 2528 1970 364 733 287 49472 369 220 18 24 16 21	335
r103/gold/q13	nll	5865 1970 18834 198 6737 55747 67186 25 220 16 19 23 22 198 49 11642 458 452 82319 25 220 22 16 23 24 198 65343 458 452 82319 25 220 16 17 23 21 198 50 1020 667 49346 25 220 21 22 19 23 198 5901 4897 4254 2770 25 220 16 16 20 23 198 6737 55747 52582 25 220 20 19 21 22 198 35921 299 1799 33852 1482 25 220 23 15 20 21 198 50 1020 667 59405 85 25 220 18 18 24 18 198 3320 2472 73467 25 220 21 18 16 24 198 59605 23773 12949 25 220 20 17 21 23 198 51 2692 80 227938 25 220 18 21 24 24 198 57 4493 40733 25 220 17 17 15 17 198 46 23738 61028 25 220 18 23 19 24 198 42 2075 16592 28100 25 220 23 16 23 16 198 43 1506 710 3974 25 220 21 21 17 20 198 39304 667 39685 25 220 23 15 17 24 198 46 23738 82596 25 220 17 16 24 21 198 56 350 1644 40733 25 220 20 17 16 23 198 2196 319 93922 25 220 17 16 18 23 198 51 24685 458 452 82319 25 220 22 15 21 24 198 27175 667 61028 25 220 23 23 17 23 198 35 1701 452 49472 25 220 24 21 19 20 198 2196 319 64683 14183 25 220 16 20 24 22 198 45 51054 26342 67220 375 25 220 23 20 20 16 198 23202 396 78961 25 220 24 21 20 24 198 4904 4897 462 698 327 25 220 19 18 21 24 198 46 23738 72925 25 220 22 21 21 22 198 42 88850 55240 25 220 24 22 15 20 198 54 268 55240 25 220 19 22 16 16 198 90979 78 207520 25 220 21 19 18 21 271 14162 25 3437 369 279 2528 1970 364 48907 16592 28100 30 198 15666 25 561 2528 1970 364 48907 16592 28100 369 220 23 16 23 16	348
r103/wrong/q13	nll	5865 1970 18834 198 6737 55747 67186 25 220 16 19 23 22 198 49 11642 458 452 82319 25 220 22 16 23 24 198 65343 458 452 82319 25 220 16 17 23 21 198 50 1020 667 49346 25 220 21 22 19 23 198 5901 4897 4254 2770 25 220 16 16 20 23 198 6737 55747 52582 25 220 20 19 21 22 198 35921 299 1799 33852 1482 25 220 23 15 20 21 198 50 1020 667 59405 85 25 220 18 18 24 18 198 3320 2472 73467 25 220 21 18 16 24 198 59605 23773 12949 25 220 20 17 21 23 198 51 2692 80 227938 25 220 18 21 24 24 198 57 4493 40733 25 220 17 17 15 17 198 46 23738 61028 25 220 18 23 19 24 198 42 2075 16592 28100 25 220 23 16 23 16 198 43 1506 710 3974 25 220 21 21 17 20 198 39304 667 39685 25 220 23 15 17 24 198 46 23738 82596 25 220 17 16 24 21 198 56 350 1644 40733 25 220 20 17 16 23 198 2196 319 93922 25 220 17 16 18 23 198 51 24685 458 452 82319 25 220 22 15 21 24 198 27175 667 61028 25 220 23 23 17 23 198 35 1701 452 49472 25 220 24 21 19 20 198 2196 319 64683 14183 25 220 16 20 24 22 198 45 51054 26342 67220 375 25 220 23 20 20 16 198 23202 396 78961 25 220 24 21 20 24 198 4904 4897 462 698 327 25 220 19 18 21 24 198 46 23738 72925 25 220 22 21 21 22 198 42 88850 55240 25 220 24 22 15 20 198 54 268 55240 25 220 19 22 16 16 198 90979 78 207520 25 220 21 19 18 21 271 14162 25 3437 369 279 2528 1970 364 48907 16592 28100 30 198 15666 25 561 2528 1970 364 48907 16592 28100 369 220 21 21 17 20	348
r104/gold/q14	nll	5865 1970 18834 198 36 46419 458 452 82319 25 220 20 17 19 23 198 39304 667 61850 25 220 19 15 22 16 198 42 88850 39185 25 220 22 20 23 15 198 65343 61850 25 220 23 20 24 19 198 49 2492 5709 67186 25 220 20 15 22 22 198 34930 269 59831 25 220 21 24 15 16 198 83554 93922 25 220 19 24 19 16 198 92055 629 17386 25 220 23 23 24 15 198 54 268 53656 25 220 19 22 16 24 198 10786 64 629 17386 25 220 19 17 20 16 198 2196 50557 227938 25 220 17 20 24 18 198 90979 78 55240 25 220 18 16 24 16 198 89306 496 4405 1891 25 220 21 16 24 23 198 2229 10211 49472 25 220 17 22 22 15 198 2196 50557 39685 25 220 17 18 20 15 198 50 1020 667 235489 25 220 23 23 22 23 198 51 21576 82596 25 220 17 22 20 24 198 35 1701 452 49346 25 220 16 24 24 22 198 82433 40050 12297 25 220 21 17 22 24 198 623 287 34827 25 220 16 23 19 17 198 57 4493 39685 25 220 16 22 19 24 198 59605 27466 25 220 16 23 21 16 198 49 2492 5709 56763 25 220 22 19 23 17 198 45 51054 39685 25 220 22 19 22 23 198 39304 667 1799 33852 1482 25 220 22 23 17 23 198 51 2692 80 64683 14183 25 220 16 15 19 21 198 43 1506 61086 25 220 23 19 21 17 198 233511 28975 25 220 21 24 24 15 198 54 268 67186 25 220 18 23 24 15 198 3320 2472 710 3974 25 220 22 18 20 23 271 14162 25 3437 369 279 2528 1970 364 5570 50557 39685 30 198 15666 25 561 2528 1970 364 5570 50557 39685 369 220 17 18 20 15	336
r104/wrong/q14	nll	5865 1970 18834 198 36 46419 458 452 82319 25 220 20 17 19 23 198 39304 667 61850 25 220 19 15 22 16 198 42 88850 39185 25 220 22 20 23 15 198 65343 61850 25 220 23 20 24 19 198 49 2492 5709 67186 25 220 20 15 22 22 198 34930 269 59831 25 220 21 24 15 16 198 83554 93922 25 220 19 24 19 16 198 92055 629 17386 25 220 23 23 24 15 198 54 268 53656 25 220 19 22 16 24 198 10786 64 629 17386 25 220 19 17 20 16 198 2196 50557 227938 25 220 17 20 24 18 198 90979 78 55240 25 220 18 16 24 16 198 89306 496 4405 1891 25 220 21 16 24 23 198 2229 10211 49472 25 220 17 22 22 15 198 2196 50557 39685 25 220 17 18 20 15 198 50 1020 667 235489 25 220 23 23 22 23 198 51 21576 82596 25 220 17 22 20 24 198 35 1701 452 49346 25 220 16 24 24 22 198 82433 40050 12297 25 220 21 17 22 24 198 623 287 34827 25 220 16 23 19 17 198 57 4493 39685 25 220 16 22 19 24 198 59605 27466 25 220 16 23 21 16 198 49 2492 5709 56763 25 220 22 19 23 17 198 45 51054 39685 25 220 22 19 22 23 198 39304 667 1799 33852 1482 25 220 22 23 17 23 198 51 2692 80 64683 14183 25 220 16 15 19 21 198 43 1506 61086 25 220 23 19 21 17 198 233511 28975 25 220 21 24 24 15 198 54 268 67186 25 220 18 23 24 15 198 3320 2472 710 3974 25 220 22 18 20 23 271 14162 25 3437 369 279 2528 1970 364 5570 50557 39685 30 198 15666 25 561 2528 1970 364 5570 50557 39685 369 220 17 22 22 15	336
r105/gold/q15	nll	5865 1970 18834 198 51 2692 80 235489 25 220 18 23 21 21 198 34930 269 52582 25 220 20 23 15 16 198 45 51054 26342 67220 375 25 220 21 20 19 21 198 54 268 710 3974 25 220 21 23 20 15 198 56 350 1644 4254 2770 25 220 17 22 17 19 198 24601 10211 59831 25 220 16 20 16 22 198 56 350 1644 55240 25 220 23 19 23 21 198 46 23738 55240 25 220 16 19 21 19 198 89306 710 358 1091 6433 25 220 18 21 23 19 198 4904 4897 82596 25 220 17 15 18 23 198 35 1701 452 32442 54958 25 220 21 17 16 23 198 233511 63419 25 220 20 18 21 23 198 23202 396 82596 25 220 16 18 15 16 198 4904 4897 59831 25 220 16 15 20 21 198 27175 667 39185 25 220 23 17 16 22 198 56 350 1644 710 3974 25 220 22 20 21 18 198 54 268 52582 25 220 19 19 20 21 198 56 4897 41803 80831 25 220 18 15 17 18 198 39 3253 36461 25 220 20 23 15 18 198 5901 4897 36461 25 220 24 16 20 19 198 233511 49472 25 220 20 22 18 19 198 50 1020 667 4470 570 25 220 17 16 18 15 198 35 1701 452 63294 25 220 21 16 16 23 198 43 1506 78961 25 220 23 17 20 21 198 46 23738 5367 25 220 17 23 24 18 198 83554 14315 48040 25 220 20 16 19 18 198 39 32389 64683 14183 25 220 24 21 23 22 198 34930 269 63419 25 220 17 16 20 21 198 45 1524 335 2075 40733 25 220 21 16 21 15 198 83554 49472 25 220 19 16 23 23 271 14162 25 3437 369 279 2528 1970 364 220348 710 3974 30 198 15666 25 561 2528 1970 364 220348 710 3974 369 220 22 20 21 18	344
r105/wrong/q15	nll	5865 1970 18834 198 51 2692 80 235489 25 220 18 23 21 21 198 34930 269 52582 25 220 20 23 15 16 198 45 51054 26342 67220 375 25 220 21 20 19 21 198 54 268 710 3974 25 220 21 23 20 15 198 56 350 1644 4254 2770 25 220 17 22 17 19 198 24601 10211 59831 25 220 16 20 16 22 198 56 350 1644 55240 25 220 23 19 23 21 198 46 23738 55240 25 220 16 19 21 19 198 89306 710 358 1091 6433 25 220 18 21 23 19 198 4904 4897 82596 25 220 17 15 18 23 198 35 1701 452 32442 54958 25 220 21 17 16 23 198 233511 63419 25 220 20 18 21 23 198 23202 396 82596 25 220 16 18 15 16 198 4904 4897 59831 25 220 16 15 20 21 198 27175 667 39185 25 220 23 17 16 22 198 56 350 1644 710 3974 25 220 22 20 21 18 198 54 268 52582 25 220 19 19 20 21 198 56 4897 41803 80831 25 220 18 15 17 18 198 39 3253 36461 25 220 20 23 15 18 198 5901 4897 36461 25 220 24 16 20 19 198 233511 49472 25 220 20 22 18 19 198 50 1020 667 4470 570 25 220 17 16 18 15 198 35 1701 452 63294 25 220 21 16 16 23 198 43 1506 78961 25 220 23 17 20 21 198 46 23738 5367 25 220 17 23 24 18 198 83554 14315 48040 25 220 20 16 19 18 198 39 32389 64683 14183 25 220 24 21 23 22 198 34930 269 63419 25 220 17 16 20 21 198 45 1524 335 2075 40733 25 220 21 16 21 15 198 83554 49472 25 220 19 16 23 23 271 14162 25 3437 369 279 2528 1970 364 220348 710 3974 30 198 15666 25 561 2528 1970 364 220348 710 3974 369 220 17 23 24 18	344
r106/gold/q16	nll	5865 1970 18834 198 27175 667 235489 25 220 24 19 24 24 198 89306 39685 25 220 20 15 20 22 198 36 46419 458 452 82319 25 220 19 18 16 21 198 1106 268 34827 25 220 24 15 20 21 198 57 4897 56763 25 220 17 23 16 20 198 31795 1413 5367 25 220 23 21 24 20 198 83554 207520 25 220 19 22 21 20 198 90979 78 710 358 1091 6433 25 220 21 22 18 24 198 51 24685 207520 25 220 23 22 19 21 198 57 4897 496 4405 1891 25 220 21 24 19 24 198 2665 269 40733 25 220 23 23 24 22 198 45 51054 41803 80831 25 220 17 20 24 22 198 2665 269 41803 80831 25 220 16 19 24 23 198 39 32389 496 4405 1891 25 220 22 18 17 21 198 49 2492 5709 462 698 327 25 220 17 18 16 23 198 39 3253 27466 25 220 20 15 17 17 198 31795 1413 63419 25 220 21 24 19 20 198 42 2075 32442 54958 25 220 16 17 15 16 198 5901 4897 39685 25 220 21 15 21 19 198 6737 55747 16592 28100 25 220 18 21 15 19 198 40 15190 73467 25 220 23 24 17 19 198 49 2492 5709 227938 25 220 17 17 22 15 198 2196 319 56763 25 220 20 18 20 16 198 233511 462 698 327 25 220 24 15 16 19 198 56 350 1644 59405 85 25 220 16 18 24 17 198 1106 268 5367 25 220 18 21 22 18 198 23202 396 49472 25 220 21 16 21 23 198 36 46419 59405 85 25 220 18 16 15 16 198 51 2692 80 55240 25 220 20 18 24 24 198 54 268 462 698 327 25 220 18 22 16 15 271 14162 25 3437 369 279 2528 1970 364 13065 1413 63419 30 198 15666 25 561 2528 1970 364 13065 1413 63419 369 220 21 24 19 20	349
r106/wrong/q16	nll	5865 1970 18834 198 27175 667 235489 25 220 24 19 24 24 198 89306 39685 25 220 20 15 20 22 198 36 46419 458 452 82319 25 220 19 18 16 21 198 1106 268 34827 25 220 24 15 20 21 198 57 4897 56763 25 220 17 23 16 20 198 31795 1413 5367 25 220 23 21 24 20 198 83554 207520 25 220 19 22 21 20 198 90979 78 710 358 1091 6433 25 220 21 22 18 24 198 51 24685 207520 25 220 23 22 19 21 198 57 4897 496 4405 1891 25 220 21 24 19 24 198 2665 269 40733 25 220 23 23 24 22 198 45 51054 41803 80831 25 220 17 20 24 22 198 2665 269 41803 80831 25 220 16 19 24 23 198 39 32389 496 4405 1891 25 220 22 18 17 21 198 49 2492 5709 462 698 327 25 220 17 18 16 23 198 39 3253 27466 25 220 20 15 17 17 198 31795 1413 63419 25 220 21 24 19 20 198 42 2075 32442 54958 25 220 16 17 15 16 198 5901 4897 39685 25 220 21 15 21 19 198 6737 55747 16592 28100 25 220 18 21 15 19 198 40 15190 73467 25 220 23 24 17 19 198 49 2492 5709 227938 25 220 17 17 22 15 198 2196 319 56763 25 220 20 18 20 16 198 233511 462 698 327 25 220 24 15 16 19 198 56 350 1644 59405 85 25 220 16 18 24 17 198 1106 268 5367 25 220 18 21 22 18 198 23202 396 49472 25 220 21 16 21 23 198 36 46419 59405 85 25 220 18 16 15 16 198 51 2692 80 55240 25 220 20 18 24 24 198 54 268 462 698 327 25 220 18 22 16 15 271 14162 25 3437 369 279 2528 1970 364 13065 1413 63419 30 198 15666 25 561 2528 1970 364 13065 1413 63419 369 220 19 18 16 21	349
r107/gold/q17	nll	5865 1970 18834 198 83554 14315 48040 25 220 16 15 21 15 198 46 23738 34827 25 220 21 20 19 21 198 27175 667 462 698 327 25 220 23 24 16 22 198 82433 41803 80831 25 220 16 23 20 18 198 40 15190 67186 25 220 23 16 17 22 198 43 1506 56763 25 220 17 24 15 22 198 2665 269 14315 48040 25 220 18 18 23 17 198 51 2692 80 235489 25 220 20 22 17 16 198 31795 1413 56763 25 220 17 20 23 19 198 46 23738 235489 25 220 16 20 16 15 198 35 1701 452 27466 25 220 22 17 15 16 198 43 1506 59405 85 25 220 18 18 15 15 198 2229 10211 93922 25 220 22 21 22 15 198 27175 667 34827 25 220 20 18 22 22 198 5901 4897 59405 85 25 220 17 21 19 19 198 57 4493 26342 67220 375 25 220 20 22 22 19 198 43 1506 27466 25 220 24 19 21 24 198 3320 2472 207520 25 220 21 23 23 19 198 34930 269 207520 25 220 22 15 19 16 198 37 65435 52582 25 220 18 16 19 16 198 2196 50557 32442 54958 25 220 21 15 17 15 198 82433 55240 25 220 20 16 22 22 198 45 51054 41803 80831 25 220 24 24 16 20 198 4904 4897 67186 25 220 19 21 15 19 198 89680 7509 458 452 82319 25 220 20 17 23 16 198 56 350 1644 34827 25 220 18 20 22 24 198 51 2692 80 710 358 1091 6433 25 220 22 19 21 15 198 45 51054 28975 25 220 19 20 24 18 198 57 4493 4254 2770 25 220 16 23 17 15 198 42 88850 496 4405 1891 25 220 20 23 20 19 271 14162 25 3437 369 279 2528 1970 364 2732 2472 207520 30 198 15666 25 561 2528 1970 364 2732 2472 207520 369 220 21 23 23 19	347
r107/wrong/q17	nll	5865 1970 18834 198 83554 14315 48040 25 220 16 15 21 15 198 46 23738 34827 25 220 21 20 19 21 198 27175 667 462 698 327 25 220 23 24 16 22 198 82433 41803 80831 25 220 16 23 20 18 198 40 15190 67186 25 220 23 16 17 22 198 43 1506 56763 25 220 17 24 15 22 198 2665 269 14315 48040 25 220 18 18 23 17 198 51 2692 80 235489 25 220 20 22 17 16 198 31795 1413 56763 25 220 17 20 23 19 198 46 23738 235489 25 220 16 20 16 15 198 35 1701 452 27466 25 220 22 17 15 16 198 43 1506 59405 85 25 220 18 18 15 15 198 2229 10211 93922 25 220 22 21 22 15 198 27175 667 34827 25 220 20 18 22 22 198 5901 4897 59405 85 25 220 17 21 19 19 198 57 4493 26342 67220 375 25 220 20 22 22 19 198 43 1506 27466 25 220 24 19 21 24 198 3320 2472 207520 25 220 21 23 23 19 198 34930 269 207520 25 220 22 15 19 16 198 37 65435 52582 25 220 18 16 19 16 198 2196 50557 32442 54958 25 220 21 15 17 15 198 82433 55240 25 220 20 16 22 22 198 45 51054 41803 80831 25 220 24 24 16 20 198 4904 4897 67186 25 220 19 21 15 19 198 89680 7509 458 452 82319 25 220 20 17 23 16 198 56 350 1644 34827 25 220 18 20 22 24 198 51 2692 80 710 358 1091 6433 25 220 22 19 21 15 198 45 51054 28975 25 220 19 20 24 18 198 57 4493 4254 2770 25 220 16 23 17 15 198 42 88850 496 4405 1891 25 220 20 23 20 19 271 14162 25 3437 369 279 2528 1970 364 2732 2472 207520 30 198 15666 25 561 2528 1970 364 2732 2472 207520 369 220 18 16 19 16	347
r108/gold/q18	nll	5865 1970 18834 198 49 2492 5709 5367 25 220 23 23 19 19 198 46 23738 40733 25 220 17 19 19 19 198 10786 64 227938 25 220 22 16 20 20 198 50 1020 667 63294 25 220 19 20 24 18 198 5901 4897 92372 25 220 24 20 24 18 198 51 2692 80 61028 25 220 24 22 22 19 198 46 23738 4470 570 25 220 22 24 18 15 198 45 51054 56763 25 220 18 20 19 23 198 65343 63419 25 220 23 22 19 16 198 54 268 32442 54958 25 220 17 17 20 23 198 35 1701 452 710 358 1091 6433 25 220 16 15 20 15 198 42 2075 82596 25 220 22 22 15 19 198 59605 78961 25 220 18 22 16 22 198 3320 2472 61028 25 220 18 20 23 24 198 35 1701 452 93922 25 220 18 17 15 18 198 623 287 710 3974 25 220 24 20 16 15 198 45 1524 335 2075 41803 80831 25 220 23 22 17 22 198 46 23738 46035 25 220 21 22 17 21 198 2196 50557 92372 25 220 20 16 22 24 198 23202 396 61086 25 220 24 24 18 19 198 57 4897 41803 80831 25 220 21 19 15 17 198 2229 10211 26342 67220 375 25 220 17 19 18 15 198 2665 269 235489 25 220 23 21 19 16 198 45 1524 335 2075 235489 25 220 23 24 21 18 198 49 11642 23773 12949 25 220 21 20 18 21 198 42 88850 5367 25 220 22 15 20 20 198 2196 319 49346 25 220 20 17 18 20 198 42 2075 36461 25 220 19 19 24 24 198 24601 10211 207520 25 220 19 20 19 18 198 6737 55747 52582 25 220 20 20 23 23 271 14162 25 3437 369 279 2528 1970 364 5570 50557 92372 30 198 15666 25 561 2528 1970 364 5570 50557 92372 369 220 20 16 22 24	345
r108/wrong/q18	nll	5865 1970 18834 198 49 2492 5709 5367 25 220 23 23 19 19 198 46 23738 40733 25 220 17 19 19 19 198 10786 64 227938 25 220 22 16 20 20 198 50 1020 667 63294 25 220 19 20 24 18 198 5901 4897 92372 25 220 24 20 24 18 198 51 2692 80 61028 25 220 24 22 22 19 198 46 23738 4470 570 25 220 22 24 18 15 198 45 51054 56763 25 220 18 20 19 23 198 65343 63419 25 220 23 22 19 16 198 54 268 32442 54958 25 220 17 17 20 23 198 35 1701 452 710 358 1091 6433 25 220 16 15 20 15 198 42 2075 82596 25 220 22 22 15 19 198 59605 78961 25 220 18 22 16 22 198 3320 2472 61028 25 220 18 20 23 24 198 35 1701 452 93922 25 220 18 17 15 18 198 623 287 710 3974 25 220 24 20 16 15 198 45 1524 335 2075 41803 80831 25 220 23 22 17 22 198 46 23738 46035 25 220 21 22 17 21 198 2196 50557 92372 25 220 20 16 22 24 198 23202 396 61086 25 220 24 24 18 19 198 57 4897 41803 80831 25 220 21 19 15 17 198 2229 10211 26342 67220 375 25 220 17 19 18 15 198 2665 269 235489 25 220 23 21 19 16 198 45 1524 335 2075 235489 25 220 23 24 21 18 198 49 11642 23773 12949 25 220 21 20 18 21 198 42 88850 5367 25 220 22 15 20 20 198 2196 319 49346 25 220 20 17 18 20 198 42 2075 36461 25 220 19 19 24 24 198 24601 10211 207520 25 220 19 20 19 18 198 6737 55747 52582 25 220 20 20 23 23 271 14162 25 3437 369 279 2528 1970 364 5570 50557 92372 30 198 15666 25 561 2528 1970 364 5570 50557 92372 369 220 22 24 18 15	345
r109/gold/q19	nll	5865 1970 18834 198 40 15190 74092 25 220 19 22 16 19 198 56 4897 82596 25 220 19 16 23 15 198 90979 78 64683 14183 25 220 24 20 22 20 198 45 1524 335 2075 64683 14183 25 220 21 15 20 22 198 37 65435 40050 12297 25 220 20 21 21 16 198 45 1524 335 2075 59831 25 220 20 22 23 20 198 35 1701 452 36461 25 220 19 21 20 16 198 50 1020 667 207520 25 220 20 15 22 24 198 83554 4254 2770 25 220 20 24 21 24 198 57 4493 227938 25 220 16 18 16 15 198 37 65435 34827 25 220 22 16 21 24 198 3320 2472 74092 25 220 18 15 21 16 198 34930 269 63294 25 220 21 23 18 22 198 57 4493 458 452 82319 25 220 16 19 20 24 198 45 1524 335 2075 63294 25 220 17 18 18 21 198 36 46419 73467 25 220 16 24 17 16 198 50 1020 667 34827 25 220 20 17 22 21 198 90979 78 72925 25 220 19 18 21 19 198 56 350 1644 55240 25 220 21 16 15 21 198 233511 34827 25 220 20 23 18 23 198 45 1524 335 2075 710 358 1091 6433 25 220 24 19 24 20 198 89306 49346 25 220 20 16 15 18 198 36 46419 40050 12297 25 220 22 18 20 19 198 89680 7509 5367 25 220 19 17 20 15 198 10786 64 64683 14183 25 220 16 20 18 21 198 49 2492 5709 67186 25 220 17 22 21 24 198 82433 59405 85 25 220 22 17 23 21 198 42 2075 53656 25 220 21 20 24 17 198 51 21576 61850 25 220 18 20 17 20 198 233511 28975 25 220 23 18 21 23 271 14162 25 3437 369 279 2528 1970 364 82807 34827 30 198 15666 25 561 2528 1970 364 82807 34827 369 220 20 23 18 23	345
r109/wrong/q19	nll	5865 1970 18834 198 40 15190 74092 25 220 19 22 16 19 198 56 4897 82596 25 220 19 16 23 15 198 90979 78 64683 14183 25 220 24 20 22 20 198 45 1524 335 2075 64683 14183 25 220 21 15 20 22 198 37 65435 40050 12297 25 220 20 21 21 16 198 45 1524 335 2075 59831 25 220 20 22 23 20 198 35 1701 452 36461 25 220 19 21 20 16 198 50 1020 667 207520 25 220 20 15 22 24 198 83554 4254 2770 25 220 20 24 21 24 198 57 4493 227938 25 220 16 18 16 15 198 37 65435 34827 25 220 22 16 21 24 198 3320 2472 74092 25 220 18 15 21 16 198 34930 269 63294 25 220 21 23 18 22 198 57 4493 458 452 82319 25 220 16 19 20 24 198 45 1524 335 2075 63294 25 220 17 18 18 21 198 36 46419 73467 25 220 16 24 17 16 198 50 1020 667 34827 25 220 20 17 22 21 198 90979 78 72925 25 220 19 18 21 19 198 56 350 1644 55240 25 220 21 16 15 21 198 233511 34827 25 220 20 23 18 23 198 45 1524 335 2075 710 358 1091 6433 25 220 24 19 24 20 198 89306 49346 25 220 20 16 15 18 198 36 46419 40050 12297 25 220 22 18 20 19 198 89680 7509 5367 25 220 19 17 20 15 198 10786 64 64683 14183 25 220 16 20 18 21 198 49 2492 5709 67186 25 220 17 22 21 24 198 82433 59405 85 25 220 22 17 23 21 198 42 2075 53656 25 220 21 20 24 17 198 51 21576 61850 25 220 18 20 17 20 198 233511 28975 25 220 23 18 21 23 271 14162 25 3437 369 279 2528 1970 364 82807 34827 30 198 15666 25 561 2528 1970 364 82807 34827 369 220 22 17 23 21	345
r110/gold/q20	nll	5865 1970 18834 198 46 23738 26342 67220 375 25 220 22 16 23 18 198 623 287 710 3974 25 220 22 21 16 23 198 37 65435 61850 25 220 23 15 18 23 198 623 287 82596 25 220 20 23 15 19 198 3320 2472 496 4405 1891 25 220 21 21 15 16 198 5901 4897 1799 33852 1482 25 220 23 21 18 16 198 57 4493 14315 48040 25 220 17 17 24 21 198 83554 34827 25 220 23 20 21 20 198 2665 269 14315 48040 25 220 23 18 23 23 198 65343 74092 25 220 20 23 22 17 198 45 51054 55240 25 220 19 20 22 15 198 42 2075 458 452 82319 25 220 17 24 19 18 198 2665 269 56763 25 220 23 19 17 21 198 50 1020 667 49346 25 220 20 23 17 24 198 3320 2472 56763 25 220 18 20 22 22 198 56 4897 40050 12297 25 220 21 19 23 20 198 35921 299 61086 25 220 22 21 19 15 198 27175 667 61850 25 220 24 16 23 16 198 65343 40050 12297 25 220 21 18 24 22 198 50 1020 667 14315 48040 25 220 18 23 20 21 198 24601 10211 73467 25 220 16 17 18 16 198 89680 7509 4254 2770 25 220 23 16 17 22 198 2665 269 34827 25 220 17 18 23 17 198 89680 7509 73467 25 220 17 24 18 21 198 89680 7509 49346 25 220 18 23 22 19 198 5901 4897 710 358 1091 6433 25 220 24 17 22 20 198 49 2492 5709 39185 25 220 24 17 22 21 198 57 4897 4470 570 25 220 17 24 17 24 198 59605 39685 25 220 17 19 19 24 198 34930 269 67186 25 220 19 20 17 18 271 14162 25 3437 369 279 2528 1970 364 7802 10211 73467 30 198 15666 25 561 2528 1970 364 7802 10211 73467 369 220 16 17 18 16	345
r110/wrong/q20	nll	5865 1970 18834 198 46 23738 26342 67220 375 25 220 22 16 23 18 198 623 287 710 3974 25 220 22 21 16 23 198 37 65435 61850 25 220 23 15 18 23 198 623 287 82596 25 220 20 23 15 19 198 3320 2472 496 4405 1891 25 220 21 21 15 16 198 5901 4897 1799 33852 1482 25 220 23 21 18 16 198 57 4493 14315 48040 25 220 17 17 24 21 198 83554 34827 25 220 23 20 21 20 198 2665 269 14315 48040 25 220 23 18 23 23 198 65343 74092 25 220 20 23 22 17 198 45 51054 55240 25 220 19 20 22 15 198 42 2075 458 452 82319 25 220 17 24 19 18 198 2665 269 56763 25 220 23 19 17 21 198 50 1020 667 49346 25 220 20 23 17 24 198 3320 2472 56763 25 220 18 20 22 22 198 56 4897 40050 12297 25 220 21 19 23 20 198 35921 299 61086 25 220 22 21 19 15 198 27175 667 61850 25 220 24 16 23 16 198 65343 40050 12297 25 220 21 18 24 22 198 50 1020 667 14315 48040 25 220 18 23 20 21 198 24601 10211 73467 25 220 16 17 18 16 198 89680 7509 4254 2770 25 220 23 16 17 22 198 2665 269 34827 25 220 17 18 23 17 198 89680 7509 73467 25 220 17 24 18 21 198 89680 7509 49346 25 220 18 23 22 19 198 5901 4897 710 358 1091 6433 25 220 24 17 22 20 198 49 2492 5709 39185 25 220 24 17 22 21 198 57 4897 4470 570 25 220 17 24 17 24 198 59605 39685 25 220 17 19 19 24 198 34930 269 67186 25 220 19 20 17 18 271 14162 25 3437 369 279 2528 1970 364 7802 10211 73467 30 198 15666 25 561 2528 1970 364 7802 10211 73467 369 220 23 20 21 20	345
r111/gold/q21	nll	5865 1970 18834 198 42 2075 4254 2770 25 220 20 20 23 20 198 82433 1799 33852 1482 25 220 18 17 15 17 198 89680 7509 59405 85 25 220 24 23 22 16 198 83554 1799 33852 1482 25 220 18 24 18 21 198 37 65435 55240 25 220 24 23 18 18 198 24601 10211 49346 25 220 20 22 21 24 198 50 1020 667 41803 80831 25 220 23 24 17 19 198 65343 39685 25 220 22 20 22 16 198 89306 52582 25 220 17 24 18 20 198 45 1524 335 2075 27466 25 220 22 16 16 22 198 82433 41803 80831 25 220 22 20 17 18 198 1106 268 5367 25 220 16 15 17 22 198 23202 396 710 358 1091 6433 25 220 24 17 20 15 198 2196 319 52582 25 220 19 24 22 23 198 10786 64 39185 25 220 18 15 20 15 198 92055 27466 25 220 19 23 21 18 198 90979 78 67186 25 220 19 20 18 17 198 1106 268 32442 54958 25 220 16 17 15 24 198 90979 78 93922 25 220 24 21 22 20 198 3320 2472 462 698 327 25 220 18 16 16 15 198 40 15190 710 358 1091 6433 25 220 19 17 21 16 198 6737 55747 74092 25 220 20 17 21 18 198 4904 4897 5367 25 220 18 21 15 22 198 42 2075 496 4405 1891 25 220 24 24 20 21 198 36 46419 92372 25 220 18 16 16 21 198 56 350 1644 61028 25 220 16 19 24 22 198 39304 667 4470 570 25 220 18 23 20 21 198 42 2075 53656 25 220 21 18 23 19 198 31795 1413 39685 25 220 19 16 21 23 198 56 350 1644 39185 25 220 19 16 18 19 271 14162 25 3437 369 279 2528 1970 364 1587 55747 74092 30 198 15666 25 561 2528 1970 364 1587 55747 74092 369 220 20 17 21 18	346
r111/wrong/q21	nll	5865 1970 18834 198 42 2075 4254 2770 25 220 20 20 23 20 198 82433 1799 33852 1482 25 220 18 17 15 17 198 89680 7509 59405 85 25 220 24 23 22 16 198 83554 1799 33852 1482 25 220 18 24 18 21 198 37 65435 55240 25 220 24 23 18 18 198 24601 10211 49346 25 220 20 22 21 24 198 50 1020 667 41803 80831 25 220 23 24 17 19 198 65343 39685 25 220 22 20 22 16 198 89306 52582 25 220 17 24 18 20 198 45 1524 335 2075 27466 25 220 22 16 16 22 198 82433 41803 80831 25 220 22 20 17 18 198 1106 268 5367 25 220 16 15 17 22 198 23202 396 710 358 1091 6433 25 220 24 17 20 15 198 2196 319 52582 25 220 19 24 22 23 198 10786 64 39185 25 220 18 15 20 15 198 92055 27466 25 220 19 23 21 18 198 90979 78 67186 25 220 19 20 18 17 198 1106 268 32442 54958 25 220 16 17 15 24 198 90979 78 93922 25 220 24 21 22 20 198 3320 2472 462 698 327 25 220 18 16 16 15 198 40 15190 710 358 1091 6433 25 220 19 17 21 16 198 6737 55747 74092 25 220 20 17 21 18 198 4904 4897 5367 25 220 18 21 15 22 198 42 2075 496 4405 1891 25 220 24 24 20 21 198 36 46419 92372 25 220 18 16 16 21 198 56 350 1644 61028 25 220 16 19 24 22 198 39304 667 4470 570 25 220 18 23 20 21 198 42 2075 53656 25 220 21 18 23 19 198 31795 1413 39685 25 220 19 16 21 23 198 56 350 1644 39185 25 220 19 16 18 19 271 14162 25 3437 369 279 2528 1970 364 1587 55747 74092 30 198 15666 25 561 2528 1970 364 1587 55747 74092 369 220 16 17 15 24	346
r112/gold/q22	nll	5865 1970 18834 198 1106 268 39185 25 220 23 24 22 18 198 2196 319 462 698 327 25 220 23 18 23 24 198 24601 10211 67186 25 220 16 15 20 15 198 89680 7509 36461 25 220 24 24 18 22 198 39 32389 32442 54958 25 220 17 22 16 21 198 40 15190 59405 85 25 220 21 18 16 21 198 82433 52582 25 220 21 15 15 22 198 40 15190 710 3974 25 220 19 19 16 19 198 50 1020 667 78961 25 220 20 15 23 24 198 5901 4897 53656 25 220 21 23 15 19 198 83554 55240 25 220 20 23 17 22 198 65343 23773 12949 25 220 17 17 24 22 198 6737 55747 496 4405 1891 25 220 18 24 16 20 198 27175 667 39185 25 220 19 22 16 17 198 37 65435 32442 54958 25 220 17 20 19 17 198 49 2492 5709 207520 25 220 24 18 22 17 198 51 2692 80 32442 54958 25 220 20 23 22 22 198 1106 268 462 698 327 25 220 20 23 17 16 198 6737 55747 458 452 82319 25 220 22 16 23 23 198 2196 50557 92372 25 220 24 16 18 23 198 1106 268 28975 25 220 18 21 23 19 198 42 88850 49346 25 220 24 22 19 23 198 54 268 63419 25 220 17 23 15 24 198 10786 64 61850 25 220 22 24 16 15 198 31795 1413 207520 25 220 18 15 23 17 198 23202 396 5367 25 220 17 17 18 24 198 51 21576 32442 54958 25 220 16 20 24 23 198 23202 396 64683 14183 25 220 21 22 23 16 198 43 1506 49472 25 220 21 23 21 22 198 89306 63294 25 220 19 16 22 15 271 14162 25 3437 369 279 2528 1970 364 59157 63419 30 198 15666 25 561 2528 1970 364 59157 63419 369 220 17 23 15 24	340
r112/wrong/q22	nll	5865 1970 18834 198 1106 268 39185 25 220 23 24 22 18 198 2196 319 462 698 327 25 220 23 18 23 24 198 24601 10211 67186 25 220 16 15 20 15 198 89680 7509 36461 25 220 24 24 18 22 198 39 32389 32442 54958 25 220 17 22 16 21 198 40 15190 59405 85 25 220 21 18 16 21 198 82433 52582 25 220 21 15 15 22 198 40 15190 710 3974 25 220 19 19 16 19 198 50 1020 667 78961 25 220 20 15 23 24 198 5901 4897 53656 25 220 21 23 15 19 198 83554 55240 25 220 20 23 17 22 198 65343 23773 12949 25 220 17 17 24 22 198 6737 55747 496 4405 1891 25 220 18 24 16 20 198 27175 667 39185 25 220 19 22 16 17 198 37 65435 32442 54958 25 220 17 20 19 17 198 49 2492 5709 207520 25 220 24 18 22 17 198 51 2692 80 32442 54958 25 220 20 23 22 22 198 1106 268 462 698 327 25 220 20 23 17 16 198 6737 55747 458 452 82319 25 220 22 16 23 23 198 2196 50557 92372 25 220 24 16 18 23 198 1106 268 28975 25 220 18 21 23 19 198 42 88850 49346 25 220 24 22 19 23 198 54 268 63419 25 220 17 23 15 24 198 10786 64 61850 25 220 22 24 16 15 198 31795 1413 207520 25 220 18 15 23 17 198 23202 396 5367 25 220 17 17 18 24 198 51 21576 32442 54958 25 220 16 20 24 23 198 23202 396 64683 14183 25 220 21 22 23 16 198 43 1506 49472 25 220 21 23 21 22 198 89306 63294 25 220 19 16 22 15 271 14162 25 3437 369 279 2528 1970 364 59157 63419 30 198 15666 25 561 2528 1970 364 59157 63419 369 220 19 22 16 17	340
r113/gold/q23	nll	5865 1970 18834 198 34930 269 710 358 1091 6433 25 220 22 16 18 15 198 35921 299 227938 25 220 19 21 24 19 198 46 23738 52582 25 220 17 24 17 18 198 45 51054 40050 12297 25 220 22 19 17 22 198 51 21576 5367 25 220 21 22 21 18 198 27175 667 710 3974 25 220 22 18 17 15 198 42 88850 92372 25 220 16 15 17 22 198 92055 59831 25 220 21 16 21 16 198 35921 299 61086 25 220 22 23 24 18 198 36 46419 27466 25 220 20 24 19 23 198 65343 41803 80831 25 220 16 20 15 23 198 4904 4897 4470 570 25 220 16 24 16 24 198 51 24685 227938 25 220 23 16 24 20 198 36 46419 32442 54958 25 220 24 15 20 24 198 56 350 1644 63419 25 220 21 24 18 21 198 39 3253 40733 25 220 18 22 20 22 198 54 268 49346 25 220 21 19 16 20 198 5901 4897 34827 25 220 23 19 20 17 198 51 24685 41803 80831 25 220 18 21 20 18 198 37 65435 27466 25 220 17 22 23 21 198 3320 2472 49346 25 220 17 17 21 17 198 4904 4897 49346 25 220 23 22 22 20 198 2229 10211 39685 25 220 24 18 16 19 198 43 1506 74092 25 220 16 15 19 18 198 31795 1413 28975 25 220 24 24 17 24 198 39 32389 53656 25 220 24 22 24 17 198 39 3253 82596 25 220 19 19 22 16 198 39 3253 72925 25 220 16 23 21 21 198 89680 7509 4470 570 25 220 21 20 20 23 198 27175 667 59405 85 25 220 21 20 19 20 271 14162 25 3437 369 279 2528 1970 364 56222 74092 30 198 15666 25 561 2528 1970 364 56222 74092 369 220 16 15 19 18	335
r113/wrong/q23	nll	5865 1970 18834 198 34930 269 710 358 1091 6433 25 220 22 16 18 15 198 35921 299 227938 25 220 19 21 24 19 198 46 23738 52582 25 220 17 24 17 18 198 45 51054 40050 12297 25 220 22 19 17 22 198 51 21576 5367 25 220 21 22 21 18 198 27175 667 710 3974 25 220 22 18 17 15 198 42 88850 92372 25 220 16 15 17 22 198 92055 59831 25 220 21 16 21 16 198 35921 299 61086 25 220 22 23 24 18 198 36 46419 27466 25 220 20 24 19 23 198 65343 41803 80831 25 220 16 20 15 23 198 4904 4897 4470 570 25 220 16 24 16 24 198 51 24685 227938 25 220 23 16 24 20 198 36 46419 32442 54958 25 220 24 15 20 24 198 56 350 1644 63419 25 220 21 24 18 21 198 39 3253 40733 25 220 18 22 20 22 198 54 268 49346 25 220 21 19 16 20 198 5901 4897 34827 25 220 23 19 20 17 198 51 24685 41803 80831 25 220 18 21 20 18 198 37 65435 27466 25 220 17 22 23 21 198 3320 2472 49346 25 220 17 17 21 17 198 4904 4897 49346 25 220 23 22 22 20 198 2229 10211 39685 25 220 24 18 16 19 198 43 1506 74092 25 220 16 15 19 18 198 31795 1413 28975 25 220 24 24 17 24 198 39 32389 53656 25 220 24 22 24 17 198 39 3253 82596 25 220 19 19 22 16 198 39 3253 72925 25 220 16 23 21 21 198 89680 7509 4470 570 25 220 21 20 20 23 198 27175 667 59405 85 25 220 21 20 19 20 271 14162 25 3437 369 279 2528 1970 364 56222 74092 30 198 15666 25 561 2528 1970 364 56222 74092 369 220 21 22 21 18	335
r114/gold/q24	nll	5865 1970 18834 198 92055 40050 12297 25 220 19 18 21 15 198 2229 10211 710 3974 25 220 18 21 19 17 198 65343 72925 25 220 17 20 21 18 198 35 1701 452 53656 25 220 17 22 20 23 198 57 4897 4254 2770 25 220 24 22 24 24 198 56 350 1644 36461 25 220 24 15 23 18 198 40 15190 39685 25 220 18 17 16 15 198 31795 1413 16592 28100 25 220 22 16 18 24 198 35 1701 452 78961 25 220 22 17 20 22 198 2665 269 49472 25 220 24 19 21 19 198 56 350 1644 53656 25 220 22 20 24 17 198 40 15190 40050 12297 25 220 20 17 18 23 198 40 15190 59405 85 25 220 24 18 20 22 198 50 1020 667 74092 25 220 23 20 16 24 198 57 4493 52582 25 220 19 18 19 18 198 23202 396 496 4405 1891 25 220 20 16 16 15 198 2665 269 4254 2770 25 220 21 16 23 16 198 42 2075 36461 25 220 18 18 22 21 198 1106 268 46035 25 220 19 20 23 15 198 233511 52582 25 220 19 24 17 17 198 35 1701 452 74092 25 220 16 24 16 19 198 56 4897 52582 25 220 17 20 16 17 198 3320 2472 49346 25 220 19 20 20 15 198 31795 1413 39185 25 220 21 15 18 16 198 51 21576 61028 25 220 20 18 19 17 198 59605 73467 25 220 17 24 21 23 198 5901 4897 34827 25 220 23 20 16 23 198 45 51054 227938 25 220 16 20 16 17 198 57 4897 78961 25 220 23 16 16 17 198 83554 458 452 82319 25 220 18 20 15 21 271 14162 25 3437 369 279 2528 1970 364 84907 61028 30 198 15666 25 561 2528 1970 364 84907 61028 369 220 20 18 19 17	337
r114/wrong/q24	nll	5865 1970 18834 198 92055 40050 12297 25 220 19 18 21 15 198 2229 10211 710 3974 25 220 18 21 19 17 198 65343 72925 25 220 17 20 21 18 198 35 1701 452 53656 25 220 17 22 20 23 198 57 4897 4254 2770 25 220 24 22 24 24 198 56 350 1644 36461 25 220 24 15 23 18 198 40 15190 39685 25 220 18 17 16 15 198 31795 1413 16592 28100 25 220 22 16 18 24 198 35 1701 452 78961 25 220 22 17 20 22 198 2665 269 49472 25 220 24 19 21 19 198 56 350 1644 53656 25 220 22 20 24 17 198 40 15190 40050 12297 25 220 20 17 18 23 198 40 15190 59405 85 25 220 24 18 20 22 198 50 1020 667 74092 25 220 23 20 16 24 198 57 4493 52582 25 220 19 18 19 18 198 23202 396 496 4405 1891 25 220 20 16 16 15 198 2665 269 4254 2770 25 220 21 16 23 16 198 42 2075 36461 25 220 18 18 22 21 198 1106 268 46035 25 220 19 20 23 15 198 233511 52582 25 220 19 24 17 17 198 35 1701 452 74092 25 220 16 24 16 19 198 56 4897 52582 25 220 17 20 16 17 198 3320 2472 49346 25 220 19 20 20 15 198 31795 1413 39185 25 220 21 15 18 16 198 51 21576 61028 25 220 20 18 19 17 198 59605 73467 25 220 17 24 21 23 198 5901 4897 34827 25 220 23 20 16 23 198 45 51054 227938 25 220 16 20 16 17 198 57 4897 78961 25 220 23 16 16 17 198 83554 458 452 82319 25 220 18 20 15 21 271 14162 25 3437 369 279 2528 1970 364 84907 61028 30 198 15666 25 561 2528 1970 364 84907 61028 369 220 16 20 16 17	337
r115/gold/q25	nll	5865 1970 18834 198 65343 14315 48040 25 220 19 16 21 22 198 51 2692 80 56763 25 220 17 23 20 24 198 42 88850 16592 28100 25 220 16 17 18 17 198 24601 10211 74092 25 220 17 16 16 24 198 6737 55747 27466 25 220 16 24 22 19 198 57 4897 1799 33852 1482 25 220 19 24 20 21 198 42 2075 40050 12297 25 220 22 18 22 23 198 42 88850 52582 25 220 21 21 17 15 198 233511 64683 14183 25 220 23 24 19 20 198 233511 53656 25 220 18 20 17 24 198 23202 396 46035 25 220 19 21 21 15 198 42 88850 458 452 82319 25 220 18 19 20 17 198 23202 396 23773 12949 25 220 23 19 17 22 198 65343 32442 54958 25 220 19 16 23 16 198 83554 93922 25 220 18 16 23 23 198 31795 1413 67186 25 220 20 24 22 22 198 6737 55747 93922 25 220 21 24 23 18 198 37 65435 49346 25 220 24 18 17 18 198 233511 4470 570 25 220 20 22 20 19 198 39 32389 496 4405 1891 25 220 21 15 21 15 198 49 2492 5709 59405 85 25 220 22 16 22 17 198 51 24685 629 17386 25 220 21 24 17 23 198 24601 10211 39185 25 220 23 23 19 22 198 65343 63294 25 220 19 20 16 17 198 49 2492 5709 92372 25 220 18 18 22 16 198 24601 10211 64683 14183 25 220 17 20 20 18 198 57 4897 93922 25 220 18 16 15 17 198 56 350 1644 82596 25 220 20 19 20 16 198 92055 710 358 1091 6433 25 220 22 16 24 24 198 39 32389 40733 25 220 18 22 15 23 271 14162 25 3437 369 279 2528 1970 364 7802 10211 64683 14183 30 198 15666 25 561 2528 1970 364 7802 10211 64683 14183 369 220 17 20 20 18	344
r115/wrong/q25	nll	5865 1970 18834 198 65343 14315 48040 25 220 19 16 21 22 198 51 2692 80 56763 25 220 17 23 20 24 198 42 88850 16592 28100 25 220 16 17 18 17 198 24601 10211 74092 25 220 17 16 16 24 198 6737 55747 27466 25 220 16 24 22 19 198 57 4897 1799 33852 1482 25 220 19 24 20 21 198 42 2075 40050 12297 25 220 22 18 22 23 198 42 88850 52582 25 220 21 21 17 15 198 233511 64683 14183 25 220 23 24 19 20 198 233511 53656 25 220 18 20 17 24 198 23202 396 46035 25 220 19 21 21 15 198 42 88850 458 452 82319 25 220 18 19 20 17 198 23202 396 23773 12949 25 220 23 19 17 22 198 65343 32442 54958 25 220 19 16 23 16 198 83554 93922 25 220 18 16 23 23 198 31795 1413 67186 25 220 20 24 22 22 198 6737 55747 93922 25 220 21 24 23 18 198 37 65435 49346 25 220 24 18 17 18 198 233511 4470 570 25 220 20 22 20 19 198 39 32389 496 4405 1891 25 220 21 15 21 15 198 49 2492 5709 59405 85 25 220 22 16 22 17 198 51 24685 629 17386 25 220 21 24 17 23 198 24601 10211 39185 25 220 23 23 19 22 198 65343 63294 25 220 19 20 16 17 198 49 2492 5709 92372 25 220 18 18 22 16 198 24601 10211 64683 14183 25 220 17 20 20 18 198 57 4897 93922 25 220 18 16 15 17 198 56 350 1644 82596 25 220 20 19 20 16 198 92055 710 358 1091 6433 25 220 22 16 24 24 198 39 32389 40733 25 220 18 22 15 23 271 14162 25 3437 369 279 2528 1970 364 7802 10211 64683 14183 30 198 15666 25 561 2528 1970 364 7802 10211 64683 14183 369 220 18 16 15 17	344
r116/gold/q26	nll	5865 1970 18834 198 51 21576 93922 25 220 18 21 24 23 198 2196 50557 67186 25 220 20 16 23 15 198 2196 50557 207520 25 220 19 22 24 20 198 35 1701 452 82596 25 220 19 15 15 20 198 46 23738 16592 28100 25 220 21 18 23 24 198 50 1020 667 27466 25 220 21 22 15 16 198 83554 710 3974 25 220 17 23 20 19 198 39304 667 26342 67220 375 25 220 16 15 18 22 198 50 1020 667 63419 25 220 21 24 22 21 198 40 15190 28975 25 220 16 15 23 23 198 2229 10211 63294 25 220 16 22 24 23 198 92055 1799 33852 1482 25 220 19 18 24 16 198 83554 72925 25 220 20 18 24 20 198 2196 319 82596 25 220 23 21 21 17 198 2196 50557 40733 25 220 24 17 22 17 198 51 21576 74092 25 220 20 17 19 23 198 39 32389 61086 25 220 22 23 19 23 198 51 24685 72925 25 220 23 20 19 22 198 31795 1413 49472 25 220 19 15 17 18 198 89306 61028 25 220 17 21 23 21 198 51 2692 80 46035 25 220 20 20 24 24 198 45 1524 335 2075 41803 80831 25 220 19 17 16 21 198 43 1506 32442 54958 25 220 21 22 24 24 198 90979 78 92372 25 220 17 24 21 16 198 89680 7509 67186 25 220 20 20 17 16 198 2665 269 72925 25 220 20 24 21 23 198 2665 269 41803 80831 25 220 17 21 23 16 198 3320 2472 52582 25 220 16 16 24 17 198 46 23738 4470 570 25 220 24 15 16 15 198 39304 667 78961 25 220 22 19 18 19 271 14162 25 3437 369 279 2528 1970 364 2233 269 41803 80831 30 198 15666 25 561 2528 1970 364 2233 269 41803 80831 369 220 17 21 23 16	341
r116/wrong/q26	nll	5865 1970 18834 198 51 21576 93922 25 220 18 21 24 23 198 2196 50557 67186 25 220 20 16 23 15 198 2196 50557 207520 25 220 19 22 24 20 198 35 1701 452 82596 25 220 19 15 15 20 198 46 23738 16592 28100 25 220 21 18 23 24 198 50 1020 667 27466 25 220 21 22 15 16 198 83554 710 3974 25 220 17 23 20 19 198 39304 667 26342 67220 375 25 220 16 15 18 22 198 50 1020 667 63419 25 220 21 24 22 21 198 40 15190 28975 25 220 16 15 23 23 198 2229 10211 63294 25 220 16 22 24 23 198 92055 1799 33852 1482 25 220 19 18 24 16 198 83554 72925 25 220 20 18 24 20 198 2196 319 82596 25 220 23 21 21 17 198 2196 50557 40733 25 220 24 17 22 17 198 51 21576 74092 25 220 20 17 19 23 198 39 32389 61086 25 220 22 23 19 23 198 51 24685 72925 25 220 23 20 19 22 198 31795 1413 49472 25 220 19 15 17 18 198 89306 61028 25 220 17 21 23 21 198 51 2692 80 46035 25 220 20 20 24 24 198 45 1524 335 2075 41803 80831 25 220 19 17 16 21 198 43 1506 32442 54958 25 220 21 22 24 24 198 90979 78 92372 25 220 17 24 21 16 198 89680 7509 67186 25 220 20 20 17 16 198 2665 269 72925 25 220 20 24 21 23 198 2665 269 41803 80831 25 220 17 21 23 16 198 3320 2472 52582 25 220 16 16 24 17 198 46 23738 4470 570 25 220 24 15 16 15 198 39304 667 78961 25 220 22 19 18 19 271 14162 25 3437 369 279 2528 1970 364 2233 269 41803 80831 30 198 15666 25 561 2528 1970 364 2233 269 41803 80831 369 220 19 22 24 20	341
r117/gold/q27	nll	5865 1970 18834 198 90979 78 74092 25 220 23 24 15 17 198 6737 55747 61850 25 220 18 15 24 21 198 2665 269 67186 25 220 16 23 24 22 198 24601 10211 458 452 82319 25 220 22 23 17 18 198 34930 269 72925 25 220 22 20 24 24 198 56 350 1644 63294 25 220 24 16 23 16 198 57 4897 39685 25 220 23 19 15 18 198 39 32389 59831 25 220 20 16 21 19 198 83554 26342 67220 375 25 220 24 16 17 19 198 50 1020 667 52582 25 220 19 19 20 15 198 83554 16592 28100 25 220 22 23 18 20 198 54 268 93922 25 220 24 24 21 20 198 40 15190 207520 25 220 16 17 24 19 198 42 2075 207520 25 220 23 19 20 19 198 90979 78 53656 25 220 21 15 21 21 198 45 1524 335 2075 5367 25 220 21 19 18 18 198 35921 299 27466 25 220 17 20 24 15 198 233511 28975 25 220 24 22 23 16 198 45 51054 4470 570 25 220 24 21 23 22 198 50 1020 667 61086 25 220 23 19 17 22 198 35 1701 452 61850 25 220 19 17 21 21 198 51 24685 28975 25 220 23 24 22 19 198 233511 5367 25 220 20 20 15 19 198 35 1701 452 235489 25 220 21 15 24 23 198 10786 64 26342 67220 375 25 220 21 23 20 19 198 623 287 207520 25 220 21 15 18 20 198 27175 667 34827 25 220 17 18 23 20 198 51 21576 26342 67220 375 25 220 20 21 16 18 198 34930 269 32442 54958 25 220 18 18 15 19 198 90979 78 710 3974 25 220 17 24 21 21 271 14162 25 3437 369 279 2528 1970 364 84907 26342 67220 375 30 198 15666 25 561 2528 1970 364 84907 26342 67220 375 369 220 20 21 16 18	344
r117/wrong/q27	nll	5865 1970 18834 198 90979 78 74092 25 220 23 24 15 17 198 6737 55747 61850 25 220 18 15 24 21 198 2665 269 67186 25 220 16 23 24 22 198 24601 10211 458 452 82319 25 220 22 23 17 18 198 34930 269 72925 25 220 22 20 24 24 198 56 350 1644 63294 25 220 24 16 23 16 198 57 4897 39685 25 220 23 19 15 18 198 39 32389 59831 25 220 20 16 21 19 198 83554 26342 67220 375 25 220 24 16 17 19 198 50 1020 667 52582 25 220 19 19 20 15 198 83554 16592 28100 25 220 22 23 18 20 198 54 268 93922 25 220 24 24 21 20 198 40 15190 207520 25 220 16 17 24 19 198 42 2075 207520 25 220 23 19 20 19 198 90979 78 53656 25 220 21 15 21 21 198 45 1524 335 2075 5367 25 220 21 19 18 18 198 35921 299 27466 25 220 17 20 24 15 198 233511 28975 25 220 24 22 23 16 198 45 51054 4470 570 25 220 24 21 23 22 198 50 1020 667 61086 25 220 23 19 17 22 198 35 1701 452 61850 25 220 19 17 21 21 198 51 24685 28975 25 220 23 24 22 19 198 233511 5367 25 220 20 20 15 19 198 35 1701 452 235489 25 220 21 15 24 23 198 10786 64 26342 67220 375 25 220 21 23 20 19 198 623 287 207520 25 220 21 15 18 20 198 27175 667 34827 25 220 17 18 23 20 198 51 21576 26342 67220 375 25 220 20 21 16 18 198 34930 269 32442 54958 25 220 18 18 15 19 198 90979 78 710 3974 25 220 17 24 21 21 271 14162 25 3437 369 279 2528 1970 364 84907 26342 67220 375 30 198 15666 25 561 2528 1970 364 84907 26342 67220 375 369 220 23 19 17 22	344
r118/gold/q28	nll	5865 1970 18834 198 92055 40733 25 220 24 20 24 16 198 49 2492 5709 64683 14183 25 220 19 15 15 20 198 35921 299 67186 25 220 24 16 21 22 198 1106 268 23773 12949 25 220 22 22 20 18 198 37 65435 462 698 327 25 220 20 17 21 23 198 36 46419 41803 80831 25 220 18 16 16 17 198 51 2692 80 78961 25 220 21 22 16 21 198 2196 50557 78961 25 220 19 23 20 21 198 2196 319 629 17386 25 220 18 21 16 23 198 24601 10211 1799 33852 1482 25 220 17 15 21 23 198 623 287 462 698 327 25 220 20 19 21 22 198 49 2492 5709 710 3974 25 220 18 22 19 24 198 49 2492 5709 55240 25 220 19 20 21 16 198 4904 4897 49346 25 220 23 22 16 21 198 37 65435 23773 12949 25 220 22 16 16 21 198 24601 10211 16592 28100 25 220 16 23 17 16 198 39 32389 28975 25 220 18 17 22 22 198 59605 73467 25 220 23 20 23 20 198 39 32389 32442 54958 25 220 20 21 17 20 198 2196 50557 53656 25 220 21 17 18 17 198 56 4897 67186 25 220 17 20 17 19 198 4904 4897 56763 25 220 22 22 24 20 198 51 21576 39685 25 220 17 15 22 16 198 43 1506 59831 25 220 23 21 20 20 198 27175 667 52582 25 220 17 15 21 18 198 51 2692 80 63419 25 220 21 19 22 23 198 45 1524 335 2075 227938 25 220 23 18 22 15 198 45 51054 59405 85 25 220 19 17 24 23 198 89680 7509 61850 25 220 18 22 16 17 198 3320 2472 49472 25 220 18 16 22 24 271 14162 25 3437 369 279 2528 1970 364 26882 7509 61850 30 198 15666 25 561 2528 1970 364 26882 7509 61850 369 220 18 22 16 17	347
r118/wrong/q28	nll	5865 1970 18834 198 92055 40733 25 220 24 20 24 16 198 49 2492 5709 64683 14183 25 220 19 15 15 20 198 35921 299 67186 25 220 24 16 21 22 198 1106 268 23773 12949 25 220 22 22 20 18 198 37 65435 462 698 327 25 220 20 17 21 23 198 36 46419 41803 80831 25 220 18 16 16 17 198 51 2692 80 78961 25 220 21 22 16 21 198 2196 50557 78961 25 220 19 23 20 21 198 2196 319 629 17386 25 220 18 21 16 23 198 24601 10211 1799 33852 1482 25 220 17 15 21 23 198 623 287 462 698 327 25 220 20 19 21 22 198 49 2492 5709 710 3974 25 220 18 22 19 24 198 49 2492 5709 55240 25 220 19 20 21 16 198 4904 4897 49346 25 220 23 22 16 21 198 37 65435 23773 12949 25 220 22 16 16 21 198 24601 10211 16592 28100 25 220 16 23 17 16 198 39 32389 28975 25 220 18 17 22 22 198 59605 73467 25 220 23 20 23 20 198 39 32389 32442 54958 25 220 20 21 17 20 198 2196 50557 53656 25 220 21 17 18 17 198 56 4897 67186 25 220 17 20 17 19 198 4904 4897 56763 25 220 22 22 24 20 198 51 21576 39685 25 220 17 15 22 16 198 43 1506 59831 25 220 23 21 20 20 198 27175 667 52582 25 220 17 15 21 18 198 51 2692 80 63419 25 220 21 19 22 23 198 45 1524 335 2075 227938 25 220 23 18 22 15 198 45 51054 59405 85 25 220 19 17 24 23 198 89680 7509 61850 25 220 18 22 16 17 198 3320 2472 49472 25 220 18 16 22 24 271 14162 25 3437 369 279 2528 1970 364 26882 7509 61850 30 198 15666 25 561 2528 1970 364 26882 7509 61850 369 220 23 22 16 21	347
r119/gold/q29	nll	5865 1970 18834 198 39 32389 40733 25 220 18 15 21 24 198 27175 667 629 17386 25 220 19 17 15 19 198 23202 396 56763 25 220 20 17 24 18 198 5901 4897 26342 67220 375 25 220 21 18 16 19 198 39 32389 56763 25 220 21 20 20 20 198 623 287 36461 25 220 23 19 22 24 198 51 21576 5367 25 220 17 20 21 16 198 39304 667 59831 25 220 16 20 24 15 198 54 268 235489 25 220 17 18 20 20 198 6737 55747 82596 25 220 21 24 16 21 198 51 2692 80 629 17386 25 220 24 19 16 19 198 34930 269 53656 25 220 22 18 20 16 198 2196 319 55240 25 220 16 20 19 23 198 2665 269 63419 25 220 18 20 19 19 198 49 11642 49346 25 220 22 24 23 19 198 89306 53656 25 220 24 24 20 18 198 4904 4897 629 17386 25 220 17 20 20 21 198 35 1701 452 63294 25 220 16 20 16 16 198 46 23738 27466 25 220 23 23 16 24 198 4904 4897 40050 12297 25 220 24 18 19 22 198 59605 93922 25 220 20 24 23 24 198 40 15190 59831 25 220 24 16 15 24 198 89306 34827 25 220 22 20 22 17 198 6737 55747 28975 25 220 23 19 23 17 198 27175 667 53656 25 220 20 16 23 18 198 56 4897 235489 25 220 19 24 23 23 198 24601 10211 46035 25 220 18 21 24 23 198 2229 10211 26342 67220 375 25 220 20 18 16 20 198 89680 7509 64683 14183 25 220 23 22 19 18 198 2229 10211 40050 12297 25 220 20 22 23 21 271 14162 25 3437 369 279 2528 1970 364 1900 10211 40050 12297 30 198 15666 25 561 2528 1970 364 1900 10211 40050 12297 369 220 20 22 23 21	338
r119/wrong/q29	nll	5865 1970 18834 198 39 32389 40733 25 220 18 15 21 24 198 27175 667 629 17386 25 220 19 17 15 19 198 23202 396 56763 25 220 20 17 24 18 198 5901 4897 26342 67220 375 25 220 21 18 16 19 198 39 32389 56763 25 220 21 20 20 20 198 623 287 36461 25 220 23 19 22 24 198 51 21576 5367 25 220 17 20 21 16 198 39304 667 59831 25 220 16 20 24 15 198 54 268 235489 25 220 17 18 20 20 198 6737 55747 82596 25 220 21 24 16 21 198 51 2692 80 629 17386 25 220 24 19 16 19 198 34930 269 53656 25 220 22 18 20 16 198 2196 319 55240 25 220 16 20 19 23 198 2665 269 63419 25 220 18 20 19 19 198 49 11642 49346 25 220 22 24 23 19 198 89306 53656 25 220 24 24 20 18 198 4904 4897 629 17386 25 220 17 20 20 21 198 35 1701 452 63294 25 220 16 20 16 16 198 46 23738 27466 25 220 23 23 16 24 198 4904 4897 40050 12297 25 220 24 18 19 22 198 59605 93922 25 220 20 24 23 24 198 40 15190 59831 25 220 24 16 15 24 198 89306 34827 25 220 22 20 22 17 198 6737 55747 28975 25 220 23 19 23 17 198 27175 667 53656 25 220 20 16 23 18 198 56 4897 235489 25 220 19 24 23 23 198 24601 10211 46035 25 220 18 21 24 23 198 2229 10211 26342 67220 375 25 220 20 18 16 20 198 89680 7509 64683 14183 25 220 23 22 19 18 198 2229 10211 40050 12297 25 220 20 22 23 21 271 14162 25 3437 369 279 2528 1970 364 1900 10211 40050 12297 30 198 15666 25 561 2528 1970 364 1900 10211 40050 12297 369 220 24 24 20 18	338
r120/gold/q0	nll	5865 1970 18834 198 35921 299 92372 25 220 24 19 24 19 198 45 1524 335 2075 56763 25 220 19 17 18 19 198 27175 667 78961 25 220 21 24 21 23 198 40 15190 92372 25 220 24 20 19 19 198 623 287 52582 25 220 19 21 15 22 198 56 350 1644 56763 25 220 17 23 21 16 198 39 3253 40733 25 220 19 19 23 19 198 59605 92372 25 220 22 19 16 15 198 43 1506 59831 25 220 19 16 23 23 198 39 32389 78961 25 220 16 21 24 21 198 5901 4897 27466 25 220 21 24 18 21 198 36 46419 46035 25 220 23 15 16 24 198 4904 4897 49472 25 220 17 23 15 22 198 31795 1413 82596 25 220 23 16 20 17 198 27175 667 46035 25 220 24 15 18 18 198 45 51054 5367 25 220 19 22 21 24 198 42 2075 27466 25 220 19 23 16 17 198 24601 10211 4254 2770 25 220 21 16 22 21 198 39 32389 28975 25 220 17 22 23 24 198 49 11642 39685 25 220 18 22 20 20 198 83554 710 3974 25 220 21 16 19 17 198 46 23738 1799 33852 1482 25 220 16 22 19 18 198 1106 268 64683 14183 25 220 21 18 17 19 198 39 32389 1799 33852 1482 25 220 22 21 19 23 198 4904 4897 61850 25 220 24 15 16 19 198 6737 55747 78961 25 220 16 23 21 17 198 4904 4897 56763 25 220 20 15 21 20 198 6737 55747 49472 25 220 18 16 23 24 198 54 268 49472 25 220 22 20 18 21 198 233511 93922 25 220 17 24 19 20 271 14162 25 3437 369 279 2528 1970 364 65788 92372 30 198 15666 25 561 2528 1970 364 65788 92372 369 220 24 19 24 19	332
r120/wrong/q0	nll	5865 1970 18834 198 35921 299 92372 25 220 24 19 24 19 198 45 1524 335 2075 56763 25 220 19 17 18 19 198 27175 667 78961 25 220 21 24 21 23 198 40 15190 92372 25 220 24 20 19 19 198 623 287 52582 25 220 19 21 15 22 198 56 350 1644 56763 25 220 17 23 21 16 198 39 3253 40733 25 220 19 19 23 19 198 59605 92372 25 220 22 19 16 15 198 43 1506 59831 25 220 19 16 23 23 198 39 32389 78961 25 220 16 21 24 21 198 5901 4897 27466 25 220 21 24 18 21 198 36 46419 46035 25 220 23 15 16 24 198 4904 4897 49472 25 220 17 23 15 22 198 31795 1413 82596 25 220 23 16 20 17 198 27175 667 46035 25 220 24 15 18 18 198 45 51054 5367 25 220 19 22 21 24 198 42 2075 27466 25 220 19 23 16 17 198 24601 10211 4254 2770 25 220 21 16 22 21 198 39 32389 28975 25 220 17 22 23 24 198 49 11642 39685 25 220 18 22 20 20 198 83554 710 3974 25 220 21 16 19 17 198 46 23738 1799 33852 1482 25 220 16 22 19 18 198 1106 268 64683 14183 25 220 21 18 17 19 198 39 32389 1799 33852 1482 25 220 22 21 19 23 198 4904 4897 61850 25 220 24 15 16 19 198 6737 55747 78961 25 220 16 23 21 17 198 4904 4897 56763 25 220 20 15 21 20 198 6737 55747 49472 25 220 18 16 23 24 198 54 268 49472 25 220 22 20 18 21 198 233511 93922 25 220 17 24 19 20 271 14162 25 3437 369 279 2528 1970 364 65788 92372 30 198 15666 25 561 2528 1970 364 65788 92372 369 220 22 21 19 23	332
r121/gold/q1	nll	5865 1970 18834 198 89306 1799 33852 1482 25 220 20 17 22 22 198 2229 10211 40733 25 220 18 17 24 23 198 2196 50557 73467 25 220 16 19 22 19 198 31795 1413 46035 25 220 17 23 15 18 198 2196 319 496 4405 1891 25 220 18 18 19 24 198 37 65435 14315 48040 25 220 20 23 23 23 198 82433 63294 25 220 17 24 18 23 198 57 4493 59831 25 220 17 23 19 15 198 42 2075 82596 25 220 21 22 17 21 198 36 46419 14315 48040 25 220 22 20 22 18 198 10786 64 59405 85 25 220 16 24 18 19 198 2196 50557 235489 25 220 23 20 16 16 198 50 1020 667 56763 25 220 17 18 24 23 198 35 1701 452 52582 25 220 18 15 17 23 198 2196 50557 61850 25 220 20 21 16 18 198 51 2692 80 39185 25 220 21 20 19 16 198 42 88850 41803 80831 25 220 18 24 16 20 198 233511 462 698 327 25 220 17 15 24 23 198 10786 64 63419 25 220 16 22 24 18 198 50 1020 667 73467 25 220 18 21 18 24 198 43 1506 23773 12949 25 220 19 17 19 21 198 45 1524 335 2075 28975 25 220 19 19 17 18 198 59605 53656 25 220 21 23 18 17 198 39 3253 61028 25 220 22 24 16 21 198 2196 319 61028 25 220 20 17 18 18 198 51 2692 80 462 698 327 25 220 18 20 18 21 198 2229 10211 72925 25 220 21 19 16 20 198 623 287 56763 25 220 17 20 21 24 198 49 2492 5709 32442 54958 25 220 19 16 24 24 198 31795 1413 82596 25 220 21 21 18 16 271 14162 25 3437 369 279 2528 1970 364 1900 10211 40733 30 198 15666 25 561 2528 1970 364 1900 10211 40733 369 220 18 17 24 23	345
r121/wrong/q1	nll	5865 1970 18834 198 89306 1799 33852 1482 25 220 20 17 22 22 198 2229 10211 40733 25 220 18 17 24 23 198 2196 50557 73467 25 220 16 19 22 19 198 31795 1413 46035 25 220 17 23 15 18 198 2196 319 496 4405 1891 25 220 18 18 19 24 198 37 65435 14315 48040 25 220 20 23 23 23 198 82433 63294 25 220 17 24 18 23 198 57 4493 59831 25 220 17 23 19 15 198 42 2075 82596 25 220 21 22 17 21 198 36 46419 14315 48040 25 220 22 20 22 18 198 10786 64 59405 85 25 220 16 24 18 19 198 2196 50557 235489 25 220 23 20 16 16 198 50 1020 667 56763 25 220 17 18 24 23 198 35 1701 452 52582 25 220 18 15 17 23 198 2196 50557 61850 25 220 20 21 16 18 198 51 2692 80 39185 25 220 21 20 19 16 198 42 88850 41803 80831 25 220 18 24 16 20 198 233511 462 698 327 25 220 17 15 24 23 198 10786 64 63419 25 220 16 22 24 18 198 50 1020 667 73467 25 220 18 21 18 24 198 43 1506 23773 12949 25 220 19 17 19 21 198 45 1524 335 2075 28975 25 220 19 19 17 18 198 59605 53656 25 220 21 23 18 17 198 39 3253 61028 25 220 22 24 16 21 198 2196 319 61028 25 220 20 17 18 18 198 51 2692 80 462 698 327 25 220 18 20 18 21 198 2229 10211 72925 25 220 21 19 16 20 198 623 287 56763 25 220 17 20 21 24 198 49 2492 5709 32442 54958 25 220 19 16 24 24 198 31795 1413 82596 25 220 21 21 18 16 271 14162 25 3437 369 279 2528 1970 364 1900 10211 40733 30 198 15666 25 561 2528 1970 364 1900 10211 40733 369 220 21 21 18 16	345
r122/gold/q2	nll	5865 1970 18834 198 43 1506 28975 25 220 22 21 19 19 198 4904 4897 56763 25 220 23 22 17 21 198 51 21576 227938 25 220 24 24 21 22 198 10786 64 56763 25 220 20 15 24 20 198 43 1506 16592 28100 25 220 24 19 16 20 198 3320 2472 92372 25 220 22 24 15 15 198 90979 78 39685 25 220 17 16 20 23 198 49 11642 4470 570 25 220 20 17 15 22 198 92055 32442 54958 25 220 20 15 23 19 198 89680 7509 710 3974 25 220 17 20 15 23 198 35 1701 452 28975 25 220 23 17 19 15 198 42 88850 710 358 1091 6433 25 220 16 24 15 16 198 2665 269 92372 25 220 23 18 15 19 198 2665 269 39685 25 220 18 22 20 15 198 65343 72925 25 220 21 20 24 17 198 2665 269 56763 25 220 18 20 23 17 198 233511 49472 25 220 20 23 22 19 198 39304 667 710 3974 25 220 21 17 22 22 198 83554 26342 67220 375 25 220 23 24 18 17 198 51 21576 14315 48040 25 220 19 18 16 18 198 2196 319 629 17386 25 220 18 20 16 16 198 51 2692 80 227938 25 220 23 15 16 15 198 45 51054 55240 25 220 18 17 17 15 198 27175 667 41803 80831 25 220 18 15 17 15 198 50 1020 667 78961 25 220 17 24 17 19 198 40 15190 72925 25 220 24 18 21 18 198 37 65435 59405 85 25 220 21 23 15 21 198 82433 92372 25 220 21 16 18 15 198 23202 396 5367 25 220 18 15 21 15 198 43 1506 61028 25 220 22 20 20 22 271 14162 25 3437 369 279 2528 1970 364 84907 227938 30 198 15666 25 561 2528 1970 364 84907 227938 369 220 24 24 21 22	337
r122/wrong/q2	nll	5865 1970 18834 198 43 1506 28975 25 220 22 21 19 19 198 4904 4897 56763 25 220 23 22 17 21 198 51 21576 227938 25 220 24 24 21 22 198 10786 64 56763 25 220 20 15 24 20 198 43 1506 16592 28100 25 220 24 19 16 20 198 3320 2472 92372 25 220 22 24 15 15 198 90979 78 39685 25 220 17 16 20 23 198 49 11642 4470 570 25 220 20 17 15 22 198 92055 32442 54958 25 220 20 15 23 19 198 89680 7509 710 3974 25 220 17 20 15 23 198 35 1701 452 28975 25 220 23 17 19 15 198 42 88850 710 358 1091 6433 25 220 16 24 15 16 198 2665 269 92372 25 220 23 18 15 19 198 2665 269 39685 25 220 18 22 20 15 198 65343 72925 25 220 21 20 24 17 198 2665 269 56763 25 220 18 20 23 17 198 233511 49472 25 220 20 23 22 19 198 39304 667 710 3974 25 220 21 17 22 22 198 83554 26342 67220 375 25 220 23 24 18 17 198 51 21576 14315 48040 25 220 19 18 16 18 198 2196 319 629 17386 25 220 18 20 16 16 198 51 2692 80 227938 25 220 23 15 16 15 198 45 51054 55240 25 220 18 17 17 15 198 27175 667 41803 80831 25 220 18 15 17 15 198 50 1020 667 78961 25 220 17 24 17 19 198 40 15190 72925 25 220 24 18 21 18 198 37 65435 59405 85 25 220 21 23 15 21 198 82433 92372 25 220 21 16 18 15 198 23202 396 5367 25 220 18 15 21 15 198 43 1506 61028 25 220 22 20 20 22 271 14162 25 3437 369 279 2528 1970 364 84907 227938 30 198 15666 25 561 2528 1970 364 84907 227938 369 220 18 15 17 15	337
r123/gold/q3	nll	5865 1970 18834 198 42 2075 23773 12949 25 220 22 22 21 15 198 89680 7509 61850 25 220 21 21 20 18 198 51 24685 39185 25 220 19 18 23 23 198 10786 64 82596 25 220 23 16 19 18 198 2229 10211 41803 80831 25 220 19 20 19 18 198 3320 2472 72925 25 220 24 20 16 15 198 5901 4897 72925 25 220 16 17 16 15 198 31795 1413 63294 25 220 17 17 21 18 198 49 2492 5709 39185 25 220 21 20 19 21 198 6737 55747 36461 25 220 16 24 19 16 198 56 4897 82596 25 220 24 23 20 19 198 34930 269 63294 25 220 24 16 23 22 198 39304 667 63419 25 220 17 20 20 15 198 51 2692 80 4254 2770 25 220 22 24 15 16 198 35921 299 235489 25 220 16 18 19 23 198 2196 319 67186 25 220 21 23 17 15 198 35921 299 462 698 327 25 220 16 15 17 21 198 34930 269 59831 25 220 23 16 19 16 198 2196 319 73467 25 220 21 21 15 16 198 37 65435 235489 25 220 19 15 21 20 198 35 1701 452 1799 33852 1482 25 220 23 18 24 16 198 6737 55747 55240 25 220 17 21 23 15 198 3320 2472 40733 25 220 22 24 20 18 198 51 21576 458 452 82319 25 220 20 20 17 18 198 50 1020 667 39685 25 220 20 16 20 17 198 36 46419 78961 25 220 17 15 15 22 198 35 1701 452 227938 25 220 22 18 19 21 198 40 15190 61850 25 220 19 17 15 20 198 45 1524 335 2075 16592 28100 25 220 17 24 21 20 198 92055 59405 85 25 220 22 22 15 16 271 14162 25 3437 369 279 2528 1970 364 48654 82596 30 198 15666 25 561 2528 1970 364 48654 82596 369 220 23 16 19 18	342
r123/wrong/q3	nll	5865 1970 18834 198 42 2075 23773 12949 25 220 22 22 21 15 198 89680 7509 61850 25 220 21 21 20 18 198 51 24685 39185 25 220 19 18 23 23 198 10786 64 82596 25 220 23 16 19 18 198 2229 10211 41803 80831 25 220 19 20 19 18 198 3320 2472 72925 25 220 24 20 16 15 198 5901 4897 72925 25 220 16 17 16 15 198 31795 1413 63294 25 220 17 17 21 18 198 49 2492 5709 39185 25 220 21 20 19 21 198 6737 55747 36461 25 220 16 24 19 16 198 56 4897 82596 25 220 24 23 20 19 198 34930 269 63294 25 220 24 16 23 22 198 39304 667 63419 25 220 17 20 20 15 198 51 2692 80 4254 2770 25 220 22 24 15 16 198 35921 299 235489 25 220 16 18 19 23 198 2196 319 67186 25 220 21 23 17 15 198 35921 299 462 698 327 25 220 16 15 17 21 198 34930 269 59831 25 220 23 16 19 16 198 2196 319 73467 25 220 21 21 15 16 198 37 65435 235489 25 220 19 15 21 20 198 35 1701 452 1799 33852 1482 25 220 23 18 24 16 198 6737 55747 55240 25 220 17 21 23 15 198 3320 2472 40733 25 220 22 24 20 18 198 51 21576 458 452 82319 25 220 20 20 17 18 198 50 1020 667 39685 25 220 20 16 20 17 198 36 46419 78961 25 220 17 15 15 22 198 35 1701 452 227938 25 220 22 18 19 21 198 40 15190 61850 25 220 19 17 15 20 198 45 1524 335 2075 16592 28100 25 220 17 24 21 20 198 92055 59405 85 25 220 22 22 15 16 271 14162 25 3437 369 279 2528 1970 364 48654 82596 30 198 15666 25 561 2528 1970 364 48654 82596 369 220 17 21 23 15	342
r124/gold/q4	nll	5865 1970 18834 198 39304 667 16592 28100 25 220 20 23 19 15 198 59605 46035 25 220 23 24 21 19 198 27175 667 56763 25 220 21 24 19 17 198 5901 4897 40050 12297 25 220 22 19 16 17 198 2665 269 61850 25 220 20 18 20 21 198 59605 59405 85 25 220 19 15 16 20 198 51 21576 41803 80831 25 220 21 23 16 21 198 89306 59831 25 220 19 15 19 23 198 34930 269 496 4405 1891 25 220 21 22 23 18 198 623 287 710 3974 25 220 20 22 22 23 198 45 51054 16592 28100 25 220 18 16 16 17 198 6737 55747 39185 25 220 19 23 18 17 198 51 24685 227938 25 220 19 22 16 24 198 2196 50557 1799 33852 1482 25 220 16 24 24 15 198 2229 10211 59405 85 25 220 18 22 17 21 198 59605 32442 54958 25 220 22 16 23 18 198 10786 64 710 358 1091 6433 25 220 21 23 15 21 198 2196 319 27466 25 220 16 15 21 23 198 39 3253 46035 25 220 24 21 16 17 198 23202 396 40733 25 220 19 19 19 21 198 42 2075 41803 80831 25 220 24 16 20 19 198 623 287 235489 25 220 18 15 20 15 198 31795 1413 40733 25 220 18 23 23 18 198 27175 667 61850 25 220 22 23 16 22 198 24601 10211 59831 25 220 23 20 15 17 198 49 11642 49346 25 220 18 19 23 21 198 82433 207520 25 220 24 24 15 24 198 23202 396 28975 25 220 23 19 16 18 198 233511 629 17386 25 220 23 22 24 19 198 43 1506 64683 14183 25 220 17 20 17 23 271 14162 25 3437 369 279 2528 1970 364 2233 269 61850 30 198 15666 25 561 2528 1970 364 2233 269 61850 369 220 20 18 20 21	339
r124/wrong/q4	nll	5865 1970 18834 198 39304 667 16592 28100 25 220 20 23 19 15 198 59605 46035 25 220 23 24 21 19 198 27175 667 56763 25 220 21 24 19 17 198 5901 4897 40050 12297 25 220 22 19 16 17 198 2665 269 61850 25 220 20 18 20 21 198 59605 59405 85 25 220 19 15 16 20 198 51 21576 41803 80831 25 220 21 23 16 21 198 89306 59831 25 220 19 15 19 23 198 34930 269 496 4405 1891 25 220 21 22 23 18 198 623 287 710 3974 25 220 20 22 22 23 198 45 51054 16592 28100 25 220 18 16 16 17 198 6737 55747 39185 25 220 19 23 18 17 198 51 24685 227938 25 220 19 22 16 24 198 2196 50557 1799 33852 1482 25 220 16 24 24 15 198 2229 10211 59405 85 25 220 18 22 17 21 198 59605 32442 54958 25 220 22 16 23 18 198 10786 64 710 358 1091 6433 25 220 21 23 15 21 198 2196 319 27466 25 220 16 15 21 23 198 39 3253 46035 25 220 24 21 16 17 198 23202 396 40733 25 220 19 19 19 21 198 42 2075 41803 80831 25 220 24 16 20 19 198 623 287 235489 25 220 18 15 20 15 198 31795 1413 40733 25 220 18 23 23 18 198 27175 667 61850 25 220 22 23 16 22 198 24601 10211 59831 25 220 23 20 15 17 198 49 11642 49346 25 220 18 19 23 21 198 82433 207520 25 220 24 24 15 24 198 23202 396 28975 25 220 23 19 16 18 198 233511 629 17386 25 220 23 22 24 19 198 43 1506 64683 14183 25 220 17 20 17 23 271 14162 25 3437 369 279 2528 1970 364 2233 269 61850 30 198 15666 25 561 2528 1970 364 2233 269 61850 369 220 20 23 19 15	339
r125/gold/q5	nll	5865 1970 18834 198 57 4897 72925 25 220 21 17 18 19 198 40 15190 55240 25 220 18 24 24 16 198 49 11642 1799 33852 1482 25 220 23 22 21 21 198 10786 64 55240 25 220 22 18 21 23 198 43 1506 63294 25 220 22 17 17 22 198 49 2492 5709 27466 25 220 16 17 17 24 198 2196 319 78961 25 220 21 24 24 17 198 40 15190 82596 25 220 19 17 17 18 198 24601 10211 39685 25 220 21 24 18 24 198 45 1524 335 2075 67186 25 220 23 20 23 24 198 24601 10211 23773 12949 25 220 24 19 21 20 198 3320 2472 629 17386 25 220 18 20 16 18 198 23202 396 32442 54958 25 220 17 20 15 22 198 50 1020 667 26342 67220 375 25 220 19 18 17 22 198 233511 458 452 82319 25 220 17 17 15 16 198 6737 55747 4254 2770 25 220 18 21 22 19 198 36 46419 61028 25 220 19 21 20 16 198 90979 78 63294 25 220 17 16 15 22 198 10786 64 41803 80831 25 220 16 24 21 17 198 37 65435 53656 25 220 23 21 21 15 198 56 350 1644 67186 25 220 21 16 23 21 198 3320 2472 16592 28100 25 220 20 19 17 23 198 89680 7509 64683 14183 25 220 17 24 19 17 198 4904 4897 74092 25 220 20 21 19 21 198 49 2492 5709 39185 25 220 24 21 15 15 198 39 32389 61850 25 220 17 24 23 23 198 34930 269 72925 25 220 24 22 22 18 198 34930 269 39685 25 220 20 23 16 23 198 233511 40050 12297 25 220 17 16 20 23 198 3320 2472 92372 25 220 18 20 20 19 271 14162 25 3437 369 279 2528 1970 364 52575 27466 30 198 15666 25 561 2528 1970 364 52575 27466 369 220 16 17 17 24	343
r125/wrong/q5	nll	5865 1970 18834 198 57 4897 72925 25 220 21 17 18 19 198 40 15190 55240 25 220 18 24 24 16 198 49 11642 1799 33852 1482 25 220 23 22 21 21 198 10786 64 55240 25 220 22 18 21 23 198 43 1506 63294 25 220 22 17 17 22 198 49 2492 5709 27466 25 220 16 17 17 24 198 2196 319 78961 25 220 21 24 24 17 198 40 15190 82596 25 220 19 17 17 18 198 24601 10211 39685 25 220 21 24 18 24 198 45 1524 335 2075 67186 25 220 23 20 23 24 198 24601 10211 23773 12949 25 220 24 19 21 20 198 3320 2472 629 17386 25 220 18 20 16 18 198 23202 396 32442 54958 25 220 17 20 15 22 198 50 1020 667 26342 67220 375 25 220 19 18 17 22 198 233511 458 452 82319 25 220 17 17 15 16 198 6737 55747 4254 2770 25 220 18 21 22 19 198 36 46419 61028 25 220 19 21 20 16 198 90979 78 63294 25 220 17 16 15 22 198 10786 64 41803 80831 25 220 16 24 21 17 198 37 65435 53656 25 220 23 21 21 15 198 56 350 1644 67186 25 220 21 16 23 21 198 3320 2472 16592 28100 25 220 20 19 17 23 198 89680 7509 64683 14183 25 220 17 24 19 17 198 4904 4897 74092 25 220 20 21 19 21 198 49 2492 5709 39185 25 220 24 21 15 15 198 39 32389 61850 25 220 17 24 23 23 198 34930 269 72925 25 220 24 22 22 18 198 34930 269 39685 25 220 20 23 16 23 198 233511 40050 12297 25 220 17 16 20 23 198 3320 2472 92372 25 220 18 20 20 19 271 14162 25 3437 369 279 2528 1970 364 52575 27466 30 198 15666 25 561 2528 1970 364 52575 27466 369 220 18 20 20 19	343
r126/gold/q6	nll	5865 1970 18834 198 4904 4897 59405 85 25 220 19 23 16 23 198 4904 4897 59831 25 220 23 15 20 17 198 45 51054 92372 25 220 19 17 19 21 198 43 1506 34827 25 220 24 24 20 21 198 39 3253 710 358 1091 6433 25 220 19 18 19 21 198 233511 462 698 327 25 220 21 20 24 16 198 40 15190 227938 25 220 21 23 21 18 198 37 65435 227938 25 220 21 18 21 24 198 46 23738 34827 25 220 16 23 21 23 198 37 65435 72925 25 220 19 18 17 15 198 39304 667 52582 25 220 16 21 17 17 198 40 15190 26342 67220 375 25 220 19 21 15 15 198 56 4897 46035 25 220 23 22 19 24 198 2196 50557 26342 67220 375 25 220 23 18 22 17 198 39 3253 73467 25 220 20 22 16 16 198 35 1701 452 4254 2770 25 220 21 15 20 21 198 83554 56763 25 220 16 21 21 22 198 34930 269 40733 25 220 17 23 24 24 198 56 4897 72925 25 220 17 22 21 24 198 623 287 74092 25 220 20 15 16 23 198 623 287 41803 80831 25 220 21 15 16 20 198 24601 10211 14315 48040 25 220 21 20 19 16 198 45 51054 710 358 1091 6433 25 220 23 17 23 23 198 6737 55747 72925 25 220 22 17 23 19 198 92055 64683 14183 25 220 20 21 23 20 198 34930 269 49472 25 220 20 16 16 23 198 65343 4470 570 25 220 16 18 18 18 198 3320 2472 93922 25 220 22 21 24 20 198 89680 7509 28975 25 220 22 19 18 16 198 45 51054 52582 25 220 17 21 19 23 271 14162 25 3437 369 279 2528 1970 364 40050 227938 30 198 15666 25 561 2528 1970 364 40050 227938 369 220 21 23 21 18	340
r126/wrong/q6	nll	5865 1970 18834 198 4904 4897 59405 85 25 220 19 23 16 23 198 4904 4897 59831 25 220 23 15 20 17 198 45 51054 92372 25 220 19 17 19 21 198 43 1506 34827 25 220 24 24 20 21 198 39 3253 710 358 1091 6433 25 220 19 18 19 21 198 233511 462 698 327 25 220 21 20 24 16 198 40 15190 227938 25 220 21 23 21 18 198 37 65435 227938 25 220 21 18 21 24 198 46 23738 34827 25 220 16 23 21 23 198 37 65435 72925 25 220 19 18 17 15 198 39304 667 52582 25 220 16 21 17 17 198 40 15190 26342 67220 375 25 220 19 21 15 15 198 56 4897 46035 25 220 23 22 19 24 198 2196 50557 26342 67220 375 25 220 23 18 22 17 198 39 3253 73467 25 220 20 22 16 16 198 35 1701 452 4254 2770 25 220 21 15 20 21 198 83554 56763 25 220 16 21 21 22 198 34930 269 40733 25 220 17 23 24 24 198 56 4897 72925 25 220 17 22 21 24 198 623 287 74092 25 220 20 15 16 23 198 623 287 41803 80831 25 220 21 15 16 20 198 24601 10211 14315 48040 25 220 21 20 19 16 198 45 51054 710 358 1091 6433 25 220 23 17 23 23 198 6737 55747 72925 25 220 22 17 23 19 198 92055 64683 14183 25 220 20 21 23 20 198 34930 269 49472 25 220 20 16 16 23 198 65343 4470 570 25 220 16 18 18 18 198 3320 2472 93922 25 220 22 21 24 20 198 89680 7509 28975 25 220 22 19 18 16 198 45 51054 52582 25 220 17 21 19 23 271 14162 25 3437 369 279 2528 1970 364 40050 227938 30 198 15666 25 561 2528 1970 364 40050 227938 369 220 23 22 19 24	340
r127/gold/q7	nll	5865 1970 18834 198 2196 50557 34827 25 220 17 23 19 18 198 24601 10211 52582 25 220 19 17 19 19 198 39 32389 92372 25 220 21 22 21 20 198 90979 78 40050 12297 25 220 20 24 22 24 198 42 88850 92372 25 220 23 17 19 16 198 1106 268 39185 25 220 16 15 18 16 198 10786 64 41803 80831 25 220 21 21 20 19 198 623 287 462 698 327 25 220 17 21 16 21 198 54 268 32442 54958 25 220 24 19 15 24 198 45 51054 34827 25 220 18 24 21 17 198 49 11642 40050 12297 25 220 18 24 18 19 198 35921 299 462 698 327 25 220 21 17 24 23 198 40 15190 72925 25 220 19 22 18 17 198 37 65435 64683 14183 25 220 24 18 21 15 198 45 1524 335 2075 23773 12949 25 220 22 15 17 19 198 40 15190 73467 25 220 22 21 24 24 198 10786 64 26342 67220 375 25 220 24 24 20 24 198 2196 319 36461 25 220 21 16 24 20 198 49 11642 26342 67220 375 25 220 19 15 22 17 198 50 1020 667 73467 25 220 17 21 19 15 198 35921 299 14315 48040 25 220 17 23 22 17 198 3320 2472 82596 25 220 19 15 20 16 198 35921 299 61850 25 220 21 16 16 19 198 39 32389 67186 25 220 21 16 17 17 198 2196 50557 61850 25 220 19 15 21 20 198 23202 396 710 358 1091 6433 25 220 20 15 23 16 198 82433 39185 25 220 23 16 19 22 198 42 88850 710 358 1091 6433 25 220 22 21 19 18 198 54 268 93922 25 220 17 15 19 15 198 49 2492 5709 39685 25 220 18 18 16 15 271 14162 25 3437 369 279 2528 1970 364 733 287 462 698 327 30 198 15666 25 561 2528 1970 364 733 287 462 698 327 369 220 17 21 16 21	355
r127/wrong/q7	nll	5865 1970 18834 198 2196 50557 34827 25 220 17 23 19 18 198 24601 10211 52582 25 220 19 17 19 19 198 39 32389 92372 25 220 21 22 21 20 198 90979 78 40050 12297 25 220 20 24 22 24 198 42 88850 92372 25 220 23 17 19 16 198 1106 268 39185 25 220 16 15 18 16 198 10786 64 41803 80831 25 220 21 21 20 19 198 623 287 462 698 327 25 220 17 21 16 21 198 54 268 32442 54958 25 220 24 19 15 24 198 45 51054 34827 25 220 18 24 21 17 198 49 11642 40050 12297 25 220 18 24 18 19 198 35921 299 462 698 327 25 220 21 17 24 23 198 40 15190 72925 25 220 19 22 18 17 198 37 65435 64683 14183 25 220 24 18 21 15 198 45 1524 335 2075 23773 12949 25 220 22 15 17 19 198 40 15190 73467 25 220 22 21 24 24 198 10786 64 26342 67220 375 25 220 24 24 20 24 198 2196 319 36461 25 220 21 16 24 20 198 49 11642 26342 67220 375 25 220 19 15 22 17 198 50 1020 667 73467 25 220 17 21 19 15 198 35921 299 14315 48040 25 220 17 23 22 17 198 3320 2472 82596 25 220 19 15 20 16 198 35921 299 61850 25 220 21 16 16 19 198 39 32389 67186 25 220 21 16 17 17 198 2196 50557 61850 25 220 19 15 21 20 198 23202 396 710 358 1091 6433 25 220 20 15 23 16 198 82433 39185 25 220 23 16 19 22 198 42 88850 710 358 1091 6433 25 220 22 21 19 18 198 54 268 93922 25 220 17 15 19 15 198 49 2492 5709 39685 25 220 18 18 16 15 271 14162 25 3437 369 279 2528 1970 364 733 287 462 698 327 30 198 15666 25 561 2528 1970 364 733 287 462 698 327 369 220 21 16 16 19	355
r128/gold/q8	nll	5865 1970 18834 198 3320 2472 78961 25 220 23 16 20 21 198 2665 269 82596 25 220 18 20 21 24 198 2196 50557 39685 25 220 24 23 20 22 198 56 350 1644 72925 25 220 19 21 18 20 198 31795 1413 63294 25 220 21 16 18 23 198 34930 269 61028 25 220 22 17 16 19 198 10786 64 39685 25 220 16 22 22 17 198 57 4493 710 3974 25 220 22 22 16 20 198 89306 55240 25 220 17 19 17 15 198 623 287 40733 25 220 19 16 23 20 198 10786 64 46035 25 220 17 22 23 21 198 34930 269 40050 12297 25 220 21 20 21 20 198 54 268 1799 33852 1482 25 220 20 20 20 15 198 27175 667 4470 570 25 220 22 23 19 16 198 3320 2472 41803 80831 25 220 22 20 16 21 198 2196 319 82596 25 220 18 21 20 16 198 623 287 227938 25 220 19 21 21 16 198 24601 10211 40050 12297 25 220 22 17 24 15 198 65343 49346 25 220 21 23 24 19 198 35 1701 452 52582 25 220 23 24 19 19 198 27175 667 227938 25 220 24 17 16 17 198 6737 55747 55240 25 220 24 17 18 15 198 2196 50557 92372 25 220 18 20 22 18 198 57 4897 4470 570 25 220 16 18 18 17 198 45 1524 335 2075 5367 25 220 18 22 23 21 198 3320 2472 67186 25 220 20 18 16 24 198 27175 667 72925 25 220 21 21 21 18 198 51 2692 80 496 4405 1891 25 220 21 15 18 21 198 623 287 59831 25 220 22 18 15 19 198 10786 64 207520 25 220 22 20 18 22 271 14162 25 3437 369 279 2528 1970 364 28338 55240 30 198 15666 25 561 2528 1970 364 28338 55240 369 220 17 19 17 15	338
r128/wrong/q8	nll	5865 1970 18834 198 3320 2472 78961 25 220 23 16 20 21 198 2665 269 82596 25 220 18 20 21 24 198 2196 50557 39685 25 220 24 23 20 22 198 56 350 1644 72925 25 220 19 21 18 20 198 31795 1413 63294 25 220 21 16 18 23 198 34930 269 61028 25 220 22 17 16 19 198 10786 64 39685 25 220 16 22 22 17 198 57 4493 710 3974 25 220 22 22 16 20 198 89306 55240 25 220 17 19 17 15 198 623 287 40733 25 220 19 16 23 20 198 10786 64 46035 25 220 17 22 23 21 198 34930 269 40050 12297 25 220 21 20 21 20 198 54 268 1799 33852 1482 25 220 20 20 20 15 198 27175 667 4470 570 25 220 22 23 19 16 198 3320 2472 41803 80831 25 220 22 20 16 21 198 2196 319 82596 25 220 18 21 20 16 198 623 287 227938 25 220 19 21 21 16 198 24601 10211 40050 12297 25 220 22 17 24 15 198 65343 49346 25 220 21 23 24 19 198 35 1701 452 52582 25 220 23 24 19 19 198 27175 667 227938 25 220 24 17 16 17 198 6737 55747 55240 25 220 24 17 18 15 198 2196 50557 92372 25 220 18 20 22 18 198 57 4897 4470 570 25 220 16 18 18 17 198 45 1524 335 2075 5367 25 220 18 22 23 21 198 3320 2472 67186 25 220 20 18 16 24 198 27175 667 72925 25 220 21 21 21 18 198 51 2692 80 496 4405 1891 25 220 21 15 18 21 198 623 287 59831 25 220 22 18 15 19 198 10786 64 207520 25 220 22 20 18 22 271 14162 25 3437 369 279 2528 1970 364 28338 55240 30 198 15666 25 561 2528 1970 364 28338 55240 369 220 22 17 16 19	338
r129/gold/q9	nll	5865 1970 18834 198 10786 64 227938 25 220 20 21 22 16 198 34930 269 27466 25 220 16 24 16 17 198 56 4897 39185 25 220 24 24 20 24 198 39 3253 64683 14183 25 220 20 24 22 24 198 49 11642 67186 25 220 23 23 16 21 198 2229 10211 41803 80831 25 220 19 19 18 16 198 51 21576 629 17386 25 220 22 18 17 17 198 46 23738 629 17386 25 220 20 19 15 20 198 51 24685 82596 25 220 20 20 17 24 198 31795 1413 49472 25 220 19 19 24 15 198 10786 64 53656 25 220 17 23 16 19 198 2665 269 72925 25 220 16 19 19 22 198 233511 59831 25 220 23 23 15 21 198 45 1524 335 2075 629 17386 25 220 16 17 24 24 198 1106 268 55240 25 220 20 21 16 23 198 56 350 1644 1799 33852 1482 25 220 16 24 23 21 198 2229 10211 61086 25 220 19 22 18 17 198 39304 667 92372 25 220 21 16 21 19 198 82433 55240 25 220 19 20 17 21 198 24601 10211 710 358 1091 6433 25 220 16 18 21 19 198 49 2492 5709 67186 25 220 20 15 23 16 198 65343 4254 2770 25 220 18 15 20 22 198 57 4493 72925 25 220 19 20 24 19 198 34930 269 49472 25 220 23 16 20 16 198 49 11642 39685 25 220 24 24 21 24 198 57 4493 49346 25 220 17 20 24 19 198 49 11642 61028 25 220 21 24 17 21 198 83554 74092 25 220 16 17 19 19 198 37 65435 59405 85 25 220 22 18 22 15 198 623 287 82596 25 220 20 17 22 18 271 14162 25 3437 369 279 2528 1970 364 13065 1413 49472 30 198 15666 25 561 2528 1970 364 13065 1413 49472 369 220 19 19 24 15	339
r129/wrong/q9	nll	5865 1970 18834 198 10786 64 227938 25 220 20 21 22 16 198 34930 269 27466 25 220 16 24 16 17 198 56 4897 39185 25 220 24 24 20 24 198 39 3253 64683 14183 25 220 20 24 22 24 198 49 11642 67186 25 220 23 23 16 21 198 2229 10211 41803 80831 25 220 19 19 18 16 198 51 21576 629 17386 25 220 22 18 17 17 198 46 23738 629 17386 25 220 20 19 15 20 198 51 24685 82596 25 220 20 20 17 24 198 31795 1413 49472 25 220 19 19 24 15 198 10786 64 53656 25 220 17 23 16 19 198 2665 269 72925 25 220 16 19 19 22 198 233511 59831 25 220 23 23 15 21 198 45 1524 335 2075 629 17386 25 220 16 17 24 24 198 1106 268 55240 25 220 20 21 16 23 198 56 350 1644 1799 33852 1482 25 220 16 24 23 21 198 2229 10211 61086 25 220 19 22 18 17 198 39304 667 92372 25 220 21 16 21 19 198 82433 55240 25 220 19 20 17 21 198 24601 10211 710 358 1091 6433 25 220 16 18 21 19 198 49 2492 5709 67186 25 220 20 15 23 16 198 65343 4254 2770 25 220 18 15 20 22 198 57 4493 72925 25 220 19 20 24 19 198 34930 269 49472 25 220 23 16 20 16 198 49 11642 39685 25 220 24 24 21 24 198 57 4493 49346 25 220 17 20 24 19 198 49 11642 61028 25 220 21 24 17 21 198 83554 74092 25 220 16 17 19 19 198 37 65435 59405 85 25 220 22 18 22 15 198 623 287 82596 25 220 20 17 22 18 271 14162 25 3437 369 279 2528 1970 364 13065 1413 49472 30 198 15666 25 561 2528 1970 364 13065 1413 49472 369 220 20 21 22 16	339
r130/gold/q10	nll	5865 1970 18834 198 51 24685 93922 25 220 23 16 16 19 198 45 51054 78961 25 220 19 18 22 18 198 39 32389 74092 25 220 21 22 23 19 198 49 2492 5709 63294 25 220 20 20 19 20 198 59605 28975 25 220 19 15 22 20 198 90979 78 629 17386 25 220 24 22 19 24 198 50 1020 667 82596 25 220 17 21 19 22 198 31795 1413 82596 25 220 24 15 15 24 198 2665 269 92372 25 220 21 18 24 17 198 90979 78 49346 25 220 21 21 23 24 198 2665 269 710 358 1091 6433 25 220 18 19 16 17 198 92055 64683 14183 25 220 24 17 23 23 198 4904 4897 458 452 82319 25 220 17 19 22 21 198 42 2075 61086 25 220 24 15 20 16 198 89680 7509 41803 80831 25 220 23 20 15 19 198 37 65435 74092 25 220 16 20 18 17 198 46 23738 710 3974 25 220 19 24 16 16 198 90979 78 49472 25 220 24 18 20 22 198 89680 7509 40733 25 220 19 18 20 22 198 49 11642 41803 80831 25 220 24 22 22 24 198 56 350 1644 73467 25 220 17 20 17 19 198 2665 269 64683 14183 25 220 20 16 20 24 198 27175 667 56763 25 220 16 24 16 19 198 24601 10211 458 452 82319 25 220 20 24 16 21 198 35 1701 452 67186 25 220 18 17 15 21 198 24601 10211 64683 14183 25 220 23 23 15 21 198 35 1701 452 59405 85 25 220 24 22 15 23 198 31795 1413 52582 25 220 24 19 17 21 198 40 15190 207520 25 220 16 22 22 20 198 35921 299 16592 28100 25 220 22 23 23 15 271 14162 25 3437 369 279 2528 1970 364 2233 269 710 358 1091 6433 30 198 15666 25 561 2528 1970 364 2233 269 710 358 1091 6433 369 220 18 19 16 17	352
r130/wrong/q10	nll	5865 1970 18834 198 51 24685 93922 25 220 23 16 16 19 198 45 51054 78961 25 220 19 18 22 18 198 39 32389 74092 25 220 21 22 23 19 198 49 2492 5709 63294 25 220 20 20 19 20 198 59605 28975 25 220 19 15 22 20 198 90979 78 629 17386 25 220 24 22 19 24 198 50 1020 667 82596 25 220 17 21 19 22 198 31795 1413 82596 25 220 24 15 15 24 198 2665 269 92372 25 220 21 18 24 17 198 90979 78 49346 25 220 21 21 23 24 198 2665 269 710 358 1091 6433 25 220 18 19 16 17 198 92055 64683 14183 25 220 24 17 23 23 198 4904 4897 458 452 82319 25 220 17 19 22 21 198 42 2075 61086 25 220 24 15 20 16 198 89680 7509 41803 80831 25 220 23 20 15 19 198 37 65435 74092 25 220 16 20 18 17 198 46 23738 710 3974 25 220 19 24 16 16 198 90979 78 49472 25 220 24 18 20 22 198 89680 7509 40733 25 220 19 18 20 22 198 49 11642 41803 80831 25 220 24 22 22 24 198 56 350 1644 73467 25 220 17 20 17 19 198 2665 269 64683 14183 25 220 20 16 20 24 198 27175 667 56763 25 220 16 24 16 19 198 24601 10211 458 452 82319 25 220 20 24 16 21 198 35 1701 452 67186 25 220 18 17 15 21 198 24601 10211 64683 14183 25 220 23 23 15 21 198 35 1701 452 59405 85 25 220 24 22 15 23 198 31795 1413 52582 25 220 24 19 17 21 198 40 15190 207520 25 220 16 22 22 20 198 35921 299 16592 28100 25 220 22 23 23 15 271 14162 25 3437 369 279 2528 1970 364 2233 269 710 358 1091 6433 30 198 15666 25 561 2528 1970 364 2233 269 710 358 1091 6433 369 220 24 18 20 22	352
r131/gold/q11	nll	5865 1970 18834 198 2196 319 4470 570 25 220 18 18 23 24 198 49 11642 23773 12949 25 220 24 15 20 21 198 36 46419 92372 25 220 18 16 22 15 198 35921 299 61086 25 220 24 16 20 20 198 51 2692 80 74092 25 220 19 24 22 21 198 51 24685 63419 25 220 22 19 16 20 198 39 3253 61850 25 220 17 23 23 17 198 57 4493 74092 25 220 20 15 23 17 198 2665 269 55240 25 220 21 24 16 19 198 4904 4897 14315 48040 25 220 24 21 18 18 198 42 2075 63294 25 220 24 21 17 23 198 27175 667 458 452 82319 25 220 24 21 17 19 198 54 268 1799 33852 1482 25 220 16 23 23 23 198 623 287 72925 25 220 17 23 15 20 198 37 65435 629 17386 25 220 18 20 17 22 198 42 2075 26342 67220 375 25 220 21 16 17 22 198 92055 72925 25 220 21 16 20 20 198 56 4897 39185 25 220 21 21 17 24 198 2665 269 52582 25 220 22 17 24 16 198 59605 40050 12297 25 220 19 24 24 15 198 10786 64 49346 25 220 18 16 24 21 198 2665 269 227938 25 220 16 23 17 19 198 54 268 235489 25 220 16 22 18 23 198 623 287 207520 25 220 22 21 21 16 198 56 4897 55240 25 220 18 17 18 22 198 42 2075 61028 25 220 22 21 15 19 198 45 1524 335 2075 92372 25 220 22 21 17 18 198 56 4897 629 17386 25 220 24 17 15 21 198 5901 4897 67186 25 220 22 15 23 15 198 83554 67186 25 220 20 23 21 18 271 14162 25 3437 369 279 2528 1970 364 37994 458 452 82319 30 198 15666 25 561 2528 1970 364 37994 458 452 82319 369 220 24 21 17 19	341
r131/wrong/q11	nll	5865 1970 18834 198 2196 319 4470 570 25 220 18 18 23 24 198 49 11642 23773 12949 25 220 24 15 20 21 198 36 46419 92372 25 220 18 16 22 15 198 35921 299 61086 25 220 24 16 20 20 198 51 2692 80 74092 25 220 19 24 22 21 198 51 24685 63419 25 220 22 19 16 20 198 39 3253 61850 25 220 17 23 23 17 198 57 4493 74092 25 220 20 15 23 17 198 2665 269 55240 25 220 21 24 16 19 198 4904 4897 14315 48040 25 220 24 21 18 18 198 42 2075 63294 25 220 24 21 17 23 198 27175 667 458 452 82319 25 220 24 21 17 19 198 54 268 1799 33852 1482 25 220 16 23 23 23 198 623 287 72925 25 220 17 23 15 20 198 37 65435 629 17386 25 220 18 20 17 22 198 42 2075 26342 67220 375 25 220 21 16 17 22 198 92055 72925 25 220 21 16 20 20 198 56 4897 39185 25 220 21 21 17 24 198 2665 269 52582 25 220 22 17 24 16 198 59605 40050 12297 25 220 19 24 24 15 198 10786 64 49346 25 220 18 16 24 21 198 2665 269 227938 25 220 16 23 17 19 198 54 268 235489 25 220 16 22 18 23 198 623 287 207520 25 220 22 21 21 16 198 56 4897 55240 25 220 18 17 18 22 198 42 2075 61028 25 220 22 21 15 19 198 45 1524 335 2075 92372 25 220 22 21 17 18 198 56 4897 629 17386 25 220 24 17 15 21 198 5901 4897 67186 25 220 22 15 23 15 198 83554 67186 25 220 20 23 21 18 271 14162 25 3437 369 279 2528 1970 364 37994 458 452 82319 30 198 15666 25 561 2528 1970 364 37994 458 452 82319 369 220 22 19 16 20	341
r132/gold/q12	nll	5865 1970 18834 198 31795 1413 73467 25 220 19 24 24 20 198 23202 396 710 358 1091 6433 25 220 24 17 16 17 198 39 32389 39185 25 220 19 19 24 22 198 49 2492 5709 227938 25 220 17 23 22 18 198 90979 78 59405 85 25 220 17 19 23 17 198 3320 2472 78961 25 220 24 24 16 24 198 5901 4897 27466 25 220 22 22 21 16 198 56 350 1644 78961 25 220 19 21 17 18 198 39 32389 28975 25 220 16 20 21 22 198 56 350 1644 710 358 1091 6433 25 220 18 20 17 22 198 10786 64 82596 25 220 16 23 24 20 198 92055 59831 25 220 20 23 23 20 198 34930 269 72925 25 220 16 16 21 22 198 3320 2472 61086 25 220 21 18 20 21 198 6737 55747 710 3974 25 220 22 17 15 23 198 2665 269 78961 25 220 24 21 22 20 198 34930 269 27466 25 220 23 16 17 18 198 36 46419 227938 25 220 17 22 18 16 198 3320 2472 49346 25 220 21 16 20 24 198 45 1524 335 2075 227938 25 220 16 21 18 16 198 83554 629 17386 25 220 23 15 23 22 198 10786 64 710 3974 25 220 20 17 23 15 198 50 1020 667 26342 67220 375 25 220 18 17 19 15 198 35 1701 452 207520 25 220 19 20 21 18 198 35 1701 452 61028 25 220 23 18 18 23 198 623 287 496 4405 1891 25 220 17 23 16 22 198 92055 36461 25 220 17 23 16 24 198 34930 269 227938 25 220 22 21 22 17 198 89306 32442 54958 25 220 18 17 20 21 198 89306 14315 48040 25 220 16 22 15 18 271 14162 25 3437 369 279 2528 1970 364 31247 72925 30 198 15666 25 561 2528 1970 364 31247 72925 369 220 16 16 21 22	344
r132/wrong/q12	nll	5865 1970 18834 198 31795 1413 73467 25 220 19 24 24 20 198 23202 396 710 358 1091 6433 25 220 24 17 16 17 198 39 32389 39185 25 220 19 19 24 22 198 49 2492 5709 227938 25 220 17 23 22 18 198 90979 78 59405 85 25 220 17 19 23 17 198 3320 2472 78961 25 220 24 24 16 24 198 5901 4897 27466 25 220 22 22 21 16 198 56 350 1644 78961 25 220 19 21 17 18 198 39 32389 28975 25 220 16 20 21 22 198 56 350 1644 710 358 1091 6433 25 220 18 20 17 22 198 10786 64 82596 25 220 16 23 24 20 198 92055 59831 25 220 20 23 23 20 198 34930 269 72925 25 220 16 16 21 22 198 3320 2472 61086 25 220 21 18 20 21 198 6737 55747 710 3974 25 220 22 17 15 23 198 2665 269 78961 25 220 24 21 22 20 198 34930 269 27466 25 220 23 16 17 18 198 36 46419 227938 25 220 17 22 18 16 198 3320 2472 49346 25 220 21 16 20 24 198 45 1524 335 2075 227938 25 220 16 21 18 16 198 83554 629 17386 25 220 23 15 23 22 198 10786 64 710 3974 25 220 20 17 23 15 198 50 1020 667 26342 67220 375 25 220 18 17 19 15 198 35 1701 452 207520 25 220 19 20 21 18 198 35 1701 452 61028 25 220 23 18 18 23 198 623 287 496 4405 1891 25 220 17 23 16 22 198 92055 36461 25 220 17 23 16 24 198 34930 269 227938 25 220 22 21 22 17 198 89306 32442 54958 25 220 18 17 20 21 198 89306 14315 48040 25 220 16 22 15 18 271 14162 25 3437 369 279 2528 1970 364 31247 72925 30 198 15666 25 561 2528 1970 364 31247 72925 369 220 19 24 24 20	344
r133/gold/q13	nll	5865 1970 18834 198 3320 2472 4470 570 25 220 22 15 22 22 198 37 65435 63419 25 220 16 20 16 15 198 37 65435 63294 25 220 23 24 19 20 198 39 3253 61028 25 220 23 20 23 16 198 46 23738 49346 25 220 17 24 18 23 198 59605 72925 25 220 23 17 19 16 198 10786 64 4470 570 25 220 24 22 21 21 198 36 46419 73467 25 220 17 19 18 17 198 2665 269 710 3974 25 220 23 22 17 18 198 51 2692 80 32442 54958 25 220 17 22 23 20 198 3320 2472 34827 25 220 16 21 17 24 198 233511 78961 25 220 23 20 21 24 198 59605 207520 25 220 24 15 15 22 198 4904 4897 5367 25 220 21 20 23 16 198 2229 10211 73467 25 220 16 20 20 15 198 35921 299 93922 25 220 21 17 20 15 198 46 23738 63294 25 220 23 18 18 16 198 2196 50557 26342 67220 375 25 220 24 15 17 16 198 57 4493 40050 12297 25 220 20 19 21 19 198 46 23738 629 17386 25 220 24 19 24 19 198 4904 4897 59831 25 220 20 24 21 17 198 51 21576 710 3974 25 220 21 19 21 19 198 35 1701 452 93922 25 220 19 18 20 24 198 57 4897 92372 25 220 16 17 16 18 198 27175 667 46035 25 220 20 17 20 21 198 56 4897 55240 25 220 18 23 22 18 198 51 21576 61850 25 220 23 18 15 16 198 233511 5367 25 220 22 24 16 16 198 51 24685 63294 25 220 18 24 24 22 198 56 4897 63419 25 220 22 21 16 24 271 14162 25 3437 369 279 2528 1970 364 48854 5367 30 198 15666 25 561 2528 1970 364 48854 5367 369 220 21 20 23 16	332
r133/wrong/q13	nll	5865 1970 18834 198 3320 2472 4470 570 25 220 22 15 22 22 198 37 65435 63419 25 220 16 20 16 15 198 37 65435 63294 25 220 23 24 19 20 198 39 3253 61028 25 220 23 20 23 16 198 46 23738 49346 25 220 17 24 18 23 198 59605 72925 25 220 23 17 19 16 198 10786 64 4470 570 25 220 24 22 21 21 198 36 46419 73467 25 220 17 19 18 17 198 2665 269 710 3974 25 220 23 22 17 18 198 51 2692 80 32442 54958 25 220 17 22 23 20 198 3320 2472 34827 25 220 16 21 17 24 198 233511 78961 25 220 23 20 21 24 198 59605 207520 25 220 24 15 15 22 198 4904 4897 5367 25 220 21 20 23 16 198 2229 10211 73467 25 220 16 20 20 15 198 35921 299 93922 25 220 21 17 20 15 198 46 23738 63294 25 220 23 18 18 16 198 2196 50557 26342 67220 375 25 220 24 15 17 16 198 57 4493 40050 12297 25 220 20 19 21 19 198 46 23738 629 17386 25 220 24 19 24 19 198 4904 4897 59831 25 220 20 24 21 17 198 51 21576 710 3974 25 220 21 19 21 19 198 35 1701 452 93922 25 220 19 18 20 24 198 57 4897 92372 25 220 16 17 16 18 198 27175 667 46035 25 220 20 17 20 21 198 56 4897 55240 25 220 18 23 22 18 198 51 21576 61850 25 220 23 18 15 16 198 233511 5367 25 220 22 24 16 16 198 51 24685 63294 25 220 18 24 24 22 198 56 4897 63419 25 220 22 21 16 24 271 14162 25 3437 369 279 2528 1970 364 48854 5367 30 198 15666 25 561 2528 1970 364 48854 5367 369 220 19 18 20 24	332
r134/gold/q14	nll	5865 1970 18834 198 50 1020 667 73467 25 220 21 16 18 22 198 5901 4897 61850 25 220 24 18 17 24 198 51 2692 80 63294 25 220 22 21 15 15 198 49 11642 710 358 1091 6433 25 220 23 15 15 20 198 42 2075 27466 25 220 16 15 16 23 198 51 21576 59405 85 25 220 17 15 16 22 198 39 32389 227938 25 220 16 18 20 22 198 37 65435 1799 33852 1482 25 220 19 20 24 20 198 2196 50557 82596 25 220 17 17 19 17 198 65343 36461 25 220 24 17 21 15 198 39304 667 63419 25 220 23 18 23 17 198 57 4493 63294 25 220 20 17 16 24 198 39 32389 710 358 1091 6433 25 220 23 17 16 15 198 34930 269 23773 12949 25 220 21 15 18 22 198 57 4493 207520 25 220 22 19 21 15 198 39304 667 16592 28100 25 220 21 24 16 21 198 39 3253 61850 25 220 20 19 19 23 198 35 1701 452 82596 25 220 16 19 16 16 198 2665 269 39685 25 220 24 20 22 17 198 2229 10211 16592 28100 25 220 18 24 20 24 198 39 3253 59405 85 25 220 24 20 18 22 198 39 3253 49346 25 220 24 23 17 24 198 34930 269 39185 25 220 24 23 16 20 198 42 2075 53656 25 220 20 21 18 22 198 57 4897 49346 25 220 18 19 21 22 198 2196 319 67186 25 220 18 22 23 16 198 49 2492 5709 64683 14183 25 220 20 22 23 19 198 6737 55747 5367 25 220 18 15 16 19 198 49 2492 5709 72925 25 220 22 19 18 18 198 39 3253 61086 25 220 19 18 22 18 271 14162 25 3437 369 279 2528 1970 364 72102 207520 30 198 15666 25 561 2528 1970 364 72102 207520 369 220 22 19 21 15	343
r134/wrong/q14	nll	5865 1970 18834 198 50 1020 667 73467 25 220 21 16 18 22 198 5901 4897 61850 25 220 24 18 17 24 198 51 2692 80 63294 25 220 22 21 15 15 198 49 11642 710 358 1091 6433 25 220 23 15 15 20 198 42 2075 27466 25 220 16 15 16 23 198 51 21576 59405 85 25 220 17 15 16 22 198 39 32389 227938 25 220 16 18 20 22 198 37 65435 1799 33852 1482 25 220 19 20 24 20 198 2196 50557 82596 25 220 17 17 19 17 198 65343 36461 25 220 24 17 21 15 198 39304 667 63419 25 220 23 18 23 17 198 57 4493 63294 25 220 20 17 16 24 198 39 32389 710 358 1091 6433 25 220 23 17 16 15 198 34930 269 23773 12949 25 220 21 15 18 22 198 57 4493 207520 25 220 22 19 21 15 198 39304 667 16592 28100 25 220 21 24 16 21 198 39 3253 61850 25 220 20 19 19 23 198 35 1701 452 82596 25 220 16 19 16 16 198 2665 269 39685 25 220 24 20 22 17 198 2229 10211 16592 28100 25 220 18 24 20 24 198 39 3253 59405 85 25 220 24 20 18 22 198 39 3253 49346 25 220 24 23 17 24 198 34930 269 39185 25 220 24 23 16 20 198 42 2075 53656 25 220 20 21 18 22 198 57 4897 49346 25 220 18 19 21 22 198 2196 319 67186 25 220 18 22 23 16 198 49 2492 5709 64683 14183 25 220 20 22 23 19 198 6737 55747 5367 25 220 18 15 16 19 198 49 2492 5709 72925 25 220 22 19 18 18 198 39 3253 61086 25 220 19 18 22 18 271 14162 25 3437 369 279 2528 1970 364 72102 207520 30 198 15666 25 561 2528 1970 364 72102 207520 369 220 20 21 18 22	343
r135/gold/q15	nll	5865 1970 18834 198 90979 78 34827 25 220 18 20 17 20 198 56 4897 56763 25 220 19 24 20 19 198 89680 7509 49346 25 220 21 19 24 15 198 623 287 63419 25 220 20 24 18 18 198 36 46419 28975 25 220 20 17 22 16 198 39304 667 26342 67220 375 25 220 17 21 22 18 198 24601 10211 227938 25 220 23 17 24 18 198 35 1701 452 458 452 82319 25 220 23 22 24 23 198 56 4897 63419 25 220 22 24 15 16 198 40 15190 46035 25 220 22 23 22 17 198 2196 319 39685 25 220 22 17 22 21 198 50 1020 667 72925 25 220 21 21 20 24 198 3320 2472 27466 25 220 21 21 15 20 198 2665 269 61028 25 220 21 22 23 21 198 54 268 41803 80831 25 220 17 23 19 17 198 27175 667 40733 25 220 24 22 22 20 198 3320 2472 710 358 1091 6433 25 220 19 18 24 21 198 36 46419 5367 25 220 23 18 19 21 198 46 23738 82596 25 220 22 15 22 20 198 50 1020 667 235489 25 220 17 23 16 17 198 2196 50557 55240 25 220 24 23 17 20 198 37 65435 59831 25 220 17 18 16 21 198 89680 7509 55240 25 220 19 15 16 24 198 27175 667 16592 28100 25 220 18 22 21 19 198 57 4897 53656 25 220 18 22 16 23 198 2665 269 82596 25 220 20 24 19 24 198 46 23738 28975 25 220 22 16 15 17 198 42 2075 61086 25 220 24 18 16 24 198 40 15190 55240 25 220 18 18 24 20 198 89680 7509 53656 25 220 21 20 19 23 271 14162 25 3437 369 279 2528 1970 364 37994 40733 30 198 15666 25 561 2528 1970 364 37994 40733 369 220 24 22 22 20	337
r135/wrong/q15	nll	5865 1970 18834 198 90979 78 34827 25 220 18 20 17 20 198 56 4897 56763 25 220 19 24 20 19 198 89680 7509 49346 25 220 21 19 24 15 198 623 287 63419 25 220 20 24 18 18 198 36 46419 28975 25 220 20 17 22 16 198 39304 667 26342 67220 375 25 220 17 21 22 18 198 24601 10211 227938 25 220 23 17 24 18 198 35 1701 452 458 452 82319 25 220 23 22 24 23 198 56 4897 63419 25 220 22 24 15 16 198 40 15190 46035 25 220 22 23 22 17 198 2196 319 39685 25 220 22 17 22 21 198 50 1020 667 72925 25 220 21 21 20 24 198 3320 2472 27466 25 220 21 21 15 20 198 2665 269 61028 25 220 21 22 23 21 198 54 268 41803 80831 25 220 17 23 19 17 198 27175 667 40733 25 220 24 22 22 20 198 3320 2472 710 358 1091 6433 25 220 19 18 24 21 198 36 46419 5367 25 220 23 18 19 21 198 46 23738 82596 25 220 22 15 22 20 198 50 1020 667 235489 25 220 17 23 16 17 198 2196 50557 55240 25 220 24 23 17 20 198 37 65435 59831 25 220 17 18 16 21 198 89680 7509 55240 25 220 19 15 16 24 198 27175 667 16592 28100 25 220 18 22 21 19 198 57 4897 53656 25 220 18 22 16 23 198 2665 269 82596 25 220 20 24 19 24 198 46 23738 28975 25 220 22 16 15 17 198 42 2075 61086 25 220 24 18 16 24 198 40 15190 55240 25 220 18 18 24 20 198 89680 7509 53656 25 220 21 20 19 23 271 14162 25 3437 369 279 2528 1970 364 37994 40733 30 198 15666 25 561 2528 1970 364 37994 40733 369 220 21 20 19 23	337
r136/gold/q16	nll	5865 1970 18834 198 56 4897 92372 25 220 16 19 20 20 198 51 2692 80 93922 25 220 23 18 17 23 198 39 32389 235489 25 220 20 18 22 20 198 89680 7509 14315 48040 25 220 23 24 22 24 198 42 2075 32442 54958 25 220 17 18 15 18 198 2229 10211 207520 25 220 23 19 24 22 198 90979 78 16592 28100 25 220 18 22 21 16 198 59605 63419 25 220 24 19 23 23 198 49 2492 5709 1799 33852 1482 25 220 18 18 24 24 198 56 350 1644 1799 33852 1482 25 220 23 16 18 18 198 39 32389 72925 25 220 22 16 19 20 198 82433 56763 25 220 16 23 23 22 198 90979 78 34827 25 220 21 15 23 20 198 2665 269 629 17386 25 220 19 23 23 22 198 4904 4897 64683 14183 25 220 21 23 22 21 198 57 4897 496 4405 1891 25 220 19 23 23 18 198 3320 2472 235489 25 220 22 18 18 24 198 2196 319 49472 25 220 20 24 20 17 198 2196 50557 63294 25 220 24 21 18 15 198 40 15190 36461 25 220 18 19 24 24 198 57 4493 73467 25 220 17 18 19 21 198 45 51054 40050 12297 25 220 16 22 15 21 198 65343 14315 48040 25 220 24 22 20 15 198 10786 64 49346 25 220 21 24 21 21 198 2196 50557 1799 33852 1482 25 220 18 21 18 21 198 4904 4897 1799 33852 1482 25 220 16 20 19 15 198 4904 4897 74092 25 220 17 21 23 21 198 2196 50557 82596 25 220 16 16 24 20 198 2196 50557 710 3974 25 220 24 21 22 17 198 36 46419 227938 25 220 23 18 18 24 271 14162 25 3437 369 279 2528 1970 364 2732 2472 235489 30 198 15666 25 561 2528 1970 364 2732 2472 235489 369 220 22 18 18 24	345
r136/wrong/q16	nll	5865 1970 18834 198 56 4897 92372 25 220 16 19 20 20 198 51 2692 80 93922 25 220 23 18 17 23 198 39 32389 235489 25 220 20 18 22 20 198 89680 7509 14315 48040 25 220 23 24 22 24 198 42 2075 32442 54958 25 220 17 18 15 18 198 2229 10211 207520 25 220 23 19 24 22 198 90979 78 16592 28100 25 220 18 22 21 16 198 59605 63419 25 220 24 19 23 23 198 49 2492 5709 1799 33852 1482 25 220 18 18 24 24 198 56 350 1644 1799 33852 1482 25 220 23 16 18 18 198 39 32389 72925 25 220 22 16 19 20 198 82433 56763 25 220 16 23 23 22 198 90979 78 34827 25 220 21 15 23 20 198 2665 269 629 17386 25 220 19 23 23 22 198 4904 4897 64683 14183 25 220 21 23 22 21 198 57 4897 496 4405 1891 25 220 19 23 23 18 198 3320 2472 235489 25 220 22 18 18 24 198 2196 319 49472 25 220 20 24 20 17 198 2196 50557 63294 25 220 24 21 18 15 198 40 15190 36461 25 220 18 19 24 24 198 57 4493 73467 25 220 17 18 19 21 198 45 51054 40050 12297 25 220 16 22 15 21 198 65343 14315 48040 25 220 24 22 20 15 198 10786 64 49346 25 220 21 24 21 21 198 2196 50557 1799 33852 1482 25 220 18 21 18 21 198 4904 4897 1799 33852 1482 25 220 16 20 19 15 198 4904 4897 74092 25 220 17 21 23 21 198 2196 50557 82596 25 220 16 16 24 20 198 2196 50557 710 3974 25 220 24 21 22 17 198 36 46419 227938 25 220 23 18 18 24 271 14162 25 3437 369 279 2528 1970 364 2732 2472 235489 30 198 15666 25 561 2528 1970 364 2732 2472 235489 369 220 21 15 23 20	345
r137/gold/q17	nll	5865 1970 18834 198 4904 4897 63419 25 220 19 23 24 18 198 40 15190 207520 25 220 18 17 22 15 198 51 24685 92372 25 220 17 17 15 21 198 27175 667 39185 25 220 22 18 22 15 198 92055 14315 48040 25 220 20 24 23 16 198 42 88850 235489 25 220 16 24 19 23 198 43 1506 78961 25 220 17 17 17 20 198 49 2492 5709 39185 25 220 24 16 24 20 198 51 2692 80 34827 25 220 16 15 15 22 198 1106 268 73467 25 220 19 17 19 24 198 24601 10211 41803 80831 25 220 20 18 17 20 198 83554 462 698 327 25 220 19 17 15 24 198 57 4493 496 4405 1891 25 220 19 24 22 18 198 56 4897 78961 25 220 20 15 16 18 198 31795 1413 40733 25 220 19 18 19 22 198 57 4493 59831 25 220 22 24 20 20 198 50 1020 667 74092 25 220 18 20 24 23 198 623 287 16592 28100 25 220 23 20 16 20 198 57 4493 78961 25 220 20 17 21 17 198 233511 53656 25 220 22 23 21 24 198 50 1020 667 55240 25 220 20 19 15 16 198 54 268 23773 12949 25 220 24 16 19 16 198 51 2692 80 629 17386 25 220 19 18 24 16 198 233511 92372 25 220 18 21 20 17 198 45 51054 16592 28100 25 220 24 15 20 20 198 10786 64 23773 12949 25 220 22 24 16 20 198 51 24685 59831 25 220 22 24 21 15 198 233511 93922 25 220 16 16 23 21 198 1106 268 61028 25 220 16 20 15 17 198 40 15190 64683 14183 25 220 19 20 24 24 271 14162 25 3437 369 279 2528 1970 364 733 287 16592 28100 30 198 15666 25 561 2528 1970 364 733 287 16592 28100 369 220 23 20 16 20	341
r137/wrong/q17	nll	5865 1970 18834 198 4904 4897 63419 25 220 19 23 24 18 198 40 15190 207520 25 220 18 17 22 15 198 51 24685 92372 25 220 17 17 15 21 198 27175 667 39185 25 220 22 18 22 15 198 92055 14315 48040 25 220 20 24 23 16 198 42 88850 235489 25 220 16 24 19 23 198 43 1506 78961 25 220 17 17 17 20 198 49 2492 5709 39185 25 220 24 16 24 20 198 51 2692 80 34827 25 220 16 15 15 22 198 1106 268 73467 25 220 19 17 19 24 198 24601 10211 41803 80831 25 220 20 18 17 20 198 83554 462 698 327 25 220 19 17 15 24 198 57 4493 496 4405 1891 25 220 19 24 22 18 198 56 4897 78961 25 220 20 15 16 18 198 31795 1413 40733 25 220 19 18 19 22 198 57 4493 59831 25 220 22 24 20 20 198 50 1020 667 74092 25 220 18 20 24 23 198 623 287 16592 28100 25 220 23 20 16 20 198 57 4493 78961 25 220 20 17 21 17 198 233511 53656 25 220 22 23 21 24 198 50 1020 667 55240 25 220 20 19 15 16 198 54 268 23773 12949 25 220 24 16 19 16 198 51 2692 80 629 17386 25 220 19 18 24 16 198 233511 92372 25 220 18 21 20 17 198 45 51054 16592 28100 25 220 24 15 20 20 198 10786 64 23773 12949 25 220 22 24 16 20 198 51 24685 59831 25 220 22 24 21 15 198 233511 93922 25 220 16 16 23 21 198 1106 268 61028 25 220 16 20 15 17 198 40 15190 64683 14183 25 220 19 20 24 24 271 14162 25 3437 369 279 2528 1970 364 733 287 16592 28100 30 198 15666 25 561 2528 1970 364 733 287 16592 28100 369 220 18 17 22 15	341
r138/gold/q18	nll	5865 1970 18834 198 89680 7509 67186 25 220 19 23 22 21 198 31795 1413 74092 25 220 19 24 21 15 198 233511 64683 14183 25 220 23 17 15 24 198 43 1506 710 358 1091 6433 25 220 16 20 16 23 198 42 88850 496 4405 1891 25 220 24 24 15 19 198 2665 269 55240 25 220 22 19 24 15 198 34930 269 63294 25 220 19 16 17 18 198 89680 7509 458 452 82319 25 220 19 23 22 17 198 50 1020 667 39185 25 220 19 21 15 19 198 51 21576 207520 25 220 21 19 18 16 198 45 1524 335 2075 5367 25 220 17 24 19 22 198 89306 93922 25 220 17 23 19 22 198 233511 78961 25 220 22 17 22 20 198 51 24685 41803 80831 25 220 17 15 20 19 198 1106 268 53656 25 220 16 15 21 16 198 56 4897 64683 14183 25 220 19 24 16 24 198 65343 710 3974 25 220 19 15 18 15 198 89306 5367 25 220 18 19 16 22 198 6737 55747 41803 80831 25 220 21 17 23 20 198 83554 36461 25 220 20 23 18 22 198 89306 710 358 1091 6433 25 220 16 15 21 18 198 36 46419 49346 25 220 23 23 18 21 198 56 4897 710 3974 25 220 24 17 20 23 198 56 350 1644 462 698 327 25 220 19 23 18 17 198 2229 10211 32442 54958 25 220 21 16 22 21 198 39304 667 227938 25 220 24 21 18 23 198 59605 710 3974 25 220 16 20 21 18 198 90979 78 39685 25 220 21 16 23 17 198 57 4897 28975 25 220 18 20 20 19 198 39304 667 458 452 82319 25 220 16 19 23 19 271 14162 25 3437 369 279 2528 1970 364 1587 55747 41803 80831 30 198 15666 25 561 2528 1970 364 1587 55747 41803 80831 369 220 21 17 23 20	347
r138/wrong/q18	nll	5865 1970 18834 198 89680 7509 67186 25 220 19 23 22 21 198 31795 1413 74092 25 220 19 24 21 15 198 233511 64683 14183 25 220 23 17 15 24 198 43 1506 710 358 1091 6433 25 220 16 20 16 23 198 42 88850 496 4405 1891 25 220 24 24 15 19 198 2665 269 55240 25 220 22 19 24 15 198 34930 269 63294 25 220 19 16 17 18 198 89680 7509 458 452 82319 25 220 19 23 22 17 198 50 1020 667 39185 25 220 19 21 15 19 198 51 21576 207520 25 220 21 19 18 16 198 45 1524 335 2075 5367 25 220 17 24 19 22 198 89306 93922 25 220 17 23 19 22 198 233511 78961 25 220 22 17 22 20 198 51 24685 41803 80831 25 220 17 15 20 19 198 1106 268 53656 25 220 16 15 21 16 198 56 4897 64683 14183 25 220 19 24 16 24 198 65343 710 3974 25 220 19 15 18 15 198 89306 5367 25 220 18 19 16 22 198 6737 55747 41803 80831 25 220 21 17 23 20 198 83554 36461 25 220 20 23 18 22 198 89306 710 358 1091 6433 25 220 16 15 21 18 198 36 46419 49346 25 220 23 23 18 21 198 56 4897 710 3974 25 220 24 17 20 23 198 56 350 1644 462 698 327 25 220 19 23 18 17 198 2229 10211 32442 54958 25 220 21 16 22 21 198 39304 667 227938 25 220 24 21 18 23 198 59605 710 3974 25 220 16 20 21 18 198 90979 78 39685 25 220 21 16 23 17 198 57 4897 28975 25 220 18 20 20 19 198 39304 667 458 452 82319 25 220 16 19 23 19 271 14162 25 3437 369 279 2528 1970 364 1587 55747 41803 80831 30 198 15666 25 561 2528 1970 364 1587 55747 41803 80831 369 220 24 24 15 19	347
r139/gold/q19	nll	5865 1970 18834 198 34930 269 61086 25 220 24 17 21 23 198 51 2692 80 63419 25 220 20 18 18 22 198 46 23738 93922 25 220 23 19 23 21 198 5901 4897 41803 80831 25 220 18 18 23 23 198 35 1701 452 36461 25 220 20 23 15 20 198 43 1506 39185 25 220 20 24 16 23 198 3320 2472 710 3974 25 220 16 20 17 18 198 42 88850 710 358 1091 6433 25 220 20 23 23 18 198 49 11642 49346 25 220 18 17 23 16 198 49 2492 5709 61028 25 220 16 23 23 20 198 50 1020 667 16592 28100 25 220 16 21 22 17 198 34930 269 34827 25 220 21 17 16 15 198 6737 55747 73467 25 220 21 21 15 16 198 57 4897 496 4405 1891 25 220 18 19 16 15 198 34930 269 73467 25 220 19 23 24 22 198 42 2075 32442 54958 25 220 23 23 23 22 198 51 24685 59405 85 25 220 17 19 15 18 198 90979 78 49472 25 220 24 23 15 16 198 92055 39185 25 220 22 23 23 16 198 31795 1413 56763 25 220 21 22 19 22 198 35 1701 452 59831 25 220 20 16 21 17 198 5901 4897 59405 85 25 220 23 20 20 16 198 92055 235489 25 220 18 15 24 18 198 89306 72925 25 220 24 17 18 15 198 36 46419 1799 33852 1482 25 220 17 18 18 21 198 2229 10211 4254 2770 25 220 16 20 19 16 198 23202 396 26342 67220 375 25 220 20 23 21 22 198 2229 10211 49346 25 220 17 16 21 17 198 89306 23773 12949 25 220 16 21 21 23 198 31795 1413 63419 25 220 19 24 24 20 271 14162 25 3437 369 279 2528 1970 364 13065 1413 56763 30 198 15666 25 561 2528 1970 364 13065 1413 56763 369 220 21 22 19 22	345
r139/wrong/q19	nll	5865 1970 18834 198 34930 269 61086 25 220 24 17 21 23 198 51 2692 80 63419 25 220 20 18 18 22 198 46 23738 93922 25 220 23 19 23 21 198 5901 4897 41803 80831 25 220 18 18 23 23 198 35 1701 452 36461 25 220 20 23 15 20 198 43 1506 39185 25 220 20 24 16 23 198 3320 2472 710 3974 25 220 16 20 17 18 198 42 88850 710 358 1091 6433 25 220 20 23 23 18 198 49 11642 49346 25 220 18 17 23 16 198 49 2492 5709 61028 25 220 16 23 23 20 198 50 1020 667 16592 28100 25 220 16 21 22 17 198 34930 269 34827 25 220 21 17 16 15 198 6737 55747 73467 25 220 21 21 15 16 198 57 4897 496 4405 1891 25 220 18 19 16 15 198 34930 269 73467 25 220 19 23 24 22 198 42 2075 32442 54958 25 220 23 23 23 22 198 51 24685 59405 85 25 220 17 19 15 18 198 90979 78 49472 25 220 24 23 15 16 198 92055 39185 25 220 22 23 23 16 198 31795 1413 56763 25 220 21 22 19 22 198 35 1701 452 59831 25 220 20 16 21 17 198 5901 4897 59405 85 25 220 23 20 20 16 198 92055 235489 25 220 18 15 24 18 198 89306 72925 25 220 24 17 18 15 198 36 46419 1799 33852 1482 25 220 17 18 18 21 198 2229 10211 4254 2770 25 220 16 20 19 16 198 23202 396 26342 67220 375 25 220 20 23 21 22 198 2229 10211 49346 25 220 17 16 21 17 198 89306 23773 12949 25 220 16 21 21 23 198 31795 1413 63419 25 220 19 24 24 20 271 14162 25 3437 369 279 2528 1970 364 13065 1413 56763 30 198 15666 25 561 2528 1970 364 13065 1413 56763 369 220 22 23 23 16	345
r140/gold/q20	nll	5865 1970 18834 198 89680 7509 61086 25 220 16 24 22 18 198 3320 2472 28975 25 220 21 19 16 15 198 89306 73467 25 220 19 22 20 19 198 2196 319 61850 25 220 18 22 15 24 198 49 2492 5709 92372 25 220 21 15 21 21 198 45 1524 335 2075 4470 570 25 220 19 15 22 23 198 6737 55747 46035 25 220 17 15 19 24 198 24601 10211 235489 25 220 19 21 21 17 198 57 4493 5367 25 220 20 24 20 23 198 10786 64 56763 25 220 23 16 20 22 198 6737 55747 14315 48040 25 220 22 23 17 22 198 82433 227938 25 220 24 16 17 18 198 83554 63419 25 220 22 20 17 24 198 10786 64 55240 25 220 22 22 15 18 198 46 23738 5367 25 220 19 22 17 24 198 5901 4897 710 3974 25 220 19 24 23 20 198 39 3253 73467 25 220 16 18 17 22 198 50 1020 667 27466 25 220 17 16 20 17 198 233511 5367 25 220 22 17 23 20 198 51 2692 80 39685 25 220 21 16 19 19 198 4904 4897 36461 25 220 24 23 15 15 198 92055 49346 25 220 18 16 24 16 198 3320 2472 36461 25 220 16 24 16 18 198 49 2492 5709 14315 48040 25 220 23 24 23 22 198 39 32389 496 4405 1891 25 220 24 18 21 21 198 4904 4897 92372 25 220 19 22 19 23 198 623 287 41803 80831 25 220 24 15 22 18 198 40 15190 16592 28100 25 220 22 21 22 19 198 1106 268 26342 67220 375 25 220 20 16 24 23 198 43 1506 63294 25 220 16 18 18 16 271 14162 25 3437 369 279 2528 1970 364 48854 36461 30 198 15666 25 561 2528 1970 364 48854 36461 369 220 24 23 15 15	336
r140/wrong/q20	nll	5865 1970 18834 198 89680 7509 61086 25 220 16 24 22 18 198 3320 2472 28975 25 220 21 19 16 15 198 89306 73467 25 220 19 22 20 19 198 2196 319 61850 25 220 18 22 15 24 198 49 2492 5709 92372 25 220 21 15 21 21 198 45 1524 335 2075 4470 570 25 220 19 15 22 23 198 6737 55747 46035 25 220 17 15 19 24 198 24601 10211 235489 25 220 19 21 21 17 198 57 4493 5367 25 220 20 24 20 23 198 10786 64 56763 25 220 23 16 20 22 198 6737 55747 14315 48040 25 220 22 23 17 22 198 82433 227938 25 220 24 16 17 18 198 83554 63419 25 220 22 20 17 24 198 10786 64 55240 25 220 22 22 15 18 198 46 23738 5367 25 220 19 22 17 24 198 5901 4897 710 3974 25 220 19 24 23 20 198 39 3253 73467 25 220 16 18 17 22 198 50 1020 667 27466 25 220 17 16 20 17 198 233511 5367 25 220 22 17 23 20 198 51 2692 80 39685 25 220 21 16 19 19 198 4904 4897 36461 25 220 24 23 15 15 198 92055 49346 25 220 18 16 24 16 198 3320 2472 36461 25 220 16 24 16 18 198 49 2492 5709 14315 48040 25 220 23 24 23 22 198 39 32389 496 4405 1891 25 220 24 18 21 21 198 4904 4897 92372 25 220 19 22 19 23 198 623 287 41803 80831 25 220 24 15 22 18 198 40 15190 16592 28100 25 220 22 21 22 19 198 1106 268 26342 67220 375 25 220 20 16 24 23 198 43 1506 63294 25 220 16 18 18 16 271 14162 25 3437 369 279 2528 1970 364 48854 36461 30 198 15666 25 561 2528 1970 364 48854 36461 369 220 21 16 19 19	336
r141/gold/q21	nll	5865 1970 18834 198 31795 1413 64683 14183 25 220 16 17 21 15 198 56 350 1644 1799 33852 1482 25 220 24 23 18 17 198 2229 10211 64683 14183 25 220 18 24 18 15 198 5901 4897 39185 25 220 22 21 23 24 198 37 65435 92372 25 220 16 18 22 17 198 36 46419 26342 67220 375 25 220 22 24 18 23 198 4904 4897 46035 25 220 20 17 18 21 198 43 1506 63419 25 220 19 21 21 23 198 42 88850 67186 25 220 19 24 16 21 198 92055 56763 25 220 16 22 24 22 198 35 1701 452 73467 25 220 20 17 17 18 198 49 11642 496 4405 1891 25 220 19 15 18 20 198 42 88850 61086 25 220 23 18 20 23 198 49 11642 26342 67220 375 25 220 16 19 22 22 198 59605 4254 2770 25 220 17 16 22 24 198 3320 2472 49472 25 220 18 20 21 22 198 233511 78961 25 220 23 23 16 16 198 89680 7509 82596 25 220 21 17 21 21 198 51 21576 46035 25 220 20 15 21 20 198 57 4493 61028 25 220 18 21 19 22 198 45 51054 93922 25 220 24 19 23 19 198 31795 1413 5367 25 220 20 23 17 23 198 90979 78 39185 25 220 20 21 19 24 198 1106 268 39685 25 220 20 17 18 22 198 2196 319 235489 25 220 19 22 21 15 198 1106 268 5367 25 220 20 24 24 22 198 54 268 458 452 82319 25 220 24 18 16 22 198 89306 92372 25 220 19 21 15 15 198 40 15190 235489 25 220 20 19 21 24 198 10786 64 1799 33852 1482 25 220 24 20 17 15 271 14162 25 3437 369 279 2528 1970 364 13065 1413 5367 30 198 15666 25 561 2528 1970 364 13065 1413 5367 369 220 20 23 17 23	340
r141/wrong/q21	nll	5865 1970 18834 198 31795 1413 64683 14183 25 220 16 17 21 15 198 56 350 1644 1799 33852 1482 25 220 24 23 18 17 198 2229 10211 64683 14183 25 220 18 24 18 15 198 5901 4897 39185 25 220 22 21 23 24 198 37 65435 92372 25 220 16 18 22 17 198 36 46419 26342 67220 375 25 220 22 24 18 23 198 4904 4897 46035 25 220 20 17 18 21 198 43 1506 63419 25 220 19 21 21 23 198 42 88850 67186 25 220 19 24 16 21 198 92055 56763 25 220 16 22 24 22 198 35 1701 452 73467 25 220 20 17 17 18 198 49 11642 496 4405 1891 25 220 19 15 18 20 198 42 88850 61086 25 220 23 18 20 23 198 49 11642 26342 67220 375 25 220 16 19 22 22 198 59605 4254 2770 25 220 17 16 22 24 198 3320 2472 49472 25 220 18 20 21 22 198 233511 78961 25 220 23 23 16 16 198 89680 7509 82596 25 220 21 17 21 21 198 51 21576 46035 25 220 20 15 21 20 198 57 4493 61028 25 220 18 21 19 22 198 45 51054 93922 25 220 24 19 23 19 198 31795 1413 5367 25 220 20 23 17 23 198 90979 78 39185 25 220 20 21 19 24 198 1106 268 39685 25 220 20 17 18 22 198 2196 319 235489 25 220 19 22 21 15 198 1106 268 5367 25 220 20 24 24 22 198 54 268 458 452 82319 25 220 24 18 16 22 198 89306 92372 25 220 19 21 15 15 198 40 15190 235489 25 220 20 19 21 24 198 10786 64 1799 33852 1482 25 220 24 20 17 15 271 14162 25 3437 369 279 2528 1970 364 13065 1413 5367 30 198 15666 25 561 2528 1970 364 13065 1413 5367 369 220 23 23 16 16	340
r142/gold/q22	nll	5865 1970 18834 198 2196 319 4470 570 25 220 22 16 18 20 198 36 46419 227938 25 220 19 15 22 22 198 90979 78 73467 25 220 18 21 17 22 198 39304 667 74092 25 220 17 18 23 22 198 56 4897 14315 48040 25 220 21 23 21 18 198 54 268 53656 25 220 21 19 18 23 198 51 2692 80 207520 25 220 21 15 17 19 198 89680 7509 67186 25 220 16 20 20 18 198 50 1020 667 235489 25 220 20 19 15 17 198 42 2075 14315 48040 25 220 22 20 15 17 198 27175 667 73467 25 220 16 15 15 22 198 82433 32442 54958 25 220 18 17 15 17 198 10786 64 36461 25 220 18 20 19 23 198 46 23738 16592 28100 25 220 19 21 16 17 198 31795 1413 46035 25 220 19 24 23 19 198 31795 1413 41803 80831 25 220 22 24 16 23 198 4904 4897 93922 25 220 17 17 21 23 198 39 32389 74092 25 220 17 20 21 23 198 2665 269 39685 25 220 21 16 19 24 198 92055 5367 25 220 23 17 19 17 198 56 350 1644 63419 25 220 21 24 19 23 198 89680 7509 46035 25 220 22 20 21 16 198 1106 268 55240 25 220 22 24 18 20 198 90979 78 63294 25 220 22 23 21 21 198 34930 269 36461 25 220 16 19 20 17 198 46 23738 78961 25 220 21 18 19 23 198 50 1020 667 34827 25 220 23 18 21 17 198 49 11642 49472 25 220 20 19 24 16 198 45 1524 335 2075 28975 25 220 22 15 22 18 198 42 88850 207520 25 220 20 23 20 23 271 14162 25 3437 369 279 2528 1970 364 23720 55240 30 198 15666 25 561 2528 1970 364 23720 55240 369 220 22 24 18 20	335
r142/wrong/q22	nll	5865 1970 18834 198 2196 319 4470 570 25 220 22 16 18 20 198 36 46419 227938 25 220 19 15 22 22 198 90979 78 73467 25 220 18 21 17 22 198 39304 667 74092 25 220 17 18 23 22 198 56 4897 14315 48040 25 220 21 23 21 18 198 54 268 53656 25 220 21 19 18 23 198 51 2692 80 207520 25 220 21 15 17 19 198 89680 7509 67186 25 220 16 20 20 18 198 50 1020 667 235489 25 220 20 19 15 17 198 42 2075 14315 48040 25 220 22 20 15 17 198 27175 667 73467 25 220 16 15 15 22 198 82433 32442 54958 25 220 18 17 15 17 198 10786 64 36461 25 220 18 20 19 23 198 46 23738 16592 28100 25 220 19 21 16 17 198 31795 1413 46035 25 220 19 24 23 19 198 31795 1413 41803 80831 25 220 22 24 16 23 198 4904 4897 93922 25 220 17 17 21 23 198 39 32389 74092 25 220 17 20 21 23 198 2665 269 39685 25 220 21 16 19 24 198 92055 5367 25 220 23 17 19 17 198 56 350 1644 63419 25 220 21 24 19 23 198 89680 7509 46035 25 220 22 20 21 16 198 1106 268 55240 25 220 22 24 18 20 198 90979 78 63294 25 220 22 23 21 21 198 34930 269 36461 25 220 16 19 20 17 198 46 23738 78961 25 220 21 18 19 23 198 50 1020 667 34827 25 220 23 18 21 17 198 49 11642 49472 25 220 20 19 24 16 198 45 1524 335 2075 28975 25 220 22 15 22 18 198 42 88850 207520 25 220 20 23 20 23 271 14162 25 3437 369 279 2528 1970 364 23720 55240 30 198 15666 25 561 2528 1970 364 23720 55240 369 220 20 19 24 16	335
r143/gold/q23	nll	5865 1970 18834 198 92055 74092 25 220 24 18 18 19 198 31795 1413 64683 14183 25 220 19 20 19 19 198 23202 396 61086 25 220 23 24 16 24 198 49 2492 5709 52582 25 220 19 19 19 19 198 50 1020 667 63294 25 220 24 21 20 20 198 23202 396 14315 48040 25 220 19 24 19 16 198 56 350 1644 59831 25 220 18 21 15 21 198 89306 34827 25 220 20 24 20 24 198 23202 396 227938 25 220 18 22 19 20 198 51 24685 36461 25 220 16 20 19 19 198 56 4897 710 3974 25 220 17 19 23 23 198 43 1506 4470 570 25 220 23 22 15 24 198 43 1506 74092 25 220 22 21 24 15 198 34930 269 27466 25 220 19 17 18 15 198 23202 396 4254 2770 25 220 18 20 20 15 198 6737 55747 16592 28100 25 220 19 20 16 16 198 31795 1413 49472 25 220 18 21 17 18 198 42 2075 61086 25 220 22 23 17 20 198 39304 667 40050 12297 25 220 22 24 16 23 198 49 11642 61086 25 220 19 24 24 15 198 5901 4897 92372 25 220 17 24 17 18 198 45 1524 335 2075 28975 25 220 18 22 15 24 198 623 287 710 3974 25 220 24 16 20 15 198 27175 667 41803 80831 25 220 24 15 24 16 198 2196 319 63419 25 220 22 18 16 18 198 2196 319 36461 25 220 20 20 22 24 198 3320 2472 227938 25 220 23 22 19 24 198 233511 14315 48040 25 220 23 23 18 24 198 31795 1413 26342 67220 375 25 220 21 17 15 19 198 83554 56763 25 220 22 15 22 21 271 14162 25 3437 369 279 2528 1970 364 37994 41803 80831 30 198 15666 25 561 2528 1970 364 37994 41803 80831 369 220 24 15 24 16	340
r143/wrong/q23	nll	5865 1970 18834 198 92055 74092 25 220 24 18 18 19 198 31795 1413 64683 14183 25 220 19 20 19 19 198 23202 396 61086 25 220 23 24 16 24 198 49 2492 5709 52582 25 220 19 19 19 19 198 50 1020 667 63294 25 220 24 21 20 20 198 23202 396 14315 48040 25 220 19 24 19 16 198 56 350 1644 59831 25 220 18 21 15 21 198 89306 34827 25 220 20 24 20 24 198 23202 396 227938 25 220 18 22 19 20 198 51 24685 36461 25 220 16 20 19 19 198 56 4897 710 3974 25 220 17 19 23 23 198 43 1506 4470 570 25 220 23 22 15 24 198 43 1506 74092 25 220 22 21 24 15 198 34930 269 27466 25 220 19 17 18 15 198 23202 396 4254 2770 25 220 18 20 20 15 198 6737 55747 16592 28100 25 220 19 20 16 16 198 31795 1413 49472 25 220 18 21 17 18 198 42 2075 61086 25 220 22 23 17 20 198 39304 667 40050 12297 25 220 22 24 16 23 198 49 11642 61086 25 220 19 24 24 15 198 5901 4897 92372 25 220 17 24 17 18 198 45 1524 335 2075 28975 25 220 18 22 15 24 198 623 287 710 3974 25 220 24 16 20 15 198 27175 667 41803 80831 25 220 24 15 24 16 198 2196 319 63419 25 220 22 18 16 18 198 2196 319 36461 25 220 20 20 22 24 198 3320 2472 227938 25 220 23 22 19 24 198 233511 14315 48040 25 220 23 23 18 24 198 31795 1413 26342 67220 375 25 220 21 17 15 19 198 83554 56763 25 220 22 15 22 21 271 14162 25 3437 369 279 2528 1970 364 37994 41803 80831 30 198 15666 25 561 2528 1970 364 37994 41803 80831 369 220 23 22 19 24	340
r144/gold/q24	nll	5865 1970 18834 198 2229 10211 61086 25 220 17 21 23 18 198 35921 299 73467 25 220 22 21 15 24 198 2665 269 63419 25 220 18 17 23 21 198 59605 28975 25 220 17 17 15 21 198 45 1524 335 2075 64683 14183 25 220 18 22 17 19 198 2229 10211 73467 25 220 24 22 22 17 198 40 15190 39685 25 220 18 19 20 22 198 39 3253 52582 25 220 23 24 24 18 198 2196 319 74092 25 220 20 15 23 23 198 24601 10211 710 3974 25 220 19 21 24 18 198 35921 299 74092 25 220 21 21 19 18 198 233511 53656 25 220 21 24 15 16 198 2229 10211 227938 25 220 23 20 15 20 198 42 2075 61086 25 220 16 21 16 24 198 65343 629 17386 25 220 17 19 17 20 198 39 32389 4254 2770 25 220 18 24 20 18 198 46 23738 53656 25 220 20 23 20 20 198 43 1506 28975 25 220 24 15 20 24 198 31795 1413 55240 25 220 23 16 21 22 198 82433 61028 25 220 23 20 21 17 198 83554 227938 25 220 23 18 15 15 198 89306 72925 25 220 17 24 19 15 198 35 1701 452 40733 25 220 21 18 19 22 198 92055 496 4405 1891 25 220 24 16 20 21 198 36 46419 14315 48040 25 220 22 19 20 23 198 57 4493 93922 25 220 16 19 24 20 198 24601 10211 39685 25 220 19 15 22 19 198 2665 269 49472 25 220 20 22 18 19 198 31795 1413 710 3974 25 220 17 18 21 18 198 40 15190 28975 25 220 19 21 19 17 271 14162 25 3437 369 279 2528 1970 364 66255 14315 48040 30 198 15666 25 561 2528 1970 364 66255 14315 48040 369 220 22 19 20 23	331
r144/wrong/q24	nll	5865 1970 18834 198 2229 10211 61086 25 220 17 21 23 18 198 35921 299 73467 25 220 22 21 15 24 198 2665 269 63419 25 220 18 17 23 21 198 59605 28975 25 220 17 17 15 21 198 45 1524 335 2075 64683 14183 25 220 18 22 17 19 198 2229 10211 73467 25 220 24 22 22 17 198 40 15190 39685 25 220 18 19 20 22 198 39 3253 52582 25 220 23 24 24 18 198 2196 319 74092 25 220 20 15 23 23 198 24601 10211 710 3974 25 220 19 21 24 18 198 35921 299 74092 25 220 21 21 19 18 198 233511 53656 25 220 21 24 15 16 198 2229 10211 227938 25 220 23 20 15 20 198 42 2075 61086 25 220 16 21 16 24 198 65343 629 17386 25 220 17 19 17 20 198 39 32389 4254 2770 25 220 18 24 20 18 198 46 23738 53656 25 220 20 23 20 20 198 43 1506 28975 25 220 24 15 20 24 198 31795 1413 55240 25 220 23 16 21 22 198 82433 61028 25 220 23 20 21 17 198 83554 227938 25 220 23 18 15 15 198 89306 72925 25 220 17 24 19 15 198 35 1701 452 40733 25 220 21 18 19 22 198 92055 496 4405 1891 25 220 24 16 20 21 198 36 46419 14315 48040 25 220 22 19 20 23 198 57 4493 93922 25 220 16 19 24 20 198 24601 10211 39685 25 220 19 15 22 19 198 2665 269 49472 25 220 20 22 18 19 198 31795 1413 710 3974 25 220 17 18 21 18 198 40 15190 28975 25 220 19 21 19 17 271 14162 25 3437 369 279 2528 1970 364 66255 14315 48040 30 198 15666 25 561 2528 1970 364 66255 14315 48040 369 220 18 17 23 21	331
r145/gold/q25	nll	5865 1970 18834 198 2196 319 56763 25 220 24 24 17 19 198 6737 55747 496 4405 1891 25 220 23 22 22 24 198 2665 269 67186 25 220 21 17 20 19 198 42 88850 61086 25 220 24 15 24 20 198 35 1701 452 72925 25 220 18 19 23 15 198 36 46419 72925 25 220 20 16 23 15 198 46 23738 55240 25 220 20 16 15 15 198 39 3253 28975 25 220 16 21 15 20 198 92055 61028 25 220 19 19 23 15 198 46 23738 82596 25 220 16 23 24 22 198 57 4897 61086 25 220 16 20 15 15 198 233511 93922 25 220 19 17 21 24 198 24601 10211 52582 25 220 18 24 23 19 198 42 88850 55240 25 220 23 18 22 18 198 82433 93922 25 220 21 15 16 24 198 90979 78 59831 25 220 18 22 24 23 198 39 3253 67186 25 220 19 15 20 24 198 45 51054 78961 25 220 19 24 24 23 198 2229 10211 4254 2770 25 220 24 21 19 20 198 24601 10211 207520 25 220 18 17 18 18 198 65343 710 3974 25 220 16 23 22 17 198 65343 40050 12297 25 220 21 20 17 24 198 42 88850 59831 25 220 17 21 19 15 198 46 23738 710 3974 25 220 23 16 15 24 198 92055 4254 2770 25 220 21 18 24 18 198 59605 72925 25 220 19 19 15 21 198 46 23738 40733 25 220 23 17 22 21 198 89306 63294 25 220 16 24 18 22 198 49 11642 27466 25 220 24 22 17 23 198 50 1020 667 49346 25 220 21 21 22 17 271 14162 25 3437 369 279 2528 1970 364 28445 72925 30 198 15666 25 561 2528 1970 364 28445 72925 369 220 19 19 15 21	326
r145/wrong/q25	nll	5865 1970 18834 198 2196 319 56763 25 220 24 24 17 19 198 6737 55747 496 4405 1891 25 220 23 22 22 24 198 2665 269 67186 25 220 21 17 20 19 198 42 88850 61086 25 220 24 15 24 20 198 35 1701 452 72925 25 220 18 19 23 15 198 36 46419 72925 25 220 20 16 23 15 198 46 23738 55240 25 220 20 16 15 15 198 39 3253 28975 25 220 16 21 15 20 198 92055 61028 25 220 19 19 23 15 198 46 23738 82596 25 220 16 23 24 22 198 57 4897 61086 25 220 16 20 15 15 198 233511 93922 25 220 19 17 21 24 198 24601 10211 52582 25 220 18 24 23 19 198 42 88850 55240 25 220 23 18 22 18 198 82433 93922 25 220 21 15 16 24 198 90979 78 59831 25 220 18 22 24 23 198 39 3253 67186 25 220 19 15 20 24 198 45 51054 78961 25 220 19 24 24 23 198 2229 10211 4254 2770 25 220 24 21 19 20 198 24601 10211 207520 25 220 18 17 18 18 198 65343 710 3974 25 220 16 23 22 17 198 65343 40050 12297 25 220 21 20 17 24 198 42 88850 59831 25 220 17 21 19 15 198 46 23738 710 3974 25 220 23 16 15 24 198 92055 4254 2770 25 220 21 18 24 18 198 59605 72925 25 220 19 19 15 21 198 46 23738 40733 25 220 23 17 22 21 198 89306 63294 25 220 16 24 18 22 198 49 11642 27466 25 220 24 22 17 23 198 50 1020 667 49346 25 220 21 21 22 17 271 14162 25 3437 369 279 2528 1970 364 28445 72925 30 198 15666 25 561 2528 1970 364 28445 72925 369 220 23 16 15 24	326
r146/gold/q26	nll	5865 1970 18834 198 90979 78 52582 25 220 20 21 15 19 198 4904 4897 207520 25 220 16 23 18 24 198 43 1506 49472 25 220 21 19 20 20 198 82433 710 3974 25 220 16 24 22 17 198 56 4897 72925 25 220 18 15 18 21 198 49 11642 28975 25 220 20 20 20 16 198 83554 4254 2770 25 220 19 24 15 19 198 40 15190 4254 2770 25 220 24 18 21 15 198 82433 82596 25 220 17 15 19 19 198 2196 319 63294 25 220 24 21 17 19 198 51 2692 80 496 4405 1891 25 220 18 23 18 19 198 31795 1413 46035 25 220 16 16 20 15 198 623 287 14315 48040 25 220 18 23 21 15 198 24601 10211 61086 25 220 20 24 24 16 198 51 21576 59405 85 25 220 18 19 22 20 198 39 3253 73467 25 220 24 18 17 24 198 65343 59405 85 25 220 16 18 17 17 198 23202 396 59831 25 220 20 24 15 17 198 2196 319 64683 14183 25 220 19 23 17 22 198 65343 67186 25 220 21 24 19 19 198 36 46419 4470 570 25 220 16 15 22 16 198 49 2492 5709 14315 48040 25 220 22 19 21 18 198 4904 4897 16592 28100 25 220 23 16 24 20 198 92055 67186 25 220 19 18 22 19 198 39 32389 72925 25 220 20 15 22 18 198 82433 1799 33852 1482 25 220 21 16 16 16 198 39304 667 52582 25 220 17 16 15 16 198 51 2692 80 40733 25 220 20 18 22 22 198 34930 269 41803 80831 25 220 23 18 24 24 198 45 51054 61086 25 220 20 15 18 17 271 14162 25 3437 369 279 2528 1970 364 76459 52582 30 198 15666 25 561 2528 1970 364 76459 52582 369 220 17 16 15 16	336
r146/wrong/q26	nll	5865 1970 18834 198 90979 78 52582 25 220 20 21 15 19 198 4904 4897 207520 25 220 16 23 18 24 198 43 1506 49472 25 220 21 19 20 20 198 82433 710 3974 25 220 16 24 22 17 198 56 4897 72925 25 220 18 15 18 21 198 49 11642 28975 25 220 20 20 20 16 198 83554 4254 2770 25 220 19 24 15 19 198 40 15190 4254 2770 25 220 24 18 21 15 198 82433 82596 25 220 17 15 19 19 198 2196 319 63294 25 220 24 21 17 19 198 51 2692 80 496 4405 1891 25 220 18 23 18 19 198 31795 1413 46035 25 220 16 16 20 15 198 623 287 14315 48040 25 220 18 23 21 15 198 24601 10211 61086 25 220 20 24 24 16 198 51 21576 59405 85 25 220 18 19 22 20 198 39 3253 73467 25 220 24 18 17 24 198 65343 59405 85 25 220 16 18 17 17 198 23202 396 59831 25 220 20 24 15 17 198 2196 319 64683 14183 25 220 19 23 17 22 198 65343 67186 25 220 21 24 19 19 198 36 46419 4470 570 25 220 16 15 22 16 198 49 2492 5709 14315 48040 25 220 22 19 21 18 198 4904 4897 16592 28100 25 220 23 16 24 20 198 92055 67186 25 220 19 18 22 19 198 39 32389 72925 25 220 20 15 22 18 198 82433 1799 33852 1482 25 220 21 16 16 16 198 39304 667 52582 25 220 17 16 15 16 198 51 2692 80 40733 25 220 20 18 22 22 198 34930 269 41803 80831 25 220 23 18 24 24 198 45 51054 61086 25 220 20 15 18 17 271 14162 25 3437 369 279 2528 1970 364 76459 52582 30 198 15666 25 561 2528 1970 364 76459 52582 369 220 20 15 18 17	336
r147/gold/q27	nll	5865 1970 18834 198 2196 50557 52582 25 220 24 17 21 22 198 623 287 462 698 327 25 220 18 20 18 19 198 82433 36461 25 220 19 23 16 19 198 51 2692 80 207520 25 220 20 19 20 16 198 42 88850 40050 12297 25 220 21 22 17 15 198 83554 5367 25 220 23 19 19 17 198 24601 10211 61086 25 220 16 19 23 22 198 43 1506 4254 2770 25 220 24 23 22 16 198 43 1506 93922 25 220 23 23 23 21 198 39 3253 496 4405 1891 25 220 17 17 17 15 198 42 2075 78961 25 220 20 17 24 18 198 10786 64 49472 25 220 18 20 24 18 198 54 268 4254 2770 25 220 17 21 16 17 198 54 268 64683 14183 25 220 21 17 21 19 198 43 1506 227938 25 220 16 17 19 15 198 51 21576 61028 25 220 22 21 18 17 198 65343 61086 25 220 20 18 20 15 198 5901 4897 61086 25 220 24 24 21 24 198 4904 4897 74092 25 220 23 17 16 18 198 10786 64 629 17386 25 220 23 16 17 15 198 40 15190 1799 33852 1482 25 220 16 21 21 17 198 4904 4897 82596 25 220 22 24 22 19 198 57 4493 14315 48040 25 220 23 20 21 17 198 6737 55747 93922 25 220 21 20 17 19 198 2196 319 39185 25 220 19 19 22 24 198 82433 28975 25 220 18 23 19 22 198 35921 299 93922 25 220 24 17 24 22 198 51 21576 41803 80831 25 220 21 21 23 21 198 39 3253 710 358 1091 6433 25 220 22 18 19 20 198 46 23738 458 452 82319 25 220 17 18 15 24 271 14162 25 3437 369 279 2528 1970 364 84907 41803 80831 30 198 15666 25 561 2528 1970 364 84907 41803 80831 369 220 21 21 23 21	342
r147/wrong/q27	nll	5865 1970 18834 198 2196 50557 52582 25 220 24 17 21 22 198 623 287 462 698 327 25 220 18 20 18 19 198 82433 36461 25 220 19 23 16 19 198 51 2692 80 207520 25 220 20 19 20 16 198 42 88850 40050 12297 25 220 21 22 17 15 198 83554 5367 25 220 23 19 19 17 198 24601 10211 61086 25 220 16 19 23 22 198 43 1506 4254 2770 25 220 24 23 22 16 198 43 1506 93922 25 220 23 23 23 21 198 39 3253 496 4405 1891 25 220 17 17 17 15 198 42 2075 78961 25 220 20 17 24 18 198 10786 64 49472 25 220 18 20 24 18 198 54 268 4254 2770 25 220 17 21 16 17 198 54 268 64683 14183 25 220 21 17 21 19 198 43 1506 227938 25 220 16 17 19 15 198 51 21576 61028 25 220 22 21 18 17 198 65343 61086 25 220 20 18 20 15 198 5901 4897 61086 25 220 24 24 21 24 198 4904 4897 74092 25 220 23 17 16 18 198 10786 64 629 17386 25 220 23 16 17 15 198 40 15190 1799 33852 1482 25 220 16 21 21 17 198 4904 4897 82596 25 220 22 24 22 19 198 57 4493 14315 48040 25 220 23 20 21 17 198 6737 55747 93922 25 220 21 20 17 19 198 2196 319 39185 25 220 19 19 22 24 198 82433 28975 25 220 18 23 19 22 198 35921 299 93922 25 220 24 17 24 22 198 51 21576 41803 80831 25 220 21 21 23 21 198 39 3253 710 358 1091 6433 25 220 22 18 19 20 198 46 23738 458 452 82319 25 220 17 18 15 24 271 14162 25 3437 369 279 2528 1970 364 84907 41803 80831 30 198 15666 25 561 2528 1970 364 84907 41803 80831 369 220 24 24 21 24	342
r148/gold/q28	nll	5865 1970 18834 198 45 51054 93922 25 220 18 24 18 22 198 49 11642 32442 54958 25 220 18 17 16 17 198 42 88850 4254 2770 25 220 17 24 16 17 198 2229 10211 40733 25 220 16 24 17 20 198 82433 63294 25 220 18 24 21 19 198 89306 629 17386 25 220 22 23 21 17 198 39 32389 1799 33852 1482 25 220 24 23 20 23 198 2665 269 67186 25 220 19 19 18 20 198 6737 55747 40733 25 220 24 21 15 20 198 2196 319 40050 12297 25 220 17 16 15 24 198 2665 269 28975 25 220 22 20 18 24 198 35921 299 59405 85 25 220 21 23 18 17 198 24601 10211 73467 25 220 17 19 24 19 198 83554 61086 25 220 16 23 19 23 198 233511 207520 25 220 16 23 24 23 198 1106 268 458 452 82319 25 220 22 24 20 16 198 31795 1413 710 3974 25 220 19 22 18 18 198 49 11642 40733 25 220 19 15 18 18 198 90979 78 710 358 1091 6433 25 220 22 19 23 23 198 3320 2472 14315 48040 25 220 23 17 23 23 198 57 4493 629 17386 25 220 21 19 17 19 198 83554 34827 25 220 19 24 18 21 198 56 350 1644 63419 25 220 17 18 16 18 198 4904 4897 496 4405 1891 25 220 19 17 22 24 198 45 1524 335 2075 1799 33852 1482 25 220 17 17 19 22 198 46 23738 16592 28100 25 220 16 15 20 16 198 3320 2472 61086 25 220 24 18 18 22 198 45 51054 710 358 1091 6433 25 220 23 19 15 22 198 35 1701 452 78961 25 220 17 21 24 18 198 54 268 73467 25 220 24 23 22 17 271 14162 25 3437 369 279 2528 1970 364 63889 452 78961 30 198 15666 25 561 2528 1970 364 63889 452 78961 369 220 17 21 24 18	349
r148/wrong/q28	nll	5865 1970 18834 198 45 51054 93922 25 220 18 24 18 22 198 49 11642 32442 54958 25 220 18 17 16 17 198 42 88850 4254 2770 25 220 17 24 16 17 198 2229 10211 40733 25 220 16 24 17 20 198 82433 63294 25 220 18 24 21 19 198 89306 629 17386 25 220 22 23 21 17 198 39 32389 1799 33852 1482 25 220 24 23 20 23 198 2665 269 67186 25 220 19 19 18 20 198 6737 55747 40733 25 220 24 21 15 20 198 2196 319 40050 12297 25 220 17 16 15 24 198 2665 269 28975 25 220 22 20 18 24 198 35921 299 59405 85 25 220 21 23 18 17 198 24601 10211 73467 25 220 17 19 24 19 198 83554 61086 25 220 16 23 19 23 198 233511 207520 25 220 16 23 24 23 198 1106 268 458 452 82319 25 220 22 24 20 16 198 31795 1413 710 3974 25 220 19 22 18 18 198 49 11642 40733 25 220 19 15 18 18 198 90979 78 710 358 1091 6433 25 220 22 19 23 23 198 3320 2472 14315 48040 25 220 23 17 23 23 198 57 4493 629 17386 25 220 21 19 17 19 198 83554 34827 25 220 19 24 18 21 198 56 350 1644 63419 25 220 17 18 16 18 198 4904 4897 496 4405 1891 25 220 19 17 22 24 198 45 1524 335 2075 1799 33852 1482 25 220 17 17 19 22 198 46 23738 16592 28100 25 220 16 15 20 16 198 3320 2472 61086 25 220 24 18 18 22 198 45 51054 710 358 1091 6433 25 220 23 19 15 22 198 35 1701 452 78961 25 220 17 21 24 18 198 54 268 73467 25 220 24 23 22 17 271 14162 25 3437 369 279 2528 1970 364 63889 452 78961 30 198 15666 25 561 2528 1970 364 63889 452 78961 369 220 17 16 15 24	349
r149/gold/q29	nll	5865 1970 18834 198 50 1020 667 629 17386 25 220 17 16 23 23 198 623 287 74092 25 220 18 23 23 16 198 2196 50557 49472 25 220 21 24 20 24 198 45 51054 61086 25 220 23 18 19 23 198 57 4493 93922 25 220 18 21 17 15 198 65343 26342 67220 375 25 220 20 22 16 19 198 34930 269 61086 25 220 24 16 15 24 198 51 24685 49472 25 220 17 18 20 16 198 89306 49346 25 220 19 21 16 19 198 35921 299 40733 25 220 21 21 19 20 198 233511 64683 14183 25 220 18 21 18 23 198 42 88850 61086 25 220 21 21 18 19 198 82433 73467 25 220 19 19 20 18 198 92055 61086 25 220 19 21 23 21 198 89306 34827 25 220 21 20 17 17 198 5901 4897 34827 25 220 18 21 18 16 198 24601 10211 55240 25 220 17 23 22 21 198 90979 78 27466 25 220 22 16 19 19 198 233511 63419 25 220 19 15 18 23 198 45 1524 335 2075 23773 12949 25 220 23 21 15 17 198 56 4897 207520 25 220 23 17 17 15 198 5901 4897 496 4405 1891 25 220 24 19 18 20 198 90979 78 40733 25 220 17 17 20 18 198 31795 1413 41803 80831 25 220 21 21 18 22 198 89680 7509 46035 25 220 24 20 17 24 198 31795 1413 4470 570 25 220 22 20 19 23 198 233511 36461 25 220 17 16 16 21 198 10786 64 49472 25 220 22 20 19 19 198 65343 55240 25 220 17 18 20 22 198 35921 299 59405 85 25 220 17 16 20 20 271 14162 25 3437 369 279 2528 1970 364 65788 59405 85 30 198 15666 25 561 2528 1970 364 65788 59405 85 369 220 17 16 20 20	331
r149/wrong/q29	nll	5865 1970 18834 198 50 1020 667 629 17386 25 220 17 16 23 23 198 623 287 74092 25 220 18 23 23 16 198 2196 50557 49472 25 220 21 24 20 24 198 45 51054 61086 25 220 23 18 19 23 198 57 4493 93922 25 220 18 21 17 15 198 65343 26342 67220 375 25 220 20 22 16 19 198 34930 269 61086 25 220 24 16 15 24 198 51 24685 49472 25 220 17 18 20 16 198 89306 49346 25 220 19 21 16 19 198 35921 299 40733 25 220 21 21 19 20 198 233511 64683 14183 25 220 18 21 18 23 198 42 88850 61086 25 220 21 21 18 19 198 82433 73467 25 220 19 19 20 18 198 92055 61086 25 220 19 21 23 21 198 89306 34827 25 220 21 20 17 17 198 5901 4897 34827 25 220 18 21 18 16 198 24601 10211 55240 25 220 17 23 22 21 198 90979 78 27466 25 220 22 16 19 19 198 233511 63419 25 220 19 15 18 23 198 45 1524 335 2075 23773 12949 25 220 23 21 15 17 198 56 4897 207520 25 220 23 17 17 15 198 5901 4897 496 4405 1891 25 220 24 19 18 20 198 90979 78 40733 25 220 17 17 20 18 198 31795 1413 41803 80831 25 220 21 21 18 22 198 89680 7509 46035 25 220 24 20 17 24 198 31795 1413 4470 570 25 220 22 20 19 23 198 233511 36461 25 220 17 16 16 21 198 10786 64 49472 25 220 22 20 19 19 198 65343 55240 25 220 17 18 20 22 198 35921 299 59405 85 25 220 17 16 20 20 271 14162 25 3437 369 279 2528 1970 364 65788 59405 85 30 198 15666 25 561 2528 1970 364 65788 59405 85 369 220 17 16 16 21	331
r150/gold/q0	nll	5865 1970 18834 198 23202 396 227938 25 220 20 20 15 18 198 92055 46035 25 220 17 18 22 24 198 2665 269 39185 25 220 16 21 24 24 198 65343 710 358 1091 6433 25 220 20 22 22 15 198 45 51054 63294 25 220 24 22 22 23 198 34930 269 462 698 327 25 220 17 21 15 22 198 39 3253 40050 12297 25 220 18 15 15 22 198 40 15190 59831 25 220 24 17 24 15 198 56 4897 227938 25 220 19 18 20 21 198 24601 10211 39185 25 220 24 16 24 16 198 51 24685 46035 25 220 19 22 17 16 198 4904 4897 74092 25 220 18 23 22 22 198 56 4897 14315 48040 25 220 20 21 16 17 198 89306 14315 48040 25 220 17 24 16 20 198 46 23738 56763 25 220 16 16 22 16 198 57 4897 16592 28100 25 220 24 18 15 15 198 2665 269 28975 25 220 24 16 22 21 198 24601 10211 14315 48040 25 220 21 21 23 21 198 89306 78961 25 220 19 24 21 21 198 27175 667 55240 25 220 21 16 16 16 198 89306 28975 25 220 20 23 19 16 198 2196 50557 41803 80831 25 220 17 22 22 18 198 39 32389 32442 54958 25 220 23 19 17 22 198 2196 50557 53656 25 220 23 16 18 16 198 6737 55747 52582 25 220 24 15 20 18 198 51 2692 80 92372 25 220 16 21 18 22 198 2196 319 28975 25 220 23 22 18 21 198 23202 396 40050 12297 25 220 20 23 15 15 198 89680 7509 1799 33852 1482 25 220 20 22 23 22 198 59605 36461 25 220 22 16 18 15 271 14162 25 3437 369 279 2528 1970 364 7967 396 227938 30 198 15666 25 561 2528 1970 364 7967 396 227938 369 220 20 20 15 18	337
r150/wrong/q0	nll	5865 1970 18834 198 23202 396 227938 25 220 20 20 15 18 198 92055 46035 25 220 17 18 22 24 198 2665 269 39185 25 220 16 21 24 24 198 65343 710 358 1091 6433 25 220 20 22 22 15 198 45 51054 63294 25 220 24 22 22 23 198 34930 269 462 698 327 25 220 17 21 15 22 198 39 3253 40050 12297 25 220 18 15 15 22 198 40 15190 59831 25 220 24 17 24 15 198 56 4897 227938 25 220 19 18 20 21 198 24601 10211 39185 25 220 24 16 24 16 198 51 24685 46035 25 220 19 22 17 16 198 4904 4897 74092 25 220 18 23 22 22 198 56 4897 14315 48040 25 220 20 21 16 17 198 89306 14315 48040 25 220 17 24 16 20 198 46 23738 56763 25 220 16 16 22 16 198 57 4897 16592 28100 25 220 24 18 15 15 198 2665 269 28975 25 220 24 16 22 21 198 24601 10211 14315 48040 25 220 21 21 23 21 198 89306 78961 25 220 19 24 21 21 198 27175 667 55240 25 220 21 16 16 16 198 89306 28975 25 220 20 23 19 16 198 2196 50557 41803 80831 25 220 17 22 22 18 198 39 32389 32442 54958 25 220 23 19 17 22 198 2196 50557 53656 25 220 23 16 18 16 198 6737 55747 52582 25 220 24 15 20 18 198 51 2692 80 92372 25 220 16 21 18 22 198 2196 319 28975 25 220 23 22 18 21 198 23202 396 40050 12297 25 220 20 23 15 15 198 89680 7509 1799 33852 1482 25 220 20 22 23 22 198 59605 36461 25 220 22 16 18 15 271 14162 25 3437 369 279 2528 1970 364 7967 396 227938 30 198 15666 25 561 2528 1970 364 7967 396 227938 369 220 21 21 23 21	337
r151/gold/q1	nll	5865 1970 18834 198 2196 50557 78961 25 220 24 16 23 23 198 2229 10211 462 698 327 25 220 20 23 20 19 198 5901 4897 27466 25 220 16 19 15 18 198 89680 7509 59831 25 220 19 22 20 19 198 3320 2472 82596 25 220 23 16 21 15 198 39 32389 458 452 82319 25 220 18 24 17 24 198 92055 26342 67220 375 25 220 22 22 20 20 198 1106 268 67186 25 220 21 18 21 20 198 39304 667 32442 54958 25 220 22 24 21 17 198 36 46419 34827 25 220 20 16 16 17 198 83554 74092 25 220 19 17 22 21 198 36 46419 61028 25 220 21 22 23 22 198 89680 7509 16592 28100 25 220 20 22 16 22 198 83554 458 452 82319 25 220 24 18 22 16 198 2665 269 32442 54958 25 220 20 19 22 18 198 35 1701 452 36461 25 220 17 15 23 21 198 39 32389 92372 25 220 17 15 24 21 198 34930 269 41803 80831 25 220 18 22 17 23 198 27175 667 72925 25 220 23 24 17 21 198 82433 235489 25 220 24 17 24 18 198 82433 59831 25 220 24 18 20 24 198 34930 269 227938 25 220 17 23 19 20 198 35 1701 452 46035 25 220 16 21 22 21 198 233511 63294 25 220 22 24 16 16 198 51 21576 46035 25 220 20 19 19 21 198 89680 7509 629 17386 25 220 16 18 23 22 198 42 2075 27466 25 220 22 24 24 21 198 46 23738 39185 25 220 24 22 19 17 198 623 287 63294 25 220 17 19 23 22 198 59605 40050 12297 25 220 24 15 16 16 271 14162 25 3437 369 279 2528 1970 364 1900 10211 462 698 327 30 198 15666 25 561 2528 1970 364 1900 10211 462 698 327 369 220 20 23 20 19	340
r151/wrong/q1	nll	5865 1970 18834 198 2196 50557 78961 25 220 24 16 23 23 198 2229 10211 462 698 327 25 220 20 23 20 19 198 5901 4897 27466 25 220 16 19 15 18 198 89680 7509 59831 25 220 19 22 20 19 198 3320 2472 82596 25 220 23 16 21 15 198 39 32389 458 452 82319 25 220 18 24 17 24 198 92055 26342 67220 375 25 220 22 22 20 20 198 1106 268 67186 25 220 21 18 21 20 198 39304 667 32442 54958 25 220 22 24 21 17 198 36 46419 34827 25 220 20 16 16 17 198 83554 74092 25 220 19 17 22 21 198 36 46419 61028 25 220 21 22 23 22 198 89680 7509 16592 28100 25 220 20 22 16 22 198 83554 458 452 82319 25 220 24 18 22 16 198 2665 269 32442 54958 25 220 20 19 22 18 198 35 1701 452 36461 25 220 17 15 23 21 198 39 32389 92372 25 220 17 15 24 21 198 34930 269 41803 80831 25 220 18 22 17 23 198 27175 667 72925 25 220 23 24 17 21 198 82433 235489 25 220 24 17 24 18 198 82433 59831 25 220 24 18 20 24 198 34930 269 227938 25 220 17 23 19 20 198 35 1701 452 46035 25 220 16 21 22 21 198 233511 63294 25 220 22 24 16 16 198 51 21576 46035 25 220 20 19 19 21 198 89680 7509 629 17386 25 220 16 18 23 22 198 42 2075 27466 25 220 22 24 24 21 198 46 23738 39185 25 220 24 22 19 17 198 623 287 63294 25 220 17 19 23 22 198 59605 40050 12297 25 220 24 15 16 16 271 14162 25 3437 369 279 2528 1970 364 1900 10211 462 698 327 30 198 15666 25 561 2528 1970 364 1900 10211 462 698 327 369 220 20 16 16 17	340
r152/gold/q2	nll	5865 1970 18834 198 39304 667 28975 25 220 22 23 20 18 198 42 88850 207520 25 220 17 15 24 24 198 37 65435 52582 25 220 24 17 16 22 198 90979 78 78961 25 220 19 22 24 24 198 36 46419 49472 25 220 16 24 24 17 198 27175 667 55240 25 220 23 19 22 19 198 233511 496 4405 1891 25 220 18 21 17 23 198 35921 299 61086 25 220 18 16 24 17 198 42 88850 16592 28100 25 220 24 21 16 17 198 31795 1413 72925 25 220 17 19 24 20 198 5901 4897 710 358 1091 6433 25 220 21 22 20 15 198 5901 4897 59405 85 25 220 23 18 24 15 198 39 3253 23773 12949 25 220 22 22 24 16 198 34930 269 63294 25 220 24 20 17 24 198 59605 710 358 1091 6433 25 220 23 21 17 22 198 37 65435 78961 25 220 17 24 20 17 198 57 4493 235489 25 220 18 16 18 15 198 31795 1413 4470 570 25 220 24 24 18 21 198 82433 16592 28100 25 220 22 17 24 22 198 54 268 227938 25 220 23 22 16 17 198 623 287 14315 48040 25 220 24 19 21 16 198 49 11642 78961 25 220 23 20 23 19 198 31795 1413 462 698 327 25 220 16 23 24 18 198 27175 667 40050 12297 25 220 22 16 19 24 198 83554 74092 25 220 19 22 19 23 198 2196 319 61028 25 220 21 17 21 23 198 45 51054 93922 25 220 21 18 15 16 198 39 3253 32442 54958 25 220 20 23 20 22 198 39304 667 53656 25 220 19 23 16 23 198 43 1506 5367 25 220 17 19 15 18 271 14162 25 3437 369 279 2528 1970 364 54048 52582 30 198 15666 25 561 2528 1970 364 54048 52582 369 220 24 17 16 22	339
r152/wrong/q2	nll	5865 1970 18834 198 39304 667 28975 25 220 22 23 20 18 198 42 88850 207520 25 220 17 15 24 24 198 37 65435 52582 25 220 24 17 16 22 198 90979 78 78961 25 220 19 22 24 24 198 36 46419 49472 25 220 16 24 24 17 198 27175 667 55240 25 220 23 19 22 19 198 233511 496 4405 1891 25 220 18 21 17 23 198 35921 299 61086 25 220 18 16 24 17 198 42 88850 16592 28100 25 220 24 21 16 17 198 31795 1413 72925 25 220 17 19 24 20 198 5901 4897 710 358 1091 6433 25 220 21 22 20 15 198 5901 4897 59405 85 25 220 23 18 24 15 198 39 3253 23773 12949 25 220 22 22 24 16 198 34930 269 63294 25 220 24 20 17 24 198 59605 710 358 1091 6433 25 220 23 21 17 22 198 37 65435 78961 25 220 17 24 20 17 198 57 4493 235489 25 220 18 16 18 15 198 31795 1413 4470 570 25 220 24 24 18 21 198 82433 16592 28100 25 220 22 17 24 22 198 54 268 227938 25 220 23 22 16 17 198 623 287 14315 48040 25 220 24 19 21 16 198 49 11642 78961 25 220 23 20 23 19 198 31795 1413 462 698 327 25 220 16 23 24 18 198 27175 667 40050 12297 25 220 22 16 19 24 198 83554 74092 25 220 19 22 19 23 198 2196 319 61028 25 220 21 17 21 23 198 45 51054 93922 25 220 21 18 15 16 198 39 3253 32442 54958 25 220 20 23 20 22 198 39304 667 53656 25 220 19 23 16 23 198 43 1506 5367 25 220 17 19 15 18 271 14162 25 3437 369 279 2528 1970 364 54048 52582 30 198 15666 25 561 2528 1970 364 54048 52582 369 220 16 23 24 18	339
r153/gold/q3	nll	5865 1970 18834 198 39 3253 36461 25 220 22 20 24 17 198 49 11642 5367 25 220 17 22 15 19 198 40 15190 92372 25 220 22 19 21 16 198 49 11642 14315 48040 25 220 22 22 20 15 198 35 1701 452 49472 25 220 20 24 15 17 198 92055 49472 25 220 21 22 20 21 198 3320 2472 49472 25 220 20 18 24 15 198 42 88850 27466 25 220 20 21 17 18 198 51 2692 80 14315 48040 25 220 21 20 16 17 198 35921 299 59831 25 220 18 17 23 20 198 92055 462 698 327 25 220 19 22 16 21 198 623 287 40050 12297 25 220 18 19 19 17 198 89306 39185 25 220 16 19 21 16 198 65343 63294 25 220 24 19 22 23 198 39 3253 4254 2770 25 220 23 18 24 24 198 46 23738 53656 25 220 18 15 18 24 198 36 46419 710 3974 25 220 18 24 24 18 198 39 3253 4470 570 25 220 16 23 21 15 198 31795 1413 458 452 82319 25 220 18 18 24 16 198 92055 74092 25 220 24 22 21 16 198 2665 269 55240 25 220 23 15 15 16 198 2196 50557 207520 25 220 16 20 18 16 198 89680 7509 14315 48040 25 220 20 24 22 19 198 59605 72925 25 220 19 20 22 23 198 51 24685 73467 25 220 17 19 19 15 198 56 350 1644 207520 25 220 21 17 21 24 198 51 24685 23773 12949 25 220 24 23 20 15 198 2229 10211 710 3974 25 220 17 21 18 22 198 49 2492 5709 61028 25 220 19 18 19 17 198 59605 4470 570 25 220 21 15 19 19 271 14162 25 3437 369 279 2528 1970 364 45265 14315 48040 30 198 15666 25 561 2528 1970 364 45265 14315 48040 369 220 22 22 20 15	338
r153/wrong/q3	nll	5865 1970 18834 198 39 3253 36461 25 220 22 20 24 17 198 49 11642 5367 25 220 17 22 15 19 198 40 15190 92372 25 220 22 19 21 16 198 49 11642 14315 48040 25 220 22 22 20 15 198 35 1701 452 49472 25 220 20 24 15 17 198 92055 49472 25 220 21 22 20 21 198 3320 2472 49472 25 220 20 18 24 15 198 42 88850 27466 25 220 20 21 17 18 198 51 2692 80 14315 48040 25 220 21 20 16 17 198 35921 299 59831 25 220 18 17 23 20 198 92055 462 698 327 25 220 19 22 16 21 198 623 287 40050 12297 25 220 18 19 19 17 198 89306 39185 25 220 16 19 21 16 198 65343 63294 25 220 24 19 22 23 198 39 3253 4254 2770 25 220 23 18 24 24 198 46 23738 53656 25 220 18 15 18 24 198 36 46419 710 3974 25 220 18 24 24 18 198 39 3253 4470 570 25 220 16 23 21 15 198 31795 1413 458 452 82319 25 220 18 18 24 16 198 92055 74092 25 220 24 22 21 16 198 2665 269 55240 25 220 23 15 15 16 198 2196 50557 207520 25 220 16 20 18 16 198 89680 7509 14315 48040 25 220 20 24 22 19 198 59605 72925 25 220 19 20 22 23 198 51 24685 73467 25 220 17 19 19 15 198 56 350 1644 207520 25 220 21 17 21 24 198 51 24685 23773 12949 25 220 24 23 20 15 198 2229 10211 710 3974 25 220 17 21 18 22 198 49 2492 5709 61028 25 220 19 18 19 17 198 59605 4470 570 25 220 21 15 19 19 271 14162 25 3437 369 279 2528 1970 364 45265 14315 48040 30 198 15666 25 561 2528 1970 364 45265 14315 48040 369 220 17 21 18 22	338
r154/gold/q4	nll	5865 1970 18834 198 83554 63294 25 220 24 16 20 24 198 90979 78 39685 25 220 19 19 23 16 198 2196 319 23773 12949 25 220 19 15 22 20 198 56 4897 629 17386 25 220 16 20 23 16 198 10786 64 23773 12949 25 220 18 21 18 15 198 6737 55747 64683 14183 25 220 20 24 16 24 198 1106 268 710 358 1091 6433 25 220 19 20 22 21 198 3320 2472 1799 33852 1482 25 220 19 22 19 22 198 39 32389 61028 25 220 21 20 22 21 198 5901 4897 61028 25 220 24 21 15 23 198 39304 667 39185 25 220 22 15 24 15 198 45 1524 335 2075 59831 25 220 21 20 24 20 198 6737 55747 4254 2770 25 220 20 15 23 21 198 51 21576 73467 25 220 20 18 22 24 198 56 350 1644 63419 25 220 21 21 17 19 198 623 287 63419 25 220 21 15 20 18 198 45 1524 335 2075 49472 25 220 19 20 22 24 198 40 15190 55240 25 220 18 20 22 22 198 56 350 1644 46035 25 220 16 15 22 22 198 54 268 74092 25 220 16 24 22 17 198 23202 396 34827 25 220 17 23 23 19 198 34930 269 64683 14183 25 220 16 23 20 17 198 10786 64 235489 25 220 20 23 17 24 198 89680 7509 28975 25 220 18 16 16 20 198 27175 667 23773 12949 25 220 19 21 18 23 198 35921 299 55240 25 220 19 16 20 19 198 3320 2472 227938 25 220 23 16 20 20 198 49 11642 61086 25 220 16 24 20 20 198 89306 64683 14183 25 220 19 17 22 19 198 39 3253 49472 25 220 19 16 17 15 271 14162 25 3437 369 279 2528 1970 364 48654 23773 12949 30 198 15666 25 561 2528 1970 364 48654 23773 12949 369 220 18 21 18 15	344
r154/wrong/q4	nll	5865 1970 18834 198 83554 63294 25 220 24 16 20 24 198 90979 78 39685 25 220 19 19 23 16 198 2196 319 23773 12949 25 220 19 15 22 20 198 56 4897 629 17386 25 220 16 20 23 16 198 10786 64 23773 12949 25 220 18 21 18 15 198 6737 55747 64683 14183 25 220 20 24 16 24 198 1106 268 710 358 1091 6433 25 220 19 20 22 21 198 3320 2472 1799 33852 1482 25 220 19 22 19 22 198 39 32389 61028 25 220 21 20 22 21 198 5901 4897 61028 25 220 24 21 15 23 198 39304 667 39185 25 220 22 15 24 15 198 45 1524 335 2075 59831 25 220 21 20 24 20 198 6737 55747 4254 2770 25 220 20 15 23 21 198 51 21576 73467 25 220 20 18 22 24 198 56 350 1644 63419 25 220 21 21 17 19 198 623 287 63419 25 220 21 15 20 18 198 45 1524 335 2075 49472 25 220 19 20 22 24 198 40 15190 55240 25 220 18 20 22 22 198 56 350 1644 46035 25 220 16 15 22 22 198 54 268 74092 25 220 16 24 22 17 198 23202 396 34827 25 220 17 23 23 19 198 34930 269 64683 14183 25 220 16 23 20 17 198 10786 64 235489 25 220 20 23 17 24 198 89680 7509 28975 25 220 18 16 16 20 198 27175 667 23773 12949 25 220 19 21 18 23 198 35921 299 55240 25 220 19 16 20 19 198 3320 2472 227938 25 220 23 16 20 20 198 49 11642 61086 25 220 16 24 20 20 198 89306 64683 14183 25 220 19 17 22 19 198 39 3253 49472 25 220 19 16 17 15 271 14162 25 3437 369 279 2528 1970 364 48654 23773 12949 30 198 15666 25 561 2528 1970 364 48654 23773 12949 369 220 19 15 22 20	344
r155/gold/q5	nll	5865 1970 18834 198 233511 629 17386 25 220 16 17 24 16 198 233511 49346 25 220 19 17 20 21 198 6737 55747 61086 25 220 21 17 22 15 198 2196 319 55240 25 220 22 19 15 20 198 49 11642 710 358 1091 6433 25 220 21 15 23 17 198 45 51054 61850 25 220 21 18 16 23 198 4904 4897 82596 25 220 20 23 20 22 198 35 1701 452 16592 28100 25 220 19 16 17 20 198 39 32389 462 698 327 25 220 22 24 22 21 198 82433 72925 25 220 17 24 24 24 198 5901 4897 227938 25 220 21 23 24 18 198 233511 40733 25 220 16 19 17 17 198 90979 78 26342 67220 375 25 220 24 19 19 17 198 5901 4897 63294 25 220 16 21 17 16 198 623 287 26342 67220 375 25 220 19 18 19 23 198 59605 73467 25 220 19 22 17 15 198 45 1524 335 2075 53656 25 220 24 15 19 23 198 51 21576 23773 12949 25 220 17 18 18 23 198 2196 319 41803 80831 25 220 22 21 23 19 198 49 11642 4254 2770 25 220 22 17 24 19 198 56 350 1644 34827 25 220 17 18 22 21 198 43 1506 23773 12949 25 220 21 21 24 24 198 2665 269 61086 25 220 20 17 21 18 198 35 1701 452 92372 25 220 17 18 18 16 198 6737 55747 74092 25 220 23 19 22 20 198 35921 299 61028 25 220 16 21 15 15 198 92055 92372 25 220 20 15 22 19 198 56 4897 93922 25 220 23 22 17 24 198 45 1524 335 2075 39685 25 220 24 21 22 15 198 2196 50557 16592 28100 25 220 21 17 18 19 271 14162 25 3437 369 279 2528 1970 364 33514 667 61850 30 198 15666 25 561 2528 1970 364 33514 667 61850 369 220 21 18 16 23	344
r155/wrong/q5	nll	5865 1970 18834 198 233511 629 17386 25 220 16 17 24 16 198 233511 49346 25 220 19 17 20 21 198 6737 55747 61086 25 220 21 17 22 15 198 2196 319 55240 25 220 22 19 15 20 198 49 11642 710 358 1091 6433 25 220 21 15 23 17 198 45 51054 61850 25 220 21 18 16 23 198 4904 4897 82596 25 220 20 23 20 22 198 35 1701 452 16592 28100 25 220 19 16 17 20 198 39 32389 462 698 327 25 220 22 24 22 21 198 82433 72925 25 220 17 24 24 24 198 5901 4897 227938 25 220 21 23 24 18 198 233511 40733 25 220 16 19 17 17 198 90979 78 26342 67220 375 25 220 24 19 19 17 198 5901 4897 63294 25 220 16 21 17 16 198 623 287 26342 67220 375 25 220 19 18 19 23 198 59605 73467 25 220 19 22 17 15 198 45 1524 335 2075 53656 25 220 24 15 19 23 198 51 21576 23773 12949 25 220 17 18 18 23 198 2196 319 41803 80831 25 220 22 21 23 19 198 49 11642 4254 2770 25 220 22 17 24 19 198 56 350 1644 34827 25 220 17 18 22 21 198 43 1506 23773 12949 25 220 21 21 24 24 198 2665 269 61086 25 220 20 17 21 18 198 35 1701 452 92372 25 220 17 18 18 16 198 6737 55747 74092 25 220 23 19 22 20 198 35921 299 61028 25 220 16 21 15 15 198 92055 92372 25 220 20 15 22 19 198 56 4897 93922 25 220 23 22 17 24 198 45 1524 335 2075 39685 25 220 24 21 22 15 198 2196 50557 16592 28100 25 220 21 17 18 19 271 14162 25 3437 369 279 2528 1970 364 33514 667 61850 30 198 15666 25 561 2528 1970 364 33514 667 61850 369 220 19 22 17 15	344
r156/gold/q6	nll	5865 1970 18834 198 89306 61086 25 220 22 17 17 15 198 89306 63419 25 220 21 22 18 20 198 54 268 39185 25 220 21 19 15 21 198 5901 4897 61850 25 220 16 16 18 17 198 51 24685 72925 25 220 23 16 24 21 198 39 32389 23773 12949 25 220 21 19 18 18 198 6737 55747 72925 25 220 20 17 23 20 198 59605 64683 14183 25 220 20 22 22 20 198 39 3253 462 698 327 25 220 19 17 21 19 198 45 1524 335 2075 458 452 82319 25 220 19 20 21 21 198 54 268 207520 25 220 20 21 18 21 198 59605 72925 25 220 23 23 17 24 198 51 24685 34827 25 220 17 21 20 20 198 49 2492 5709 61086 25 220 24 19 21 23 198 49 2492 5709 40733 25 220 24 19 24 21 198 49 11642 710 358 1091 6433 25 220 20 21 16 17 198 42 88850 207520 25 220 17 24 24 17 198 50 1020 667 46035 25 220 23 19 21 15 198 42 88850 73467 25 220 16 18 16 20 198 45 51054 52582 25 220 24 24 22 20 198 54 268 59831 25 220 23 15 18 15 198 92055 36461 25 220 17 20 19 23 198 49 11642 92372 25 220 21 18 17 22 198 27175 667 49346 25 220 21 20 22 20 198 35921 299 41803 80831 25 220 23 18 21 22 198 2196 50557 78961 25 220 16 16 18 22 198 57 4493 59405 85 25 220 17 24 21 23 198 83554 53656 25 220 19 19 21 19 198 57 4493 40733 25 220 24 21 15 18 198 56 4897 34827 25 220 22 20 20 19 271 14162 25 3437 369 279 2528 1970 364 1587 55747 72925 30 198 15666 25 561 2528 1970 364 1587 55747 72925 369 220 20 17 23 20	337
r156/wrong/q6	nll	5865 1970 18834 198 89306 61086 25 220 22 17 17 15 198 89306 63419 25 220 21 22 18 20 198 54 268 39185 25 220 21 19 15 21 198 5901 4897 61850 25 220 16 16 18 17 198 51 24685 72925 25 220 23 16 24 21 198 39 32389 23773 12949 25 220 21 19 18 18 198 6737 55747 72925 25 220 20 17 23 20 198 59605 64683 14183 25 220 20 22 22 20 198 39 3253 462 698 327 25 220 19 17 21 19 198 45 1524 335 2075 458 452 82319 25 220 19 20 21 21 198 54 268 207520 25 220 20 21 18 21 198 59605 72925 25 220 23 23 17 24 198 51 24685 34827 25 220 17 21 20 20 198 49 2492 5709 61086 25 220 24 19 21 23 198 49 2492 5709 40733 25 220 24 19 24 21 198 49 11642 710 358 1091 6433 25 220 20 21 16 17 198 42 88850 207520 25 220 17 24 24 17 198 50 1020 667 46035 25 220 23 19 21 15 198 42 88850 73467 25 220 16 18 16 20 198 45 51054 52582 25 220 24 24 22 20 198 54 268 59831 25 220 23 15 18 15 198 92055 36461 25 220 17 20 19 23 198 49 11642 92372 25 220 21 18 17 22 198 27175 667 49346 25 220 21 20 22 20 198 35921 299 41803 80831 25 220 23 18 21 22 198 2196 50557 78961 25 220 16 16 18 22 198 57 4493 59405 85 25 220 17 24 21 23 198 83554 53656 25 220 19 19 21 19 198 57 4493 40733 25 220 24 21 15 18 198 56 4897 34827 25 220 22 20 20 19 271 14162 25 3437 369 279 2528 1970 364 1587 55747 72925 30 198 15666 25 561 2528 1970 364 1587 55747 72925 369 220 23 15 18 15	337
r157/gold/q7	nll	5865 1970 18834 198 51 2692 80 39185 25 220 21 22 15 22 198 82433 39185 25 220 16 20 23 15 198 24601 10211 207520 25 220 19 22 24 20 198 39 32389 64683 14183 25 220 22 19 17 15 198 6737 55747 61028 25 220 22 17 19 19 198 57 4897 39185 25 220 21 24 24 21 198 50 1020 667 78961 25 220 19 16 23 16 198 45 1524 335 2075 207520 25 220 18 24 20 20 198 23202 396 34827 25 220 23 19 17 24 198 39304 667 92372 25 220 17 17 23 17 198 4904 4897 710 358 1091 6433 25 220 24 17 18 18 198 43 1506 1799 33852 1482 25 220 21 17 19 22 198 35921 299 67186 25 220 21 15 23 22 198 46 23738 72925 25 220 19 21 17 18 198 2196 50557 710 358 1091 6433 25 220 22 24 19 21 198 56 4897 64683 14183 25 220 19 19 15 17 198 50 1020 667 41803 80831 25 220 18 23 24 16 198 51 21576 710 358 1091 6433 25 220 23 22 22 18 198 1106 268 4470 570 25 220 16 15 21 24 198 90979 78 235489 25 220 20 18 21 24 198 51 2692 80 1799 33852 1482 25 220 21 15 22 18 198 57 4897 207520 25 220 20 22 22 19 198 54 268 40733 25 220 21 16 22 21 198 39 3253 40733 25 220 17 16 23 21 198 35 1701 452 496 4405 1891 25 220 19 15 18 19 198 50 1020 667 1799 33852 1482 25 220 20 22 24 16 198 45 51054 63419 25 220 24 22 22 22 198 42 2075 61028 25 220 16 19 17 20 198 623 287 710 3974 25 220 16 15 15 18 198 49 2492 5709 40733 25 220 20 18 24 19 271 14162 25 3437 369 279 2528 1970 364 92253 2075 207520 30 198 15666 25 561 2528 1970 364 92253 2075 207520 369 220 18 24 20 20	357
r157/wrong/q7	nll	5865 1970 18834 198 51 2692 80 39185 25 220 21 22 15 22 198 82433 39185 25 220 16 20 23 15 198 24601 10211 207520 25 220 19 22 24 20 198 39 32389 64683 14183 25 220 22 19 17 15 198 6737 55747 61028 25 220 22 17 19 19 198 57 4897 39185 25 220 21 24 24 21 198 50 1020 667 78961 25 220 19 16 23 16 198 45 1524 335 2075 207520 25 220 18 24 20 20 198 23202 396 34827 25 220 23 19 17 24 198 39304 667 92372 25 220 17 17 23 17 198 4904 4897 710 358 1091 6433 25 220 24 17 18 18 198 43 1506 1799 33852 1482 25 220 21 17 19 22 198 35921 299 67186 25 220 21 15 23 22 198 46 23738 72925 25 220 19 21 17 18 198 2196 50557 710 358 1091 6433 25 220 22 24 19 21 198 56 4897 64683 14183 25 220 19 19 15 17 198 50 1020 667 41803 80831 25 220 18 23 24 16 198 51 21576 710 358 1091 6433 25 220 23 22 22 18 198 1106 268 4470 570 25 220 16 15 21 24 198 90979 78 235489 25 220 20 18 21 24 198 51 2692 80 1799 33852 1482 25 220 21 15 22 18 198 57 4897 207520 25 220 20 22 22 19 198 54 268 40733 25 220 21 16 22 21 198 39 3253 40733 25 220 17 16 23 21 198 35 1701 452 496 4405 1891 25 220 19 15 18 19 198 50 1020 667 1799 33852 1482 25 220 20 22 24 16 198 45 51054 63419 25 220 24 22 22 22 198 42 2075 61028 25 220 16 19 17 20 198 623 287 710 3974 25 220 16 15 15 18 198 49 2492 5709 40733 25 220 20 18 24 19 271 14162 25 3437 369 279 2528 1970 364 92253 2075 207520 30 198 15666 25 561 2528 1970 364 92253 2075 207520 369 220 23 22 22 18	357
r158/gold/q8	nll	5865 1970 18834 198 2196 50557 59405 85 25 220 17 15 20 23 198 2229 10211 4470 570 25 220 21 23 18 18 198 43 1506 53656 25 220 20 20 15 19 198 2196 50557 92372 25 220 19 18 17 16 198 39304 667 61850 25 220 23 17 19 24 198 51 2692 80 16592 28100 25 220 23 23 18 17 198 6737 55747 78961 25 220 24 22 15 15 198 1106 268 59405 85 25 220 18 24 16 16 198 83554 78961 25 220 18 15 22 23 198 35921 299 462 698 327 25 220 19 19 23 21 198 42 2075 53656 25 220 19 17 16 20 198 51 2692 80 5367 25 220 17 18 21 20 198 83554 52582 25 220 16 24 23 15 198 51 21576 5367 25 220 17 24 22 20 198 90979 78 710 3974 25 220 16 15 18 18 198 46 23738 39685 25 220 16 16 24 21 198 46 23738 56763 25 220 20 22 17 20 198 65343 55240 25 220 16 24 20 23 198 27175 667 235489 25 220 17 22 24 18 198 24601 10211 34827 25 220 16 16 24 15 198 36 46419 710 358 1091 6433 25 220 22 17 19 18 198 2196 50557 59831 25 220 16 21 22 21 198 49 11642 32442 54958 25 220 21 22 24 19 198 92055 52582 25 220 20 21 18 21 198 59605 41803 80831 25 220 20 22 22 23 198 37 65435 32442 54958 25 220 23 21 19 18 198 2196 50557 49472 25 220 18 24 20 23 198 2229 10211 49346 25 220 23 16 22 24 198 56 4897 5367 25 220 19 20 22 15 198 51 24685 40733 25 220 20 21 18 17 271 14162 25 3437 369 279 2528 1970 364 30053 78961 30 198 15666 25 561 2528 1970 364 30053 78961 369 220 18 15 22 23	335
r158/wrong/q8	nll	5865 1970 18834 198 2196 50557 59405 85 25 220 17 15 20 23 198 2229 10211 4470 570 25 220 21 23 18 18 198 43 1506 53656 25 220 20 20 15 19 198 2196 50557 92372 25 220 19 18 17 16 198 39304 667 61850 25 220 23 17 19 24 198 51 2692 80 16592 28100 25 220 23 23 18 17 198 6737 55747 78961 25 220 24 22 15 15 198 1106 268 59405 85 25 220 18 24 16 16 198 83554 78961 25 220 18 15 22 23 198 35921 299 462 698 327 25 220 19 19 23 21 198 42 2075 53656 25 220 19 17 16 20 198 51 2692 80 5367 25 220 17 18 21 20 198 83554 52582 25 220 16 24 23 15 198 51 21576 5367 25 220 17 24 22 20 198 90979 78 710 3974 25 220 16 15 18 18 198 46 23738 39685 25 220 16 16 24 21 198 46 23738 56763 25 220 20 22 17 20 198 65343 55240 25 220 16 24 20 23 198 27175 667 235489 25 220 17 22 24 18 198 24601 10211 34827 25 220 16 16 24 15 198 36 46419 710 358 1091 6433 25 220 22 17 19 18 198 2196 50557 59831 25 220 16 21 22 21 198 49 11642 32442 54958 25 220 21 22 24 19 198 92055 52582 25 220 20 21 18 21 198 59605 41803 80831 25 220 20 22 22 23 198 37 65435 32442 54958 25 220 23 21 19 18 198 2196 50557 49472 25 220 18 24 20 23 198 2229 10211 49346 25 220 23 16 22 24 198 56 4897 5367 25 220 19 20 22 15 198 51 24685 40733 25 220 20 21 18 17 271 14162 25 3437 369 279 2528 1970 364 30053 78961 30 198 15666 25 561 2528 1970 364 30053 78961 369 220 18 24 16 16	335
r159/gold/q9	nll	5865 1970 18834 198 51 21576 227938 25 220 21 16 17 23 198 42 2075 61850 25 220 16 22 23 17 198 39 32389 59831 25 220 21 22 21 18 198 2196 319 1799 33852 1482 25 220 20 20 16 17 198 39 3253 53656 25 220 22 22 19 24 198 24601 10211 63294 25 220 23 24 19 17 198 59605 207520 25 220 16 22 17 23 198 51 24685 14315 48040 25 220 16 17 24 16 198 51 2692 80 61028 25 220 19 15 21 18 198 57 4897 28975 25 220 20 22 24 19 198 2229 10211 40733 25 220 19 22 15 19 198 56 350 1644 61028 25 220 21 22 15 18 198 2229 10211 40050 12297 25 220 16 20 22 17 198 50 1020 667 227938 25 220 16 21 16 21 198 92055 40050 12297 25 220 17 22 15 18 198 34930 269 40050 12297 25 220 24 18 17 21 198 2665 269 64683 14183 25 220 18 23 19 19 198 39 3253 61850 25 220 23 18 20 20 198 37 65435 82596 25 220 16 17 17 15 198 42 88850 36461 25 220 23 21 24 21 198 51 21576 61850 25 220 22 17 16 21 198 34930 269 61850 25 220 18 23 20 21 198 54 268 41803 80831 25 220 21 18 18 18 198 45 1524 335 2075 61850 25 220 16 22 23 15 198 45 1524 335 2075 61028 25 220 16 24 21 24 198 1106 268 63294 25 220 17 20 23 16 198 65343 227938 25 220 16 19 23 21 198 83554 93922 25 220 16 17 22 18 198 36 46419 41803 80831 25 220 22 19 21 22 198 10786 64 4470 570 25 220 19 17 19 15 271 14162 25 3437 369 279 2528 1970 364 243575 28975 30 198 15666 25 561 2528 1970 364 243575 28975 369 220 20 22 24 19	338
r159/wrong/q9	nll	5865 1970 18834 198 51 21576 227938 25 220 21 16 17 23 198 42 2075 61850 25 220 16 22 23 17 198 39 32389 59831 25 220 21 22 21 18 198 2196 319 1799 33852 1482 25 220 20 20 16 17 198 39 3253 53656 25 220 22 22 19 24 198 24601 10211 63294 25 220 23 24 19 17 198 59605 207520 25 220 16 22 17 23 198 51 24685 14315 48040 25 220 16 17 24 16 198 51 2692 80 61028 25 220 19 15 21 18 198 57 4897 28975 25 220 20 22 24 19 198 2229 10211 40733 25 220 19 22 15 19 198 56 350 1644 61028 25 220 21 22 15 18 198 2229 10211 40050 12297 25 220 16 20 22 17 198 50 1020 667 227938 25 220 16 21 16 21 198 92055 40050 12297 25 220 17 22 15 18 198 34930 269 40050 12297 25 220 24 18 17 21 198 2665 269 64683 14183 25 220 18 23 19 19 198 39 3253 61850 25 220 23 18 20 20 198 37 65435 82596 25 220 16 17 17 15 198 42 88850 36461 25 220 23 21 24 21 198 51 21576 61850 25 220 22 17 16 21 198 34930 269 61850 25 220 18 23 20 21 198 54 268 41803 80831 25 220 21 18 18 18 198 45 1524 335 2075 61850 25 220 16 22 23 15 198 45 1524 335 2075 61028 25 220 16 24 21 24 198 1106 268 63294 25 220 17 20 23 16 198 65343 227938 25 220 16 19 23 21 198 83554 93922 25 220 16 17 22 18 198 36 46419 41803 80831 25 220 22 19 21 22 198 10786 64 4470 570 25 220 19 17 19 15 271 14162 25 3437 369 279 2528 1970 364 243575 28975 30 198 15666 25 561 2528 1970 364 243575 28975 369 220 24 18 17 21	338
r160/gold/q10	nll	5865 1970 18834 198 51 21576 41803 80831 25 220 17 16 22 15 198 35921 299 36461 25 220 16 18 24 22 198 39304 667 74092 25 220 21 16 15 20 198 42 88850 82596 25 220 23 23 17 16 198 623 287 46035 25 220 17 17 19 24 198 2665 269 207520 25 220 24 17 24 22 198 83554 49346 25 220 17 16 21 24 198 10786 64 36461 25 220 18 19 20 15 198 42 88850 40050 12297 25 220 18 18 24 22 198 56 4897 36461 25 220 18 17 17 21 198 89306 52582 25 220 16 23 23 19 198 51 2692 80 496 4405 1891 25 220 17 22 17 22 198 39 32389 5367 25 220 23 23 20 20 198 4904 4897 39185 25 220 19 20 24 18 198 3320 2472 40733 25 220 24 24 16 17 198 1106 268 40050 12297 25 220 20 24 17 21 198 42 2075 59405 85 25 220 20 15 19 17 198 50 1020 667 82596 25 220 19 15 24 16 198 46 23738 61850 25 220 23 17 24 19 198 24601 10211 235489 25 220 17 16 20 16 198 82433 74092 25 220 17 23 18 23 198 5901 4897 23773 12949 25 220 22 24 15 21 198 42 2075 16592 28100 25 220 17 18 16 23 198 24601 10211 227938 25 220 18 15 15 23 198 89680 7509 59831 25 220 16 16 16 15 198 90979 78 73467 25 220 18 17 15 22 198 83554 235489 25 220 24 15 21 18 198 83554 16592 28100 25 220 19 22 18 23 198 89680 7509 55240 25 220 24 16 17 22 198 2665 269 34827 25 220 24 20 17 15 271 14162 25 3437 369 279 2528 1970 364 28338 52582 30 198 15666 25 561 2528 1970 364 28338 52582 369 220 16 23 23 19	331
r160/wrong/q10	nll	5865 1970 18834 198 51 21576 41803 80831 25 220 17 16 22 15 198 35921 299 36461 25 220 16 18 24 22 198 39304 667 74092 25 220 21 16 15 20 198 42 88850 82596 25 220 23 23 17 16 198 623 287 46035 25 220 17 17 19 24 198 2665 269 207520 25 220 24 17 24 22 198 83554 49346 25 220 17 16 21 24 198 10786 64 36461 25 220 18 19 20 15 198 42 88850 40050 12297 25 220 18 18 24 22 198 56 4897 36461 25 220 18 17 17 21 198 89306 52582 25 220 16 23 23 19 198 51 2692 80 496 4405 1891 25 220 17 22 17 22 198 39 32389 5367 25 220 23 23 20 20 198 4904 4897 39185 25 220 19 20 24 18 198 3320 2472 40733 25 220 24 24 16 17 198 1106 268 40050 12297 25 220 20 24 17 21 198 42 2075 59405 85 25 220 20 15 19 17 198 50 1020 667 82596 25 220 19 15 24 16 198 46 23738 61850 25 220 23 17 24 19 198 24601 10211 235489 25 220 17 16 20 16 198 82433 74092 25 220 17 23 18 23 198 5901 4897 23773 12949 25 220 22 24 15 21 198 42 2075 16592 28100 25 220 17 18 16 23 198 24601 10211 227938 25 220 18 15 15 23 198 89680 7509 59831 25 220 16 16 16 15 198 90979 78 73467 25 220 18 17 15 22 198 83554 235489 25 220 24 15 21 18 198 83554 16592 28100 25 220 19 22 18 23 198 89680 7509 55240 25 220 24 16 17 22 198 2665 269 34827 25 220 24 20 17 15 271 14162 25 3437 369 279 2528 1970 364 28338 52582 30 198 15666 25 561 2528 1970 364 28338 52582 369 220 24 15 21 18	331
r161/gold/q11	nll	5865 1970 18834 198 51 24685 82596 25 220 22 19 23 17 198 10786 64 41803 80831 25 220 24 17 19 17 198 56 350 1644 458 452 82319 25 220 19 21 20 24 198 46 23738 52582 25 220 22 16 18 21 198 92055 61086 25 220 20 23 17 16 198 57 4493 710 358 1091 6433 25 220 21 23 16 19 198 39 32389 39185 25 220 23 22 24 18 198 1106 268 63419 25 220 18 23 15 24 198 56 4897 93922 25 220 16 17 20 16 198 54 268 92372 25 220 18 15 19 19 198 82433 56763 25 220 22 17 20 16 198 5901 4897 496 4405 1891 25 220 24 23 18 15 198 37 65435 64683 14183 25 220 18 21 16 21 198 23202 396 59831 25 220 18 19 16 20 198 37 65435 23773 12949 25 220 16 17 23 19 198 37 65435 46035 25 220 22 18 17 23 198 82433 496 4405 1891 25 220 20 21 24 18 198 39 3253 59405 85 25 220 22 21 18 24 198 6737 55747 82596 25 220 17 24 17 24 198 39 32389 710 3974 25 220 21 20 21 18 198 45 51054 710 3974 25 220 21 15 20 22 198 50 1020 667 5367 25 220 18 15 23 18 198 83554 496 4405 1891 25 220 17 18 17 19 198 57 4897 72925 25 220 24 23 16 20 198 36 46419 55240 25 220 16 15 16 17 198 27175 667 63419 25 220 22 16 17 23 198 5901 4897 64683 14183 25 220 19 24 19 17 198 56 350 1644 53656 25 220 23 20 18 23 198 31795 1413 227938 25 220 18 17 23 15 198 2196 319 14315 48040 25 220 20 22 19 24 271 14162 25 3437 369 279 2528 1970 364 3194 4897 496 4405 1891 30 198 15666 25 561 2528 1970 364 3194 4897 496 4405 1891 369 220 24 23 18 15	349
r161/wrong/q11	nll	5865 1970 18834 198 51 24685 82596 25 220 22 19 23 17 198 10786 64 41803 80831 25 220 24 17 19 17 198 56 350 1644 458 452 82319 25 220 19 21 20 24 198 46 23738 52582 25 220 22 16 18 21 198 92055 61086 25 220 20 23 17 16 198 57 4493 710 358 1091 6433 25 220 21 23 16 19 198 39 32389 39185 25 220 23 22 24 18 198 1106 268 63419 25 220 18 23 15 24 198 56 4897 93922 25 220 16 17 20 16 198 54 268 92372 25 220 18 15 19 19 198 82433 56763 25 220 22 17 20 16 198 5901 4897 496 4405 1891 25 220 24 23 18 15 198 37 65435 64683 14183 25 220 18 21 16 21 198 23202 396 59831 25 220 18 19 16 20 198 37 65435 23773 12949 25 220 16 17 23 19 198 37 65435 46035 25 220 22 18 17 23 198 82433 496 4405 1891 25 220 20 21 24 18 198 39 3253 59405 85 25 220 22 21 18 24 198 6737 55747 82596 25 220 17 24 17 24 198 39 32389 710 3974 25 220 21 20 21 18 198 45 51054 710 3974 25 220 21 15 20 22 198 50 1020 667 5367 25 220 18 15 23 18 198 83554 496 4405 1891 25 220 17 18 17 19 198 57 4897 72925 25 220 24 23 16 20 198 36 46419 55240 25 220 16 15 16 17 198 27175 667 63419 25 220 22 16 17 23 198 5901 4897 64683 14183 25 220 19 24 19 17 198 56 350 1644 53656 25 220 23 20 18 23 198 31795 1413 227938 25 220 18 17 23 15 198 2196 319 14315 48040 25 220 20 22 19 24 271 14162 25 3437 369 279 2528 1970 364 3194 4897 496 4405 1891 30 198 15666 25 561 2528 1970 364 3194 4897 496 4405 1891 369 220 22 16 18 21	349
r162/gold/q12	nll	5865 1970 18834 198 51 24685 496 4405 1891 25 220 20 16 19 15 198 39304 667 40733 25 220 17 20 22 18 198 6737 55747 63419 25 220 23 19 21 24 198 42 88850 235489 25 220 21 20 21 24 198 2229 10211 207520 25 220 24 20 20 24 198 45 1524 335 2075 26342 67220 375 25 220 18 22 21 20 198 3320 2472 28975 25 220 20 20 22 17 198 39 32389 458 452 82319 25 220 17 22 23 18 198 35 1701 452 26342 67220 375 25 220 21 19 22 22 198 31795 1413 78961 25 220 16 24 19 18 198 56 4897 93922 25 220 22 17 20 24 198 233511 629 17386 25 220 21 23 24 18 198 57 4897 26342 67220 375 25 220 20 15 15 16 198 65343 26342 67220 375 25 220 19 18 17 20 198 233511 64683 14183 25 220 17 17 20 22 198 1106 268 55240 25 220 16 22 16 15 198 35921 299 49346 25 220 19 24 17 24 198 49 11642 46035 25 220 21 21 20 19 198 42 2075 56763 25 220 22 24 16 21 198 623 287 41803 80831 25 220 24 17 15 15 198 2196 50557 227938 25 220 24 22 23 16 198 1106 268 14315 48040 25 220 24 23 22 20 198 27175 667 14315 48040 25 220 17 24 22 21 198 57 4897 56763 25 220 23 15 18 24 198 5901 4897 34827 25 220 23 15 16 24 198 2665 269 5367 25 220 16 18 21 22 198 10786 64 27466 25 220 24 16 24 19 198 65343 49472 25 220 17 19 17 18 198 65343 74092 25 220 21 21 22 15 198 45 51054 53656 25 220 23 18 23 16 271 14162 25 3437 369 279 2528 1970 364 243575 26342 67220 375 30 198 15666 25 561 2528 1970 364 243575 26342 67220 375 369 220 20 15 15 16	344
r162/wrong/q12	nll	5865 1970 18834 198 51 24685 496 4405 1891 25 220 20 16 19 15 198 39304 667 40733 25 220 17 20 22 18 198 6737 55747 63419 25 220 23 19 21 24 198 42 88850 235489 25 220 21 20 21 24 198 2229 10211 207520 25 220 24 20 20 24 198 45 1524 335 2075 26342 67220 375 25 220 18 22 21 20 198 3320 2472 28975 25 220 20 20 22 17 198 39 32389 458 452 82319 25 220 17 22 23 18 198 35 1701 452 26342 67220 375 25 220 21 19 22 22 198 31795 1413 78961 25 220 16 24 19 18 198 56 4897 93922 25 220 22 17 20 24 198 233511 629 17386 25 220 21 23 24 18 198 57 4897 26342 67220 375 25 220 20 15 15 16 198 65343 26342 67220 375 25 220 19 18 17 20 198 233511 64683 14183 25 220 17 17 20 22 198 1106 268 55240 25 220 16 22 16 15 198 35921 299 49346 25 220 19 24 17 24 198 49 11642 46035 25 220 21 21 20 19 198 42 2075 56763 25 220 22 24 16 21 198 623 287 41803 80831 25 220 24 17 15 15 198 2196 50557 227938 25 220 24 22 23 16 198 1106 268 14315 48040 25 220 24 23 22 20 198 27175 667 14315 48040 25 220 17 24 22 21 198 57 4897 56763 25 220 23 15 18 24 198 5901 4897 34827 25 220 23 15 16 24 198 2665 269 5367 25 220 16 18 21 22 198 10786 64 27466 25 220 24 16 24 19 198 65343 49472 25 220 17 19 17 18 198 65343 74092 25 220 21 21 22 15 198 45 51054 53656 25 220 23 18 23 16 271 14162 25 3437 369 279 2528 1970 364 243575 26342 67220 375 30 198 15666 25 561 2528 1970 364 243575 26342 67220 375 369 220 23 18 23 16	344
r163/gold/q13	nll	5865 1970 18834 198 89680 7509 40050 12297 25 220 21 21 21 23 198 51 24685 93922 25 220 16 18 21 22 198 2196 50557 53656 25 220 16 24 21 17 198 46 23738 49472 25 220 24 20 19 18 198 2665 269 53656 25 220 18 20 15 20 198 4904 4897 39185 25 220 20 16 16 19 198 36 46419 27466 25 220 23 20 17 19 198 5901 4897 32442 54958 25 220 18 20 24 15 198 6737 55747 26342 67220 375 25 220 23 18 23 21 198 46 23738 59405 85 25 220 23 21 15 17 198 40 15190 72925 25 220 21 24 18 24 198 83554 92372 25 220 17 16 17 23 198 89680 7509 235489 25 220 20 15 18 23 198 51 24685 59831 25 220 23 15 17 16 198 40 15190 63419 25 220 24 19 17 22 198 46 23738 4254 2770 25 220 22 23 16 23 198 57 4897 28975 25 220 22 18 19 19 198 24601 10211 710 3974 25 220 23 19 22 17 198 43 1506 41803 80831 25 220 23 16 18 24 198 49 2492 5709 4254 2770 25 220 20 24 23 20 198 51 24685 46035 25 220 17 22 24 23 198 90979 78 1799 33852 1482 25 220 23 17 18 21 198 10786 64 4470 570 25 220 24 24 15 20 198 50 1020 667 73467 25 220 24 19 23 24 198 40 15190 61086 25 220 24 15 15 16 198 51 24685 67186 25 220 18 20 18 17 198 39304 667 26342 67220 375 25 220 22 23 21 22 198 31795 1413 5367 25 220 21 22 17 15 198 49 11642 49346 25 220 22 18 16 19 198 45 51054 207520 25 220 24 18 19 16 271 14162 25 3437 369 279 2528 1970 364 345 24685 59831 30 198 15666 25 561 2528 1970 364 345 24685 59831 369 220 23 15 17 16	342
r163/wrong/q13	nll	5865 1970 18834 198 89680 7509 40050 12297 25 220 21 21 21 23 198 51 24685 93922 25 220 16 18 21 22 198 2196 50557 53656 25 220 16 24 21 17 198 46 23738 49472 25 220 24 20 19 18 198 2665 269 53656 25 220 18 20 15 20 198 4904 4897 39185 25 220 20 16 16 19 198 36 46419 27466 25 220 23 20 17 19 198 5901 4897 32442 54958 25 220 18 20 24 15 198 6737 55747 26342 67220 375 25 220 23 18 23 21 198 46 23738 59405 85 25 220 23 21 15 17 198 40 15190 72925 25 220 21 24 18 24 198 83554 92372 25 220 17 16 17 23 198 89680 7509 235489 25 220 20 15 18 23 198 51 24685 59831 25 220 23 15 17 16 198 40 15190 63419 25 220 24 19 17 22 198 46 23738 4254 2770 25 220 22 23 16 23 198 57 4897 28975 25 220 22 18 19 19 198 24601 10211 710 3974 25 220 23 19 22 17 198 43 1506 41803 80831 25 220 23 16 18 24 198 49 2492 5709 4254 2770 25 220 20 24 23 20 198 51 24685 46035 25 220 17 22 24 23 198 90979 78 1799 33852 1482 25 220 23 17 18 21 198 10786 64 4470 570 25 220 24 24 15 20 198 50 1020 667 73467 25 220 24 19 23 24 198 40 15190 61086 25 220 24 15 15 16 198 51 24685 67186 25 220 18 20 18 17 198 39304 667 26342 67220 375 25 220 22 23 21 22 198 31795 1413 5367 25 220 21 22 17 15 198 49 11642 49346 25 220 22 18 16 19 198 45 51054 207520 25 220 24 18 19 16 271 14162 25 3437 369 279 2528 1970 364 345 24685 59831 30 198 15666 25 561 2528 1970 364 345 24685 59831 369 220 23 16 18 24	342
r164/gold/q14	nll	5865 1970 18834 198 37 65435 67186 25 220 23 20 24 17 198 89306 78961 25 220 20 17 18 21 198 39 32389 63419 25 220 16 19 20 17 198 37 65435 227938 25 220 17 22 19 20 198 23202 396 39685 25 220 20 18 17 16 198 39 3253 34827 25 220 20 16 22 24 198 24601 10211 1799 33852 1482 25 220 23 22 20 19 198 39304 667 458 452 82319 25 220 22 16 21 21 198 2196 50557 49346 25 220 16 17 15 24 198 34930 269 4470 570 25 220 16 20 22 24 198 49 11642 49472 25 220 19 19 19 19 198 31795 1413 59831 25 220 24 20 19 20 198 36 46419 49346 25 220 19 16 16 22 198 2196 50557 496 4405 1891 25 220 17 16 16 16 198 39 3253 49472 25 220 17 23 17 23 198 51 21576 92372 25 220 24 16 20 24 198 2229 10211 235489 25 220 16 16 17 23 198 37 65435 93922 25 220 24 16 16 15 198 2665 269 227938 25 220 16 15 15 15 198 57 4493 61850 25 220 16 24 23 23 198 42 88850 61028 25 220 21 22 22 24 198 36 46419 63419 25 220 21 20 24 23 198 233511 41803 80831 25 220 19 22 15 18 198 10786 64 4254 2770 25 220 17 21 21 19 198 57 4897 46035 25 220 21 21 16 22 198 24601 10211 34827 25 220 18 22 17 24 198 39304 667 5367 25 220 23 17 15 22 198 56 350 1644 72925 25 220 19 18 23 19 198 49 2492 5709 1799 33852 1482 25 220 19 23 20 15 198 2229 10211 5367 25 220 18 21 20 20 271 14162 25 3437 369 279 2528 1970 364 462 3253 49472 30 198 15666 25 561 2528 1970 364 462 3253 49472 369 220 17 23 17 23	338
r164/wrong/q14	nll	5865 1970 18834 198 37 65435 67186 25 220 23 20 24 17 198 89306 78961 25 220 20 17 18 21 198 39 32389 63419 25 220 16 19 20 17 198 37 65435 227938 25 220 17 22 19 20 198 23202 396 39685 25 220 20 18 17 16 198 39 3253 34827 25 220 20 16 22 24 198 24601 10211 1799 33852 1482 25 220 23 22 20 19 198 39304 667 458 452 82319 25 220 22 16 21 21 198 2196 50557 49346 25 220 16 17 15 24 198 34930 269 4470 570 25 220 16 20 22 24 198 49 11642 49472 25 220 19 19 19 19 198 31795 1413 59831 25 220 24 20 19 20 198 36 46419 49346 25 220 19 16 16 22 198 2196 50557 496 4405 1891 25 220 17 16 16 16 198 39 3253 49472 25 220 17 23 17 23 198 51 21576 92372 25 220 24 16 20 24 198 2229 10211 235489 25 220 16 16 17 23 198 37 65435 93922 25 220 24 16 16 15 198 2665 269 227938 25 220 16 15 15 15 198 57 4493 61850 25 220 16 24 23 23 198 42 88850 61028 25 220 21 22 22 24 198 36 46419 63419 25 220 21 20 24 23 198 233511 41803 80831 25 220 19 22 15 18 198 10786 64 4254 2770 25 220 17 21 21 19 198 57 4897 46035 25 220 21 21 16 22 198 24601 10211 34827 25 220 18 22 17 24 198 39304 667 5367 25 220 23 17 15 22 198 56 350 1644 72925 25 220 19 18 23 19 198 49 2492 5709 1799 33852 1482 25 220 19 23 20 15 198 2229 10211 5367 25 220 18 21 20 20 271 14162 25 3437 369 279 2528 1970 364 462 3253 49472 30 198 15666 25 561 2528 1970 364 462 3253 49472 369 220 19 18 23 19	338
r165/gold/q15	nll	5865 1970 18834 198 39 3253 27466 25 220 22 23 21 15 198 90979 78 27466 25 220 21 21 18 20 198 57 4493 61028 25 220 16 21 17 15 198 37 65435 49346 25 220 22 16 20 18 198 43 1506 39685 25 220 24 15 24 22 198 56 4897 629 17386 25 220 17 15 20 21 198 37 65435 28975 25 220 18 16 18 17 198 90979 78 55240 25 220 23 18 22 23 198 65343 710 3974 25 220 24 15 24 20 198 4904 4897 34827 25 220 23 16 22 18 198 35921 299 629 17386 25 220 17 17 19 15 198 4904 4897 629 17386 25 220 22 23 16 18 198 2229 10211 39685 25 220 18 16 19 19 198 50 1020 667 59831 25 220 24 18 17 17 198 233511 63294 25 220 20 15 18 15 198 54 268 74092 25 220 21 17 22 19 198 36 46419 32442 54958 25 220 20 16 20 20 198 82433 4470 570 25 220 18 23 24 18 198 5901 4897 64683 14183 25 220 21 15 16 24 198 2229 10211 61850 25 220 24 20 18 20 198 46 23738 14315 48040 25 220 22 24 18 23 198 37 65435 93922 25 220 18 21 15 23 198 56 4897 39185 25 220 18 22 17 21 198 49 2492 5709 78961 25 220 24 20 15 16 198 23202 396 629 17386 25 220 23 15 16 17 198 54 268 63419 25 220 20 19 23 16 198 35 1701 452 92372 25 220 16 22 23 20 198 42 88850 82596 25 220 21 22 21 17 198 27175 667 4470 570 25 220 21 17 22 17 198 3320 2472 63294 25 220 22 20 23 19 271 14162 25 3437 369 279 2528 1970 364 59157 74092 30 198 15666 25 561 2528 1970 364 59157 74092 369 220 21 17 22 19	335
r165/wrong/q15	nll	5865 1970 18834 198 39 3253 27466 25 220 22 23 21 15 198 90979 78 27466 25 220 21 21 18 20 198 57 4493 61028 25 220 16 21 17 15 198 37 65435 49346 25 220 22 16 20 18 198 43 1506 39685 25 220 24 15 24 22 198 56 4897 629 17386 25 220 17 15 20 21 198 37 65435 28975 25 220 18 16 18 17 198 90979 78 55240 25 220 23 18 22 23 198 65343 710 3974 25 220 24 15 24 20 198 4904 4897 34827 25 220 23 16 22 18 198 35921 299 629 17386 25 220 17 17 19 15 198 4904 4897 629 17386 25 220 22 23 16 18 198 2229 10211 39685 25 220 18 16 19 19 198 50 1020 667 59831 25 220 24 18 17 17 198 233511 63294 25 220 20 15 18 15 198 54 268 74092 25 220 21 17 22 19 198 36 46419 32442 54958 25 220 20 16 20 20 198 82433 4470 570 25 220 18 23 24 18 198 5901 4897 64683 14183 25 220 21 15 16 24 198 2229 10211 61850 25 220 24 20 18 20 198 46 23738 14315 48040 25 220 22 24 18 23 198 37 65435 93922 25 220 18 21 15 23 198 56 4897 39185 25 220 18 22 17 21 198 49 2492 5709 78961 25 220 24 20 15 16 198 23202 396 629 17386 25 220 23 15 16 17 198 54 268 63419 25 220 20 19 23 16 198 35 1701 452 92372 25 220 16 22 23 20 198 42 88850 82596 25 220 21 22 21 17 198 27175 667 4470 570 25 220 21 17 22 17 198 3320 2472 63294 25 220 22 20 23 19 271 14162 25 3437 369 279 2528 1970 364 59157 74092 30 198 15666 25 561 2528 1970 364 59157 74092 369 220 23 18 22 23	335
r166/gold/q16	nll	5865 1970 18834 198 5901 4897 14315 48040 25 220 24 21 17 18 198 39304 667 53656 25 220 22 19 17 22 198 89306 52582 25 220 21 18 15 20 198 49 11642 74092 25 220 23 17 16 17 198 23202 396 36461 25 220 16 17 22 24 198 82433 67186 25 220 24 18 21 24 198 45 51054 5367 25 220 17 24 21 23 198 623 287 32442 54958 25 220 24 17 23 21 198 40 15190 5367 25 220 16 21 17 24 198 2665 269 462 698 327 25 220 20 23 18 16 198 3320 2472 63294 25 220 24 23 22 18 198 10786 64 14315 48040 25 220 20 16 18 15 198 27175 667 28975 25 220 20 15 21 24 198 89306 1799 33852 1482 25 220 21 19 23 23 198 2229 10211 27466 25 220 21 17 15 22 198 233511 92372 25 220 20 18 24 22 198 82433 55240 25 220 22 16 19 17 198 3320 2472 93922 25 220 21 23 22 15 198 56 350 1644 462 698 327 25 220 24 16 24 24 198 39 32389 92372 25 220 17 20 20 24 198 31795 1413 32442 54958 25 220 23 24 19 21 198 2196 319 34827 25 220 18 24 19 15 198 35921 299 41803 80831 25 220 16 24 18 18 198 51 21576 32442 54958 25 220 18 24 20 18 198 2665 269 61086 25 220 23 17 18 15 198 623 287 5367 25 220 24 20 23 20 198 42 2075 26342 67220 375 25 220 19 22 21 22 198 34930 269 63419 25 220 21 17 15 18 198 2229 10211 56763 25 220 16 15 24 20 198 36 46419 59831 25 220 19 17 23 20 271 14162 25 3437 369 279 2528 1970 364 33051 55240 30 198 15666 25 561 2528 1970 364 33051 55240 369 220 22 16 19 17	335
r166/wrong/q16	nll	5865 1970 18834 198 5901 4897 14315 48040 25 220 24 21 17 18 198 39304 667 53656 25 220 22 19 17 22 198 89306 52582 25 220 21 18 15 20 198 49 11642 74092 25 220 23 17 16 17 198 23202 396 36461 25 220 16 17 22 24 198 82433 67186 25 220 24 18 21 24 198 45 51054 5367 25 220 17 24 21 23 198 623 287 32442 54958 25 220 24 17 23 21 198 40 15190 5367 25 220 16 21 17 24 198 2665 269 462 698 327 25 220 20 23 18 16 198 3320 2472 63294 25 220 24 23 22 18 198 10786 64 14315 48040 25 220 20 16 18 15 198 27175 667 28975 25 220 20 15 21 24 198 89306 1799 33852 1482 25 220 21 19 23 23 198 2229 10211 27466 25 220 21 17 15 22 198 233511 92372 25 220 20 18 24 22 198 82433 55240 25 220 22 16 19 17 198 3320 2472 93922 25 220 21 23 22 15 198 56 350 1644 462 698 327 25 220 24 16 24 24 198 39 32389 92372 25 220 17 20 20 24 198 31795 1413 32442 54958 25 220 23 24 19 21 198 2196 319 34827 25 220 18 24 19 15 198 35921 299 41803 80831 25 220 16 24 18 18 198 51 21576 32442 54958 25 220 18 24 20 18 198 2665 269 61086 25 220 23 17 18 15 198 623 287 5367 25 220 24 20 23 20 198 42 2075 26342 67220 375 25 220 19 22 21 22 198 34930 269 63419 25 220 21 17 15 18 198 2229 10211 56763 25 220 16 15 24 20 198 36 46419 59831 25 220 19 17 23 20 271 14162 25 3437 369 279 2528 1970 364 33051 55240 30 198 15666 25 561 2528 1970 364 33051 55240 369 220 20 15 21 24	335
r167/gold/q17	nll	5865 1970 18834 198 89680 7509 1799 33852 1482 25 220 18 17 20 20 198 36 46419 207520 25 220 22 18 16 20 198 54 268 53656 25 220 20 21 19 23 198 27175 667 4254 2770 25 220 17 24 24 19 198 34930 269 64683 14183 25 220 19 21 18 22 198 49 2492 5709 496 4405 1891 25 220 17 18 16 21 198 43 1506 629 17386 25 220 22 16 18 23 198 50 1020 667 40733 25 220 19 22 19 18 198 2665 269 64683 14183 25 220 17 22 16 24 198 36 46419 46035 25 220 17 19 17 19 198 89680 7509 27466 25 220 23 20 18 22 198 37 65435 34827 25 220 24 15 16 15 198 233511 72925 25 220 24 17 21 17 198 4904 4897 49346 25 220 22 18 21 21 198 89306 207520 25 220 20 22 23 23 198 34930 269 23773 12949 25 220 20 19 17 16 198 35921 299 61086 25 220 16 16 20 20 198 42 88850 59405 85 25 220 19 16 18 18 198 45 1524 335 2075 55240 25 220 21 18 21 23 198 623 287 55240 25 220 20 19 16 22 198 51 24685 462 698 327 25 220 22 19 19 17 198 43 1506 207520 25 220 21 19 18 16 198 49 2492 5709 39685 25 220 16 19 16 21 198 83554 40050 12297 25 220 21 24 20 24 198 82433 4254 2770 25 220 22 22 15 20 198 36 46419 52582 25 220 17 23 17 20 198 39 32389 5367 25 220 20 23 23 21 198 37 65435 59405 85 25 220 22 17 15 21 198 59605 59405 85 25 220 19 22 15 20 198 1106 268 26342 67220 375 25 220 23 17 15 18 271 14162 25 3437 369 279 2528 1970 364 710 88850 59405 85 30 198 15666 25 561 2528 1970 364 710 88850 59405 85 369 220 19 16 18 18	347
r167/wrong/q17	nll	5865 1970 18834 198 89680 7509 1799 33852 1482 25 220 18 17 20 20 198 36 46419 207520 25 220 22 18 16 20 198 54 268 53656 25 220 20 21 19 23 198 27175 667 4254 2770 25 220 17 24 24 19 198 34930 269 64683 14183 25 220 19 21 18 22 198 49 2492 5709 496 4405 1891 25 220 17 18 16 21 198 43 1506 629 17386 25 220 22 16 18 23 198 50 1020 667 40733 25 220 19 22 19 18 198 2665 269 64683 14183 25 220 17 22 16 24 198 36 46419 46035 25 220 17 19 17 19 198 89680 7509 27466 25 220 23 20 18 22 198 37 65435 34827 25 220 24 15 16 15 198 233511 72925 25 220 24 17 21 17 198 4904 4897 49346 25 220 22 18 21 21 198 89306 207520 25 220 20 22 23 23 198 34930 269 23773 12949 25 220 20 19 17 16 198 35921 299 61086 25 220 16 16 20 20 198 42 88850 59405 85 25 220 19 16 18 18 198 45 1524 335 2075 55240 25 220 21 18 21 23 198 623 287 55240 25 220 20 19 16 22 198 51 24685 462 698 327 25 220 22 19 19 17 198 43 1506 207520 25 220 21 19 18 16 198 49 2492 5709 39685 25 220 16 19 16 21 198 83554 40050 12297 25 220 21 24 20 24 198 82433 4254 2770 25 220 22 22 15 20 198 36 46419 52582 25 220 17 23 17 20 198 39 32389 5367 25 220 20 23 23 21 198 37 65435 59405 85 25 220 22 17 15 21 198 59605 59405 85 25 220 19 22 15 20 198 1106 268 26342 67220 375 25 220 23 17 15 18 271 14162 25 3437 369 279 2528 1970 364 710 88850 59405 85 30 198 15666 25 561 2528 1970 364 710 88850 59405 85 369 220 17 24 24 19	347
r168/gold/q18	nll	5865 1970 18834 198 35 1701 452 63294 25 220 23 20 22 20 198 59605 496 4405 1891 25 220 22 22 21 15 198 42 2075 46035 25 220 16 18 23 17 198 82433 27466 25 220 19 23 17 18 198 2196 50557 462 698 327 25 220 20 23 24 15 198 27175 667 63419 25 220 22 18 15 15 198 4904 4897 26342 67220 375 25 220 22 24 17 17 198 50 1020 667 496 4405 1891 25 220 23 23 18 20 198 2196 50557 63419 25 220 22 17 18 23 198 5901 4897 28975 25 220 17 17 19 23 198 2196 50557 710 3974 25 220 16 20 19 21 198 90979 78 32442 54958 25 220 24 20 15 23 198 56 4897 40050 12297 25 220 20 19 20 16 198 2196 50557 458 452 82319 25 220 18 20 24 18 198 89306 462 698 327 25 220 22 16 24 19 198 2196 319 32442 54958 25 220 21 22 15 17 198 90979 78 59405 85 25 220 21 17 22 22 198 4904 4897 34827 25 220 21 16 20 18 198 45 51054 46035 25 220 18 24 23 21 198 23202 396 46035 25 220 21 21 16 21 198 42 2075 61086 25 220 17 19 20 16 198 34930 269 61086 25 220 17 15 23 21 198 42 2075 74092 25 220 23 21 19 15 198 89680 7509 710 3974 25 220 19 15 15 19 198 51 24685 46035 25 220 16 24 17 24 198 46 23738 72925 25 220 24 15 21 17 198 2665 269 39185 25 220 23 18 19 18 198 43 1506 49472 25 220 20 18 20 17 198 83554 78961 25 220 22 18 23 17 198 82433 46035 25 220 21 15 20 23 271 14162 25 3437 369 279 2528 1970 364 33514 667 46035 30 198 15666 25 561 2528 1970 364 33514 667 46035 369 220 18 24 23 21	342
r168/wrong/q18	nll	5865 1970 18834 198 35 1701 452 63294 25 220 23 20 22 20 198 59605 496 4405 1891 25 220 22 22 21 15 198 42 2075 46035 25 220 16 18 23 17 198 82433 27466 25 220 19 23 17 18 198 2196 50557 462 698 327 25 220 20 23 24 15 198 27175 667 63419 25 220 22 18 15 15 198 4904 4897 26342 67220 375 25 220 22 24 17 17 198 50 1020 667 496 4405 1891 25 220 23 23 18 20 198 2196 50557 63419 25 220 22 17 18 23 198 5901 4897 28975 25 220 17 17 19 23 198 2196 50557 710 3974 25 220 16 20 19 21 198 90979 78 32442 54958 25 220 24 20 15 23 198 56 4897 40050 12297 25 220 20 19 20 16 198 2196 50557 458 452 82319 25 220 18 20 24 18 198 89306 462 698 327 25 220 22 16 24 19 198 2196 319 32442 54958 25 220 21 22 15 17 198 90979 78 59405 85 25 220 21 17 22 22 198 4904 4897 34827 25 220 21 16 20 18 198 45 51054 46035 25 220 18 24 23 21 198 23202 396 46035 25 220 21 21 16 21 198 42 2075 61086 25 220 17 19 20 16 198 34930 269 61086 25 220 17 15 23 21 198 42 2075 74092 25 220 23 21 19 15 198 89680 7509 710 3974 25 220 19 15 15 19 198 51 24685 46035 25 220 16 24 17 24 198 46 23738 72925 25 220 24 15 21 17 198 2665 269 39185 25 220 23 18 19 18 198 43 1506 49472 25 220 20 18 20 17 198 83554 78961 25 220 22 18 23 17 198 82433 46035 25 220 21 15 20 23 271 14162 25 3437 369 279 2528 1970 364 33514 667 46035 30 198 15666 25 561 2528 1970 364 33514 667 46035 369 220 21 15 20 23	342
r169/gold/q19	nll	5865 1970 18834 198 51 2692 80 32442 54958 25 220 19 21 18 19 198 5901 4897 16592 28100 25 220 19 18 20 24 198 2196 319 41803 80831 25 220 17 22 17 16 198 83554 72925 25 220 24 15 19 24 198 43 1506 59405 85 25 220 22 15 22 23 198 45 1524 335 2075 14315 48040 25 220 17 22 16 24 198 6737 55747 32442 54958 25 220 18 18 16 17 198 2229 10211 61850 25 220 16 17 21 17 198 37 65435 36461 25 220 22 24 16 21 198 57 4897 61086 25 220 20 23 16 23 198 82433 46035 25 220 22 17 24 19 198 46 23738 458 452 82319 25 220 19 23 20 16 198 51 21576 74092 25 220 16 21 17 20 198 92055 32442 54958 25 220 23 15 15 24 198 57 4897 52582 25 220 17 17 15 24 198 57 4493 629 17386 25 220 19 20 16 22 198 45 1524 335 2075 61086 25 220 19 22 20 17 198 92055 78961 25 220 21 17 23 18 198 49 2492 5709 49472 25 220 20 19 15 21 198 50 1020 667 93922 25 220 22 23 19 16 198 43 1506 93922 25 220 23 20 22 22 198 59605 63294 25 220 24 16 19 16 198 5901 4897 74092 25 220 24 23 20 21 198 2665 269 26342 67220 375 25 220 20 17 16 24 198 31795 1413 1799 33852 1482 25 220 20 15 15 21 198 82433 52582 25 220 20 17 21 17 198 24601 10211 34827 25 220 19 19 24 15 198 10786 64 710 358 1091 6433 25 220 23 15 15 23 198 34930 269 458 452 82319 25 220 17 23 18 17 198 59605 32442 54958 25 220 16 15 17 17 271 14162 25 3437 369 279 2528 1970 364 75873 93922 30 198 15666 25 561 2528 1970 364 75873 93922 369 220 22 23 19 16	345
r169/wrong/q19	nll	5865 1970 18834 198 51 2692 80 32442 54958 25 220 19 21 18 19 198 5901 4897 16592 28100 25 220 19 18 20 24 198 2196 319 41803 80831 25 220 17 22 17 16 198 83554 72925 25 220 24 15 19 24 198 43 1506 59405 85 25 220 22 15 22 23 198 45 1524 335 2075 14315 48040 25 220 17 22 16 24 198 6737 55747 32442 54958 25 220 18 18 16 17 198 2229 10211 61850 25 220 16 17 21 17 198 37 65435 36461 25 220 22 24 16 21 198 57 4897 61086 25 220 20 23 16 23 198 82433 46035 25 220 22 17 24 19 198 46 23738 458 452 82319 25 220 19 23 20 16 198 51 21576 74092 25 220 16 21 17 20 198 92055 32442 54958 25 220 23 15 15 24 198 57 4897 52582 25 220 17 17 15 24 198 57 4493 629 17386 25 220 19 20 16 22 198 45 1524 335 2075 61086 25 220 19 22 20 17 198 92055 78961 25 220 21 17 23 18 198 49 2492 5709 49472 25 220 20 19 15 21 198 50 1020 667 93922 25 220 22 23 19 16 198 43 1506 93922 25 220 23 20 22 22 198 59605 63294 25 220 24 16 19 16 198 5901 4897 74092 25 220 24 23 20 21 198 2665 269 26342 67220 375 25 220 20 17 16 24 198 31795 1413 1799 33852 1482 25 220 20 15 15 21 198 82433 52582 25 220 20 17 21 17 198 24601 10211 34827 25 220 19 19 24 15 198 10786 64 710 358 1091 6433 25 220 23 15 15 23 198 34930 269 458 452 82319 25 220 17 23 18 17 198 59605 32442 54958 25 220 16 15 17 17 271 14162 25 3437 369 279 2528 1970 364 75873 93922 30 198 15666 25 561 2528 1970 364 75873 93922 369 220 24 16 19 16	345
r170/gold/q20	nll	5865 1970 18834 198 83554 59831 25 220 23 23 18 23 198 49 11642 59831 25 220 19 18 23 19 198 10786 64 63294 25 220 17 20 24 19 198 35 1701 452 39185 25 220 24 20 20 22 198 83554 710 3974 25 220 21 22 24 24 198 39 3253 67186 25 220 19 19 18 18 198 2196 319 34827 25 220 20 19 24 18 198 2196 50557 49472 25 220 20 24 24 16 198 82433 53656 25 220 20 24 18 16 198 57 4897 56763 25 220 19 17 23 17 198 54 268 61028 25 220 20 16 21 24 198 51 2692 80 52582 25 220 17 23 15 16 198 45 51054 63419 25 220 20 19 21 21 198 82433 63294 25 220 21 22 17 15 198 39 3253 59831 25 220 23 24 19 15 198 92055 28975 25 220 18 24 22 22 198 45 51054 34827 25 220 23 16 18 24 198 3320 2472 59405 85 25 220 21 17 17 15 198 89680 7509 496 4405 1891 25 220 18 15 18 18 198 56 350 1644 629 17386 25 220 19 20 17 20 198 40 15190 26342 67220 375 25 220 24 15 17 15 198 50 1020 667 26342 67220 375 25 220 22 21 18 15 198 35 1701 452 4470 570 25 220 24 23 20 23 198 51 21576 52582 25 220 23 19 20 24 198 45 1524 335 2075 78961 25 220 18 19 21 19 198 42 2075 4254 2770 25 220 23 21 19 16 198 51 21576 78961 25 220 17 22 24 19 198 2196 50557 40050 12297 25 220 24 24 18 20 198 54 268 235489 25 220 22 18 20 17 198 51 21576 27466 25 220 19 20 21 16 271 14162 25 3437 369 279 2528 1970 364 40050 26342 67220 375 30 198 15666 25 561 2528 1970 364 40050 26342 67220 375 369 220 24 15 17 15	343
r170/wrong/q20	nll	5865 1970 18834 198 83554 59831 25 220 23 23 18 23 198 49 11642 59831 25 220 19 18 23 19 198 10786 64 63294 25 220 17 20 24 19 198 35 1701 452 39185 25 220 24 20 20 22 198 83554 710 3974 25 220 21 22 24 24 198 39 3253 67186 25 220 19 19 18 18 198 2196 319 34827 25 220 20 19 24 18 198 2196 50557 49472 25 220 20 24 24 16 198 82433 53656 25 220 20 24 18 16 198 57 4897 56763 25 220 19 17 23 17 198 54 268 61028 25 220 20 16 21 24 198 51 2692 80 52582 25 220 17 23 15 16 198 45 51054 63419 25 220 20 19 21 21 198 82433 63294 25 220 21 22 17 15 198 39 3253 59831 25 220 23 24 19 15 198 92055 28975 25 220 18 24 22 22 198 45 51054 34827 25 220 23 16 18 24 198 3320 2472 59405 85 25 220 21 17 17 15 198 89680 7509 496 4405 1891 25 220 18 15 18 18 198 56 350 1644 629 17386 25 220 19 20 17 20 198 40 15190 26342 67220 375 25 220 24 15 17 15 198 50 1020 667 26342 67220 375 25 220 22 21 18 15 198 35 1701 452 4470 570 25 220 24 23 20 23 198 51 21576 52582 25 220 23 19 20 24 198 45 1524 335 2075 78961 25 220 18 19 21 19 198 42 2075 4254 2770 25 220 23 21 19 16 198 51 21576 78961 25 220 17 22 24 19 198 2196 50557 40050 12297 25 220 24 24 18 20 198 54 268 235489 25 220 22 18 20 17 198 51 21576 27466 25 220 19 20 21 16 271 14162 25 3437 369 279 2528 1970 364 40050 26342 67220 375 30 198 15666 25 561 2528 1970 364 40050 26342 67220 375 369 220 17 22 24 19	343
r171/gold/q21	nll	5865 1970 18834 198 54 268 39685 25 220 18 16 17 20 198 2229 10211 32442 54958 25 220 18 15 22 16 198 27175 667 64683 14183 25 220 16 16 24 19 198 39 32389 93922 25 220 20 17 17 24 198 39 32389 74092 25 220 21 17 18 20 198 233511 82596 25 220 16 23 17 19 198 23202 396 67186 25 220 16 22 22 20 198 10786 64 710 3974 25 220 17 17 19 21 198 89306 28975 25 220 22 17 15 19 198 2665 269 67186 25 220 18 23 15 19 198 45 51054 41803 80831 25 220 17 22 22 23 198 5901 4897 61086 25 220 20 24 17 18 198 10786 64 629 17386 25 220 20 21 24 17 198 51 2692 80 207520 25 220 19 24 20 17 198 42 2075 73467 25 220 21 21 23 20 198 54 268 53656 25 220 23 24 20 15 198 42 88850 59831 25 220 20 20 15 17 198 34930 269 61086 25 220 23 20 15 22 198 1106 268 55240 25 220 18 17 16 15 198 35 1701 452 67186 25 220 19 17 23 16 198 46 23738 4470 570 25 220 19 15 22 20 198 23202 396 72925 25 220 17 19 23 16 198 2229 10211 207520 25 220 16 19 15 19 198 45 51054 56763 25 220 16 19 20 20 198 35921 299 46035 25 220 22 21 19 21 198 51 21576 227938 25 220 21 15 21 21 198 34930 269 1799 33852 1482 25 220 18 22 19 20 198 2665 269 27466 25 220 24 22 18 17 198 6737 55747 462 698 327 25 220 16 24 21 23 198 31795 1413 36461 25 220 22 24 23 18 271 14162 25 3437 369 279 2528 1970 364 7967 396 72925 30 198 15666 25 561 2528 1970 364 7967 396 72925 369 220 17 19 23 16	337
r171/wrong/q21	nll	5865 1970 18834 198 54 268 39685 25 220 18 16 17 20 198 2229 10211 32442 54958 25 220 18 15 22 16 198 27175 667 64683 14183 25 220 16 16 24 19 198 39 32389 93922 25 220 20 17 17 24 198 39 32389 74092 25 220 21 17 18 20 198 233511 82596 25 220 16 23 17 19 198 23202 396 67186 25 220 16 22 22 20 198 10786 64 710 3974 25 220 17 17 19 21 198 89306 28975 25 220 22 17 15 19 198 2665 269 67186 25 220 18 23 15 19 198 45 51054 41803 80831 25 220 17 22 22 23 198 5901 4897 61086 25 220 20 24 17 18 198 10786 64 629 17386 25 220 20 21 24 17 198 51 2692 80 207520 25 220 19 24 20 17 198 42 2075 73467 25 220 21 21 23 20 198 54 268 53656 25 220 23 24 20 15 198 42 88850 59831 25 220 20 20 15 17 198 34930 269 61086 25 220 23 20 15 22 198 1106 268 55240 25 220 18 17 16 15 198 35 1701 452 67186 25 220 19 17 23 16 198 46 23738 4470 570 25 220 19 15 22 20 198 23202 396 72925 25 220 17 19 23 16 198 2229 10211 207520 25 220 16 19 15 19 198 45 51054 56763 25 220 16 19 20 20 198 35921 299 46035 25 220 22 21 19 21 198 51 21576 227938 25 220 21 15 21 21 198 34930 269 1799 33852 1482 25 220 18 22 19 20 198 2665 269 27466 25 220 24 22 18 17 198 6737 55747 462 698 327 25 220 16 24 21 23 198 31795 1413 36461 25 220 22 24 23 18 271 14162 25 3437 369 279 2528 1970 364 7967 396 72925 30 198 15666 25 561 2528 1970 364 7967 396 72925 369 220 16 19 20 20	337
r172/gold/q22	nll	5865 1970 18834 198 82433 59831 25 220 19 20 15 20 198 49 2492 5709 28975 25 220 16 22 22 22 198 51 24685 64683 14183 25 220 21 15 24 19 198 45 1524 335 2075 56763 25 220 16 23 16 17 198 10786 64 52582 25 220 22 22 18 24 198 89306 67186 25 220 21 24 18 24 198 39304 667 67186 25 220 20 24 15 20 198 54 268 63294 25 220 22 15 21 16 198 51 21576 14315 48040 25 220 18 19 18 20 198 5901 4897 39685 25 220 19 21 22 23 198 2229 10211 72925 25 220 16 21 22 17 198 42 2075 39185 25 220 20 19 15 16 198 2665 269 27466 25 220 17 19 19 20 198 10786 64 72925 25 220 22 18 22 19 198 90979 78 73467 25 220 24 16 18 20 198 2196 319 53656 25 220 19 24 20 16 198 35921 299 61850 25 220 18 19 21 17 198 36 46419 63294 25 220 21 22 18 17 198 23202 396 55240 25 220 20 17 22 23 198 39 3253 14315 48040 25 220 16 23 24 18 198 31795 1413 207520 25 220 24 17 23 20 198 82433 227938 25 220 17 23 24 24 198 1106 268 40733 25 220 18 24 18 20 198 10786 64 73467 25 220 16 17 18 20 198 27175 667 4470 570 25 220 17 17 19 19 198 233511 59831 25 220 18 15 21 22 198 42 2075 55240 25 220 20 24 18 15 198 2196 50557 23773 12949 25 220 21 23 24 16 198 89680 7509 92372 25 220 18 23 23 24 198 82433 207520 25 220 22 20 15 18 271 14162 25 3437 369 279 2528 1970 364 23720 40733 30 198 15666 25 561 2528 1970 364 23720 40733 369 220 18 24 18 20	328
r172/wrong/q22	nll	5865 1970 18834 198 82433 59831 25 220 19 20 15 20 198 49 2492 5709 28975 25 220 16 22 22 22 198 51 24685 64683 14183 25 220 21 15 24 19 198 45 1524 335 2075 56763 25 220 16 23 16 17 198 10786 64 52582 25 220 22 22 18 24 198 89306 67186 25 220 21 24 18 24 198 39304 667 67186 25 220 20 24 15 20 198 54 268 63294 25 220 22 15 21 16 198 51 21576 14315 48040 25 220 18 19 18 20 198 5901 4897 39685 25 220 19 21 22 23 198 2229 10211 72925 25 220 16 21 22 17 198 42 2075 39185 25 220 20 19 15 16 198 2665 269 27466 25 220 17 19 19 20 198 10786 64 72925 25 220 22 18 22 19 198 90979 78 73467 25 220 24 16 18 20 198 2196 319 53656 25 220 19 24 20 16 198 35921 299 61850 25 220 18 19 21 17 198 36 46419 63294 25 220 21 22 18 17 198 23202 396 55240 25 220 20 17 22 23 198 39 3253 14315 48040 25 220 16 23 24 18 198 31795 1413 207520 25 220 24 17 23 20 198 82433 227938 25 220 17 23 24 24 198 1106 268 40733 25 220 18 24 18 20 198 10786 64 73467 25 220 16 17 18 20 198 27175 667 4470 570 25 220 17 17 19 19 198 233511 59831 25 220 18 15 21 22 198 42 2075 55240 25 220 20 24 18 15 198 2196 50557 23773 12949 25 220 21 23 24 16 198 89680 7509 92372 25 220 18 23 23 24 198 82433 207520 25 220 22 20 15 18 271 14162 25 3437 369 279 2528 1970 364 23720 40733 30 198 15666 25 561 2528 1970 364 23720 40733 369 220 21 24 18 24	328
r173/gold/q23	nll	5865 1970 18834 198 4904 4897 23773 12949 25 220 23 21 19 24 198 90979 78 16592 28100 25 220 16 17 15 20 198 83554 14315 48040 25 220 24 16 23 23 198 43 1506 61086 25 220 16 15 21 18 198 45 1524 335 2075 1799 33852 1482 25 220 19 17 20 22 198 92055 5367 25 220 16 17 21 21 198 56 350 1644 462 698 327 25 220 16 20 24 18 198 39304 667 63419 25 220 18 17 15 21 198 6737 55747 27466 25 220 19 15 19 18 198 6737 55747 56763 25 220 23 20 22 15 198 2229 10211 496 4405 1891 25 220 17 18 17 23 198 37 65435 629 17386 25 220 19 21 15 24 198 233511 32442 54958 25 220 20 23 15 18 198 49 2492 5709 496 4405 1891 25 220 16 23 20 24 198 83554 82596 25 220 23 19 18 15 198 5901 4897 23773 12949 25 220 16 17 16 20 198 51 2692 80 59831 25 220 16 23 15 21 198 39 32389 59831 25 220 20 21 17 24 198 54 268 26342 67220 375 25 220 16 21 24 23 198 51 2692 80 26342 67220 375 25 220 20 19 20 22 198 233511 78961 25 220 23 18 16 21 198 56 4897 56763 25 220 17 20 19 20 198 2229 10211 59405 85 25 220 22 18 20 16 198 34930 269 72925 25 220 20 16 21 17 198 39304 667 235489 25 220 23 17 19 16 198 45 51054 27466 25 220 20 23 18 15 198 2229 10211 82596 25 220 23 17 23 22 198 39304 667 40050 12297 25 220 18 23 23 17 198 50 1020 667 629 17386 25 220 20 24 16 20 198 82433 235489 25 220 21 24 16 23 271 14162 25 3437 369 279 2528 1970 364 31247 72925 30 198 15666 25 561 2528 1970 364 31247 72925 369 220 20 16 21 17	347
r173/wrong/q23	nll	5865 1970 18834 198 4904 4897 23773 12949 25 220 23 21 19 24 198 90979 78 16592 28100 25 220 16 17 15 20 198 83554 14315 48040 25 220 24 16 23 23 198 43 1506 61086 25 220 16 15 21 18 198 45 1524 335 2075 1799 33852 1482 25 220 19 17 20 22 198 92055 5367 25 220 16 17 21 21 198 56 350 1644 462 698 327 25 220 16 20 24 18 198 39304 667 63419 25 220 18 17 15 21 198 6737 55747 27466 25 220 19 15 19 18 198 6737 55747 56763 25 220 23 20 22 15 198 2229 10211 496 4405 1891 25 220 17 18 17 23 198 37 65435 629 17386 25 220 19 21 15 24 198 233511 32442 54958 25 220 20 23 15 18 198 49 2492 5709 496 4405 1891 25 220 16 23 20 24 198 83554 82596 25 220 23 19 18 15 198 5901 4897 23773 12949 25 220 16 17 16 20 198 51 2692 80 59831 25 220 16 23 15 21 198 39 32389 59831 25 220 20 21 17 24 198 54 268 26342 67220 375 25 220 16 21 24 23 198 51 2692 80 26342 67220 375 25 220 20 19 20 22 198 233511 78961 25 220 23 18 16 21 198 56 4897 56763 25 220 17 20 19 20 198 2229 10211 59405 85 25 220 22 18 20 16 198 34930 269 72925 25 220 20 16 21 17 198 39304 667 235489 25 220 23 17 19 16 198 45 51054 27466 25 220 20 23 18 15 198 2229 10211 82596 25 220 23 17 23 22 198 39304 667 40050 12297 25 220 18 23 23 17 198 50 1020 667 629 17386 25 220 20 24 16 20 198 82433 235489 25 220 21 24 16 23 271 14162 25 3437 369 279 2528 1970 364 31247 72925 30 198 15666 25 561 2528 1970 364 31247 72925 369 220 20 23 18 15	347
r174/gold/q24	nll	5865 1970 18834 198 35 1701 452 67186 25 220 16 17 16 18 198 2229 10211 32442 54958 25 220 24 19 24 15 198 35 1701 452 41803 80831 25 220 20 17 18 20 198 2196 50557 52582 25 220 19 17 15 17 198 45 51054 64683 14183 25 220 24 19 17 23 198 1106 268 64683 14183 25 220 23 24 18 15 198 56 350 1644 32442 54958 25 220 19 18 16 21 198 92055 72925 25 220 24 24 17 24 198 65343 49346 25 220 23 15 22 17 198 6737 55747 4254 2770 25 220 24 21 20 20 198 42 2075 67186 25 220 19 22 16 16 198 42 88850 59405 85 25 220 22 23 21 21 198 51 21576 61850 25 220 20 24 24 23 198 4904 4897 39685 25 220 16 19 20 24 198 51 24685 462 698 327 25 220 19 21 23 18 198 36 46419 73467 25 220 18 19 17 23 198 45 51054 227938 25 220 23 21 15 20 198 50 1020 667 61086 25 220 22 15 24 24 198 54 268 4470 570 25 220 22 17 16 24 198 40 15190 4254 2770 25 220 18 19 23 19 198 56 350 1644 61086 25 220 18 19 15 18 198 23202 396 40050 12297 25 220 17 22 17 20 198 43 1506 39685 25 220 20 17 23 23 198 90979 78 39185 25 220 17 20 23 24 198 42 2075 26342 67220 375 25 220 24 23 19 16 198 56 4897 73467 25 220 19 20 16 15 198 56 4897 49472 25 220 17 20 21 17 198 89680 7509 78961 25 220 16 23 18 20 198 5901 4897 67186 25 220 19 19 20 16 198 49 2492 5709 710 3974 25 220 16 16 19 22 271 14162 25 3437 369 279 2528 1970 364 48907 26342 67220 375 30 198 15666 25 561 2528 1970 364 48907 26342 67220 375 369 220 24 23 19 16	348
r174/wrong/q24	nll	5865 1970 18834 198 35 1701 452 67186 25 220 16 17 16 18 198 2229 10211 32442 54958 25 220 24 19 24 15 198 35 1701 452 41803 80831 25 220 20 17 18 20 198 2196 50557 52582 25 220 19 17 15 17 198 45 51054 64683 14183 25 220 24 19 17 23 198 1106 268 64683 14183 25 220 23 24 18 15 198 56 350 1644 32442 54958 25 220 19 18 16 21 198 92055 72925 25 220 24 24 17 24 198 65343 49346 25 220 23 15 22 17 198 6737 55747 4254 2770 25 220 24 21 20 20 198 42 2075 67186 25 220 19 22 16 16 198 42 88850 59405 85 25 220 22 23 21 21 198 51 21576 61850 25 220 20 24 24 23 198 4904 4897 39685 25 220 16 19 20 24 198 51 24685 462 698 327 25 220 19 21 23 18 198 36 46419 73467 25 220 18 19 17 23 198 45 51054 227938 25 220 23 21 15 20 198 50 1020 667 61086 25 220 22 15 24 24 198 54 268 4470 570 25 220 22 17 16 24 198 40 15190 4254 2770 25 220 18 19 23 19 198 56 350 1644 61086 25 220 18 19 15 18 198 23202 396 40050 12297 25 220 17 22 17 20 198 43 1506 39685 25 220 20 17 23 23 198 90979 78 39185 25 220 17 20 23 24 198 42 2075 26342 67220 375 25 220 24 23 19 16 198 56 4897 73467 25 220 19 20 16 15 198 56 4897 49472 25 220 17 20 21 17 198 89680 7509 78961 25 220 16 23 18 20 198 5901 4897 67186 25 220 19 19 20 16 198 49 2492 5709 710 3974 25 220 16 16 19 22 271 14162 25 3437 369 279 2528 1970 364 48907 26342 67220 375 30 198 15666 25 561 2528 1970 364 48907 26342 67220 375 369 220 18 19 15 18	348
r175/gold/q25	nll	5865 1970 18834 198 10786 64 52582 25 220 17 20 21 15 198 39 32389 14315 48040 25 220 23 19 24 23 198 51 21576 55240 25 220 19 24 24 23 198 2665 269 462 698 327 25 220 18 21 15 18 198 35921 299 82596 25 220 23 20 21 18 198 83554 63294 25 220 17 24 18 16 198 23202 396 61086 25 220 19 19 20 23 198 10786 64 78961 25 220 18 15 23 15 198 6737 55747 59405 85 25 220 24 22 18 22 198 57 4897 39685 25 220 21 24 17 16 198 43 1506 227938 25 220 22 15 24 19 198 2229 10211 41803 80831 25 220 23 15 15 20 198 2665 269 63294 25 220 16 19 24 24 198 46 23738 235489 25 220 24 20 16 17 198 82433 32442 54958 25 220 20 16 19 17 198 39 32389 46035 25 220 18 23 18 21 198 23202 396 55240 25 220 24 22 16 18 198 51 21576 4254 2770 25 220 20 17 20 23 198 37 65435 59405 85 25 220 17 20 22 21 198 49 11642 59831 25 220 22 21 16 17 198 4904 4897 16592 28100 25 220 19 15 18 22 198 57 4493 41803 80831 25 220 21 19 24 19 198 49 2492 5709 14315 48040 25 220 18 16 23 20 198 23202 396 462 698 327 25 220 22 17 21 15 198 45 1524 335 2075 36461 25 220 22 16 19 15 198 35 1701 452 73467 25 220 16 18 15 24 198 59605 92372 25 220 21 21 16 22 198 57 4493 207520 25 220 21 21 23 20 198 42 88850 63294 25 220 23 16 17 17 198 57 4897 41803 80831 25 220 19 17 15 17 271 14162 25 3437 369 279 2528 1970 364 63889 452 73467 30 198 15666 25 561 2528 1970 364 63889 452 73467 369 220 16 18 15 24	342
r175/wrong/q25	nll	5865 1970 18834 198 10786 64 52582 25 220 17 20 21 15 198 39 32389 14315 48040 25 220 23 19 24 23 198 51 21576 55240 25 220 19 24 24 23 198 2665 269 462 698 327 25 220 18 21 15 18 198 35921 299 82596 25 220 23 20 21 18 198 83554 63294 25 220 17 24 18 16 198 23202 396 61086 25 220 19 19 20 23 198 10786 64 78961 25 220 18 15 23 15 198 6737 55747 59405 85 25 220 24 22 18 22 198 57 4897 39685 25 220 21 24 17 16 198 43 1506 227938 25 220 22 15 24 19 198 2229 10211 41803 80831 25 220 23 15 15 20 198 2665 269 63294 25 220 16 19 24 24 198 46 23738 235489 25 220 24 20 16 17 198 82433 32442 54958 25 220 20 16 19 17 198 39 32389 46035 25 220 18 23 18 21 198 23202 396 55240 25 220 24 22 16 18 198 51 21576 4254 2770 25 220 20 17 20 23 198 37 65435 59405 85 25 220 17 20 22 21 198 49 11642 59831 25 220 22 21 16 17 198 4904 4897 16592 28100 25 220 19 15 18 22 198 57 4493 41803 80831 25 220 21 19 24 19 198 49 2492 5709 14315 48040 25 220 18 16 23 20 198 23202 396 462 698 327 25 220 22 17 21 15 198 45 1524 335 2075 36461 25 220 22 16 19 15 198 35 1701 452 73467 25 220 16 18 15 24 198 59605 92372 25 220 21 21 16 22 198 57 4493 207520 25 220 21 21 23 20 198 42 88850 63294 25 220 23 16 17 17 198 57 4897 41803 80831 25 220 19 17 15 17 271 14162 25 3437 369 279 2528 1970 364 63889 452 73467 30 198 15666 25 561 2528 1970 364 63889 452 73467 369 220 23 15 15 20	342
r176/gold/q26	nll	5865 1970 18834 198 1106 268 67186 25 220 17 17 22 17 198 40 15190 63419 25 220 16 16 24 19 198 24601 10211 36461 25 220 19 21 17 22 198 39 3253 710 358 1091 6433 25 220 20 18 24 20 198 2665 269 710 358 1091 6433 25 220 22 16 22 20 198 42 2075 36461 25 220 18 16 17 21 198 4904 4897 23773 12949 25 220 19 16 20 15 198 39304 667 4470 570 25 220 17 24 19 17 198 24601 10211 14315 48040 25 220 18 21 15 16 198 2665 269 73467 25 220 22 23 19 20 198 31795 1413 67186 25 220 19 20 19 23 198 24601 10211 34827 25 220 17 24 17 17 198 4904 4897 458 452 82319 25 220 23 16 17 17 198 233511 207520 25 220 16 16 17 24 198 35921 299 458 452 82319 25 220 16 15 21 16 198 37 65435 59405 85 25 220 17 21 23 24 198 45 1524 335 2075 710 358 1091 6433 25 220 18 20 18 19 198 54 268 93922 25 220 19 22 17 15 198 623 287 49472 25 220 23 19 15 24 198 2196 319 26342 67220 375 25 220 17 17 16 21 198 31795 1413 14315 48040 25 220 19 19 19 17 198 45 51054 49346 25 220 22 18 22 24 198 45 51054 49472 25 220 22 22 24 20 198 27175 667 710 358 1091 6433 25 220 22 19 22 24 198 42 2075 78961 25 220 17 17 24 17 198 39 3253 23773 12949 25 220 23 20 23 19 198 46 23738 55240 25 220 22 16 18 24 198 56 350 1644 56763 25 220 20 21 15 18 198 57 4897 629 17386 25 220 21 22 20 16 198 39 3253 78961 25 220 21 15 17 21 271 14162 25 3437 369 279 2528 1970 364 29695 55240 30 198 15666 25 561 2528 1970 364 29695 55240 369 220 22 16 18 24	352
r176/wrong/q26	nll	5865 1970 18834 198 1106 268 67186 25 220 17 17 22 17 198 40 15190 63419 25 220 16 16 24 19 198 24601 10211 36461 25 220 19 21 17 22 198 39 3253 710 358 1091 6433 25 220 20 18 24 20 198 2665 269 710 358 1091 6433 25 220 22 16 22 20 198 42 2075 36461 25 220 18 16 17 21 198 4904 4897 23773 12949 25 220 19 16 20 15 198 39304 667 4470 570 25 220 17 24 19 17 198 24601 10211 14315 48040 25 220 18 21 15 16 198 2665 269 73467 25 220 22 23 19 20 198 31795 1413 67186 25 220 19 20 19 23 198 24601 10211 34827 25 220 17 24 17 17 198 4904 4897 458 452 82319 25 220 23 16 17 17 198 233511 207520 25 220 16 16 17 24 198 35921 299 458 452 82319 25 220 16 15 21 16 198 37 65435 59405 85 25 220 17 21 23 24 198 45 1524 335 2075 710 358 1091 6433 25 220 18 20 18 19 198 54 268 93922 25 220 19 22 17 15 198 623 287 49472 25 220 23 19 15 24 198 2196 319 26342 67220 375 25 220 17 17 16 21 198 31795 1413 14315 48040 25 220 19 19 19 17 198 45 51054 49346 25 220 22 18 22 24 198 45 51054 49472 25 220 22 22 24 20 198 27175 667 710 358 1091 6433 25 220 22 19 22 24 198 42 2075 78961 25 220 17 17 24 17 198 39 3253 23773 12949 25 220 23 20 23 19 198 46 23738 55240 25 220 22 16 18 24 198 56 350 1644 56763 25 220 20 21 15 18 198 57 4897 629 17386 25 220 21 22 20 16 198 39 3253 78961 25 220 21 15 17 21 271 14162 25 3437 369 279 2528 1970 364 29695 55240 30 198 15666 25 561 2528 1970 364 29695 55240 369 220 19 19 19 17	352
r177/gold/q27	nll	5865 1970 18834 198 623 287 235489 25 220 20 24 15 22 198 57 4897 32442 54958 25 220 24 22 23 20 198 89306 78961 25 220 17 23 19 19 198 51 24685 73467 25 220 21 16 16 16 198 35921 299 55240 25 220 18 19 18 19 198 39 32389 56763 25 220 22 17 23 18 198 1106 268 93922 25 220 18 21 16 20 198 50 1020 667 64683 14183 25 220 22 19 19 23 198 623 287 63419 25 220 17 15 21 22 198 42 2075 39685 25 220 21 24 22 22 198 27175 667 4254 2770 25 220 24 17 18 22 198 6737 55747 63419 25 220 21 24 15 22 198 36 46419 32442 54958 25 220 17 21 21 21 198 51 24685 49346 25 220 20 19 18 22 198 233511 74092 25 220 17 21 20 18 198 89680 7509 82596 25 220 17 24 24 15 198 5901 4897 55240 25 220 17 17 15 18 198 37 65435 74092 25 220 17 22 17 16 198 54 268 36461 25 220 24 15 22 18 198 1106 268 49346 25 220 17 17 19 22 198 89680 7509 40050 12297 25 220 22 19 18 19 198 39 32389 72925 25 220 16 23 21 22 198 2665 269 4470 570 25 220 23 19 17 15 198 5901 4897 462 698 327 25 220 22 22 18 15 198 89306 39685 25 220 19 16 20 20 198 35 1701 452 59831 25 220 19 24 16 15 198 56 350 1644 72925 25 220 21 15 20 19 198 2196 50557 496 4405 1891 25 220 19 17 15 16 198 92055 39185 25 220 24 19 17 16 198 57 4493 1799 33852 1482 25 220 22 19 20 21 271 14162 25 3437 369 279 2528 1970 364 5570 50557 496 4405 1891 30 198 15666 25 561 2528 1970 364 5570 50557 496 4405 1891 369 220 19 17 15 16	342
r177/wrong/q27	nll	5865 1970 18834 198 623 287 235489 25 220 20 24 15 22 198 57 4897 32442 54958 25 220 24 22 23 20 198 89306 78961 25 220 17 23 19 19 198 51 24685 73467 25 220 21 16 16 16 198 35921 299 55240 25 220 18 19 18 19 198 39 32389 56763 25 220 22 17 23 18 198 1106 268 93922 25 220 18 21 16 20 198 50 1020 667 64683 14183 25 220 22 19 19 23 198 623 287 63419 25 220 17 15 21 22 198 42 2075 39685 25 220 21 24 22 22 198 27175 667 4254 2770 25 220 24 17 18 22 198 6737 55747 63419 25 220 21 24 15 22 198 36 46419 32442 54958 25 220 17 21 21 21 198 51 24685 49346 25 220 20 19 18 22 198 233511 74092 25 220 17 21 20 18 198 89680 7509 82596 25 220 17 24 24 15 198 5901 4897 55240 25 220 17 17 15 18 198 37 65435 74092 25 220 17 22 17 16 198 54 268 36461 25 220 24 15 22 18 198 1106 268 49346 25 220 17 17 19 22 198 89680 7509 40050 12297 25 220 22 19 18 19 198 39 32389 72925 25 220 16 23 21 22 198 2665 269 4470 570 25 220 23 19 17 15 198 5901 4897 462 698 327 25 220 22 22 18 15 198 89306 39685 25 220 19 16 20 20 198 35 1701 452 59831 25 220 19 24 16 15 198 56 350 1644 72925 25 220 21 15 20 19 198 2196 50557 496 4405 1891 25 220 19 17 15 16 198 92055 39185 25 220 24 19 17 16 198 57 4493 1799 33852 1482 25 220 22 19 20 21 271 14162 25 3437 369 279 2528 1970 364 5570 50557 496 4405 1891 30 198 15666 25 561 2528 1970 364 5570 50557 496 4405 1891 369 220 17 15 21 22	342
r178/gold/q28	nll	5865 1970 18834 198 50 1020 667 32442 54958 25 220 21 16 19 21 198 45 1524 335 2075 61086 25 220 17 23 20 21 198 4904 4897 41803 80831 25 220 16 15 21 15 198 49 11642 4254 2770 25 220 19 16 21 24 198 45 1524 335 2075 82596 25 220 19 16 16 20 198 23202 396 59405 85 25 220 19 19 21 20 198 35 1701 452 61028 25 220 24 17 24 22 198 10786 64 28975 25 220 21 22 21 21 198 51 24685 73467 25 220 17 23 15 18 198 43 1506 55240 25 220 18 15 15 23 198 3320 2472 61850 25 220 24 19 15 17 198 623 287 235489 25 220 22 20 18 22 198 5901 4897 39685 25 220 16 23 20 20 198 51 21576 53656 25 220 18 17 16 20 198 45 51054 78961 25 220 16 22 24 15 198 65343 40733 25 220 16 19 19 21 198 40 15190 4254 2770 25 220 22 20 20 22 198 24601 10211 629 17386 25 220 19 22 22 17 198 39 32389 78961 25 220 17 19 15 23 198 36 46419 4254 2770 25 220 18 23 24 19 198 57 4897 4470 570 25 220 23 21 15 20 198 54 268 32442 54958 25 220 21 22 20 23 198 2229 10211 23773 12949 25 220 18 23 19 16 198 51 2692 80 710 3974 25 220 24 18 19 23 198 46 23738 458 452 82319 25 220 18 19 23 17 198 23202 396 458 452 82319 25 220 19 15 16 18 198 24601 10211 4254 2770 25 220 17 24 18 24 198 65343 39685 25 220 17 23 17 22 198 43 1506 41803 80831 25 220 18 15 19 22 198 233511 462 698 327 25 220 18 18 16 16 271 14162 25 3437 369 279 2528 1970 364 56222 41803 80831 30 198 15666 25 561 2528 1970 364 56222 41803 80831 369 220 18 15 19 22	350
r178/wrong/q28	nll	5865 1970 18834 198 50 1020 667 32442 54958 25 220 21 16 19 21 198 45 1524 335 2075 61086 25 220 17 23 20 21 198 4904 4897 41803 80831 25 220 16 15 21 15 198 49 11642 4254 2770 25 220 19 16 21 24 198 45 1524 335 2075 82596 25 220 19 16 16 20 198 23202 396 59405 85 25 220 19 19 21 20 198 35 1701 452 61028 25 220 24 17 24 22 198 10786 64 28975 25 220 21 22 21 21 198 51 24685 73467 25 220 17 23 15 18 198 43 1506 55240 25 220 18 15 15 23 198 3320 2472 61850 25 220 24 19 15 17 198 623 287 235489 25 220 22 20 18 22 198 5901 4897 39685 25 220 16 23 20 20 198 51 21576 53656 25 220 18 17 16 20 198 45 51054 78961 25 220 16 22 24 15 198 65343 40733 25 220 16 19 19 21 198 40 15190 4254 2770 25 220 22 20 20 22 198 24601 10211 629 17386 25 220 19 22 22 17 198 39 32389 78961 25 220 17 19 15 23 198 36 46419 4254 2770 25 220 18 23 24 19 198 57 4897 4470 570 25 220 23 21 15 20 198 54 268 32442 54958 25 220 21 22 20 23 198 2229 10211 23773 12949 25 220 18 23 19 16 198 51 2692 80 710 3974 25 220 24 18 19 23 198 46 23738 458 452 82319 25 220 18 19 23 17 198 23202 396 458 452 82319 25 220 19 15 16 18 198 24601 10211 4254 2770 25 220 17 24 18 24 198 65343 39685 25 220 17 23 17 22 198 43 1506 41803 80831 25 220 18 15 19 22 198 233511 462 698 327 25 220 18 18 16 16 271 14162 25 3437 369 279 2528 1970 364 56222 41803 80831 30 198 15666 25 561 2528 1970 364 56222 41803 80831 369 220 19 16 21 24	350
r179/gold/q29	nll	5865 1970 18834 198 59605 78961 25 220 23 20 24 17 198 51 21576 82596 25 220 21 17 22 15 198 51 21576 49346 25 220 23 22 16 21 198 56 4897 629 17386 25 220 23 24 22 20 198 56 4897 52582 25 220 18 18 19 15 198 5901 4897 34827 25 220 22 19 24 15 198 2665 269 67186 25 220 17 21 23 17 198 50 1020 667 4254 2770 25 220 24 17 24 22 198 50 1020 667 207520 25 220 21 23 17 24 198 56 4897 207520 25 220 18 19 16 15 198 51 21576 39685 25 220 20 15 18 21 198 39 3253 67186 25 220 16 15 23 16 198 39 3253 4254 2770 25 220 20 15 15 21 198 43 1506 52582 25 220 21 19 18 15 198 89306 710 358 1091 6433 25 220 21 22 19 15 198 56 350 1644 61086 25 220 24 22 16 21 198 46 23738 67186 25 220 19 21 23 15 198 39 3253 710 3974 25 220 22 23 22 20 198 6737 55747 32442 54958 25 220 24 21 15 21 198 89680 7509 78961 25 220 19 23 17 24 198 2196 319 41803 80831 25 220 21 21 20 21 198 49 2492 5709 710 358 1091 6433 25 220 17 21 18 23 198 2196 319 63419 25 220 18 21 20 15 198 46 23738 40733 25 220 20 15 15 16 198 54 268 36461 25 220 24 19 20 17 198 45 1524 335 2075 36461 25 220 18 22 23 16 198 40 15190 56763 25 220 21 18 21 24 198 4904 4897 56763 25 220 18 23 21 22 198 623 287 496 4405 1891 25 220 21 18 15 21 198 35921 299 46035 25 220 21 15 17 22 271 14162 25 3437 369 279 2528 1970 364 65788 46035 30 198 15666 25 561 2528 1970 364 65788 46035 369 220 21 15 17 22	343
r179/wrong/q29	nll	5865 1970 18834 198 59605 78961 25 220 23 20 24 17 198 51 21576 82596 25 220 21 17 22 15 198 51 21576 49346 25 220 23 22 16 21 198 56 4897 629 17386 25 220 23 24 22 20 198 56 4897 52582 25 220 18 18 19 15 198 5901 4897 34827 25 220 22 19 24 15 198 2665 269 67186 25 220 17 21 23 17 198 50 1020 667 4254 2770 25 220 24 17 24 22 198 50 1020 667 207520 25 220 21 23 17 24 198 56 4897 207520 25 220 18 19 16 15 198 51 21576 39685 25 220 20 15 18 21 198 39 3253 67186 25 220 16 15 23 16 198 39 3253 4254 2770 25 220 20 15 15 21 198 43 1506 52582 25 220 21 19 18 15 198 89306 710 358 1091 6433 25 220 21 22 19 15 198 56 350 1644 61086 25 220 24 22 16 21 198 46 23738 67186 25 220 19 21 23 15 198 39 3253 710 3974 25 220 22 23 22 20 198 6737 55747 32442 54958 25 220 24 21 15 21 198 89680 7509 78961 25 220 19 23 17 24 198 2196 319 41803 80831 25 220 21 21 20 21 198 49 2492 5709 710 358 1091 6433 25 220 17 21 18 23 198 2196 319 63419 25 220 18 21 20 15 198 46 23738 40733 25 220 20 15 15 16 198 54 268 36461 25 220 24 19 20 17 198 45 1524 335 2075 36461 25 220 18 22 23 16 198 40 15190 56763 25 220 21 18 21 24 198 4904 4897 56763 25 220 18 23 21 22 198 623 287 496 4405 1891 25 220 21 18 15 21 198 35921 299 46035 25 220 21 15 17 22 271 14162 25 3437 369 279 2528 1970 364 65788 46035 30 198 15666 25 561 2528 1970 364 65788 46035 369 220 20 15 15 21	343
r180/gold/q0	nll	5865 1970 18834 198 51 24685 59405 85 25 220 24 16 15 17 198 35 1701 452 1799 33852 1482 25 220 24 15 20 18 198 50 1020 667 207520 25 220 21 18 16 19 198 42 88850 462 698 327 25 220 18 19 17 22 198 623 287 59831 25 220 19 24 20 19 198 34930 269 74092 25 220 23 22 22 17 198 2196 50557 40733 25 220 20 23 17 17 198 37 65435 64683 14183 25 220 17 18 23 24 198 35 1701 452 39685 25 220 16 20 20 16 198 37 65435 63294 25 220 23 24 20 16 198 233511 28975 25 220 23 23 20 19 198 2196 50557 73467 25 220 20 17 19 21 198 57 4493 23773 12949 25 220 20 20 21 24 198 5901 4897 16592 28100 25 220 16 22 17 21 198 37 65435 462 698 327 25 220 21 17 22 16 198 51 24685 14315 48040 25 220 22 20 15 20 198 24601 10211 16592 28100 25 220 19 15 15 23 198 42 2075 56763 25 220 18 17 16 18 198 5901 4897 67186 25 220 21 24 20 22 198 90979 78 59405 85 25 220 20 19 19 19 198 233511 1799 33852 1482 25 220 21 18 20 19 198 89306 27466 25 220 18 24 17 18 198 42 88850 207520 25 220 21 22 23 18 198 233511 92372 25 220 19 20 18 22 198 51 21576 59405 85 25 220 23 18 18 19 198 51 21576 36461 25 220 17 18 15 18 198 92055 63294 25 220 18 18 16 16 198 4904 4897 40733 25 220 17 19 23 24 198 10786 64 227938 25 220 16 20 22 19 198 54 268 61028 25 220 23 17 19 24 271 14162 25 3437 369 279 2528 1970 364 345 24685 59405 85 30 198 15666 25 561 2528 1970 364 345 24685 59405 85 369 220 24 16 15 17	343
r180/wrong/q0	nll	5865 1970 18834 198 51 24685 59405 85 25 220 24 16 15 17 198 35 1701 452 1799 33852 1482 25 220 24 15 20 18 198 50 1020 667 207520 25 220 21 18 16 19 198 42 88850 462 698 327 25 220 18 19 17 22 198 623 287 59831 25 220 19 24 20 19 198 34930 269 74092 25 220 23 22 22 17 198 2196 50557 40733 25 220 20 23 17 17 198 37 65435 64683 14183 25 220 17 18 23 24 198 35 1701 452 39685 25 220 16 20 20 16 198 37 65435 63294 25 220 23 24 20 16 198 233511 28975 25 220 23 23 20 19 198 2196 50557 73467 25 220 20 17 19 21 198 57 4493 23773 12949 25 220 20 20 21 24 198 5901 4897 16592 28100 25 220 16 22 17 21 198 37 65435 462 698 327 25 220 21 17 22 16 198 51 24685 14315 48040 25 220 22 20 15 20 198 24601 10211 16592 28100 25 220 19 15 15 23 198 42 2075 56763 25 220 18 17 16 18 198 5901 4897 67186 25 220 21 24 20 22 198 90979 78 59405 85 25 220 20 19 19 19 198 233511 1799 33852 1482 25 220 21 18 20 19 198 89306 27466 25 220 18 24 17 18 198 42 88850 207520 25 220 21 22 23 18 198 233511 92372 25 220 19 20 18 22 198 51 21576 59405 85 25 220 23 18 18 19 198 51 21576 36461 25 220 17 18 15 18 198 92055 63294 25 220 18 18 16 16 198 4904 4897 40733 25 220 17 19 23 24 198 10786 64 227938 25 220 16 20 22 19 198 54 268 61028 25 220 23 17 19 24 271 14162 25 3437 369 279 2528 1970 364 345 24685 59405 85 30 198 15666 25 561 2528 1970 364 345 24685 59405 85 369 220 16 22 17 21	343
r181/gold/q1	nll	5865 1970 18834 198 43 1506 63419 25 220 22 15 21 18 198 36 46419 496 4405 1891 25 220 17 24 24 15 198 42 2075 61850 25 220 22 22 17 24 198 1106 268 41803 80831 25 220 21 19 15 15 198 89680 7509 39185 25 220 23 21 20 24 198 40 15190 458 452 82319 25 220 24 23 22 17 198 59605 52582 25 220 21 15 22 19 198 10786 64 39685 25 220 22 16 20 17 198 2229 10211 78961 25 220 20 16 22 23 198 3320 2472 39685 25 220 22 20 18 19 198 49 2492 5709 462 698 327 25 220 21 22 21 15 198 6737 55747 63294 25 220 24 18 20 19 198 65343 64683 14183 25 220 18 20 23 15 198 57 4493 629 17386 25 220 24 24 16 15 198 42 88850 235489 25 220 23 19 17 17 198 2196 50557 16592 28100 25 220 18 17 18 21 198 35 1701 452 14315 48040 25 220 24 16 18 21 198 45 51054 227938 25 220 19 22 15 15 198 42 2075 207520 25 220 19 22 19 22 198 54 268 39685 25 220 24 20 15 18 198 34930 269 63419 25 220 19 22 21 19 198 23202 396 49346 25 220 23 17 20 15 198 3320 2472 16592 28100 25 220 21 19 22 20 198 10786 64 49472 25 220 23 16 22 17 198 39304 667 49346 25 220 24 16 15 16 198 2196 50557 46035 25 220 17 20 19 18 198 49 11642 462 698 327 25 220 16 17 20 21 198 45 51054 82596 25 220 23 20 23 19 198 1106 268 73467 25 220 20 16 17 21 198 50 1020 667 26342 67220 375 25 220 24 22 21 20 271 14162 25 3437 369 279 2528 1970 364 66255 496 4405 1891 30 198 15666 25 561 2528 1970 364 66255 496 4405 1891 369 220 17 24 24 15	346
r181/wrong/q1	nll	5865 1970 18834 198 43 1506 63419 25 220 22 15 21 18 198 36 46419 496 4405 1891 25 220 17 24 24 15 198 42 2075 61850 25 220 22 22 17 24 198 1106 268 41803 80831 25 220 21 19 15 15 198 89680 7509 39185 25 220 23 21 20 24 198 40 15190 458 452 82319 25 220 24 23 22 17 198 59605 52582 25 220 21 15 22 19 198 10786 64 39685 25 220 22 16 20 17 198 2229 10211 78961 25 220 20 16 22 23 198 3320 2472 39685 25 220 22 20 18 19 198 49 2492 5709 462 698 327 25 220 21 22 21 15 198 6737 55747 63294 25 220 24 18 20 19 198 65343 64683 14183 25 220 18 20 23 15 198 57 4493 629 17386 25 220 24 24 16 15 198 42 88850 235489 25 220 23 19 17 17 198 2196 50557 16592 28100 25 220 18 17 18 21 198 35 1701 452 14315 48040 25 220 24 16 18 21 198 45 51054 227938 25 220 19 22 15 15 198 42 2075 207520 25 220 19 22 19 22 198 54 268 39685 25 220 24 20 15 18 198 34930 269 63419 25 220 19 22 21 19 198 23202 396 49346 25 220 23 17 20 15 198 3320 2472 16592 28100 25 220 21 19 22 20 198 10786 64 49472 25 220 23 16 22 17 198 39304 667 49346 25 220 24 16 15 16 198 2196 50557 46035 25 220 17 20 19 18 198 49 11642 462 698 327 25 220 16 17 20 21 198 45 51054 82596 25 220 23 20 23 19 198 1106 268 73467 25 220 20 16 17 21 198 50 1020 667 26342 67220 375 25 220 24 22 21 20 271 14162 25 3437 369 279 2528 1970 364 66255 496 4405 1891 30 198 15666 25 561 2528 1970 364 66255 496 4405 1891 369 220 19 22 15 15	346
r182/gold/q2	nll	5865 1970 18834 198 35 1701 452 496 4405 1891 25 220 23 16 15 16 198 35921 299 5367 25 220 16 16 15 18 198 39 3253 92372 25 220 17 24 24 16 198 57 4897 46035 25 220 22 23 19 17 198 35921 299 72925 25 220 16 19 18 18 198 6737 55747 39685 25 220 19 15 19 21 198 51 2692 80 61850 25 220 21 18 24 23 198 31795 1413 61850 25 220 24 17 20 16 198 45 51054 4254 2770 25 220 24 22 24 17 198 54 268 61086 25 220 19 15 17 17 198 24601 10211 55240 25 220 21 23 16 22 198 89306 39185 25 220 23 23 15 15 198 233511 4470 570 25 220 21 23 21 15 198 42 2075 36461 25 220 19 20 15 20 198 2196 319 34827 25 220 23 16 16 18 198 49 11642 39685 25 220 22 23 24 20 198 39304 667 458 452 82319 25 220 16 22 19 20 198 2229 10211 55240 25 220 16 18 16 15 198 42 2075 40050 12297 25 220 22 24 22 17 198 24601 10211 56763 25 220 23 18 19 24 198 31795 1413 63419 25 220 19 16 24 16 198 92055 235489 25 220 23 15 16 18 198 35921 299 39185 25 220 20 16 16 17 198 56 4897 56763 25 220 16 22 23 15 198 89680 7509 710 3974 25 220 22 22 21 20 198 1106 268 458 452 82319 25 220 17 15 24 20 198 59605 26342 67220 375 25 220 16 20 17 15 198 39 3253 56763 25 220 18 18 15 23 198 39 3253 61086 25 220 23 19 18 15 198 2665 269 63419 25 220 21 19 21 24 271 14162 25 3437 369 279 2528 1970 364 462 3253 92372 30 198 15666 25 561 2528 1970 364 462 3253 92372 369 220 17 24 24 16	337
r182/wrong/q2	nll	5865 1970 18834 198 35 1701 452 496 4405 1891 25 220 23 16 15 16 198 35921 299 5367 25 220 16 16 15 18 198 39 3253 92372 25 220 17 24 24 16 198 57 4897 46035 25 220 22 23 19 17 198 35921 299 72925 25 220 16 19 18 18 198 6737 55747 39685 25 220 19 15 19 21 198 51 2692 80 61850 25 220 21 18 24 23 198 31795 1413 61850 25 220 24 17 20 16 198 45 51054 4254 2770 25 220 24 22 24 17 198 54 268 61086 25 220 19 15 17 17 198 24601 10211 55240 25 220 21 23 16 22 198 89306 39185 25 220 23 23 15 15 198 233511 4470 570 25 220 21 23 21 15 198 42 2075 36461 25 220 19 20 15 20 198 2196 319 34827 25 220 23 16 16 18 198 49 11642 39685 25 220 22 23 24 20 198 39304 667 458 452 82319 25 220 16 22 19 20 198 2229 10211 55240 25 220 16 18 16 15 198 42 2075 40050 12297 25 220 22 24 22 17 198 24601 10211 56763 25 220 23 18 19 24 198 31795 1413 63419 25 220 19 16 24 16 198 92055 235489 25 220 23 15 16 18 198 35921 299 39185 25 220 20 16 16 17 198 56 4897 56763 25 220 16 22 23 15 198 89680 7509 710 3974 25 220 22 22 21 20 198 1106 268 458 452 82319 25 220 17 15 24 20 198 59605 26342 67220 375 25 220 16 20 17 15 198 39 3253 56763 25 220 18 18 15 23 198 39 3253 61086 25 220 23 19 18 15 198 2665 269 63419 25 220 21 19 21 24 271 14162 25 3437 369 279 2528 1970 364 462 3253 92372 30 198 15666 25 561 2528 1970 364 462 3253 92372 369 220 19 20 15 20	337
r183/gold/q3	nll	5865 1970 18834 198 39 3253 74092 25 220 17 24 17 22 198 59605 1799 33852 1482 25 220 18 18 19 19 198 50 1020 667 5367 25 220 24 22 16 20 198 24601 10211 39685 25 220 16 24 23 15 198 42 88850 496 4405 1891 25 220 21 20 21 22 198 2229 10211 5367 25 220 17 20 23 15 198 6737 55747 710 358 1091 6433 25 220 16 21 17 21 198 46 23738 39685 25 220 23 18 15 23 198 39 32389 462 698 327 25 220 21 20 19 24 198 40 15190 63419 25 220 17 23 21 17 198 42 2075 82596 25 220 18 24 24 20 198 36 46419 26342 67220 375 25 220 18 22 20 21 198 623 287 61086 25 220 24 15 20 16 198 51 21576 82596 25 220 18 23 24 16 198 49 11642 59405 85 25 220 24 15 16 16 198 82433 92372 25 220 21 16 19 18 198 23202 396 73467 25 220 24 16 24 18 198 50 1020 667 39185 25 220 17 23 17 20 198 42 88850 34827 25 220 16 20 24 19 198 56 4897 710 358 1091 6433 25 220 17 20 20 22 198 89306 34827 25 220 22 17 18 21 198 82433 235489 25 220 21 23 22 24 198 2196 319 92372 25 220 17 21 20 23 198 2196 319 73467 25 220 22 15 20 20 198 10786 64 67186 25 220 23 24 18 23 198 27175 667 629 17386 25 220 21 16 21 19 198 2196 50557 27466 25 220 17 16 17 20 198 5901 4897 1799 33852 1482 25 220 18 20 18 18 198 24601 10211 34827 25 220 17 15 21 22 198 4904 4897 74092 25 220 16 22 22 16 271 14162 25 3437 369 279 2528 1970 364 7802 10211 39685 30 198 15666 25 561 2528 1970 364 7802 10211 39685 369 220 16 24 23 15	343
r183/wrong/q3	nll	5865 1970 18834 198 39 3253 74092 25 220 17 24 17 22 198 59605 1799 33852 1482 25 220 18 18 19 19 198 50 1020 667 5367 25 220 24 22 16 20 198 24601 10211 39685 25 220 16 24 23 15 198 42 88850 496 4405 1891 25 220 21 20 21 22 198 2229 10211 5367 25 220 17 20 23 15 198 6737 55747 710 358 1091 6433 25 220 16 21 17 21 198 46 23738 39685 25 220 23 18 15 23 198 39 32389 462 698 327 25 220 21 20 19 24 198 40 15190 63419 25 220 17 23 21 17 198 42 2075 82596 25 220 18 24 24 20 198 36 46419 26342 67220 375 25 220 18 22 20 21 198 623 287 61086 25 220 24 15 20 16 198 51 21576 82596 25 220 18 23 24 16 198 49 11642 59405 85 25 220 24 15 16 16 198 82433 92372 25 220 21 16 19 18 198 23202 396 73467 25 220 24 16 24 18 198 50 1020 667 39185 25 220 17 23 17 20 198 42 88850 34827 25 220 16 20 24 19 198 56 4897 710 358 1091 6433 25 220 17 20 20 22 198 89306 34827 25 220 22 17 18 21 198 82433 235489 25 220 21 23 22 24 198 2196 319 92372 25 220 17 21 20 23 198 2196 319 73467 25 220 22 15 20 20 198 10786 64 67186 25 220 23 24 18 23 198 27175 667 629 17386 25 220 21 16 21 19 198 2196 50557 27466 25 220 17 16 17 20 198 5901 4897 1799 33852 1482 25 220 18 20 18 18 198 24601 10211 34827 25 220 17 15 21 22 198 4904 4897 74092 25 220 16 22 22 16 271 14162 25 3437 369 279 2528 1970 364 7802 10211 39685 30 198 15666 25 561 2528 1970 364 7802 10211 39685 369 220 24 15 16 16	343
r184/gold/q4	nll	5865 1970 18834 198 34930 269 496 4405 1891 25 220 17 23 23 19 198 56 4897 46035 25 220 22 19 15 21 198 42 2075 26342 67220 375 25 220 21 20 17 15 198 45 51054 462 698 327 25 220 22 23 20 23 198 40 15190 235489 25 220 21 20 20 16 198 49 2492 5709 36461 25 220 24 17 15 22 198 31795 1413 55240 25 220 20 17 19 20 198 4904 4897 53656 25 220 24 18 23 23 198 42 88850 67186 25 220 18 18 17 17 198 24601 10211 49472 25 220 22 22 20 21 198 27175 667 63294 25 220 16 16 21 23 198 51 24685 74092 25 220 21 15 16 16 198 34930 269 82596 25 220 24 17 15 20 198 43 1506 36461 25 220 16 21 21 22 198 23202 396 710 358 1091 6433 25 220 24 16 15 17 198 90979 78 496 4405 1891 25 220 18 21 24 17 198 49 2492 5709 73467 25 220 20 20 24 21 198 1106 268 27466 25 220 20 23 19 16 198 42 88850 74092 25 220 23 23 23 20 198 6737 55747 92372 25 220 24 24 20 23 198 6737 55747 61086 25 220 21 20 16 18 198 3320 2472 61028 25 220 18 20 24 23 198 89680 7509 63419 25 220 18 24 18 20 198 39304 667 59405 85 25 220 17 16 23 16 198 1106 268 67186 25 220 17 21 19 23 198 23202 396 4254 2770 25 220 16 16 23 21 198 39 32389 49346 25 220 19 19 19 18 198 57 4493 32442 54958 25 220 16 22 17 20 198 10786 64 63419 25 220 19 20 22 17 198 42 88850 629 17386 25 220 16 21 23 20 271 14162 25 3437 369 279 2528 1970 364 40050 235489 30 198 15666 25 561 2528 1970 364 40050 235489 369 220 21 20 20 16	342
r184/wrong/q4	nll	5865 1970 18834 198 34930 269 496 4405 1891 25 220 17 23 23 19 198 56 4897 46035 25 220 22 19 15 21 198 42 2075 26342 67220 375 25 220 21 20 17 15 198 45 51054 462 698 327 25 220 22 23 20 23 198 40 15190 235489 25 220 21 20 20 16 198 49 2492 5709 36461 25 220 24 17 15 22 198 31795 1413 55240 25 220 20 17 19 20 198 4904 4897 53656 25 220 24 18 23 23 198 42 88850 67186 25 220 18 18 17 17 198 24601 10211 49472 25 220 22 22 20 21 198 27175 667 63294 25 220 16 16 21 23 198 51 24685 74092 25 220 21 15 16 16 198 34930 269 82596 25 220 24 17 15 20 198 43 1506 36461 25 220 16 21 21 22 198 23202 396 710 358 1091 6433 25 220 24 16 15 17 198 90979 78 496 4405 1891 25 220 18 21 24 17 198 49 2492 5709 73467 25 220 20 20 24 21 198 1106 268 27466 25 220 20 23 19 16 198 42 88850 74092 25 220 23 23 23 20 198 6737 55747 92372 25 220 24 24 20 23 198 6737 55747 61086 25 220 21 20 16 18 198 3320 2472 61028 25 220 18 20 24 23 198 89680 7509 63419 25 220 18 24 18 20 198 39304 667 59405 85 25 220 17 16 23 16 198 1106 268 67186 25 220 17 21 19 23 198 23202 396 4254 2770 25 220 16 16 23 21 198 39 32389 49346 25 220 19 19 19 18 198 57 4493 32442 54958 25 220 16 22 17 20 198 10786 64 63419 25 220 19 20 22 17 198 42 88850 629 17386 25 220 16 21 23 20 271 14162 25 3437 369 279 2528 1970 364 40050 235489 30 198 15666 25 561 2528 1970 364 40050 235489 369 220 16 22 17 20	342
r185/gold/q5	nll	5865 1970 18834 198 89680 7509 16592 28100 25 220 23 17 24 15 198 2196 319 41803 80831 25 220 16 22 15 17 198 57 4493 4254 2770 25 220 22 16 19 21 198 4904 4897 63294 25 220 20 15 22 15 198 83554 59831 25 220 22 15 18 16 198 35 1701 452 49472 25 220 24 17 17 17 198 42 88850 55240 25 220 23 24 15 15 198 5901 4897 36461 25 220 23 21 21 23 198 51 24685 59405 85 25 220 24 17 23 15 198 82433 93922 25 220 19 23 19 16 198 27175 667 4470 570 25 220 24 20 18 16 198 42 88850 629 17386 25 220 17 24 20 22 198 623 287 462 698 327 25 220 21 16 17 18 198 2229 10211 40050 12297 25 220 22 17 22 18 198 56 4897 23773 12949 25 220 20 15 17 24 198 50 1020 667 32442 54958 25 220 23 16 16 20 198 35 1701 452 93922 25 220 16 22 19 21 198 6737 55747 4470 570 25 220 23 20 19 19 198 2665 269 40050 12297 25 220 16 20 21 18 198 43 1506 59831 25 220 20 17 21 22 198 82433 227938 25 220 20 17 15 20 198 4904 4897 53656 25 220 20 24 21 23 198 42 88850 14315 48040 25 220 18 15 19 20 198 45 51054 82596 25 220 23 16 17 18 198 45 1524 335 2075 59831 25 220 22 19 18 19 198 83554 40050 12297 25 220 23 23 23 16 198 35921 299 1799 33852 1482 25 220 22 19 23 16 198 4904 4897 462 698 327 25 220 17 16 17 23 198 42 2075 92372 25 220 22 21 21 15 198 43 1506 72925 25 220 20 21 21 17 271 14162 25 3437 369 279 2528 1970 364 63889 452 49472 30 198 15666 25 561 2528 1970 364 63889 452 49472 369 220 24 17 17 17	347
r185/wrong/q5	nll	5865 1970 18834 198 89680 7509 16592 28100 25 220 23 17 24 15 198 2196 319 41803 80831 25 220 16 22 15 17 198 57 4493 4254 2770 25 220 22 16 19 21 198 4904 4897 63294 25 220 20 15 22 15 198 83554 59831 25 220 22 15 18 16 198 35 1701 452 49472 25 220 24 17 17 17 198 42 88850 55240 25 220 23 24 15 15 198 5901 4897 36461 25 220 23 21 21 23 198 51 24685 59405 85 25 220 24 17 23 15 198 82433 93922 25 220 19 23 19 16 198 27175 667 4470 570 25 220 24 20 18 16 198 42 88850 629 17386 25 220 17 24 20 22 198 623 287 462 698 327 25 220 21 16 17 18 198 2229 10211 40050 12297 25 220 22 17 22 18 198 56 4897 23773 12949 25 220 20 15 17 24 198 50 1020 667 32442 54958 25 220 23 16 16 20 198 35 1701 452 93922 25 220 16 22 19 21 198 6737 55747 4470 570 25 220 23 20 19 19 198 2665 269 40050 12297 25 220 16 20 21 18 198 43 1506 59831 25 220 20 17 21 22 198 82433 227938 25 220 20 17 15 20 198 4904 4897 53656 25 220 20 24 21 23 198 42 88850 14315 48040 25 220 18 15 19 20 198 45 51054 82596 25 220 23 16 17 18 198 45 1524 335 2075 59831 25 220 22 19 18 19 198 83554 40050 12297 25 220 23 23 23 16 198 35921 299 1799 33852 1482 25 220 22 19 23 16 198 4904 4897 462 698 327 25 220 17 16 17 23 198 42 2075 92372 25 220 22 21 21 15 198 43 1506 72925 25 220 20 21 21 17 271 14162 25 3437 369 279 2528 1970 364 63889 452 49472 30 198 15666 25 561 2528 1970 364 63889 452 49472 369 220 22 17 22 18	347
r186/gold/q6	nll	5865 1970 18834 198 45 1524 335 2075 207520 25 220 20 20 18 20 198 51 24685 93922 25 220 18 22 19 22 198 49 2492 5709 64683 14183 25 220 22 20 17 19 198 233511 63419 25 220 21 17 19 22 198 24601 10211 78961 25 220 16 16 17 18 198 40 15190 59831 25 220 17 16 24 17 198 6737 55747 26342 67220 375 25 220 24 15 20 16 198 2665 269 227938 25 220 21 21 21 24 198 35921 299 52582 25 220 22 16 20 23 198 43 1506 4470 570 25 220 24 17 23 18 198 39 3253 14315 48040 25 220 19 18 17 21 198 623 287 36461 25 220 20 22 15 19 198 36 46419 64683 14183 25 220 17 22 24 22 198 23202 396 61028 25 220 19 24 19 19 198 4904 4897 61028 25 220 24 17 19 24 198 24601 10211 67186 25 220 17 21 15 15 198 233511 16592 28100 25 220 19 18 18 15 198 23202 396 207520 25 220 23 16 23 19 198 51 2692 80 40050 12297 25 220 22 17 17 20 198 34930 269 61086 25 220 23 21 23 22 198 42 2075 32442 54958 25 220 20 18 21 21 198 3320 2472 56763 25 220 17 17 23 16 198 42 88850 40733 25 220 21 20 17 20 198 42 88850 16592 28100 25 220 23 15 22 16 198 24601 10211 61850 25 220 23 20 15 24 198 35 1701 452 63419 25 220 24 18 19 15 198 83554 78961 25 220 24 18 17 24 198 1106 268 93922 25 220 24 22 20 19 198 35 1701 452 49472 25 220 23 17 16 19 198 39 32389 74092 25 220 19 20 20 22 271 14162 25 3437 369 279 2528 1970 364 1587 55747 26342 67220 375 30 198 15666 25 561 2528 1970 364 1587 55747 26342 67220 375 369 220 24 15 20 16	344
r186/wrong/q6	nll	5865 1970 18834 198 45 1524 335 2075 207520 25 220 20 20 18 20 198 51 24685 93922 25 220 18 22 19 22 198 49 2492 5709 64683 14183 25 220 22 20 17 19 198 233511 63419 25 220 21 17 19 22 198 24601 10211 78961 25 220 16 16 17 18 198 40 15190 59831 25 220 17 16 24 17 198 6737 55747 26342 67220 375 25 220 24 15 20 16 198 2665 269 227938 25 220 21 21 21 24 198 35921 299 52582 25 220 22 16 20 23 198 43 1506 4470 570 25 220 24 17 23 18 198 39 3253 14315 48040 25 220 19 18 17 21 198 623 287 36461 25 220 20 22 15 19 198 36 46419 64683 14183 25 220 17 22 24 22 198 23202 396 61028 25 220 19 24 19 19 198 4904 4897 61028 25 220 24 17 19 24 198 24601 10211 67186 25 220 17 21 15 15 198 233511 16592 28100 25 220 19 18 18 15 198 23202 396 207520 25 220 23 16 23 19 198 51 2692 80 40050 12297 25 220 22 17 17 20 198 34930 269 61086 25 220 23 21 23 22 198 42 2075 32442 54958 25 220 20 18 21 21 198 3320 2472 56763 25 220 17 17 23 16 198 42 88850 40733 25 220 21 20 17 20 198 42 88850 16592 28100 25 220 23 15 22 16 198 24601 10211 61850 25 220 23 20 15 24 198 35 1701 452 63419 25 220 24 18 19 15 198 83554 78961 25 220 24 18 17 24 198 1106 268 93922 25 220 24 22 20 19 198 35 1701 452 49472 25 220 23 17 16 19 198 39 32389 74092 25 220 19 20 20 22 271 14162 25 3437 369 279 2528 1970 364 1587 55747 26342 67220 375 30 198 15666 25 561 2528 1970 364 1587 55747 26342 67220 375 369 220 23 21 23 22	344
r187/gold/q7	nll	5865 1970 18834 198 51 24685 40050 12297 25 220 22 19 19 23 198 43 1506 40733 25 220 20 23 17 20 198 24601 10211 46035 25 220 21 17 23 20 198 59605 40733 25 220 16 20 17 22 198 31795 1413 23773 12949 25 220 20 15 22 22 198 56 350 1644 41803 80831 25 220 24 23 24 22 198 54 268 49346 25 220 19 23 15 19 198 45 1524 335 2075 59405 85 25 220 20 21 17 19 198 3320 2472 64683 14183 25 220 22 23 16 24 198 2196 50557 710 358 1091 6433 25 220 23 16 21 15 198 45 51054 53656 25 220 22 23 17 20 198 35 1701 452 39685 25 220 17 18 20 21 198 49 11642 64683 14183 25 220 22 17 17 22 198 10786 64 4254 2770 25 220 20 22 20 15 198 35921 299 496 4405 1891 25 220 21 17 24 19 198 49 2492 5709 63294 25 220 23 20 18 21 198 42 88850 59831 25 220 16 22 24 15 198 50 1020 667 34827 25 220 22 16 19 20 198 42 88850 227938 25 220 18 19 22 18 198 89306 49472 25 220 22 21 19 22 198 49 2492 5709 629 17386 25 220 22 19 16 15 198 50 1020 667 462 698 327 25 220 17 24 23 20 198 82433 40733 25 220 17 17 23 24 198 4904 4897 710 358 1091 6433 25 220 18 20 20 15 198 57 4493 41803 80831 25 220 20 20 18 19 198 90979 78 93922 25 220 24 21 19 17 198 39304 667 73467 25 220 19 24 20 24 198 57 4493 53656 25 220 22 17 17 19 198 54 268 40733 25 220 22 24 18 24 198 57 4897 629 17386 25 220 23 19 18 15 271 14162 25 3437 369 279 2528 1970 364 92253 2075 59405 85 30 198 15666 25 561 2528 1970 364 92253 2075 59405 85 369 220 20 21 17 19	354
r187/wrong/q7	nll	5865 1970 18834 198 51 24685 40050 12297 25 220 22 19 19 23 198 43 1506 40733 25 220 20 23 17 20 198 24601 10211 46035 25 220 21 17 23 20 198 59605 40733 25 220 16 20 17 22 198 31795 1413 23773 12949 25 220 20 15 22 22 198 56 350 1644 41803 80831 25 220 24 23 24 22 198 54 268 49346 25 220 19 23 15 19 198 45 1524 335 2075 59405 85 25 220 20 21 17 19 198 3320 2472 64683 14183 25 220 22 23 16 24 198 2196 50557 710 358 1091 6433 25 220 23 16 21 15 198 45 51054 53656 25 220 22 23 17 20 198 35 1701 452 39685 25 220 17 18 20 21 198 49 11642 64683 14183 25 220 22 17 17 22 198 10786 64 4254 2770 25 220 20 22 20 15 198 35921 299 496 4405 1891 25 220 21 17 24 19 198 49 2492 5709 63294 25 220 23 20 18 21 198 42 88850 59831 25 220 16 22 24 15 198 50 1020 667 34827 25 220 22 16 19 20 198 42 88850 227938 25 220 18 19 22 18 198 89306 49472 25 220 22 21 19 22 198 49 2492 5709 629 17386 25 220 22 19 16 15 198 50 1020 667 462 698 327 25 220 17 24 23 20 198 82433 40733 25 220 17 17 23 24 198 4904 4897 710 358 1091 6433 25 220 18 20 20 15 198 57 4493 41803 80831 25 220 20 20 18 19 198 90979 78 93922 25 220 24 21 19 17 198 39304 667 73467 25 220 19 24 20 24 198 57 4493 53656 25 220 22 17 17 19 198 54 268 40733 25 220 22 24 18 24 198 57 4897 629 17386 25 220 23 19 18 15 271 14162 25 3437 369 279 2528 1970 364 92253 2075 59405 85 30 198 15666 25 561 2528 1970 364 92253 2075 59405 85 369 220 24 23 24 22	354
r188/gold/q8	nll	5865 1970 18834 198 59605 5367 25 220 18 22 15 18 198 37 65435 78961 25 220 24 21 18 23 198 1106 268 710 358 1091 6433 25 220 20 21 16 20 198 59605 78961 25 220 22 23 24 24 198 82433 59831 25 220 23 16 16 22 198 49 2492 5709 235489 25 220 20 18 20 22 198 43 1506 55240 25 220 23 21 20 16 198 56 4897 16592 28100 25 220 22 19 18 24 198 24601 10211 52582 25 220 24 21 18 17 198 65343 72925 25 220 20 22 17 16 198 5901 4897 78961 25 220 24 23 21 20 198 2196 319 1799 33852 1482 25 220 16 20 20 19 198 49 2492 5709 61086 25 220 19 23 20 16 198 42 2075 61850 25 220 22 20 18 18 198 31795 1413 56763 25 220 24 20 18 18 198 3320 2472 40050 12297 25 220 21 18 21 18 198 89680 7509 16592 28100 25 220 21 23 22 18 198 5901 4897 710 3974 25 220 19 24 20 18 198 51 2692 80 93922 25 220 19 24 15 18 198 39 32389 59831 25 220 19 19 24 21 198 42 2075 40733 25 220 22 22 15 17 198 51 21576 710 358 1091 6433 25 220 23 16 16 15 198 57 4897 56763 25 220 19 18 16 22 198 4904 4897 26342 67220 375 25 220 21 18 16 16 198 23202 396 28975 25 220 22 20 17 20 198 45 51054 39685 25 220 23 16 24 17 198 56 4897 93922 25 220 24 16 19 23 198 56 4897 28975 25 220 17 18 23 21 198 42 2075 59831 25 220 21 18 19 15 198 3320 2472 227938 25 220 18 15 19 17 271 14162 25 3437 369 279 2528 1970 364 7802 10211 52582 30 198 15666 25 561 2528 1970 364 7802 10211 52582 369 220 24 21 18 17	340
r188/wrong/q8	nll	5865 1970 18834 198 59605 5367 25 220 18 22 15 18 198 37 65435 78961 25 220 24 21 18 23 198 1106 268 710 358 1091 6433 25 220 20 21 16 20 198 59605 78961 25 220 22 23 24 24 198 82433 59831 25 220 23 16 16 22 198 49 2492 5709 235489 25 220 20 18 20 22 198 43 1506 55240 25 220 23 21 20 16 198 56 4897 16592 28100 25 220 22 19 18 24 198 24601 10211 52582 25 220 24 21 18 17 198 65343 72925 25 220 20 22 17 16 198 5901 4897 78961 25 220 24 23 21 20 198 2196 319 1799 33852 1482 25 220 16 20 20 19 198 49 2492 5709 61086 25 220 19 23 20 16 198 42 2075 61850 25 220 22 20 18 18 198 31795 1413 56763 25 220 24 20 18 18 198 3320 2472 40050 12297 25 220 21 18 21 18 198 89680 7509 16592 28100 25 220 21 23 22 18 198 5901 4897 710 3974 25 220 19 24 20 18 198 51 2692 80 93922 25 220 19 24 15 18 198 39 32389 59831 25 220 19 19 24 21 198 42 2075 40733 25 220 22 22 15 17 198 51 21576 710 358 1091 6433 25 220 23 16 16 15 198 57 4897 56763 25 220 19 18 16 22 198 4904 4897 26342 67220 375 25 220 21 18 16 16 198 23202 396 28975 25 220 22 20 17 20 198 45 51054 39685 25 220 23 16 24 17 198 56 4897 93922 25 220 24 16 19 23 198 56 4897 28975 25 220 17 18 23 21 198 42 2075 59831 25 220 21 18 19 15 198 3320 2472 227938 25 220 18 15 19 17 271 14162 25 3437 369 279 2528 1970 364 7802 10211 52582 30 198 15666 25 561 2528 1970 364 7802 10211 52582 369 220 23 16 16 22	340
r189/gold/q9	nll	5865 1970 18834 198 40 15190 64683 14183 25 220 23 20 17 22 198 24601 10211 53656 25 220 16 16 24 20 198 233511 92372 25 220 18 21 19 15 198 49 11642 52582 25 220 18 23 24 19 198 40 15190 16592 28100 25 220 16 20 23 17 198 39 32389 63419 25 220 19 19 21 24 198 56 4897 5367 25 220 20 23 17 17 198 51 21576 36461 25 220 22 17 24 23 198 42 88850 16592 28100 25 220 16 21 20 21 198 92055 46035 25 220 21 17 20 17 198 233511 53656 25 220 18 16 15 18 198 49 2492 5709 64683 14183 25 220 21 19 15 21 198 43 1506 73467 25 220 20 17 21 17 198 46 23738 4254 2770 25 220 22 21 20 18 198 10786 64 23773 12949 25 220 24 16 16 21 198 51 24685 61850 25 220 24 24 21 19 198 51 21576 59831 25 220 21 18 22 21 198 89306 56763 25 220 20 17 22 21 198 45 51054 5367 25 220 20 17 20 23 198 6737 55747 462 698 327 25 220 17 19 24 20 198 83554 55240 25 220 16 19 16 24 198 56 350 1644 39185 25 220 17 15 23 17 198 45 51054 235489 25 220 17 15 24 15 198 90979 78 28975 25 220 17 21 20 15 198 10786 64 235489 25 220 22 17 16 17 198 36 46419 40733 25 220 24 23 16 15 198 37 65435 78961 25 220 19 15 20 23 198 3320 2472 55240 25 220 16 22 19 22 198 35921 299 82596 25 220 20 20 19 18 198 42 2075 61028 25 220 20 18 24 19 271 14162 25 3437 369 279 2528 1970 364 49428 46035 30 198 15666 25 561 2528 1970 364 49428 46035 369 220 21 17 20 17	330
r189/wrong/q9	nll	5865 1970 18834 198 40 15190 64683 14183 25 220 23 20 17 22 198 24601 10211 53656 25 220 16 16 24 20 198 233511 92372 25 220 18 21 19 15 198 49 11642 52582 25 220 18 23 24 19 198 40 15190 16592 28100 25 220 16 20 23 17 198 39 32389 63419 25 220 19 19 21 24 198 56 4897 5367 25 220 20 23 17 17 198 51 21576 36461 25 220 22 17 24 23 198 42 88850 16592 28100 25 220 16 21 20 21 198 92055 46035 25 220 21 17 20 17 198 233511 53656 25 220 18 16 15 18 198 49 2492 5709 64683 14183 25 220 21 19 15 21 198 43 1506 73467 25 220 20 17 21 17 198 46 23738 4254 2770 25 220 22 21 20 18 198 10786 64 23773 12949 25 220 24 16 16 21 198 51 24685 61850 25 220 24 24 21 19 198 51 21576 59831 25 220 21 18 22 21 198 89306 56763 25 220 20 17 22 21 198 45 51054 5367 25 220 20 17 20 23 198 6737 55747 462 698 327 25 220 17 19 24 20 198 83554 55240 25 220 16 19 16 24 198 56 350 1644 39185 25 220 17 15 23 17 198 45 51054 235489 25 220 17 15 24 15 198 90979 78 28975 25 220 17 21 20 15 198 10786 64 235489 25 220 22 17 16 17 198 36 46419 40733 25 220 24 23 16 15 198 37 65435 78961 25 220 19 15 20 23 198 3320 2472 55240 25 220 16 22 19 22 198 35921 299 82596 25 220 20 20 19 18 198 42 2075 61028 25 220 20 18 24 19 271 14162 25 3437 369 279 2528 1970 364 49428 46035 30 198 15666 25 561 2528 1970 364 49428 46035 369 220 22 17 24 23	330
r190/gold/q10	nll	5865 1970 18834 198 2665 269 36461 25 220 16 17 22 19 198 34930 269 36461 25 220 23 19 19 15 198 31795 1413 40050 12297 25 220 21 22 23 18 198 57 4897 710 3974 25 220 18 23 24 21 198 42 2075 92372 25 220 19 16 24 24 198 34930 269 40050 12297 25 220 17 22 20 24 198 45 1524 335 2075 73467 25 220 16 22 16 23 198 2665 269 46035 25 220 16 23 17 20 198 40 15190 63419 25 220 24 21 18 15 198 2665 269 61086 25 220 17 15 21 20 198 39 32389 63294 25 220 21 15 16 16 198 233511 5367 25 220 19 21 19 23 198 623 287 93922 25 220 23 18 15 22 198 89680 7509 462 698 327 25 220 16 21 23 21 198 6737 55747 59831 25 220 22 15 22 15 198 39 32389 23773 12949 25 220 20 24 17 17 198 56 4897 63419 25 220 16 21 19 20 198 89306 227938 25 220 18 23 18 16 198 2196 50557 235489 25 220 19 22 19 24 198 89306 55240 25 220 21 18 18 16 198 39304 667 74092 25 220 16 21 20 16 198 43 1506 462 698 327 25 220 19 21 15 20 198 82433 63294 25 220 17 16 20 21 198 59605 1799 33852 1482 25 220 19 18 18 22 198 50 1020 667 61086 25 220 24 17 24 16 198 35 1701 452 16592 28100 25 220 18 16 19 17 198 42 88850 56763 25 220 18 15 19 15 198 92055 710 358 1091 6433 25 220 24 22 22 18 198 45 51054 61028 25 220 21 19 20 16 198 49 2492 5709 40050 12297 25 220 18 21 22 23 271 14162 25 3437 369 279 2528 1970 364 49374 63294 30 198 15666 25 561 2528 1970 364 49374 63294 369 220 21 15 16 16	339
r190/wrong/q10	nll	5865 1970 18834 198 2665 269 36461 25 220 16 17 22 19 198 34930 269 36461 25 220 23 19 19 15 198 31795 1413 40050 12297 25 220 21 22 23 18 198 57 4897 710 3974 25 220 18 23 24 21 198 42 2075 92372 25 220 19 16 24 24 198 34930 269 40050 12297 25 220 17 22 20 24 198 45 1524 335 2075 73467 25 220 16 22 16 23 198 2665 269 46035 25 220 16 23 17 20 198 40 15190 63419 25 220 24 21 18 15 198 2665 269 61086 25 220 17 15 21 20 198 39 32389 63294 25 220 21 15 16 16 198 233511 5367 25 220 19 21 19 23 198 623 287 93922 25 220 23 18 15 22 198 89680 7509 462 698 327 25 220 16 21 23 21 198 6737 55747 59831 25 220 22 15 22 15 198 39 32389 23773 12949 25 220 20 24 17 17 198 56 4897 63419 25 220 16 21 19 20 198 89306 227938 25 220 18 23 18 16 198 2196 50557 235489 25 220 19 22 19 24 198 89306 55240 25 220 21 18 18 16 198 39304 667 74092 25 220 16 21 20 16 198 43 1506 462 698 327 25 220 19 21 15 20 198 82433 63294 25 220 17 16 20 21 198 59605 1799 33852 1482 25 220 19 18 18 22 198 50 1020 667 61086 25 220 24 17 24 16 198 35 1701 452 16592 28100 25 220 18 16 19 17 198 42 88850 56763 25 220 18 15 19 15 198 92055 710 358 1091 6433 25 220 24 22 22 18 198 45 51054 61028 25 220 21 19 20 16 198 49 2492 5709 40050 12297 25 220 18 21 22 23 271 14162 25 3437 369 279 2528 1970 364 49374 63294 30 198 15666 25 561 2528 1970 364 49374 63294 369 220 16 21 19 20	339
r191/gold/q11	nll	5865 1970 18834 198 89306 41803 80831 25 220 16 19 18 17 198 23202 396 458 452 82319 25 220 19 23 20 15 198 56 350 1644 63419 25 220 22 22 20 20 198 65343 59405 85 25 220 23 21 18 23 198 2196 319 1799 33852 1482 25 220 17 22 17 15 198 36 46419 59831 25 220 23 16 21 16 198 39 3253 39685 25 220 20 23 24 15 198 2229 10211 74092 25 220 20 19 17 15 198 82433 56763 25 220 16 23 20 16 198 10786 64 36461 25 220 24 19 23 18 198 2196 319 93922 25 220 24 20 24 19 198 35 1701 452 40050 12297 25 220 21 22 21 22 198 2229 10211 52582 25 220 22 20 17 20 198 90979 78 710 358 1091 6433 25 220 19 20 24 19 198 49 11642 27466 25 220 24 22 15 24 198 83554 5367 25 220 21 16 18 15 198 51 2692 80 27466 25 220 18 24 22 19 198 42 2075 61850 25 220 24 24 19 19 198 89680 7509 64683 14183 25 220 21 19 15 22 198 233511 629 17386 25 220 24 24 16 20 198 233511 82596 25 220 19 15 18 21 198 623 287 72925 25 220 22 15 19 19 198 2229 10211 49472 25 220 22 18 17 23 198 39304 667 82596 25 220 18 17 17 22 198 65343 67186 25 220 18 19 15 19 198 51 21576 26342 67220 375 25 220 20 16 22 16 198 89680 7509 28975 25 220 18 23 21 21 198 51 2692 80 93922 25 220 16 19 15 22 198 45 51054 73467 25 220 21 22 23 23 198 4904 4897 63419 25 220 22 22 15 20 271 14162 25 3437 369 279 2528 1970 364 63889 452 40050 12297 30 198 15666 25 561 2528 1970 364 63889 452 40050 12297 369 220 21 22 21 22	340
r191/wrong/q11	nll	5865 1970 18834 198 89306 41803 80831 25 220 16 19 18 17 198 23202 396 458 452 82319 25 220 19 23 20 15 198 56 350 1644 63419 25 220 22 22 20 20 198 65343 59405 85 25 220 23 21 18 23 198 2196 319 1799 33852 1482 25 220 17 22 17 15 198 36 46419 59831 25 220 23 16 21 16 198 39 3253 39685 25 220 20 23 24 15 198 2229 10211 74092 25 220 20 19 17 15 198 82433 56763 25 220 16 23 20 16 198 10786 64 36461 25 220 24 19 23 18 198 2196 319 93922 25 220 24 20 24 19 198 35 1701 452 40050 12297 25 220 21 22 21 22 198 2229 10211 52582 25 220 22 20 17 20 198 90979 78 710 358 1091 6433 25 220 19 20 24 19 198 49 11642 27466 25 220 24 22 15 24 198 83554 5367 25 220 21 16 18 15 198 51 2692 80 27466 25 220 18 24 22 19 198 42 2075 61850 25 220 24 24 19 19 198 89680 7509 64683 14183 25 220 21 19 15 22 198 233511 629 17386 25 220 24 24 16 20 198 233511 82596 25 220 19 15 18 21 198 623 287 72925 25 220 22 15 19 19 198 2229 10211 49472 25 220 22 18 17 23 198 39304 667 82596 25 220 18 17 17 22 198 65343 67186 25 220 18 19 15 19 198 51 21576 26342 67220 375 25 220 20 16 22 16 198 89680 7509 28975 25 220 18 23 21 21 198 51 2692 80 93922 25 220 16 19 15 22 198 45 51054 73467 25 220 21 22 23 23 198 4904 4897 63419 25 220 22 22 15 20 271 14162 25 3437 369 279 2528 1970 364 63889 452 40050 12297 30 198 15666 25 561 2528 1970 364 63889 452 40050 12297 369 220 19 15 18 21	340
r192/gold/q12	nll	5865 1970 18834 198 90979 78 59405 85 25 220 19 23 24 20 198 4904 4897 27466 25 220 19 15 16 23 198 42 88850 55240 25 220 18 18 22 20 198 2229 10211 73467 25 220 21 18 19 22 198 51 21576 34827 25 220 23 15 15 22 198 57 4493 235489 25 220 16 15 21 15 198 45 51054 36461 25 220 16 19 19 19 198 1106 268 1799 33852 1482 25 220 17 24 19 18 198 49 11642 52582 25 220 17 17 23 18 198 42 2075 5367 25 220 21 22 20 22 198 24601 10211 72925 25 220 24 24 20 15 198 49 2492 5709 41803 80831 25 220 20 24 18 15 198 233511 49346 25 220 16 16 20 17 198 46 23738 63419 25 220 16 23 23 23 198 92055 61028 25 220 22 21 20 21 198 89680 7509 59831 25 220 19 22 24 16 198 51 24685 40733 25 220 24 16 20 18 198 45 1524 335 2075 16592 28100 25 220 24 18 19 17 198 43 1506 59831 25 220 22 24 23 17 198 45 51054 710 3974 25 220 23 24 23 18 198 35921 299 63294 25 220 16 16 24 16 198 92055 207520 25 220 23 23 23 16 198 56 4897 27466 25 220 21 21 21 16 198 92055 39185 25 220 16 19 16 15 198 46 23738 56763 25 220 16 18 22 20 198 54 268 63294 25 220 24 24 21 19 198 10786 64 67186 25 220 20 15 15 19 198 5901 4897 40733 25 220 18 20 15 23 198 92055 4470 570 25 220 23 20 16 17 198 89306 73467 25 220 22 19 16 22 271 14162 25 3437 369 279 2528 1970 364 82807 49346 30 198 15666 25 561 2528 1970 364 82807 49346 369 220 16 16 20 17	329
r192/wrong/q12	nll	5865 1970 18834 198 90979 78 59405 85 25 220 19 23 24 20 198 4904 4897 27466 25 220 19 15 16 23 198 42 88850 55240 25 220 18 18 22 20 198 2229 10211 73467 25 220 21 18 19 22 198 51 21576 34827 25 220 23 15 15 22 198 57 4493 235489 25 220 16 15 21 15 198 45 51054 36461 25 220 16 19 19 19 198 1106 268 1799 33852 1482 25 220 17 24 19 18 198 49 11642 52582 25 220 17 17 23 18 198 42 2075 5367 25 220 21 22 20 22 198 24601 10211 72925 25 220 24 24 20 15 198 49 2492 5709 41803 80831 25 220 20 24 18 15 198 233511 49346 25 220 16 16 20 17 198 46 23738 63419 25 220 16 23 23 23 198 92055 61028 25 220 22 21 20 21 198 89680 7509 59831 25 220 19 22 24 16 198 51 24685 40733 25 220 24 16 20 18 198 45 1524 335 2075 16592 28100 25 220 24 18 19 17 198 43 1506 59831 25 220 22 24 23 17 198 45 51054 710 3974 25 220 23 24 23 18 198 35921 299 63294 25 220 16 16 24 16 198 92055 207520 25 220 23 23 23 16 198 56 4897 27466 25 220 21 21 21 16 198 92055 39185 25 220 16 19 16 15 198 46 23738 56763 25 220 16 18 22 20 198 54 268 63294 25 220 24 24 21 19 198 10786 64 67186 25 220 20 15 15 19 198 5901 4897 40733 25 220 18 20 15 23 198 92055 4470 570 25 220 23 20 16 17 198 89306 73467 25 220 22 19 16 22 271 14162 25 3437 369 279 2528 1970 364 82807 49346 30 198 15666 25 561 2528 1970 364 82807 49346 369 220 23 23 23 16	329
r193/gold/q13	nll	5865 1970 18834 198 89306 5367 25 220 18 24 22 15 198 49 11642 1799 33852 1482 25 220 16 20 15 17 198 43 1506 14315 48040 25 220 18 23 16 16 198 45 1524 335 2075 72925 25 220 20 24 19 21 198 51 24685 462 698 327 25 220 23 16 23 17 198 54 268 63294 25 220 23 15 20 22 198 57 4493 92372 25 220 16 22 22 21 198 89680 7509 235489 25 220 19 17 21 16 198 2196 50557 36461 25 220 17 19 20 19 198 49 11642 53656 25 220 19 20 23 17 198 51 21576 61028 25 220 23 20 16 22 198 39 32389 23773 12949 25 220 18 15 17 22 198 46 23738 46035 25 220 18 17 19 18 198 40 15190 82596 25 220 22 15 19 18 198 83554 56763 25 220 20 23 15 17 198 6737 55747 40050 12297 25 220 19 19 17 23 198 2196 319 4254 2770 25 220 24 15 16 19 198 10786 64 41803 80831 25 220 21 17 23 17 198 23202 396 59405 85 25 220 19 15 20 24 198 92055 59405 85 25 220 22 23 15 23 198 24601 10211 49472 25 220 22 24 19 22 198 39 32389 64683 14183 25 220 17 16 19 17 198 2665 269 61028 25 220 23 18 21 16 198 50 1020 667 56763 25 220 24 17 22 15 198 83554 53656 25 220 24 16 21 16 198 92055 4470 570 25 220 22 18 23 16 198 24601 10211 34827 25 220 23 24 15 15 198 54 268 235489 25 220 16 21 16 15 198 37 65435 63419 25 220 23 24 24 20 198 10786 64 34827 25 220 17 18 24 17 271 14162 25 3437 369 279 2528 1970 364 40050 82596 30 198 15666 25 561 2528 1970 364 40050 82596 369 220 22 15 19 18	336
r193/wrong/q13	nll	5865 1970 18834 198 89306 5367 25 220 18 24 22 15 198 49 11642 1799 33852 1482 25 220 16 20 15 17 198 43 1506 14315 48040 25 220 18 23 16 16 198 45 1524 335 2075 72925 25 220 20 24 19 21 198 51 24685 462 698 327 25 220 23 16 23 17 198 54 268 63294 25 220 23 15 20 22 198 57 4493 92372 25 220 16 22 22 21 198 89680 7509 235489 25 220 19 17 21 16 198 2196 50557 36461 25 220 17 19 20 19 198 49 11642 53656 25 220 19 20 23 17 198 51 21576 61028 25 220 23 20 16 22 198 39 32389 23773 12949 25 220 18 15 17 22 198 46 23738 46035 25 220 18 17 19 18 198 40 15190 82596 25 220 22 15 19 18 198 83554 56763 25 220 20 23 15 17 198 6737 55747 40050 12297 25 220 19 19 17 23 198 2196 319 4254 2770 25 220 24 15 16 19 198 10786 64 41803 80831 25 220 21 17 23 17 198 23202 396 59405 85 25 220 19 15 20 24 198 92055 59405 85 25 220 22 23 15 23 198 24601 10211 49472 25 220 22 24 19 22 198 39 32389 64683 14183 25 220 17 16 19 17 198 2665 269 61028 25 220 23 18 21 16 198 50 1020 667 56763 25 220 24 17 22 15 198 83554 53656 25 220 24 16 21 16 198 92055 4470 570 25 220 22 18 23 16 198 24601 10211 34827 25 220 23 24 15 15 198 54 268 235489 25 220 16 21 16 15 198 37 65435 63419 25 220 23 24 24 20 198 10786 64 34827 25 220 17 18 24 17 271 14162 25 3437 369 279 2528 1970 364 40050 82596 30 198 15666 25 561 2528 1970 364 40050 82596 369 220 23 24 24 20	336
r194/gold/q14	nll	5865 1970 18834 198 31795 1413 26342 67220 375 25 220 18 22 22 20 198 56 350 1644 235489 25 220 19 23 19 24 198 89306 4470 570 25 220 21 18 15 23 198 89306 458 452 82319 25 220 17 23 17 17 198 43 1506 34827 25 220 17 18 24 22 198 57 4493 36461 25 220 20 21 23 15 198 6737 55747 710 358 1091 6433 25 220 16 17 21 22 198 35921 299 496 4405 1891 25 220 19 20 24 21 198 89680 7509 49346 25 220 19 24 22 23 198 40 15190 61850 25 220 23 24 19 16 198 39 3253 207520 25 220 24 16 17 20 198 35 1701 452 53656 25 220 19 15 24 18 198 5901 4897 710 358 1091 6433 25 220 16 18 17 22 198 10786 64 1799 33852 1482 25 220 22 22 21 20 198 49 11642 63419 25 220 16 19 16 20 198 50 1020 667 227938 25 220 17 21 19 24 198 40 15190 23773 12949 25 220 18 20 19 21 198 92055 64683 14183 25 220 20 17 20 23 198 65343 59831 25 220 21 16 20 19 198 31795 1413 49346 25 220 19 22 19 20 198 83554 52582 25 220 22 23 23 16 198 89680 7509 92372 25 220 16 21 21 18 198 57 4493 710 358 1091 6433 25 220 18 15 16 19 198 59605 26342 67220 375 25 220 21 19 16 22 198 57 4897 207520 25 220 23 20 18 21 198 10786 64 55240 25 220 16 17 21 15 198 40 15190 93922 25 220 24 23 24 20 198 233511 72925 25 220 23 19 19 23 198 49 2492 5709 72925 25 220 21 16 16 21 198 43 1506 41803 80831 25 220 23 15 20 24 271 14162 25 3437 369 279 2528 1970 364 45265 63419 30 198 15666 25 561 2528 1970 364 45265 63419 369 220 16 19 16 20	345
r194/wrong/q14	nll	5865 1970 18834 198 31795 1413 26342 67220 375 25 220 18 22 22 20 198 56 350 1644 235489 25 220 19 23 19 24 198 89306 4470 570 25 220 21 18 15 23 198 89306 458 452 82319 25 220 17 23 17 17 198 43 1506 34827 25 220 17 18 24 22 198 57 4493 36461 25 220 20 21 23 15 198 6737 55747 710 358 1091 6433 25 220 16 17 21 22 198 35921 299 496 4405 1891 25 220 19 20 24 21 198 89680 7509 49346 25 220 19 24 22 23 198 40 15190 61850 25 220 23 24 19 16 198 39 3253 207520 25 220 24 16 17 20 198 35 1701 452 53656 25 220 19 15 24 18 198 5901 4897 710 358 1091 6433 25 220 16 18 17 22 198 10786 64 1799 33852 1482 25 220 22 22 21 20 198 49 11642 63419 25 220 16 19 16 20 198 50 1020 667 227938 25 220 17 21 19 24 198 40 15190 23773 12949 25 220 18 20 19 21 198 92055 64683 14183 25 220 20 17 20 23 198 65343 59831 25 220 21 16 20 19 198 31795 1413 49346 25 220 19 22 19 20 198 83554 52582 25 220 22 23 23 16 198 89680 7509 92372 25 220 16 21 21 18 198 57 4493 710 358 1091 6433 25 220 18 15 16 19 198 59605 26342 67220 375 25 220 21 19 16 22 198 57 4897 207520 25 220 23 20 18 21 198 10786 64 55240 25 220 16 17 21 15 198 40 15190 93922 25 220 24 23 24 20 198 233511 72925 25 220 23 19 19 23 198 49 2492 5709 72925 25 220 21 16 16 21 198 43 1506 41803 80831 25 220 23 15 20 24 271 14162 25 3437 369 279 2528 1970 364 45265 63419 30 198 15666 25 561 2528 1970 364 45265 63419 369 220 22 23 23 16	345
r195/gold/q15	nll	5865 1970 18834 198 2229 10211 72925 25 220 20 22 23 17 198 623 287 40050 12297 25 220 20 24 21 23 198 89680 7509 63419 25 220 20 16 16 18 198 49 2492 5709 82596 25 220 23 15 21 19 198 45 1524 335 2075 4470 570 25 220 19 17 19 23 198 65343 46035 25 220 20 22 18 21 198 31795 1413 16592 28100 25 220 18 22 16 21 198 35921 299 78961 25 220 19 16 16 18 198 49 2492 5709 26342 67220 375 25 220 24 21 22 18 198 45 1524 335 2075 59405 85 25 220 21 21 15 18 198 3320 2472 46035 25 220 23 22 16 23 198 51 2692 80 5367 25 220 16 16 22 16 198 2665 269 32442 54958 25 220 24 15 15 18 198 90979 78 16592 28100 25 220 18 20 22 22 198 56 350 1644 462 698 327 25 220 16 17 22 15 198 45 1524 335 2075 78961 25 220 20 20 21 19 198 89680 7509 46035 25 220 18 18 17 24 198 51 21576 59405 85 25 220 22 22 17 20 198 43 1506 93922 25 220 21 20 22 15 198 39304 667 49346 25 220 18 23 22 18 198 51 2692 80 4470 570 25 220 20 15 17 18 198 24601 10211 56763 25 220 17 23 19 17 198 89680 7509 207520 25 220 16 24 16 16 198 5901 4897 462 698 327 25 220 24 16 17 15 198 49 11642 61028 25 220 18 22 19 16 198 2196 319 41803 80831 25 220 16 24 22 19 198 65343 462 698 327 25 220 18 19 21 22 198 6737 55747 28975 25 220 23 15 15 20 198 51 2692 80 28975 25 220 21 22 19 21 198 89306 74092 25 220 20 22 18 17 271 14162 25 3437 369 279 2528 1970 364 92253 2075 78961 30 198 15666 25 561 2528 1970 364 92253 2075 78961 369 220 20 20 21 19	353
r195/wrong/q15	nll	5865 1970 18834 198 2229 10211 72925 25 220 20 22 23 17 198 623 287 40050 12297 25 220 20 24 21 23 198 89680 7509 63419 25 220 20 16 16 18 198 49 2492 5709 82596 25 220 23 15 21 19 198 45 1524 335 2075 4470 570 25 220 19 17 19 23 198 65343 46035 25 220 20 22 18 21 198 31795 1413 16592 28100 25 220 18 22 16 21 198 35921 299 78961 25 220 19 16 16 18 198 49 2492 5709 26342 67220 375 25 220 24 21 22 18 198 45 1524 335 2075 59405 85 25 220 21 21 15 18 198 3320 2472 46035 25 220 23 22 16 23 198 51 2692 80 5367 25 220 16 16 22 16 198 2665 269 32442 54958 25 220 24 15 15 18 198 90979 78 16592 28100 25 220 18 20 22 22 198 56 350 1644 462 698 327 25 220 16 17 22 15 198 45 1524 335 2075 78961 25 220 20 20 21 19 198 89680 7509 46035 25 220 18 18 17 24 198 51 21576 59405 85 25 220 22 22 17 20 198 43 1506 93922 25 220 21 20 22 15 198 39304 667 49346 25 220 18 23 22 18 198 51 2692 80 4470 570 25 220 20 15 17 18 198 24601 10211 56763 25 220 17 23 19 17 198 89680 7509 207520 25 220 16 24 16 16 198 5901 4897 462 698 327 25 220 24 16 17 15 198 49 11642 61028 25 220 18 22 19 16 198 2196 319 41803 80831 25 220 16 24 22 19 198 65343 462 698 327 25 220 18 19 21 22 198 6737 55747 28975 25 220 23 15 15 20 198 51 2692 80 28975 25 220 21 22 19 21 198 89306 74092 25 220 20 22 18 17 271 14162 25 3437 369 279 2528 1970 364 92253 2075 78961 30 198 15666 25 561 2528 1970 364 92253 2075 78961 369 220 18 22 16 21	353
r196/gold/q16	nll	5865 1970 18834 198 37 65435 49472 25 220 23 21 19 17 198 65343 26342 67220 375 25 220 20 23 15 20 198 10786 64 59831 25 220 24 21 23 23 198 37 65435 63419 25 220 24 18 23 21 198 83554 61028 25 220 19 16 15 23 198 2229 10211 14315 48040 25 220 24 22 22 24 198 40 15190 39685 25 220 22 24 17 18 198 90979 78 52582 25 220 23 21 23 18 198 4904 4897 93922 25 220 20 22 23 22 198 623 287 92372 25 220 18 24 16 22 198 92055 27466 25 220 23 17 16 17 198 45 1524 335 2075 53656 25 220 16 15 19 19 198 42 2075 39685 25 220 16 22 20 20 198 56 350 1644 34827 25 220 18 16 17 17 198 65343 710 358 1091 6433 25 220 18 22 24 16 198 2196 319 78961 25 220 19 22 16 17 198 39 32389 16592 28100 25 220 19 15 15 19 198 65343 61028 25 220 16 19 19 19 198 82433 34827 25 220 19 24 21 22 198 45 1524 335 2075 16592 28100 25 220 24 20 17 18 198 46 23738 39185 25 220 18 19 16 17 198 35 1701 452 63294 25 220 22 20 21 16 198 24601 10211 36461 25 220 23 20 22 22 198 83554 496 4405 1891 25 220 20 15 15 24 198 43 1506 53656 25 220 24 20 20 20 198 233511 64683 14183 25 220 24 20 20 24 198 65343 462 698 327 25 220 16 22 21 21 198 5901 4897 462 698 327 25 220 19 24 22 19 198 49 2492 5709 28975 25 220 18 24 24 19 198 2665 269 64683 14183 25 220 20 23 21 20 271 14162 25 3437 369 279 2528 1970 364 49374 16592 28100 30 198 15666 25 561 2528 1970 364 49374 16592 28100 369 220 19 15 15 19	341
r196/wrong/q16	nll	5865 1970 18834 198 37 65435 49472 25 220 23 21 19 17 198 65343 26342 67220 375 25 220 20 23 15 20 198 10786 64 59831 25 220 24 21 23 23 198 37 65435 63419 25 220 24 18 23 21 198 83554 61028 25 220 19 16 15 23 198 2229 10211 14315 48040 25 220 24 22 22 24 198 40 15190 39685 25 220 22 24 17 18 198 90979 78 52582 25 220 23 21 23 18 198 4904 4897 93922 25 220 20 22 23 22 198 623 287 92372 25 220 18 24 16 22 198 92055 27466 25 220 23 17 16 17 198 45 1524 335 2075 53656 25 220 16 15 19 19 198 42 2075 39685 25 220 16 22 20 20 198 56 350 1644 34827 25 220 18 16 17 17 198 65343 710 358 1091 6433 25 220 18 22 24 16 198 2196 319 78961 25 220 19 22 16 17 198 39 32389 16592 28100 25 220 19 15 15 19 198 65343 61028 25 220 16 19 19 19 198 82433 34827 25 220 19 24 21 22 198 45 1524 335 2075 16592 28100 25 220 24 20 17 18 198 46 23738 39185 25 220 18 19 16 17 198 35 1701 452 63294 25 220 22 20 21 16 198 24601 10211 36461 25 220 23 20 22 22 198 83554 496 4405 1891 25 220 20 15 15 24 198 43 1506 53656 25 220 24 20 20 20 198 233511 64683 14183 25 220 24 20 20 24 198 65343 462 698 327 25 220 16 22 21 21 198 5901 4897 462 698 327 25 220 19 24 22 19 198 49 2492 5709 28975 25 220 18 24 24 19 198 2665 269 64683 14183 25 220 20 23 21 20 271 14162 25 3437 369 279 2528 1970 364 49374 16592 28100 30 198 15666 25 561 2528 1970 364 49374 16592 28100 369 220 18 22 24 16	341
r197/gold/q17	nll	5865 1970 18834 198 36 46419 710 3974 25 220 17 23 23 23 198 49 2492 5709 49346 25 220 17 19 24 17 198 51 21576 40050 12297 25 220 16 18 17 18 198 51 2692 80 39185 25 220 20 21 24 21 198 51 24685 40050 12297 25 220 16 19 19 17 198 2665 269 23773 12949 25 220 22 18 22 16 198 34930 269 39685 25 220 22 21 20 23 198 2196 50557 93922 25 220 16 20 20 17 198 57 4897 74092 25 220 19 15 23 22 198 54 268 67186 25 220 18 23 16 17 198 50 1020 667 63294 25 220 22 16 19 22 198 35921 299 73467 25 220 21 19 18 24 198 2196 50557 207520 25 220 18 18 17 17 198 57 4493 59405 85 25 220 16 18 16 17 198 59605 93922 25 220 18 23 24 20 198 2196 319 49346 25 220 22 15 21 20 198 45 51054 23773 12949 25 220 21 16 22 23 198 51 24685 1799 33852 1482 25 220 17 24 17 15 198 4904 4897 40733 25 220 18 23 22 20 198 90979 78 34827 25 220 19 23 21 17 198 43 1506 52582 25 220 18 22 15 22 198 623 287 56763 25 220 21 17 16 20 198 89680 7509 462 698 327 25 220 21 18 24 21 198 3320 2472 93922 25 220 20 21 15 23 198 36 46419 23773 12949 25 220 19 22 18 18 198 51 24685 61028 25 220 20 20 21 15 198 2196 50557 27466 25 220 23 19 15 22 198 57 4897 32442 54958 25 220 19 20 22 20 198 35 1701 452 16592 28100 25 220 22 21 18 18 198 42 2075 462 698 327 25 220 19 22 16 21 271 14162 25 3437 369 279 2528 1970 364 345 24685 1799 33852 1482 30 198 15666 25 561 2528 1970 364 345 24685 1799 33852 1482 369 220 17 24 17 15	349
r197/wrong/q17	nll	5865 1970 18834 198 36 46419 710 3974 25 220 17 23 23 23 198 49 2492 5709 49346 25 220 17 19 24 17 198 51 21576 40050 12297 25 220 16 18 17 18 198 51 2692 80 39185 25 220 20 21 24 21 198 51 24685 40050 12297 25 220 16 19 19 17 198 2665 269 23773 12949 25 220 22 18 22 16 198 34930 269 39685 25 220 22 21 20 23 198 2196 50557 93922 25 220 16 20 20 17 198 57 4897 74092 25 220 19 15 23 22 198 54 268 67186 25 220 18 23 16 17 198 50 1020 667 63294 25 220 22 16 19 22 198 35921 299 73467 25 220 21 19 18 24 198 2196 50557 207520 25 220 18 18 17 17 198 57 4493 59405 85 25 220 16 18 16 17 198 59605 93922 25 220 18 23 24 20 198 2196 319 49346 25 220 22 15 21 20 198 45 51054 23773 12949 25 220 21 16 22 23 198 51 24685 1799 33852 1482 25 220 17 24 17 15 198 4904 4897 40733 25 220 18 23 22 20 198 90979 78 34827 25 220 19 23 21 17 198 43 1506 52582 25 220 18 22 15 22 198 623 287 56763 25 220 21 17 16 20 198 89680 7509 462 698 327 25 220 21 18 24 21 198 3320 2472 93922 25 220 20 21 15 23 198 36 46419 23773 12949 25 220 19 22 18 18 198 51 24685 61028 25 220 20 20 21 15 198 2196 50557 27466 25 220 23 19 15 22 198 57 4897 32442 54958 25 220 19 20 22 20 198 35 1701 452 16592 28100 25 220 22 21 18 18 198 42 2075 462 698 327 25 220 19 22 16 21 271 14162 25 3437 369 279 2528 1970 364 345 24685 1799 33852 1482 30 198 15666 25 561 2528 1970 364 345 24685 1799 33852 1482 369 220 22 21 18 18	349
r198/gold/q18	nll	5865 1970 18834 198 39 3253 59831 25 220 17 24 24 18 198 50 1020 667 49472 25 220 23 24 15 24 198 90979 78 59831 25 220 18 24 19 19 198 45 51054 26342 67220 375 25 220 20 16 15 19 198 51 21576 64683 14183 25 220 16 20 24 21 198 1106 268 56763 25 220 20 24 23 23 198 35 1701 452 78961 25 220 22 18 19 18 198 51 2692 80 207520 25 220 23 20 16 15 198 6737 55747 32442 54958 25 220 18 24 17 19 198 37 65435 26342 67220 375 25 220 16 22 16 24 198 35 1701 452 629 17386 25 220 20 21 16 15 198 3320 2472 710 358 1091 6433 25 220 17 24 15 19 198 10786 64 55240 25 220 22 24 15 23 198 83554 59405 85 25 220 16 24 21 15 198 57 4897 458 452 82319 25 220 24 21 16 15 198 40 15190 39685 25 220 21 23 19 24 198 10786 64 52582 25 220 21 19 15 21 198 51 21576 4254 2770 25 220 20 19 15 16 198 39304 667 227938 25 220 17 15 21 20 198 49 2492 5709 78961 25 220 22 23 16 17 198 57 4493 49346 25 220 21 22 20 23 198 46 23738 27466 25 220 21 18 24 23 198 233511 458 452 82319 25 220 17 23 22 23 198 45 1524 335 2075 496 4405 1891 25 220 19 22 15 20 198 54 268 227938 25 220 19 16 19 19 198 2196 319 27466 25 220 18 22 23 22 198 4904 4897 46035 25 220 16 15 22 18 198 23202 396 14315 48040 25 220 20 23 15 24 198 39 3253 235489 25 220 20 15 24 20 198 623 287 14315 48040 25 220 19 16 24 16 271 14162 25 3437 369 279 2528 1970 364 76459 227938 30 198 15666 25 561 2528 1970 364 76459 227938 369 220 17 15 21 20	350
r198/wrong/q18	nll	5865 1970 18834 198 39 3253 59831 25 220 17 24 24 18 198 50 1020 667 49472 25 220 23 24 15 24 198 90979 78 59831 25 220 18 24 19 19 198 45 51054 26342 67220 375 25 220 20 16 15 19 198 51 21576 64683 14183 25 220 16 20 24 21 198 1106 268 56763 25 220 20 24 23 23 198 35 1701 452 78961 25 220 22 18 19 18 198 51 2692 80 207520 25 220 23 20 16 15 198 6737 55747 32442 54958 25 220 18 24 17 19 198 37 65435 26342 67220 375 25 220 16 22 16 24 198 35 1701 452 629 17386 25 220 20 21 16 15 198 3320 2472 710 358 1091 6433 25 220 17 24 15 19 198 10786 64 55240 25 220 22 24 15 23 198 83554 59405 85 25 220 16 24 21 15 198 57 4897 458 452 82319 25 220 24 21 16 15 198 40 15190 39685 25 220 21 23 19 24 198 10786 64 52582 25 220 21 19 15 21 198 51 21576 4254 2770 25 220 20 19 15 16 198 39304 667 227938 25 220 17 15 21 20 198 49 2492 5709 78961 25 220 22 23 16 17 198 57 4493 49346 25 220 21 22 20 23 198 46 23738 27466 25 220 21 18 24 23 198 233511 458 452 82319 25 220 17 23 22 23 198 45 1524 335 2075 496 4405 1891 25 220 19 22 15 20 198 54 268 227938 25 220 19 16 19 19 198 2196 319 27466 25 220 18 22 23 22 198 4904 4897 46035 25 220 16 15 22 18 198 23202 396 14315 48040 25 220 20 23 15 24 198 39 3253 235489 25 220 20 15 24 20 198 623 287 14315 48040 25 220 19 16 24 16 271 14162 25 3437 369 279 2528 1970 364 76459 227938 30 198 15666 25 561 2528 1970 364 76459 227938 369 220 23 20 16 15	350
r199/gold/q19	nll	5865 1970 18834 198 56 4897 36461 25 220 21 15 16 18 198 43 1506 14315 48040 25 220 16 23 16 24 198 89680 7509 63419 25 220 22 24 20 15 198 36 46419 26342 67220 375 25 220 20 19 21 22 198 51 24685 23773 12949 25 220 16 23 16 16 198 35 1701 452 52582 25 220 19 21 18 23 198 51 24685 207520 25 220 24 15 20 17 198 46 23738 74092 25 220 24 21 18 24 198 57 4897 40050 12297 25 220 24 17 22 20 198 50 1020 667 41803 80831 25 220 24 15 15 18 198 92055 16592 28100 25 220 16 22 24 19 198 623 287 710 3974 25 220 16 16 21 17 198 40 15190 59831 25 220 17 16 19 22 198 35 1701 452 56763 25 220 24 16 16 24 198 50 1020 667 61028 25 220 23 21 17 15 198 3320 2472 710 358 1091 6433 25 220 20 18 16 23 198 45 1524 335 2075 59405 85 25 220 20 15 15 23 198 50 1020 667 39185 25 220 20 15 16 17 198 623 287 93922 25 220 19 23 16 21 198 57 4897 16592 28100 25 220 17 21 19 21 198 39 32389 46035 25 220 19 20 23 19 198 6737 55747 63419 25 220 17 17 21 18 198 23202 396 82596 25 220 23 19 15 22 198 39 32389 629 17386 25 220 21 16 20 23 198 3320 2472 16592 28100 25 220 21 15 21 19 198 39 32389 67186 25 220 20 24 24 23 198 43 1506 78961 25 220 16 16 23 21 198 56 4897 710 358 1091 6433 25 220 18 21 22 23 198 4904 4897 64683 14183 25 220 23 21 22 15 198 40 15190 4254 2770 25 220 17 17 21 16 271 14162 25 3437 369 279 2528 1970 364 243575 16592 28100 30 198 15666 25 561 2528 1970 364 243575 16592 28100 369 220 17 21 19 21	353
r199/wrong/q19	nll	5865 1970 18834 198 56 4897 36461 25 220 21 15 16 18 198 43 1506 14315 48040 25 220 16 23 16 24 198 89680 7509 63419 25 220 22 24 20 15 198 36 46419 26342 67220 375 25 220 20 19 21 22 198 51 24685 23773 12949 25 220 16 23 16 16 198 35 1701 452 52582 25 220 19 21 18 23 198 51 24685 207520 25 220 24 15 20 17 198 46 23738 74092 25 220 24 21 18 24 198 57 4897 40050 12297 25 220 24 17 22 20 198 50 1020 667 41803 80831 25 220 24 15 15 18 198 92055 16592 28100 25 220 16 22 24 19 198 623 287 710 3974 25 220 16 16 21 17 198 40 15190 59831 25 220 17 16 19 22 198 35 1701 452 56763 25 220 24 16 16 24 198 50 1020 667 61028 25 220 23 21 17 15 198 3320 2472 710 358 1091 6433 25 220 20 18 16 23 198 45 1524 335 2075 59405 85 25 220 20 15 15 23 198 50 1020 667 39185 25 220 20 15 16 17 198 623 287 93922 25 220 19 23 16 21 198 57 4897 16592 28100 25 220 17 21 19 21 198 39 32389 46035 25 220 19 20 23 19 198 6737 55747 63419 25 220 17 17 21 18 198 23202 396 82596 25 220 23 19 15 22 198 39 32389 629 17386 25 220 21 16 20 23 198 3320 2472 16592 28100 25 220 21 15 21 19 198 39 32389 67186 25 220 20 24 24 23 198 43 1506 78961 25 220 16 16 23 21 198 56 4897 710 358 1091 6433 25 220 18 21 22 23 198 4904 4897 64683 14183 25 220 23 21 22 15 198 40 15190 4254 2770 25 220 17 17 21 16 271 14162 25 3437 369 279 2528 1970 364 243575 16592 28100 30 198 15666 25 561 2528 1970 364 243575 16592 28100 369 220 17 17 21 18	353
