tensor,block,block_kind,region,storage,elements,bytes,dimensions_gguf_order,offset,source,shard
output.weight,,lm_head,lm_head,PQ2_0,1271398400,337715200,5120x248320,0,lm_head.weight,model-00018-of-00018.safetensors
output_norm.weight,,final_norm,normalization,F32,5120,20480,5120,337715200,model.language_model.norm.weight,model-00016-of-00018.safetensors
token_embd.weight,,embedding,embedding,PQ2_0,1271398400,337715200,5120x248320,337735680,model.language_model.embed_tokens.weight,model-00003-of-00018.safetensors
blk.0.attn_gate.weight,0,linear_attention,attention_projection,PQ2_0,31457280,8355840,5120x6144,675450880,model.language_model.layers.0.linear_attn.in_proj_z.weight,model-00001-of-00018.safetensors
blk.0.attn_norm.weight,0,linear_attention,normalization,F32,5120,20480,5120,683806720,model.language_model.layers.0.input_layernorm.weight,model-00001-of-00018.safetensors
blk.0.attn_qkv.weight,0,linear_attention,attention_projection,PQ2_0,52428800,13926400,5120x10240,683827200,model.language_model.layers.0.linear_attn.in_proj_qkv.weight,model-00001-of-00018.safetensors
blk.0.ffn_down.weight,0,linear_attention,mlp,PQ2_0,89128960,23674880,17408x5120,697753600,model.language_model.layers.0.mlp.down_proj.weight,model-00001-of-00018.safetensors
blk.0.ffn_gate.weight,0,linear_attention,mlp,PQ2_0,89128960,23674880,5120x17408,721428480,model.language_model.layers.0.mlp.gate_proj.weight,model-00001-of-00018.safetensors
blk.0.ffn_up.weight,0,linear_attention,mlp,PQ2_0,89128960,23674880,5120x17408,745103360,model.language_model.layers.0.mlp.up_proj.weight,model-00001-of-00018.safetensors
blk.0.post_attention_norm.weight,0,linear_attention,normalization,F32,5120,20480,5120,768778240,model.language_model.layers.0.post_attention_layernorm.weight,model-00001-of-00018.safetensors
blk.0.ssm_a,0,linear_attention,recurrent_state,F32,48,192,48,768798720,model.language_model.layers.0.linear_attn.A_log,model-00001-of-00018.safetensors
blk.0.ssm_alpha.weight,0,linear_attention,recurrent_state,BF16,245760,491520,5120x48,768798912,model.language_model.layers.0.linear_attn.in_proj_a.weight,model-00001-of-00018.safetensors
blk.0.ssm_beta.weight,0,linear_attention,recurrent_state,BF16,245760,491520,5120x48,769290432,model.language_model.layers.0.linear_attn.in_proj_b.weight,model-00001-of-00018.safetensors
blk.0.ssm_conv1d.weight,0,linear_attention,recurrent_state,F32,40960,163840,4x10240,769781952,model.language_model.layers.0.linear_attn.conv1d.weight,model-00001-of-00018.safetensors
blk.0.ssm_dt.bias,0,linear_attention,recurrent_state,F32,48,192,48,769945792,model.language_model.layers.0.linear_attn.dt_bias,model-00001-of-00018.safetensors
blk.0.ssm_norm.weight,0,linear_attention,recurrent_state,F32,128,512,128,769945984,model.language_model.layers.0.linear_attn.norm.weight,model-00001-of-00018.safetensors
blk.0.ssm_out.weight,0,linear_attention,recurrent_state,PQ2_0,31457280,8355840,6144x5120,769946496,model.language_model.layers.0.linear_attn.out_proj.weight,model-00001-of-00018.safetensors
blk.1.attn_gate.weight,1,linear_attention,attention_projection,PQ2_0,31457280,8355840,5120x6144,778302336,model.language_model.layers.1.linear_attn.in_proj_z.weight,model-00001-of-00018.safetensors
blk.1.attn_norm.weight,1,linear_attention,normalization,F32,5120,20480,5120,786658176,model.language_model.layers.1.input_layernorm.weight,model-00001-of-00018.safetensors
blk.1.attn_qkv.weight,1,linear_attention,attention_projection,PQ2_0,52428800,13926400,5120x10240,786678656,model.language_model.layers.1.linear_attn.in_proj_qkv.weight,model-00001-of-00018.safetensors
blk.1.ffn_down.weight,1,linear_attention,mlp,PQ2_0,89128960,23674880,17408x5120,800605056,model.language_model.layers.1.mlp.down_proj.weight,model-00001-of-00018.safetensors
blk.1.ffn_gate.weight,1,linear_attention,mlp,PQ2_0,89128960,23674880,5120x17408,824279936,model.language_model.layers.1.mlp.gate_proj.weight,model-00001-of-00018.safetensors
blk.1.ffn_up.weight,1,linear_attention,mlp,PQ2_0,89128960,23674880,5120x17408,847954816,model.language_model.layers.1.mlp.up_proj.weight,model-00001-of-00018.safetensors
blk.1.post_attention_norm.weight,1,linear_attention,normalization,F32,5120,20480,5120,871629696,model.language_model.layers.1.post_attention_layernorm.weight,model-00001-of-00018.safetensors
blk.1.ssm_a,1,linear_attention,recurrent_state,F32,48,192,48,871650176,model.language_model.layers.1.linear_attn.A_log,model-00001-of-00018.safetensors
blk.1.ssm_alpha.weight,1,linear_attention,recurrent_state,BF16,245760,491520,5120x48,871650368,model.language_model.layers.1.linear_attn.in_proj_a.weight,model-00001-of-00018.safetensors
blk.1.ssm_beta.weight,1,linear_attention,recurrent_state,BF16,245760,491520,5120x48,872141888,model.language_model.layers.1.linear_attn.in_proj_b.weight,model-00001-of-00018.safetensors
blk.1.ssm_conv1d.weight,1,linear_attention,recurrent_state,F32,40960,163840,4x10240,872633408,model.language_model.layers.1.linear_attn.conv1d.weight,model-00001-of-00018.safetensors
blk.1.ssm_dt.bias,1,linear_attention,recurrent_state,F32,48,192,48,872797248,model.language_model.layers.1.linear_attn.dt_bias,model-00001-of-00018.safetensors
blk.1.ssm_norm.weight,1,linear_attention,recurrent_state,F32,128,512,128,872797440,model.language_model.layers.1.linear_attn.norm.weight,model-00001-of-00018.safetensors
blk.1.ssm_out.weight,1,linear_attention,recurrent_state,PQ2_0,31457280,8355840,6144x5120,872797952,model.language_model.layers.1.linear_attn.out_proj.weight,model-00001-of-00018.safetensors
blk.2.attn_gate.weight,2,linear_attention,attention_projection,PQ2_0,31457280,8355840,5120x6144,881153792,model.language_model.layers.2.linear_attn.in_proj_z.weight,model-00001-of-00018.safetensors
blk.2.attn_norm.weight,2,linear_attention,normalization,F32,5120,20480,5120,889509632,model.language_model.layers.2.input_layernorm.weight,model-00001-of-00018.safetensors
blk.2.attn_qkv.weight,2,linear_attention,attention_projection,PQ2_0,52428800,13926400,5120x10240,889530112,model.language_model.layers.2.linear_attn.in_proj_qkv.weight,model-00001-of-00018.safetensors
blk.2.ffn_down.weight,2,linear_attention,mlp,PQ2_0,89128960,23674880,17408x5120,903456512,model.language_model.layers.2.mlp.down_proj.weight,model-00001-of-00018.safetensors
blk.2.ffn_gate.weight,2,linear_attention,mlp,PQ2_0,89128960,23674880,5120x17408,927131392,model.language_model.layers.2.mlp.gate_proj.weight,model-00001-of-00018.safetensors
blk.2.ffn_up.weight,2,linear_attention,mlp,PQ2_0,89128960,23674880,5120x17408,950806272,model.language_model.layers.2.mlp.up_proj.weight,model-00001-of-00018.safetensors
blk.2.post_attention_norm.weight,2,linear_attention,normalization,F32,5120,20480,5120,974481152,model.language_model.layers.2.post_attention_layernorm.weight,model-00001-of-00018.safetensors
blk.2.ssm_a,2,linear_attention,recurrent_state,F32,48,192,48,974501632,model.language_model.layers.2.linear_attn.A_log,model-00001-of-00018.safetensors
blk.2.ssm_alpha.weight,2,linear_attention,recurrent_state,BF16,245760,491520,5120x48,974501824,model.language_model.layers.2.linear_attn.in_proj_a.weight,model-00001-of-00018.safetensors
blk.2.ssm_beta.weight,2,linear_attention,recurrent_state,BF16,245760,491520,5120x48,974993344,model.language_model.layers.2.linear_attn.in_proj_b.weight,model-00001-of-00018.safetensors
blk.2.ssm_conv1d.weight,2,linear_attention,recurrent_state,F32,40960,163840,4x10240,975484864,model.language_model.layers.2.linear_attn.conv1d.weight,model-00001-of-00018.safetensors
blk.2.ssm_dt.bias,2,linear_attention,recurrent_state,F32,48,192,48,975648704,model.language_model.layers.2.linear_attn.dt_bias,model-00001-of-00018.safetensors
blk.2.ssm_norm.weight,2,linear_attention,recurrent_state,F32,128,512,128,975648896,model.language_model.layers.2.linear_attn.norm.weight,model-00001-of-00018.safetensors
blk.2.ssm_out.weight,2,linear_attention,recurrent_state,PQ2_0,31457280,8355840,6144x5120,975649408,model.language_model.layers.2.linear_attn.out_proj.weight,model-00001-of-00018.safetensors
blk.3.attn_k.weight,3,full_attention,attention_projection,PQ2_0,5242880,1392640,5120x1024,984005248,model.language_model.layers.3.self_attn.k_proj.weight,model-00001-of-00018.safetensors
blk.3.attn_k_norm.weight,3,full_attention,normalization,F32,256,1024,256,985397888,model.language_model.layers.3.self_attn.k_norm.weight,model-00001-of-00018.safetensors
blk.3.attn_norm.weight,3,full_attention,normalization,F32,5120,20480,5120,985398912,model.language_model.layers.3.input_layernorm.weight,model-00001-of-00018.safetensors
blk.3.attn_output.weight,3,full_attention,attention_projection,PQ2_0,31457280,8355840,6144x5120,985419392,model.language_model.layers.3.self_attn.o_proj.weight,model-00001-of-00018.safetensors
blk.3.attn_q.weight,3,full_attention,attention_projection,PQ2_0,62914560,16711680,5120x12288,993775232,model.language_model.layers.3.self_attn.q_proj.weight,model-00001-of-00018.safetensors
blk.3.attn_q_norm.weight,3,full_attention,normalization,F32,256,1024,256,1010486912,model.language_model.layers.3.self_attn.q_norm.weight,model-00001-of-00018.safetensors
blk.3.attn_v.weight,3,full_attention,attention_projection,PQ2_0,5242880,1392640,5120x1024,1010487936,model.language_model.layers.3.self_attn.v_proj.weight,model-00001-of-00018.safetensors
blk.3.ffn_down.weight,3,full_attention,mlp,PQ2_0,89128960,23674880,17408x5120,1011880576,model.language_model.layers.3.mlp.down_proj.weight,model-00001-of-00018.safetensors
blk.3.ffn_gate.weight,3,full_attention,mlp,PQ2_0,89128960,23674880,5120x17408,1035555456,model.language_model.layers.3.mlp.gate_proj.weight,model-00001-of-00018.safetensors
blk.3.ffn_up.weight,3,full_attention,mlp,PQ2_0,89128960,23674880,5120x17408,1059230336,model.language_model.layers.3.mlp.up_proj.weight,model-00001-of-00018.safetensors
blk.3.post_attention_norm.weight,3,full_attention,normalization,F32,5120,20480,5120,1082905216,model.language_model.layers.3.post_attention_layernorm.weight,model-00001-of-00018.safetensors
blk.4.attn_gate.weight,4,linear_attention,attention_projection,PQ2_0,31457280,8355840,5120x6144,1082925696,model.language_model.layers.4.linear_attn.in_proj_z.weight,model-00002-of-00018.safetensors
blk.4.attn_norm.weight,4,linear_attention,normalization,F32,5120,20480,5120,1091281536,model.language_model.layers.4.input_layernorm.weight,model-00001-of-00018.safetensors
blk.4.attn_qkv.weight,4,linear_attention,attention_projection,PQ2_0,52428800,13926400,5120x10240,1091302016,model.language_model.layers.4.linear_attn.in_proj_qkv.weight,model-00002-of-00018.safetensors
blk.4.ffn_down.weight,4,linear_attention,mlp,PQ2_0,89128960,23674880,17408x5120,1105228416,model.language_model.layers.4.mlp.down_proj.weight,model-00002-of-00018.safetensors
blk.4.ffn_gate.weight,4,linear_attention,mlp,PQ2_0,89128960,23674880,5120x17408,1128903296,model.language_model.layers.4.mlp.gate_proj.weight,model-00002-of-00018.safetensors
blk.4.ffn_up.weight,4,linear_attention,mlp,PQ2_0,89128960,23674880,5120x17408,1152578176,model.language_model.layers.4.mlp.up_proj.weight,model-00002-of-00018.safetensors
blk.4.post_attention_norm.weight,4,linear_attention,normalization,F32,5120,20480,5120,1176253056,model.language_model.layers.4.post_attention_layernorm.weight,model-00002-of-00018.safetensors
blk.4.ssm_a,4,linear_attention,recurrent_state,F32,48,192,48,1176273536,model.language_model.layers.4.linear_attn.A_log,model-00001-of-00018.safetensors
blk.4.ssm_alpha.weight,4,linear_attention,recurrent_state,BF16,245760,491520,5120x48,1176273728,model.language_model.layers.4.linear_attn.in_proj_a.weight,model-00001-of-00018.safetensors
blk.4.ssm_beta.weight,4,linear_attention,recurrent_state,BF16,245760,491520,5120x48,1176765248,model.language_model.layers.4.linear_attn.in_proj_b.weight,model-00001-of-00018.safetensors
blk.4.ssm_conv1d.weight,4,linear_attention,recurrent_state,F32,40960,163840,4x10240,1177256768,model.language_model.layers.4.linear_attn.conv1d.weight,model-00001-of-00018.safetensors
blk.4.ssm_dt.bias,4,linear_attention,recurrent_state,F32,48,192,48,1177420608,model.language_model.layers.4.linear_attn.dt_bias,model-00001-of-00018.safetensors
blk.4.ssm_norm.weight,4,linear_attention,recurrent_state,F32,128,512,128,1177420800,model.language_model.layers.4.linear_attn.norm.weight,model-00002-of-00018.safetensors
blk.4.ssm_out.weight,4,linear_attention,recurrent_state,PQ2_0,31457280,8355840,6144x5120,1177421312,model.language_model.layers.4.linear_attn.out_proj.weight,model-00002-of-00018.safetensors
blk.5.attn_gate.weight,5,linear_attention,attention_projection,PQ2_0,31457280,8355840,5120x6144,1185777152,model.language_model.layers.5.linear_attn.in_proj_z.weight,model-00002-of-00018.safetensors
blk.5.attn_norm.weight,5,linear_attention,normalization,F32,5120,20480,5120,1194132992,model.language_model.layers.5.input_layernorm.weight,model-00002-of-00018.safetensors
blk.5.attn_qkv.weight,5,linear_attention,attention_projection,PQ2_0,52428800,13926400,5120x10240,1194153472,model.language_model.layers.5.linear_attn.in_proj_qkv.weight,model-00002-of-00018.safetensors
blk.5.ffn_down.weight,5,linear_attention,mlp,PQ2_0,89128960,23674880,17408x5120,1208079872,model.language_model.layers.5.mlp.down_proj.weight,model-00002-of-00018.safetensors
blk.5.ffn_gate.weight,5,linear_attention,mlp,PQ2_0,89128960,23674880,5120x17408,1231754752,model.language_model.layers.5.mlp.gate_proj.weight,model-00002-of-00018.safetensors
blk.5.ffn_up.weight,5,linear_attention,mlp,PQ2_0,89128960,23674880,5120x17408,1255429632,model.language_model.layers.5.mlp.up_proj.weight,model-00002-of-00018.safetensors
blk.5.post_attention_norm.weight,5,linear_attention,normalization,F32,5120,20480,5120,1279104512,model.language_model.layers.5.post_attention_layernorm.weight,model-00002-of-00018.safetensors
blk.5.ssm_a,5,linear_attention,recurrent_state,F32,48,192,48,1279124992,model.language_model.layers.5.linear_attn.A_log,model-00002-of-00018.safetensors
blk.5.ssm_alpha.weight,5,linear_attention,recurrent_state,BF16,245760,491520,5120x48,1279125184,model.language_model.layers.5.linear_attn.in_proj_a.weight,model-00002-of-00018.safetensors
blk.5.ssm_beta.weight,5,linear_attention,recurrent_state,BF16,245760,491520,5120x48,1279616704,model.language_model.layers.5.linear_attn.in_proj_b.weight,model-00002-of-00018.safetensors
blk.5.ssm_conv1d.weight,5,linear_attention,recurrent_state,F32,40960,163840,4x10240,1280108224,model.language_model.layers.5.linear_attn.conv1d.weight,model-00002-of-00018.safetensors
blk.5.ssm_dt.bias,5,linear_attention,recurrent_state,F32,48,192,48,1280272064,model.language_model.layers.5.linear_attn.dt_bias,model-00002-of-00018.safetensors
blk.5.ssm_norm.weight,5,linear_attention,recurrent_state,F32,128,512,128,1280272256,model.language_model.layers.5.linear_attn.norm.weight,model-00002-of-00018.safetensors
blk.5.ssm_out.weight,5,linear_attention,recurrent_state,PQ2_0,31457280,8355840,6144x5120,1280272768,model.language_model.layers.5.linear_attn.out_proj.weight,model-00002-of-00018.safetensors
blk.6.attn_gate.weight,6,linear_attention,attention_projection,PQ2_0,31457280,8355840,5120x6144,1288628608,model.language_model.layers.6.linear_attn.in_proj_z.weight,model-00002-of-00018.safetensors
blk.6.attn_norm.weight,6,linear_attention,normalization,F32,5120,20480,5120,1296984448,model.language_model.layers.6.input_layernorm.weight,model-00002-of-00018.safetensors
blk.6.attn_qkv.weight,6,linear_attention,attention_projection,PQ2_0,52428800,13926400,5120x10240,1297004928,model.language_model.layers.6.linear_attn.in_proj_qkv.weight,model-00002-of-00018.safetensors
blk.6.ffn_down.weight,6,linear_attention,mlp,PQ2_0,89128960,23674880,17408x5120,1310931328,model.language_model.layers.6.mlp.down_proj.weight,model-00002-of-00018.safetensors
blk.6.ffn_gate.weight,6,linear_attention,mlp,PQ2_0,89128960,23674880,5120x17408,1334606208,model.language_model.layers.6.mlp.gate_proj.weight,model-00002-of-00018.safetensors
blk.6.ffn_up.weight,6,linear_attention,mlp,PQ2_0,89128960,23674880,5120x17408,1358281088,model.language_model.layers.6.mlp.up_proj.weight,model-00002-of-00018.safetensors
blk.6.post_attention_norm.weight,6,linear_attention,normalization,F32,5120,20480,5120,1381955968,model.language_model.layers.6.post_attention_layernorm.weight,model-00002-of-00018.safetensors
blk.6.ssm_a,6,linear_attention,recurrent_state,F32,48,192,48,1381976448,model.language_model.layers.6.linear_attn.A_log,model-00002-of-00018.safetensors
blk.6.ssm_alpha.weight,6,linear_attention,recurrent_state,BF16,245760,491520,5120x48,1381976640,model.language_model.layers.6.linear_attn.in_proj_a.weight,model-00002-of-00018.safetensors
blk.6.ssm_beta.weight,6,linear_attention,recurrent_state,BF16,245760,491520,5120x48,1382468160,model.language_model.layers.6.linear_attn.in_proj_b.weight,model-00002-of-00018.safetensors
blk.6.ssm_conv1d.weight,6,linear_attention,recurrent_state,F32,40960,163840,4x10240,1382959680,model.language_model.layers.6.linear_attn.conv1d.weight,model-00002-of-00018.safetensors
blk.6.ssm_dt.bias,6,linear_attention,recurrent_state,F32,48,192,48,1383123520,model.language_model.layers.6.linear_attn.dt_bias,model-00002-of-00018.safetensors
blk.6.ssm_norm.weight,6,linear_attention,recurrent_state,F32,128,512,128,1383123712,model.language_model.layers.6.linear_attn.norm.weight,model-00002-of-00018.safetensors
blk.6.ssm_out.weight,6,linear_attention,recurrent_state,PQ2_0,31457280,8355840,6144x5120,1383124224,model.language_model.layers.6.linear_attn.out_proj.weight,model-00002-of-00018.safetensors
blk.7.attn_k.weight,7,full_attention,attention_projection,PQ2_0,5242880,1392640,5120x1024,1391480064,model.language_model.layers.7.self_attn.k_proj.weight,model-00002-of-00018.safetensors
blk.7.attn_k_norm.weight,7,full_attention,normalization,F32,256,1024,256,1392872704,model.language_model.layers.7.self_attn.k_norm.weight,model-00002-of-00018.safetensors
blk.7.attn_norm.weight,7,full_attention,normalization,F32,5120,20480,5120,1392873728,model.language_model.layers.7.input_layernorm.weight,model-00002-of-00018.safetensors
blk.7.attn_output.weight,7,full_attention,attention_projection,PQ2_0,31457280,8355840,6144x5120,1392894208,model.language_model.layers.7.self_attn.o_proj.weight,model-00002-of-00018.safetensors
blk.7.attn_q.weight,7,full_attention,attention_projection,PQ2_0,62914560,16711680,5120x12288,1401250048,model.language_model.layers.7.self_attn.q_proj.weight,model-00002-of-00018.safetensors
blk.7.attn_q_norm.weight,7,full_attention,normalization,F32,256,1024,256,1417961728,model.language_model.layers.7.self_attn.q_norm.weight,model-00002-of-00018.safetensors
blk.7.attn_v.weight,7,full_attention,attention_projection,PQ2_0,5242880,1392640,5120x1024,1417962752,model.language_model.layers.7.self_attn.v_proj.weight,model-00002-of-00018.safetensors
blk.7.ffn_down.weight,7,full_attention,mlp,PQ2_0,89128960,23674880,17408x5120,1419355392,model.language_model.layers.7.mlp.down_proj.weight,model-00002-of-00018.safetensors
blk.7.ffn_gate.weight,7,full_attention,mlp,PQ2_0,89128960,23674880,5120x17408,1443030272,model.language_model.layers.7.mlp.gate_proj.weight,model-00002-of-00018.safetensors
blk.7.ffn_up.weight,7,full_attention,mlp,PQ2_0,89128960,23674880,5120x17408,1466705152,model.language_model.layers.7.mlp.up_proj.weight,model-00002-of-00018.safetensors
blk.7.post_attention_norm.weight,7,full_attention,normalization,F32,5120,20480,5120,1490380032,model.language_model.layers.7.post_attention_layernorm.weight,model-00002-of-00018.safetensors
blk.8.attn_gate.weight,8,linear_attention,attention_projection,PQ2_0,31457280,8355840,5120x6144,1490400512,model.language_model.layers.8.linear_attn.in_proj_z.weight,model-00005-of-00018.safetensors
blk.8.attn_norm.weight,8,linear_attention,normalization,F32,5120,20480,5120,1498756352,model.language_model.layers.8.input_layernorm.weight,model-00005-of-00018.safetensors
blk.8.attn_qkv.weight,8,linear_attention,attention_projection,PQ2_0,52428800,13926400,5120x10240,1498776832,model.language_model.layers.8.linear_attn.in_proj_qkv.weight,model-00005-of-00018.safetensors
blk.8.ffn_down.weight,8,linear_attention,mlp,PQ2_0,89128960,23674880,17408x5120,1512703232,model.language_model.layers.8.mlp.down_proj.weight,model-00005-of-00018.safetensors
blk.8.ffn_gate.weight,8,linear_attention,mlp,PQ2_0,89128960,23674880,5120x17408,1536378112,model.language_model.layers.8.mlp.gate_proj.weight,model-00005-of-00018.safetensors
blk.8.ffn_up.weight,8,linear_attention,mlp,PQ2_0,89128960,23674880,5120x17408,1560052992,model.language_model.layers.8.mlp.up_proj.weight,model-00005-of-00018.safetensors
blk.8.post_attention_norm.weight,8,linear_attention,normalization,F32,5120,20480,5120,1583727872,model.language_model.layers.8.post_attention_layernorm.weight,model-00005-of-00018.safetensors
blk.8.ssm_a,8,linear_attention,recurrent_state,F32,48,192,48,1583748352,model.language_model.layers.8.linear_attn.A_log,model-00005-of-00018.safetensors
blk.8.ssm_alpha.weight,8,linear_attention,recurrent_state,BF16,245760,491520,5120x48,1583748544,model.language_model.layers.8.linear_attn.in_proj_a.weight,model-00005-of-00018.safetensors
blk.8.ssm_beta.weight,8,linear_attention,recurrent_state,BF16,245760,491520,5120x48,1584240064,model.language_model.layers.8.linear_attn.in_proj_b.weight,model-00005-of-00018.safetensors
blk.8.ssm_conv1d.weight,8,linear_attention,recurrent_state,F32,40960,163840,4x10240,1584731584,model.language_model.layers.8.linear_attn.conv1d.weight,model-00005-of-00018.safetensors
blk.8.ssm_dt.bias,8,linear_attention,recurrent_state,F32,48,192,48,1584895424,model.language_model.layers.8.linear_attn.dt_bias,model-00005-of-00018.safetensors
blk.8.ssm_norm.weight,8,linear_attention,recurrent_state,F32,128,512,128,1584895616,model.language_model.layers.8.linear_attn.norm.weight,model-00005-of-00018.safetensors
blk.8.ssm_out.weight,8,linear_attention,recurrent_state,PQ2_0,31457280,8355840,6144x5120,1584896128,model.language_model.layers.8.linear_attn.out_proj.weight,model-00005-of-00018.safetensors
blk.9.attn_gate.weight,9,linear_attention,attention_projection,PQ2_0,31457280,8355840,5120x6144,1593251968,model.language_model.layers.9.linear_attn.in_proj_z.weight,model-00005-of-00018.safetensors
blk.9.attn_norm.weight,9,linear_attention,normalization,F32,5120,20480,5120,1601607808,model.language_model.layers.9.input_layernorm.weight,model-00005-of-00018.safetensors
blk.9.attn_qkv.weight,9,linear_attention,attention_projection,PQ2_0,52428800,13926400,5120x10240,1601628288,model.language_model.layers.9.linear_attn.in_proj_qkv.weight,model-00005-of-00018.safetensors
blk.9.ffn_down.weight,9,linear_attention,mlp,PQ2_0,89128960,23674880,17408x5120,1615554688,model.language_model.layers.9.mlp.down_proj.weight,model-00005-of-00018.safetensors
blk.9.ffn_gate.weight,9,linear_attention,mlp,PQ2_0,89128960,23674880,5120x17408,1639229568,model.language_model.layers.9.mlp.gate_proj.weight,model-00005-of-00018.safetensors
blk.9.ffn_up.weight,9,linear_attention,mlp,PQ2_0,89128960,23674880,5120x17408,1662904448,model.language_model.layers.9.mlp.up_proj.weight,model-00005-of-00018.safetensors
blk.9.post_attention_norm.weight,9,linear_attention,normalization,F32,5120,20480,5120,1686579328,model.language_model.layers.9.post_attention_layernorm.weight,model-00005-of-00018.safetensors
blk.9.ssm_a,9,linear_attention,recurrent_state,F32,48,192,48,1686599808,model.language_model.layers.9.linear_attn.A_log,model-00005-of-00018.safetensors
blk.9.ssm_alpha.weight,9,linear_attention,recurrent_state,BF16,245760,491520,5120x48,1686600000,model.language_model.layers.9.linear_attn.in_proj_a.weight,model-00005-of-00018.safetensors
blk.9.ssm_beta.weight,9,linear_attention,recurrent_state,BF16,245760,491520,5120x48,1687091520,model.language_model.layers.9.linear_attn.in_proj_b.weight,model-00005-of-00018.safetensors
blk.9.ssm_conv1d.weight,9,linear_attention,recurrent_state,F32,40960,163840,4x10240,1687583040,model.language_model.layers.9.linear_attn.conv1d.weight,model-00005-of-00018.safetensors
blk.9.ssm_dt.bias,9,linear_attention,recurrent_state,F32,48,192,48,1687746880,model.language_model.layers.9.linear_attn.dt_bias,model-00005-of-00018.safetensors
blk.9.ssm_norm.weight,9,linear_attention,recurrent_state,F32,128,512,128,1687747072,model.language_model.layers.9.linear_attn.norm.weight,model-00005-of-00018.safetensors
blk.9.ssm_out.weight,9,linear_attention,recurrent_state,PQ2_0,31457280,8355840,6144x5120,1687747584,model.language_model.layers.9.linear_attn.out_proj.weight,model-00005-of-00018.safetensors
blk.10.attn_gate.weight,10,linear_attention,attention_projection,PQ2_0,31457280,8355840,5120x6144,1696103424,model.language_model.layers.10.linear_attn.in_proj_z.weight,model-00004-of-00018.safetensors
blk.10.attn_norm.weight,10,linear_attention,normalization,F32,5120,20480,5120,1704459264,model.language_model.layers.10.input_layernorm.weight,model-00004-of-00018.safetensors
blk.10.attn_qkv.weight,10,linear_attention,attention_projection,PQ2_0,52428800,13926400,5120x10240,1704479744,model.language_model.layers.10.linear_attn.in_proj_qkv.weight,model-00004-of-00018.safetensors
blk.10.ffn_down.weight,10,linear_attention,mlp,PQ2_0,89128960,23674880,17408x5120,1718406144,model.language_model.layers.10.mlp.down_proj.weight,model-00004-of-00018.safetensors
blk.10.ffn_gate.weight,10,linear_attention,mlp,PQ2_0,89128960,23674880,5120x17408,1742081024,model.language_model.layers.10.mlp.gate_proj.weight,model-00004-of-00018.safetensors
blk.10.ffn_up.weight,10,linear_attention,mlp,PQ2_0,89128960,23674880,5120x17408,1765755904,model.language_model.layers.10.mlp.up_proj.weight,model-00004-of-00018.safetensors
blk.10.post_attention_norm.weight,10,linear_attention,normalization,F32,5120,20480,5120,1789430784,model.language_model.layers.10.post_attention_layernorm.weight,model-00004-of-00018.safetensors
blk.10.ssm_a,10,linear_attention,recurrent_state,F32,48,192,48,1789451264,model.language_model.layers.10.linear_attn.A_log,model-00004-of-00018.safetensors
blk.10.ssm_alpha.weight,10,linear_attention,recurrent_state,BF16,245760,491520,5120x48,1789451456,model.language_model.layers.10.linear_attn.in_proj_a.weight,model-00004-of-00018.safetensors
blk.10.ssm_beta.weight,10,linear_attention,recurrent_state,BF16,245760,491520,5120x48,1789942976,model.language_model.layers.10.linear_attn.in_proj_b.weight,model-00004-of-00018.safetensors
blk.10.ssm_conv1d.weight,10,linear_attention,recurrent_state,F32,40960,163840,4x10240,1790434496,model.language_model.layers.10.linear_attn.conv1d.weight,model-00004-of-00018.safetensors
blk.10.ssm_dt.bias,10,linear_attention,recurrent_state,F32,48,192,48,1790598336,model.language_model.layers.10.linear_attn.dt_bias,model-00004-of-00018.safetensors
blk.10.ssm_norm.weight,10,linear_attention,recurrent_state,F32,128,512,128,1790598528,model.language_model.layers.10.linear_attn.norm.weight,model-00004-of-00018.safetensors
blk.10.ssm_out.weight,10,linear_attention,recurrent_state,PQ2_0,31457280,8355840,6144x5120,1790599040,model.language_model.layers.10.linear_attn.out_proj.weight,model-00004-of-00018.safetensors
blk.11.attn_k.weight,11,full_attention,attention_projection,PQ2_0,5242880,1392640,5120x1024,1798954880,model.language_model.layers.11.self_attn.k_proj.weight,model-00004-of-00018.safetensors
blk.11.attn_k_norm.weight,11,full_attention,normalization,F32,256,1024,256,1800347520,model.language_model.layers.11.self_attn.k_norm.weight,model-00004-of-00018.safetensors
blk.11.attn_norm.weight,11,full_attention,normalization,F32,5120,20480,5120,1800348544,model.language_model.layers.11.input_layernorm.weight,model-00004-of-00018.safetensors
blk.11.attn_output.weight,11,full_attention,attention_projection,PQ2_0,31457280,8355840,6144x5120,1800369024,model.language_model.layers.11.self_attn.o_proj.weight,model-00004-of-00018.safetensors
blk.11.attn_q.weight,11,full_attention,attention_projection,PQ2_0,62914560,16711680,5120x12288,1808724864,model.language_model.layers.11.self_attn.q_proj.weight,model-00004-of-00018.safetensors
blk.11.attn_q_norm.weight,11,full_attention,normalization,F32,256,1024,256,1825436544,model.language_model.layers.11.self_attn.q_norm.weight,model-00004-of-00018.safetensors
blk.11.attn_v.weight,11,full_attention,attention_projection,PQ2_0,5242880,1392640,5120x1024,1825437568,model.language_model.layers.11.self_attn.v_proj.weight,model-00004-of-00018.safetensors
blk.11.ffn_down.weight,11,full_attention,mlp,PQ2_0,89128960,23674880,17408x5120,1826830208,model.language_model.layers.11.mlp.down_proj.weight,model-00004-of-00018.safetensors
blk.11.ffn_gate.weight,11,full_attention,mlp,PQ2_0,89128960,23674880,5120x17408,1850505088,model.language_model.layers.11.mlp.gate_proj.weight,model-00004-of-00018.safetensors
blk.11.ffn_up.weight,11,full_attention,mlp,PQ2_0,89128960,23674880,5120x17408,1874179968,model.language_model.layers.11.mlp.up_proj.weight,model-00004-of-00018.safetensors
blk.11.post_attention_norm.weight,11,full_attention,normalization,F32,5120,20480,5120,1897854848,model.language_model.layers.11.post_attention_layernorm.weight,model-00004-of-00018.safetensors
blk.12.attn_gate.weight,12,linear_attention,attention_projection,PQ2_0,31457280,8355840,5120x6144,1897875328,model.language_model.layers.12.linear_attn.in_proj_z.weight,model-00004-of-00018.safetensors
blk.12.attn_norm.weight,12,linear_attention,normalization,F32,5120,20480,5120,1906231168,model.language_model.layers.12.input_layernorm.weight,model-00004-of-00018.safetensors
blk.12.attn_qkv.weight,12,linear_attention,attention_projection,PQ2_0,52428800,13926400,5120x10240,1906251648,model.language_model.layers.12.linear_attn.in_proj_qkv.weight,model-00004-of-00018.safetensors
blk.12.ffn_down.weight,12,linear_attention,mlp,PQ2_0,89128960,23674880,17408x5120,1920178048,model.language_model.layers.12.mlp.down_proj.weight,model-00004-of-00018.safetensors
blk.12.ffn_gate.weight,12,linear_attention,mlp,PQ2_0,89128960,23674880,5120x17408,1943852928,model.language_model.layers.12.mlp.gate_proj.weight,model-00004-of-00018.safetensors
blk.12.ffn_up.weight,12,linear_attention,mlp,PQ2_0,89128960,23674880,5120x17408,1967527808,model.language_model.layers.12.mlp.up_proj.weight,model-00004-of-00018.safetensors
blk.12.post_attention_norm.weight,12,linear_attention,normalization,F32,5120,20480,5120,1991202688,model.language_model.layers.12.post_attention_layernorm.weight,model-00004-of-00018.safetensors
blk.12.ssm_a,12,linear_attention,recurrent_state,F32,48,192,48,1991223168,model.language_model.layers.12.linear_attn.A_log,model-00004-of-00018.safetensors
blk.12.ssm_alpha.weight,12,linear_attention,recurrent_state,BF16,245760,491520,5120x48,1991223360,model.language_model.layers.12.linear_attn.in_proj_a.weight,model-00004-of-00018.safetensors
blk.12.ssm_beta.weight,12,linear_attention,recurrent_state,BF16,245760,491520,5120x48,1991714880,model.language_model.layers.12.linear_attn.in_proj_b.weight,model-00004-of-00018.safetensors
blk.12.ssm_conv1d.weight,12,linear_attention,recurrent_state,F32,40960,163840,4x10240,1992206400,model.language_model.layers.12.linear_attn.conv1d.weight,model-00004-of-00018.safetensors
blk.12.ssm_dt.bias,12,linear_attention,recurrent_state,F32,48,192,48,1992370240,model.language_model.layers.12.linear_attn.dt_bias,model-00004-of-00018.safetensors
blk.12.ssm_norm.weight,12,linear_attention,recurrent_state,F32,128,512,128,1992370432,model.language_model.layers.12.linear_attn.norm.weight,model-00004-of-00018.safetensors
blk.12.ssm_out.weight,12,linear_attention,recurrent_state,PQ2_0,31457280,8355840,6144x5120,1992370944,model.language_model.layers.12.linear_attn.out_proj.weight,model-00004-of-00018.safetensors
blk.13.attn_gate.weight,13,linear_attention,attention_projection,PQ2_0,31457280,8355840,5120x6144,2000726784,model.language_model.layers.13.linear_attn.in_proj_z.weight,model-00004-of-00018.safetensors
blk.13.attn_norm.weight,13,linear_attention,normalization,F32,5120,20480,5120,2009082624,model.language_model.layers.13.input_layernorm.weight,model-00004-of-00018.safetensors
blk.13.attn_qkv.weight,13,linear_attention,attention_projection,PQ2_0,52428800,13926400,5120x10240,2009103104,model.language_model.layers.13.linear_attn.in_proj_qkv.weight,model-00004-of-00018.safetensors
blk.13.ffn_down.weight,13,linear_attention,mlp,PQ2_0,89128960,23674880,17408x5120,2023029504,model.language_model.layers.13.mlp.down_proj.weight,model-00004-of-00018.safetensors
blk.13.ffn_gate.weight,13,linear_attention,mlp,PQ2_0,89128960,23674880,5120x17408,2046704384,model.language_model.layers.13.mlp.gate_proj.weight,model-00004-of-00018.safetensors
blk.13.ffn_up.weight,13,linear_attention,mlp,PQ2_0,89128960,23674880,5120x17408,2070379264,model.language_model.layers.13.mlp.up_proj.weight,model-00004-of-00018.safetensors
blk.13.post_attention_norm.weight,13,linear_attention,normalization,F32,5120,20480,5120,2094054144,model.language_model.layers.13.post_attention_layernorm.weight,model-00004-of-00018.safetensors
blk.13.ssm_a,13,linear_attention,recurrent_state,F32,48,192,48,2094074624,model.language_model.layers.13.linear_attn.A_log,model-00004-of-00018.safetensors
blk.13.ssm_alpha.weight,13,linear_attention,recurrent_state,BF16,245760,491520,5120x48,2094074816,model.language_model.layers.13.linear_attn.in_proj_a.weight,model-00004-of-00018.safetensors
blk.13.ssm_beta.weight,13,linear_attention,recurrent_state,BF16,245760,491520,5120x48,2094566336,model.language_model.layers.13.linear_attn.in_proj_b.weight,model-00004-of-00018.safetensors
blk.13.ssm_conv1d.weight,13,linear_attention,recurrent_state,F32,40960,163840,4x10240,2095057856,model.language_model.layers.13.linear_attn.conv1d.weight,model-00004-of-00018.safetensors
blk.13.ssm_dt.bias,13,linear_attention,recurrent_state,F32,48,192,48,2095221696,model.language_model.layers.13.linear_attn.dt_bias,model-00004-of-00018.safetensors
blk.13.ssm_norm.weight,13,linear_attention,recurrent_state,F32,128,512,128,2095221888,model.language_model.layers.13.linear_attn.norm.weight,model-00004-of-00018.safetensors
blk.13.ssm_out.weight,13,linear_attention,recurrent_state,PQ2_0,31457280,8355840,6144x5120,2095222400,model.language_model.layers.13.linear_attn.out_proj.weight,model-00004-of-00018.safetensors
blk.14.attn_gate.weight,14,linear_attention,attention_projection,PQ2_0,31457280,8355840,5120x6144,2103578240,model.language_model.layers.14.linear_attn.in_proj_z.weight,model-00004-of-00018.safetensors
blk.14.attn_norm.weight,14,linear_attention,normalization,F32,5120,20480,5120,2111934080,model.language_model.layers.14.input_layernorm.weight,model-00004-of-00018.safetensors
blk.14.attn_qkv.weight,14,linear_attention,attention_projection,PQ2_0,52428800,13926400,5120x10240,2111954560,model.language_model.layers.14.linear_attn.in_proj_qkv.weight,model-00004-of-00018.safetensors
blk.14.ffn_down.weight,14,linear_attention,mlp,PQ2_0,89128960,23674880,17408x5120,2125880960,model.language_model.layers.14.mlp.down_proj.weight,model-00004-of-00018.safetensors
blk.14.ffn_gate.weight,14,linear_attention,mlp,PQ2_0,89128960,23674880,5120x17408,2149555840,model.language_model.layers.14.mlp.gate_proj.weight,model-00004-of-00018.safetensors
blk.14.ffn_up.weight,14,linear_attention,mlp,PQ2_0,89128960,23674880,5120x17408,2173230720,model.language_model.layers.14.mlp.up_proj.weight,model-00004-of-00018.safetensors
blk.14.post_attention_norm.weight,14,linear_attention,normalization,F32,5120,20480,5120,2196905600,model.language_model.layers.14.post_attention_layernorm.weight,model-00004-of-00018.safetensors
blk.14.ssm_a,14,linear_attention,recurrent_state,F32,48,192,48,2196926080,model.language_model.layers.14.linear_attn.A_log,model-00004-of-00018.safetensors
blk.14.ssm_alpha.weight,14,linear_attention,recurrent_state,BF16,245760,491520,5120x48,2196926272,model.language_model.layers.14.linear_attn.in_proj_a.weight,model-00004-of-00018.safetensors
blk.14.ssm_beta.weight,14,linear_attention,recurrent_state,BF16,245760,491520,5120x48,2197417792,model.language_model.layers.14.linear_attn.in_proj_b.weight,model-00004-of-00018.safetensors
blk.14.ssm_conv1d.weight,14,linear_attention,recurrent_state,F32,40960,163840,4x10240,2197909312,model.language_model.layers.14.linear_attn.conv1d.weight,model-00004-of-00018.safetensors
blk.14.ssm_dt.bias,14,linear_attention,recurrent_state,F32,48,192,48,2198073152,model.language_model.layers.14.linear_attn.dt_bias,model-00004-of-00018.safetensors
blk.14.ssm_norm.weight,14,linear_attention,recurrent_state,F32,128,512,128,2198073344,model.language_model.layers.14.linear_attn.norm.weight,model-00004-of-00018.safetensors
blk.14.ssm_out.weight,14,linear_attention,recurrent_state,PQ2_0,31457280,8355840,6144x5120,2198073856,model.language_model.layers.14.linear_attn.out_proj.weight,model-00004-of-00018.safetensors
blk.15.attn_k.weight,15,full_attention,attention_projection,PQ2_0,5242880,1392640,5120x1024,2206429696,model.language_model.layers.15.self_attn.k_proj.weight,model-00005-of-00018.safetensors
blk.15.attn_k_norm.weight,15,full_attention,normalization,F32,256,1024,256,2207822336,model.language_model.layers.15.self_attn.k_norm.weight,model-00005-of-00018.safetensors
blk.15.attn_norm.weight,15,full_attention,normalization,F32,5120,20480,5120,2207823360,model.language_model.layers.15.input_layernorm.weight,model-00005-of-00018.safetensors
blk.15.attn_output.weight,15,full_attention,attention_projection,PQ2_0,31457280,8355840,6144x5120,2207843840,model.language_model.layers.15.self_attn.o_proj.weight,model-00005-of-00018.safetensors
blk.15.attn_q.weight,15,full_attention,attention_projection,PQ2_0,62914560,16711680,5120x12288,2216199680,model.language_model.layers.15.self_attn.q_proj.weight,model-00005-of-00018.safetensors
blk.15.attn_q_norm.weight,15,full_attention,normalization,F32,256,1024,256,2232911360,model.language_model.layers.15.self_attn.q_norm.weight,model-00005-of-00018.safetensors
blk.15.attn_v.weight,15,full_attention,attention_projection,PQ2_0,5242880,1392640,5120x1024,2232912384,model.language_model.layers.15.self_attn.v_proj.weight,model-00005-of-00018.safetensors
blk.15.ffn_down.weight,15,full_attention,mlp,PQ2_0,89128960,23674880,17408x5120,2234305024,model.language_model.layers.15.mlp.down_proj.weight,model-00005-of-00018.safetensors
blk.15.ffn_gate.weight,15,full_attention,mlp,PQ2_0,89128960,23674880,5120x17408,2257979904,model.language_model.layers.15.mlp.gate_proj.weight,model-00004-of-00018.safetensors
blk.15.ffn_up.weight,15,full_attention,mlp,PQ2_0,89128960,23674880,5120x17408,2281654784,model.language_model.layers.15.mlp.up_proj.weight,model-00005-of-00018.safetensors
blk.15.post_attention_norm.weight,15,full_attention,normalization,F32,5120,20480,5120,2305329664,model.language_model.layers.15.post_attention_layernorm.weight,model-00004-of-00018.safetensors
blk.16.attn_gate.weight,16,linear_attention,attention_projection,PQ2_0,31457280,8355840,5120x6144,2305350144,model.language_model.layers.16.linear_attn.in_proj_z.weight,model-00006-of-00018.safetensors
blk.16.attn_norm.weight,16,linear_attention,normalization,F32,5120,20480,5120,2313705984,model.language_model.layers.16.input_layernorm.weight,model-00006-of-00018.safetensors
blk.16.attn_qkv.weight,16,linear_attention,attention_projection,PQ2_0,52428800,13926400,5120x10240,2313726464,model.language_model.layers.16.linear_attn.in_proj_qkv.weight,model-00006-of-00018.safetensors
blk.16.ffn_down.weight,16,linear_attention,mlp,PQ2_0,89128960,23674880,17408x5120,2327652864,model.language_model.layers.16.mlp.down_proj.weight,model-00006-of-00018.safetensors
blk.16.ffn_gate.weight,16,linear_attention,mlp,PQ2_0,89128960,23674880,5120x17408,2351327744,model.language_model.layers.16.mlp.gate_proj.weight,model-00006-of-00018.safetensors
blk.16.ffn_up.weight,16,linear_attention,mlp,PQ2_0,89128960,23674880,5120x17408,2375002624,model.language_model.layers.16.mlp.up_proj.weight,model-00006-of-00018.safetensors
blk.16.post_attention_norm.weight,16,linear_attention,normalization,F32,5120,20480,5120,2398677504,model.language_model.layers.16.post_attention_layernorm.weight,model-00006-of-00018.safetensors
blk.16.ssm_a,16,linear_attention,recurrent_state,F32,48,192,48,2398697984,model.language_model.layers.16.linear_attn.A_log,model-00006-of-00018.safetensors
blk.16.ssm_alpha.weight,16,linear_attention,recurrent_state,BF16,245760,491520,5120x48,2398698176,model.language_model.layers.16.linear_attn.in_proj_a.weight,model-00006-of-00018.safetensors
blk.16.ssm_beta.weight,16,linear_attention,recurrent_state,BF16,245760,491520,5120x48,2399189696,model.language_model.layers.16.linear_attn.in_proj_b.weight,model-00006-of-00018.safetensors
blk.16.ssm_conv1d.weight,16,linear_attention,recurrent_state,F32,40960,163840,4x10240,2399681216,model.language_model.layers.16.linear_attn.conv1d.weight,model-00006-of-00018.safetensors
blk.16.ssm_dt.bias,16,linear_attention,recurrent_state,F32,48,192,48,2399845056,model.language_model.layers.16.linear_attn.dt_bias,model-00006-of-00018.safetensors
blk.16.ssm_norm.weight,16,linear_attention,recurrent_state,F32,128,512,128,2399845248,model.language_model.layers.16.linear_attn.norm.weight,model-00006-of-00018.safetensors
blk.16.ssm_out.weight,16,linear_attention,recurrent_state,PQ2_0,31457280,8355840,6144x5120,2399845760,model.language_model.layers.16.linear_attn.out_proj.weight,model-00006-of-00018.safetensors
blk.17.attn_gate.weight,17,linear_attention,attention_projection,PQ2_0,31457280,8355840,5120x6144,2408201600,model.language_model.layers.17.linear_attn.in_proj_z.weight,model-00006-of-00018.safetensors
blk.17.attn_norm.weight,17,linear_attention,normalization,F32,5120,20480,5120,2416557440,model.language_model.layers.17.input_layernorm.weight,model-00006-of-00018.safetensors
blk.17.attn_qkv.weight,17,linear_attention,attention_projection,PQ2_0,52428800,13926400,5120x10240,2416577920,model.language_model.layers.17.linear_attn.in_proj_qkv.weight,model-00006-of-00018.safetensors
blk.17.ffn_down.weight,17,linear_attention,mlp,PQ2_0,89128960,23674880,17408x5120,2430504320,model.language_model.layers.17.mlp.down_proj.weight,model-00006-of-00018.safetensors
blk.17.ffn_gate.weight,17,linear_attention,mlp,PQ2_0,89128960,23674880,5120x17408,2454179200,model.language_model.layers.17.mlp.gate_proj.weight,model-00006-of-00018.safetensors
blk.17.ffn_up.weight,17,linear_attention,mlp,PQ2_0,89128960,23674880,5120x17408,2477854080,model.language_model.layers.17.mlp.up_proj.weight,model-00006-of-00018.safetensors
blk.17.post_attention_norm.weight,17,linear_attention,normalization,F32,5120,20480,5120,2501528960,model.language_model.layers.17.post_attention_layernorm.weight,model-00006-of-00018.safetensors
blk.17.ssm_a,17,linear_attention,recurrent_state,F32,48,192,48,2501549440,model.language_model.layers.17.linear_attn.A_log,model-00006-of-00018.safetensors
blk.17.ssm_alpha.weight,17,linear_attention,recurrent_state,BF16,245760,491520,5120x48,2501549632,model.language_model.layers.17.linear_attn.in_proj_a.weight,model-00006-of-00018.safetensors
blk.17.ssm_beta.weight,17,linear_attention,recurrent_state,BF16,245760,491520,5120x48,2502041152,model.language_model.layers.17.linear_attn.in_proj_b.weight,model-00006-of-00018.safetensors
blk.17.ssm_conv1d.weight,17,linear_attention,recurrent_state,F32,40960,163840,4x10240,2502532672,model.language_model.layers.17.linear_attn.conv1d.weight,model-00006-of-00018.safetensors
blk.17.ssm_dt.bias,17,linear_attention,recurrent_state,F32,48,192,48,2502696512,model.language_model.layers.17.linear_attn.dt_bias,model-00006-of-00018.safetensors
blk.17.ssm_norm.weight,17,linear_attention,recurrent_state,F32,128,512,128,2502696704,model.language_model.layers.17.linear_attn.norm.weight,model-00006-of-00018.safetensors
blk.17.ssm_out.weight,17,linear_attention,recurrent_state,PQ2_0,31457280,8355840,6144x5120,2502697216,model.language_model.layers.17.linear_attn.out_proj.weight,model-00006-of-00018.safetensors
blk.18.attn_gate.weight,18,linear_attention,attention_projection,PQ2_0,31457280,8355840,5120x6144,2511053056,model.language_model.layers.18.linear_attn.in_proj_z.weight,model-00006-of-00018.safetensors
blk.18.attn_norm.weight,18,linear_attention,normalization,F32,5120,20480,5120,2519408896,model.language_model.layers.18.input_layernorm.weight,model-00006-of-00018.safetensors
blk.18.attn_qkv.weight,18,linear_attention,attention_projection,PQ2_0,52428800,13926400,5120x10240,2519429376,model.language_model.layers.18.linear_attn.in_proj_qkv.weight,model-00006-of-00018.safetensors
blk.18.ffn_down.weight,18,linear_attention,mlp,PQ2_0,89128960,23674880,17408x5120,2533355776,model.language_model.layers.18.mlp.down_proj.weight,model-00006-of-00018.safetensors
blk.18.ffn_gate.weight,18,linear_attention,mlp,PQ2_0,89128960,23674880,5120x17408,2557030656,model.language_model.layers.18.mlp.gate_proj.weight,model-00006-of-00018.safetensors
blk.18.ffn_up.weight,18,linear_attention,mlp,PQ2_0,89128960,23674880,5120x17408,2580705536,model.language_model.layers.18.mlp.up_proj.weight,model-00006-of-00018.safetensors
blk.18.post_attention_norm.weight,18,linear_attention,normalization,F32,5120,20480,5120,2604380416,model.language_model.layers.18.post_attention_layernorm.weight,model-00006-of-00018.safetensors
blk.18.ssm_a,18,linear_attention,recurrent_state,F32,48,192,48,2604400896,model.language_model.layers.18.linear_attn.A_log,model-00006-of-00018.safetensors
blk.18.ssm_alpha.weight,18,linear_attention,recurrent_state,BF16,245760,491520,5120x48,2604401088,model.language_model.layers.18.linear_attn.in_proj_a.weight,model-00006-of-00018.safetensors
blk.18.ssm_beta.weight,18,linear_attention,recurrent_state,BF16,245760,491520,5120x48,2604892608,model.language_model.layers.18.linear_attn.in_proj_b.weight,model-00006-of-00018.safetensors
blk.18.ssm_conv1d.weight,18,linear_attention,recurrent_state,F32,40960,163840,4x10240,2605384128,model.language_model.layers.18.linear_attn.conv1d.weight,model-00006-of-00018.safetensors
blk.18.ssm_dt.bias,18,linear_attention,recurrent_state,F32,48,192,48,2605547968,model.language_model.layers.18.linear_attn.dt_bias,model-00006-of-00018.safetensors
blk.18.ssm_norm.weight,18,linear_attention,recurrent_state,F32,128,512,128,2605548160,model.language_model.layers.18.linear_attn.norm.weight,model-00006-of-00018.safetensors
blk.18.ssm_out.weight,18,linear_attention,recurrent_state,PQ2_0,31457280,8355840,6144x5120,2605548672,model.language_model.layers.18.linear_attn.out_proj.weight,model-00006-of-00018.safetensors
blk.19.attn_k.weight,19,full_attention,attention_projection,PQ2_0,5242880,1392640,5120x1024,2613904512,model.language_model.layers.19.self_attn.k_proj.weight,model-00006-of-00018.safetensors
blk.19.attn_k_norm.weight,19,full_attention,normalization,F32,256,1024,256,2615297152,model.language_model.layers.19.self_attn.k_norm.weight,model-00006-of-00018.safetensors
blk.19.attn_norm.weight,19,full_attention,normalization,F32,5120,20480,5120,2615298176,model.language_model.layers.19.input_layernorm.weight,model-00006-of-00018.safetensors
blk.19.attn_output.weight,19,full_attention,attention_projection,PQ2_0,31457280,8355840,6144x5120,2615318656,model.language_model.layers.19.self_attn.o_proj.weight,model-00006-of-00018.safetensors
blk.19.attn_q.weight,19,full_attention,attention_projection,PQ2_0,62914560,16711680,5120x12288,2623674496,model.language_model.layers.19.self_attn.q_proj.weight,model-00006-of-00018.safetensors
blk.19.attn_q_norm.weight,19,full_attention,normalization,F32,256,1024,256,2640386176,model.language_model.layers.19.self_attn.q_norm.weight,model-00006-of-00018.safetensors
blk.19.attn_v.weight,19,full_attention,attention_projection,PQ2_0,5242880,1392640,5120x1024,2640387200,model.language_model.layers.19.self_attn.v_proj.weight,model-00006-of-00018.safetensors
blk.19.ffn_down.weight,19,full_attention,mlp,PQ2_0,89128960,23674880,17408x5120,2641779840,model.language_model.layers.19.mlp.down_proj.weight,model-00006-of-00018.safetensors
blk.19.ffn_gate.weight,19,full_attention,mlp,PQ2_0,89128960,23674880,5120x17408,2665454720,model.language_model.layers.19.mlp.gate_proj.weight,model-00006-of-00018.safetensors
blk.19.ffn_up.weight,19,full_attention,mlp,PQ2_0,89128960,23674880,5120x17408,2689129600,model.language_model.layers.19.mlp.up_proj.weight,model-00006-of-00018.safetensors
blk.19.post_attention_norm.weight,19,full_attention,normalization,F32,5120,20480,5120,2712804480,model.language_model.layers.19.post_attention_layernorm.weight,model-00006-of-00018.safetensors
blk.20.attn_gate.weight,20,linear_attention,attention_projection,PQ2_0,31457280,8355840,5120x6144,2712824960,model.language_model.layers.20.linear_attn.in_proj_z.weight,model-00006-of-00018.safetensors
blk.20.attn_norm.weight,20,linear_attention,normalization,F32,5120,20480,5120,2721180800,model.language_model.layers.20.input_layernorm.weight,model-00006-of-00018.safetensors
blk.20.attn_qkv.weight,20,linear_attention,attention_projection,PQ2_0,52428800,13926400,5120x10240,2721201280,model.language_model.layers.20.linear_attn.in_proj_qkv.weight,model-00006-of-00018.safetensors
blk.20.ffn_down.weight,20,linear_attention,mlp,PQ2_0,89128960,23674880,17408x5120,2735127680,model.language_model.layers.20.mlp.down_proj.weight,model-00006-of-00018.safetensors
blk.20.ffn_gate.weight,20,linear_attention,mlp,PQ2_0,89128960,23674880,5120x17408,2758802560,model.language_model.layers.20.mlp.gate_proj.weight,model-00006-of-00018.safetensors
blk.20.ffn_up.weight,20,linear_attention,mlp,PQ2_0,89128960,23674880,5120x17408,2782477440,model.language_model.layers.20.mlp.up_proj.weight,model-00006-of-00018.safetensors
blk.20.post_attention_norm.weight,20,linear_attention,normalization,F32,5120,20480,5120,2806152320,model.language_model.layers.20.post_attention_layernorm.weight,model-00006-of-00018.safetensors
blk.20.ssm_a,20,linear_attention,recurrent_state,F32,48,192,48,2806172800,model.language_model.layers.20.linear_attn.A_log,model-00006-of-00018.safetensors
blk.20.ssm_alpha.weight,20,linear_attention,recurrent_state,BF16,245760,491520,5120x48,2806172992,model.language_model.layers.20.linear_attn.in_proj_a.weight,model-00006-of-00018.safetensors
blk.20.ssm_beta.weight,20,linear_attention,recurrent_state,BF16,245760,491520,5120x48,2806664512,model.language_model.layers.20.linear_attn.in_proj_b.weight,model-00006-of-00018.safetensors
blk.20.ssm_conv1d.weight,20,linear_attention,recurrent_state,F32,40960,163840,4x10240,2807156032,model.language_model.layers.20.linear_attn.conv1d.weight,model-00006-of-00018.safetensors
blk.20.ssm_dt.bias,20,linear_attention,recurrent_state,F32,48,192,48,2807319872,model.language_model.layers.20.linear_attn.dt_bias,model-00006-of-00018.safetensors
blk.20.ssm_norm.weight,20,linear_attention,recurrent_state,F32,128,512,128,2807320064,model.language_model.layers.20.linear_attn.norm.weight,model-00006-of-00018.safetensors
blk.20.ssm_out.weight,20,linear_attention,recurrent_state,PQ2_0,31457280,8355840,6144x5120,2807320576,model.language_model.layers.20.linear_attn.out_proj.weight,model-00006-of-00018.safetensors
blk.21.attn_gate.weight,21,linear_attention,attention_projection,PQ2_0,31457280,8355840,5120x6144,2815676416,model.language_model.layers.21.linear_attn.in_proj_z.weight,model-00006-of-00018.safetensors
blk.21.attn_norm.weight,21,linear_attention,normalization,F32,5120,20480,5120,2824032256,model.language_model.layers.21.input_layernorm.weight,model-00006-of-00018.safetensors
blk.21.attn_qkv.weight,21,linear_attention,attention_projection,PQ2_0,52428800,13926400,5120x10240,2824052736,model.language_model.layers.21.linear_attn.in_proj_qkv.weight,model-00006-of-00018.safetensors
blk.21.ffn_down.weight,21,linear_attention,mlp,PQ2_0,89128960,23674880,17408x5120,2837979136,model.language_model.layers.21.mlp.down_proj.weight,model-00007-of-00018.safetensors
blk.21.ffn_gate.weight,21,linear_attention,mlp,PQ2_0,89128960,23674880,5120x17408,2861654016,model.language_model.layers.21.mlp.gate_proj.weight,model-00007-of-00018.safetensors
blk.21.ffn_up.weight,21,linear_attention,mlp,PQ2_0,89128960,23674880,5120x17408,2885328896,model.language_model.layers.21.mlp.up_proj.weight,model-00007-of-00018.safetensors
blk.21.post_attention_norm.weight,21,linear_attention,normalization,F32,5120,20480,5120,2909003776,model.language_model.layers.21.post_attention_layernorm.weight,model-00007-of-00018.safetensors
blk.21.ssm_a,21,linear_attention,recurrent_state,F32,48,192,48,2909024256,model.language_model.layers.21.linear_attn.A_log,model-00006-of-00018.safetensors
blk.21.ssm_alpha.weight,21,linear_attention,recurrent_state,BF16,245760,491520,5120x48,2909024448,model.language_model.layers.21.linear_attn.in_proj_a.weight,model-00006-of-00018.safetensors
blk.21.ssm_beta.weight,21,linear_attention,recurrent_state,BF16,245760,491520,5120x48,2909515968,model.language_model.layers.21.linear_attn.in_proj_b.weight,model-00006-of-00018.safetensors
blk.21.ssm_conv1d.weight,21,linear_attention,recurrent_state,F32,40960,163840,4x10240,2910007488,model.language_model.layers.21.linear_attn.conv1d.weight,model-00006-of-00018.safetensors
blk.21.ssm_dt.bias,21,linear_attention,recurrent_state,F32,48,192,48,2910171328,model.language_model.layers.21.linear_attn.dt_bias,model-00006-of-00018.safetensors
blk.21.ssm_norm.weight,21,linear_attention,recurrent_state,F32,128,512,128,2910171520,model.language_model.layers.21.linear_attn.norm.weight,model-00006-of-00018.safetensors
blk.21.ssm_out.weight,21,linear_attention,recurrent_state,PQ2_0,31457280,8355840,6144x5120,2910172032,model.language_model.layers.21.linear_attn.out_proj.weight,model-00007-of-00018.safetensors
blk.22.attn_gate.weight,22,linear_attention,attention_projection,PQ2_0,31457280,8355840,5120x6144,2918527872,model.language_model.layers.22.linear_attn.in_proj_z.weight,model-00007-of-00018.safetensors
blk.22.attn_norm.weight,22,linear_attention,normalization,F32,5120,20480,5120,2926883712,model.language_model.layers.22.input_layernorm.weight,model-00007-of-00018.safetensors
blk.22.attn_qkv.weight,22,linear_attention,attention_projection,PQ2_0,52428800,13926400,5120x10240,2926904192,model.language_model.layers.22.linear_attn.in_proj_qkv.weight,model-00007-of-00018.safetensors
blk.22.ffn_down.weight,22,linear_attention,mlp,PQ2_0,89128960,23674880,17408x5120,2940830592,model.language_model.layers.22.mlp.down_proj.weight,model-00007-of-00018.safetensors
blk.22.ffn_gate.weight,22,linear_attention,mlp,PQ2_0,89128960,23674880,5120x17408,2964505472,model.language_model.layers.22.mlp.gate_proj.weight,model-00007-of-00018.safetensors
blk.22.ffn_up.weight,22,linear_attention,mlp,PQ2_0,89128960,23674880,5120x17408,2988180352,model.language_model.layers.22.mlp.up_proj.weight,model-00007-of-00018.safetensors
blk.22.post_attention_norm.weight,22,linear_attention,normalization,F32,5120,20480,5120,3011855232,model.language_model.layers.22.post_attention_layernorm.weight,model-00007-of-00018.safetensors
blk.22.ssm_a,22,linear_attention,recurrent_state,F32,48,192,48,3011875712,model.language_model.layers.22.linear_attn.A_log,model-00007-of-00018.safetensors
blk.22.ssm_alpha.weight,22,linear_attention,recurrent_state,BF16,245760,491520,5120x48,3011875904,model.language_model.layers.22.linear_attn.in_proj_a.weight,model-00007-of-00018.safetensors
blk.22.ssm_beta.weight,22,linear_attention,recurrent_state,BF16,245760,491520,5120x48,3012367424,model.language_model.layers.22.linear_attn.in_proj_b.weight,model-00007-of-00018.safetensors
blk.22.ssm_conv1d.weight,22,linear_attention,recurrent_state,F32,40960,163840,4x10240,3012858944,model.language_model.layers.22.linear_attn.conv1d.weight,model-00007-of-00018.safetensors
blk.22.ssm_dt.bias,22,linear_attention,recurrent_state,F32,48,192,48,3013022784,model.language_model.layers.22.linear_attn.dt_bias,model-00007-of-00018.safetensors
blk.22.ssm_norm.weight,22,linear_attention,recurrent_state,F32,128,512,128,3013022976,model.language_model.layers.22.linear_attn.norm.weight,model-00007-of-00018.safetensors
blk.22.ssm_out.weight,22,linear_attention,recurrent_state,PQ2_0,31457280,8355840,6144x5120,3013023488,model.language_model.layers.22.linear_attn.out_proj.weight,model-00007-of-00018.safetensors
blk.23.attn_k.weight,23,full_attention,attention_projection,PQ2_0,5242880,1392640,5120x1024,3021379328,model.language_model.layers.23.self_attn.k_proj.weight,model-00007-of-00018.safetensors
blk.23.attn_k_norm.weight,23,full_attention,normalization,F32,256,1024,256,3022771968,model.language_model.layers.23.self_attn.k_norm.weight,model-00007-of-00018.safetensors
blk.23.attn_norm.weight,23,full_attention,normalization,F32,5120,20480,5120,3022772992,model.language_model.layers.23.input_layernorm.weight,model-00007-of-00018.safetensors
blk.23.attn_output.weight,23,full_attention,attention_projection,PQ2_0,31457280,8355840,6144x5120,3022793472,model.language_model.layers.23.self_attn.o_proj.weight,model-00007-of-00018.safetensors
blk.23.attn_q.weight,23,full_attention,attention_projection,PQ2_0,62914560,16711680,5120x12288,3031149312,model.language_model.layers.23.self_attn.q_proj.weight,model-00007-of-00018.safetensors
blk.23.attn_q_norm.weight,23,full_attention,normalization,F32,256,1024,256,3047860992,model.language_model.layers.23.self_attn.q_norm.weight,model-00007-of-00018.safetensors
blk.23.attn_v.weight,23,full_attention,attention_projection,PQ2_0,5242880,1392640,5120x1024,3047862016,model.language_model.layers.23.self_attn.v_proj.weight,model-00007-of-00018.safetensors
blk.23.ffn_down.weight,23,full_attention,mlp,PQ2_0,89128960,23674880,17408x5120,3049254656,model.language_model.layers.23.mlp.down_proj.weight,model-00007-of-00018.safetensors
blk.23.ffn_gate.weight,23,full_attention,mlp,PQ2_0,89128960,23674880,5120x17408,3072929536,model.language_model.layers.23.mlp.gate_proj.weight,model-00007-of-00018.safetensors
blk.23.ffn_up.weight,23,full_attention,mlp,PQ2_0,89128960,23674880,5120x17408,3096604416,model.language_model.layers.23.mlp.up_proj.weight,model-00007-of-00018.safetensors
blk.23.post_attention_norm.weight,23,full_attention,normalization,F32,5120,20480,5120,3120279296,model.language_model.layers.23.post_attention_layernorm.weight,model-00007-of-00018.safetensors
blk.24.attn_gate.weight,24,linear_attention,attention_projection,PQ2_0,31457280,8355840,5120x6144,3120299776,model.language_model.layers.24.linear_attn.in_proj_z.weight,model-00008-of-00018.safetensors
blk.24.attn_norm.weight,24,linear_attention,normalization,F32,5120,20480,5120,3128655616,model.language_model.layers.24.input_layernorm.weight,model-00008-of-00018.safetensors
blk.24.attn_qkv.weight,24,linear_attention,attention_projection,PQ2_0,52428800,13926400,5120x10240,3128676096,model.language_model.layers.24.linear_attn.in_proj_qkv.weight,model-00008-of-00018.safetensors
blk.24.ffn_down.weight,24,linear_attention,mlp,PQ2_0,89128960,23674880,17408x5120,3142602496,model.language_model.layers.24.mlp.down_proj.weight,model-00008-of-00018.safetensors
blk.24.ffn_gate.weight,24,linear_attention,mlp,PQ2_0,89128960,23674880,5120x17408,3166277376,model.language_model.layers.24.mlp.gate_proj.weight,model-00008-of-00018.safetensors
blk.24.ffn_up.weight,24,linear_attention,mlp,PQ2_0,89128960,23674880,5120x17408,3189952256,model.language_model.layers.24.mlp.up_proj.weight,model-00008-of-00018.safetensors
blk.24.post_attention_norm.weight,24,linear_attention,normalization,F32,5120,20480,5120,3213627136,model.language_model.layers.24.post_attention_layernorm.weight,model-00008-of-00018.safetensors
blk.24.ssm_a,24,linear_attention,recurrent_state,F32,48,192,48,3213647616,model.language_model.layers.24.linear_attn.A_log,model-00008-of-00018.safetensors
blk.24.ssm_alpha.weight,24,linear_attention,recurrent_state,BF16,245760,491520,5120x48,3213647808,model.language_model.layers.24.linear_attn.in_proj_a.weight,model-00008-of-00018.safetensors
blk.24.ssm_beta.weight,24,linear_attention,recurrent_state,BF16,245760,491520,5120x48,3214139328,model.language_model.layers.24.linear_attn.in_proj_b.weight,model-00008-of-00018.safetensors
blk.24.ssm_conv1d.weight,24,linear_attention,recurrent_state,F32,40960,163840,4x10240,3214630848,model.language_model.layers.24.linear_attn.conv1d.weight,model-00008-of-00018.safetensors
blk.24.ssm_dt.bias,24,linear_attention,recurrent_state,F32,48,192,48,3214794688,model.language_model.layers.24.linear_attn.dt_bias,model-00008-of-00018.safetensors
blk.24.ssm_norm.weight,24,linear_attention,recurrent_state,F32,128,512,128,3214794880,model.language_model.layers.24.linear_attn.norm.weight,model-00008-of-00018.safetensors
blk.24.ssm_out.weight,24,linear_attention,recurrent_state,PQ2_0,31457280,8355840,6144x5120,3214795392,model.language_model.layers.24.linear_attn.out_proj.weight,model-00008-of-00018.safetensors
blk.25.attn_gate.weight,25,linear_attention,attention_projection,PQ2_0,31457280,8355840,5120x6144,3223151232,model.language_model.layers.25.linear_attn.in_proj_z.weight,model-00008-of-00018.safetensors
blk.25.attn_norm.weight,25,linear_attention,normalization,F32,5120,20480,5120,3231507072,model.language_model.layers.25.input_layernorm.weight,model-00008-of-00018.safetensors
blk.25.attn_qkv.weight,25,linear_attention,attention_projection,PQ2_0,52428800,13926400,5120x10240,3231527552,model.language_model.layers.25.linear_attn.in_proj_qkv.weight,model-00008-of-00018.safetensors
blk.25.ffn_down.weight,25,linear_attention,mlp,PQ2_0,89128960,23674880,17408x5120,3245453952,model.language_model.layers.25.mlp.down_proj.weight,model-00008-of-00018.safetensors
blk.25.ffn_gate.weight,25,linear_attention,mlp,PQ2_0,89128960,23674880,5120x17408,3269128832,model.language_model.layers.25.mlp.gate_proj.weight,model-00008-of-00018.safetensors
blk.25.ffn_up.weight,25,linear_attention,mlp,PQ2_0,89128960,23674880,5120x17408,3292803712,model.language_model.layers.25.mlp.up_proj.weight,model-00008-of-00018.safetensors
blk.25.post_attention_norm.weight,25,linear_attention,normalization,F32,5120,20480,5120,3316478592,model.language_model.layers.25.post_attention_layernorm.weight,model-00008-of-00018.safetensors
blk.25.ssm_a,25,linear_attention,recurrent_state,F32,48,192,48,3316499072,model.language_model.layers.25.linear_attn.A_log,model-00008-of-00018.safetensors
blk.25.ssm_alpha.weight,25,linear_attention,recurrent_state,BF16,245760,491520,5120x48,3316499264,model.language_model.layers.25.linear_attn.in_proj_a.weight,model-00008-of-00018.safetensors
blk.25.ssm_beta.weight,25,linear_attention,recurrent_state,BF16,245760,491520,5120x48,3316990784,model.language_model.layers.25.linear_attn.in_proj_b.weight,model-00008-of-00018.safetensors
blk.25.ssm_conv1d.weight,25,linear_attention,recurrent_state,F32,40960,163840,4x10240,3317482304,model.language_model.layers.25.linear_attn.conv1d.weight,model-00008-of-00018.safetensors
blk.25.ssm_dt.bias,25,linear_attention,recurrent_state,F32,48,192,48,3317646144,model.language_model.layers.25.linear_attn.dt_bias,model-00008-of-00018.safetensors
blk.25.ssm_norm.weight,25,linear_attention,recurrent_state,F32,128,512,128,3317646336,model.language_model.layers.25.linear_attn.norm.weight,model-00008-of-00018.safetensors
blk.25.ssm_out.weight,25,linear_attention,recurrent_state,PQ2_0,31457280,8355840,6144x5120,3317646848,model.language_model.layers.25.linear_attn.out_proj.weight,model-00008-of-00018.safetensors
blk.26.attn_gate.weight,26,linear_attention,attention_projection,PQ2_0,31457280,8355840,5120x6144,3326002688,model.language_model.layers.26.linear_attn.in_proj_z.weight,model-00008-of-00018.safetensors
blk.26.attn_norm.weight,26,linear_attention,normalization,F32,5120,20480,5120,3334358528,model.language_model.layers.26.input_layernorm.weight,model-00008-of-00018.safetensors
blk.26.attn_qkv.weight,26,linear_attention,attention_projection,PQ2_0,52428800,13926400,5120x10240,3334379008,model.language_model.layers.26.linear_attn.in_proj_qkv.weight,model-00008-of-00018.safetensors
blk.26.ffn_down.weight,26,linear_attention,mlp,PQ2_0,89128960,23674880,17408x5120,3348305408,model.language_model.layers.26.mlp.down_proj.weight,model-00008-of-00018.safetensors
blk.26.ffn_gate.weight,26,linear_attention,mlp,PQ2_0,89128960,23674880,5120x17408,3371980288,model.language_model.layers.26.mlp.gate_proj.weight,model-00008-of-00018.safetensors
blk.26.ffn_up.weight,26,linear_attention,mlp,PQ2_0,89128960,23674880,5120x17408,3395655168,model.language_model.layers.26.mlp.up_proj.weight,model-00008-of-00018.safetensors
blk.26.post_attention_norm.weight,26,linear_attention,normalization,F32,5120,20480,5120,3419330048,model.language_model.layers.26.post_attention_layernorm.weight,model-00008-of-00018.safetensors
blk.26.ssm_a,26,linear_attention,recurrent_state,F32,48,192,48,3419350528,model.language_model.layers.26.linear_attn.A_log,model-00008-of-00018.safetensors
blk.26.ssm_alpha.weight,26,linear_attention,recurrent_state,BF16,245760,491520,5120x48,3419350720,model.language_model.layers.26.linear_attn.in_proj_a.weight,model-00008-of-00018.safetensors
blk.26.ssm_beta.weight,26,linear_attention,recurrent_state,BF16,245760,491520,5120x48,3419842240,model.language_model.layers.26.linear_attn.in_proj_b.weight,model-00008-of-00018.safetensors
blk.26.ssm_conv1d.weight,26,linear_attention,recurrent_state,F32,40960,163840,4x10240,3420333760,model.language_model.layers.26.linear_attn.conv1d.weight,model-00008-of-00018.safetensors
blk.26.ssm_dt.bias,26,linear_attention,recurrent_state,F32,48,192,48,3420497600,model.language_model.layers.26.linear_attn.dt_bias,model-00008-of-00018.safetensors
blk.26.ssm_norm.weight,26,linear_attention,recurrent_state,F32,128,512,128,3420497792,model.language_model.layers.26.linear_attn.norm.weight,model-00008-of-00018.safetensors
blk.26.ssm_out.weight,26,linear_attention,recurrent_state,PQ2_0,31457280,8355840,6144x5120,3420498304,model.language_model.layers.26.linear_attn.out_proj.weight,model-00008-of-00018.safetensors
blk.27.attn_k.weight,27,full_attention,attention_projection,PQ2_0,5242880,1392640,5120x1024,3428854144,model.language_model.layers.27.self_attn.k_proj.weight,model-00008-of-00018.safetensors
blk.27.attn_k_norm.weight,27,full_attention,normalization,F32,256,1024,256,3430246784,model.language_model.layers.27.self_attn.k_norm.weight,model-00008-of-00018.safetensors
blk.27.attn_norm.weight,27,full_attention,normalization,F32,5120,20480,5120,3430247808,model.language_model.layers.27.input_layernorm.weight,model-00008-of-00018.safetensors
blk.27.attn_output.weight,27,full_attention,attention_projection,PQ2_0,31457280,8355840,6144x5120,3430268288,model.language_model.layers.27.self_attn.o_proj.weight,model-00008-of-00018.safetensors
blk.27.attn_q.weight,27,full_attention,attention_projection,PQ2_0,62914560,16711680,5120x12288,3438624128,model.language_model.layers.27.self_attn.q_proj.weight,model-00008-of-00018.safetensors
blk.27.attn_q_norm.weight,27,full_attention,normalization,F32,256,1024,256,3455335808,model.language_model.layers.27.self_attn.q_norm.weight,model-00008-of-00018.safetensors
blk.27.attn_v.weight,27,full_attention,attention_projection,PQ2_0,5242880,1392640,5120x1024,3455336832,model.language_model.layers.27.self_attn.v_proj.weight,model-00008-of-00018.safetensors
blk.27.ffn_down.weight,27,full_attention,mlp,PQ2_0,89128960,23674880,17408x5120,3456729472,model.language_model.layers.27.mlp.down_proj.weight,model-00008-of-00018.safetensors
blk.27.ffn_gate.weight,27,full_attention,mlp,PQ2_0,89128960,23674880,5120x17408,3480404352,model.language_model.layers.27.mlp.gate_proj.weight,model-00008-of-00018.safetensors
blk.27.ffn_up.weight,27,full_attention,mlp,PQ2_0,89128960,23674880,5120x17408,3504079232,model.language_model.layers.27.mlp.up_proj.weight,model-00008-of-00018.safetensors
blk.27.post_attention_norm.weight,27,full_attention,normalization,F32,5120,20480,5120,3527754112,model.language_model.layers.27.post_attention_layernorm.weight,model-00008-of-00018.safetensors
blk.28.attn_gate.weight,28,linear_attention,attention_projection,PQ2_0,31457280,8355840,5120x6144,3527774592,model.language_model.layers.28.linear_attn.in_proj_z.weight,model-00008-of-00018.safetensors
blk.28.attn_norm.weight,28,linear_attention,normalization,F32,5120,20480,5120,3536130432,model.language_model.layers.28.input_layernorm.weight,model-00008-of-00018.safetensors
blk.28.attn_qkv.weight,28,linear_attention,attention_projection,PQ2_0,52428800,13926400,5120x10240,3536150912,model.language_model.layers.28.linear_attn.in_proj_qkv.weight,model-00008-of-00018.safetensors
blk.28.ffn_down.weight,28,linear_attention,mlp,PQ2_0,89128960,23674880,17408x5120,3550077312,model.language_model.layers.28.mlp.down_proj.weight,model-00008-of-00018.safetensors
blk.28.ffn_gate.weight,28,linear_attention,mlp,PQ2_0,89128960,23674880,5120x17408,3573752192,model.language_model.layers.28.mlp.gate_proj.weight,model-00008-of-00018.safetensors
blk.28.ffn_up.weight,28,linear_attention,mlp,PQ2_0,89128960,23674880,5120x17408,3597427072,model.language_model.layers.28.mlp.up_proj.weight,model-00008-of-00018.safetensors
blk.28.post_attention_norm.weight,28,linear_attention,normalization,F32,5120,20480,5120,3621101952,model.language_model.layers.28.post_attention_layernorm.weight,model-00008-of-00018.safetensors
blk.28.ssm_a,28,linear_attention,recurrent_state,F32,48,192,48,3621122432,model.language_model.layers.28.linear_attn.A_log,model-00008-of-00018.safetensors
blk.28.ssm_alpha.weight,28,linear_attention,recurrent_state,BF16,245760,491520,5120x48,3621122624,model.language_model.layers.28.linear_attn.in_proj_a.weight,model-00008-of-00018.safetensors
blk.28.ssm_beta.weight,28,linear_attention,recurrent_state,BF16,245760,491520,5120x48,3621614144,model.language_model.layers.28.linear_attn.in_proj_b.weight,model-00008-of-00018.safetensors
blk.28.ssm_conv1d.weight,28,linear_attention,recurrent_state,F32,40960,163840,4x10240,3622105664,model.language_model.layers.28.linear_attn.conv1d.weight,model-00008-of-00018.safetensors
blk.28.ssm_dt.bias,28,linear_attention,recurrent_state,F32,48,192,48,3622269504,model.language_model.layers.28.linear_attn.dt_bias,model-00008-of-00018.safetensors
blk.28.ssm_norm.weight,28,linear_attention,recurrent_state,F32,128,512,128,3622269696,model.language_model.layers.28.linear_attn.norm.weight,model-00008-of-00018.safetensors
blk.28.ssm_out.weight,28,linear_attention,recurrent_state,PQ2_0,31457280,8355840,6144x5120,3622270208,model.language_model.layers.28.linear_attn.out_proj.weight,model-00008-of-00018.safetensors
blk.29.attn_gate.weight,29,linear_attention,attention_projection,PQ2_0,31457280,8355840,5120x6144,3630626048,model.language_model.layers.29.linear_attn.in_proj_z.weight,model-00008-of-00018.safetensors
blk.29.attn_norm.weight,29,linear_attention,normalization,F32,5120,20480,5120,3638981888,model.language_model.layers.29.input_layernorm.weight,model-00008-of-00018.safetensors
blk.29.attn_qkv.weight,29,linear_attention,attention_projection,PQ2_0,52428800,13926400,5120x10240,3639002368,model.language_model.layers.29.linear_attn.in_proj_qkv.weight,model-00008-of-00018.safetensors
blk.29.ffn_down.weight,29,linear_attention,mlp,PQ2_0,89128960,23674880,17408x5120,3652928768,model.language_model.layers.29.mlp.down_proj.weight,model-00009-of-00018.safetensors
blk.29.ffn_gate.weight,29,linear_attention,mlp,PQ2_0,89128960,23674880,5120x17408,3676603648,model.language_model.layers.29.mlp.gate_proj.weight,model-00009-of-00018.safetensors
blk.29.ffn_up.weight,29,linear_attention,mlp,PQ2_0,89128960,23674880,5120x17408,3700278528,model.language_model.layers.29.mlp.up_proj.weight,model-00009-of-00018.safetensors
blk.29.post_attention_norm.weight,29,linear_attention,normalization,F32,5120,20480,5120,3723953408,model.language_model.layers.29.post_attention_layernorm.weight,model-00009-of-00018.safetensors
blk.29.ssm_a,29,linear_attention,recurrent_state,F32,48,192,48,3723973888,model.language_model.layers.29.linear_attn.A_log,model-00008-of-00018.safetensors
blk.29.ssm_alpha.weight,29,linear_attention,recurrent_state,BF16,245760,491520,5120x48,3723974080,model.language_model.layers.29.linear_attn.in_proj_a.weight,model-00008-of-00018.safetensors
blk.29.ssm_beta.weight,29,linear_attention,recurrent_state,BF16,245760,491520,5120x48,3724465600,model.language_model.layers.29.linear_attn.in_proj_b.weight,model-00008-of-00018.safetensors
blk.29.ssm_conv1d.weight,29,linear_attention,recurrent_state,F32,40960,163840,4x10240,3724957120,model.language_model.layers.29.linear_attn.conv1d.weight,model-00008-of-00018.safetensors
blk.29.ssm_dt.bias,29,linear_attention,recurrent_state,F32,48,192,48,3725120960,model.language_model.layers.29.linear_attn.dt_bias,model-00008-of-00018.safetensors
blk.29.ssm_norm.weight,29,linear_attention,recurrent_state,F32,128,512,128,3725121152,model.language_model.layers.29.linear_attn.norm.weight,model-00008-of-00018.safetensors
blk.29.ssm_out.weight,29,linear_attention,recurrent_state,PQ2_0,31457280,8355840,6144x5120,3725121664,model.language_model.layers.29.linear_attn.out_proj.weight,model-00009-of-00018.safetensors
blk.30.attn_gate.weight,30,linear_attention,attention_projection,PQ2_0,31457280,8355840,5120x6144,3733477504,model.language_model.layers.30.linear_attn.in_proj_z.weight,model-00009-of-00018.safetensors
blk.30.attn_norm.weight,30,linear_attention,normalization,F32,5120,20480,5120,3741833344,model.language_model.layers.30.input_layernorm.weight,model-00009-of-00018.safetensors
blk.30.attn_qkv.weight,30,linear_attention,attention_projection,PQ2_0,52428800,13926400,5120x10240,3741853824,model.language_model.layers.30.linear_attn.in_proj_qkv.weight,model-00009-of-00018.safetensors
blk.30.ffn_down.weight,30,linear_attention,mlp,PQ2_0,89128960,23674880,17408x5120,3755780224,model.language_model.layers.30.mlp.down_proj.weight,model-00009-of-00018.safetensors
blk.30.ffn_gate.weight,30,linear_attention,mlp,PQ2_0,89128960,23674880,5120x17408,3779455104,model.language_model.layers.30.mlp.gate_proj.weight,model-00009-of-00018.safetensors
blk.30.ffn_up.weight,30,linear_attention,mlp,PQ2_0,89128960,23674880,5120x17408,3803129984,model.language_model.layers.30.mlp.up_proj.weight,model-00009-of-00018.safetensors
blk.30.post_attention_norm.weight,30,linear_attention,normalization,F32,5120,20480,5120,3826804864,model.language_model.layers.30.post_attention_layernorm.weight,model-00009-of-00018.safetensors
blk.30.ssm_a,30,linear_attention,recurrent_state,F32,48,192,48,3826825344,model.language_model.layers.30.linear_attn.A_log,model-00009-of-00018.safetensors
blk.30.ssm_alpha.weight,30,linear_attention,recurrent_state,BF16,245760,491520,5120x48,3826825536,model.language_model.layers.30.linear_attn.in_proj_a.weight,model-00009-of-00018.safetensors
blk.30.ssm_beta.weight,30,linear_attention,recurrent_state,BF16,245760,491520,5120x48,3827317056,model.language_model.layers.30.linear_attn.in_proj_b.weight,model-00009-of-00018.safetensors
blk.30.ssm_conv1d.weight,30,linear_attention,recurrent_state,F32,40960,163840,4x10240,3827808576,model.language_model.layers.30.linear_attn.conv1d.weight,model-00009-of-00018.safetensors
blk.30.ssm_dt.bias,30,linear_attention,recurrent_state,F32,48,192,48,3827972416,model.language_model.layers.30.linear_attn.dt_bias,model-00009-of-00018.safetensors
blk.30.ssm_norm.weight,30,linear_attention,recurrent_state,F32,128,512,128,3827972608,model.language_model.layers.30.linear_attn.norm.weight,model-00009-of-00018.safetensors
blk.30.ssm_out.weight,30,linear_attention,recurrent_state,PQ2_0,31457280,8355840,6144x5120,3827973120,model.language_model.layers.30.linear_attn.out_proj.weight,model-00009-of-00018.safetensors
blk.31.attn_k.weight,31,full_attention,attention_projection,PQ2_0,5242880,1392640,5120x1024,3836328960,model.language_model.layers.31.self_attn.k_proj.weight,model-00009-of-00018.safetensors
blk.31.attn_k_norm.weight,31,full_attention,normalization,F32,256,1024,256,3837721600,model.language_model.layers.31.self_attn.k_norm.weight,model-00009-of-00018.safetensors
blk.31.attn_norm.weight,31,full_attention,normalization,F32,5120,20480,5120,3837722624,model.language_model.layers.31.input_layernorm.weight,model-00009-of-00018.safetensors
blk.31.attn_output.weight,31,full_attention,attention_projection,PQ2_0,31457280,8355840,6144x5120,3837743104,model.language_model.layers.31.self_attn.o_proj.weight,model-00009-of-00018.safetensors
blk.31.attn_q.weight,31,full_attention,attention_projection,PQ2_0,62914560,16711680,5120x12288,3846098944,model.language_model.layers.31.self_attn.q_proj.weight,model-00009-of-00018.safetensors
blk.31.attn_q_norm.weight,31,full_attention,normalization,F32,256,1024,256,3862810624,model.language_model.layers.31.self_attn.q_norm.weight,model-00009-of-00018.safetensors
blk.31.attn_v.weight,31,full_attention,attention_projection,PQ2_0,5242880,1392640,5120x1024,3862811648,model.language_model.layers.31.self_attn.v_proj.weight,model-00009-of-00018.safetensors
blk.31.ffn_down.weight,31,full_attention,mlp,PQ2_0,89128960,23674880,17408x5120,3864204288,model.language_model.layers.31.mlp.down_proj.weight,model-00009-of-00018.safetensors
blk.31.ffn_gate.weight,31,full_attention,mlp,PQ2_0,89128960,23674880,5120x17408,3887879168,model.language_model.layers.31.mlp.gate_proj.weight,model-00009-of-00018.safetensors
blk.31.ffn_up.weight,31,full_attention,mlp,PQ2_0,89128960,23674880,5120x17408,3911554048,model.language_model.layers.31.mlp.up_proj.weight,model-00009-of-00018.safetensors
blk.31.post_attention_norm.weight,31,full_attention,normalization,F32,5120,20480,5120,3935228928,model.language_model.layers.31.post_attention_layernorm.weight,model-00009-of-00018.safetensors
blk.32.attn_gate.weight,32,linear_attention,attention_projection,PQ2_0,31457280,8355840,5120x6144,3935249408,model.language_model.layers.32.linear_attn.in_proj_z.weight,model-00010-of-00018.safetensors
blk.32.attn_norm.weight,32,linear_attention,normalization,F32,5120,20480,5120,3943605248,model.language_model.layers.32.input_layernorm.weight,model-00010-of-00018.safetensors
blk.32.attn_qkv.weight,32,linear_attention,attention_projection,PQ2_0,52428800,13926400,5120x10240,3943625728,model.language_model.layers.32.linear_attn.in_proj_qkv.weight,model-00010-of-00018.safetensors
blk.32.ffn_down.weight,32,linear_attention,mlp,PQ2_0,89128960,23674880,17408x5120,3957552128,model.language_model.layers.32.mlp.down_proj.weight,model-00010-of-00018.safetensors
blk.32.ffn_gate.weight,32,linear_attention,mlp,PQ2_0,89128960,23674880,5120x17408,3981227008,model.language_model.layers.32.mlp.gate_proj.weight,model-00010-of-00018.safetensors
blk.32.ffn_up.weight,32,linear_attention,mlp,PQ2_0,89128960,23674880,5120x17408,4004901888,model.language_model.layers.32.mlp.up_proj.weight,model-00010-of-00018.safetensors
blk.32.post_attention_norm.weight,32,linear_attention,normalization,F32,5120,20480,5120,4028576768,model.language_model.layers.32.post_attention_layernorm.weight,model-00010-of-00018.safetensors
blk.32.ssm_a,32,linear_attention,recurrent_state,F32,48,192,48,4028597248,model.language_model.layers.32.linear_attn.A_log,model-00010-of-00018.safetensors
blk.32.ssm_alpha.weight,32,linear_attention,recurrent_state,BF16,245760,491520,5120x48,4028597440,model.language_model.layers.32.linear_attn.in_proj_a.weight,model-00010-of-00018.safetensors
blk.32.ssm_beta.weight,32,linear_attention,recurrent_state,BF16,245760,491520,5120x48,4029088960,model.language_model.layers.32.linear_attn.in_proj_b.weight,model-00010-of-00018.safetensors
blk.32.ssm_conv1d.weight,32,linear_attention,recurrent_state,F32,40960,163840,4x10240,4029580480,model.language_model.layers.32.linear_attn.conv1d.weight,model-00010-of-00018.safetensors
blk.32.ssm_dt.bias,32,linear_attention,recurrent_state,F32,48,192,48,4029744320,model.language_model.layers.32.linear_attn.dt_bias,model-00010-of-00018.safetensors
blk.32.ssm_norm.weight,32,linear_attention,recurrent_state,F32,128,512,128,4029744512,model.language_model.layers.32.linear_attn.norm.weight,model-00010-of-00018.safetensors
blk.32.ssm_out.weight,32,linear_attention,recurrent_state,PQ2_0,31457280,8355840,6144x5120,4029745024,model.language_model.layers.32.linear_attn.out_proj.weight,model-00010-of-00018.safetensors
blk.33.attn_gate.weight,33,linear_attention,attention_projection,PQ2_0,31457280,8355840,5120x6144,4038100864,model.language_model.layers.33.linear_attn.in_proj_z.weight,model-00010-of-00018.safetensors
blk.33.attn_norm.weight,33,linear_attention,normalization,F32,5120,20480,5120,4046456704,model.language_model.layers.33.input_layernorm.weight,model-00010-of-00018.safetensors
blk.33.attn_qkv.weight,33,linear_attention,attention_projection,PQ2_0,52428800,13926400,5120x10240,4046477184,model.language_model.layers.33.linear_attn.in_proj_qkv.weight,model-00010-of-00018.safetensors
blk.33.ffn_down.weight,33,linear_attention,mlp,PQ2_0,89128960,23674880,17408x5120,4060403584,model.language_model.layers.33.mlp.down_proj.weight,model-00010-of-00018.safetensors
blk.33.ffn_gate.weight,33,linear_attention,mlp,PQ2_0,89128960,23674880,5120x17408,4084078464,model.language_model.layers.33.mlp.gate_proj.weight,model-00010-of-00018.safetensors
blk.33.ffn_up.weight,33,linear_attention,mlp,PQ2_0,89128960,23674880,5120x17408,4107753344,model.language_model.layers.33.mlp.up_proj.weight,model-00010-of-00018.safetensors
blk.33.post_attention_norm.weight,33,linear_attention,normalization,F32,5120,20480,5120,4131428224,model.language_model.layers.33.post_attention_layernorm.weight,model-00010-of-00018.safetensors
blk.33.ssm_a,33,linear_attention,recurrent_state,F32,48,192,48,4131448704,model.language_model.layers.33.linear_attn.A_log,model-00010-of-00018.safetensors
blk.33.ssm_alpha.weight,33,linear_attention,recurrent_state,BF16,245760,491520,5120x48,4131448896,model.language_model.layers.33.linear_attn.in_proj_a.weight,model-00010-of-00018.safetensors
blk.33.ssm_beta.weight,33,linear_attention,recurrent_state,BF16,245760,491520,5120x48,4131940416,model.language_model.layers.33.linear_attn.in_proj_b.weight,model-00010-of-00018.safetensors
blk.33.ssm_conv1d.weight,33,linear_attention,recurrent_state,F32,40960,163840,4x10240,4132431936,model.language_model.layers.33.linear_attn.conv1d.weight,model-00010-of-00018.safetensors
blk.33.ssm_dt.bias,33,linear_attention,recurrent_state,F32,48,192,48,4132595776,model.language_model.layers.33.linear_attn.dt_bias,model-00010-of-00018.safetensors
blk.33.ssm_norm.weight,33,linear_attention,recurrent_state,F32,128,512,128,4132595968,model.language_model.layers.33.linear_attn.norm.weight,model-00010-of-00018.safetensors
blk.33.ssm_out.weight,33,linear_attention,recurrent_state,PQ2_0,31457280,8355840,6144x5120,4132596480,model.language_model.layers.33.linear_attn.out_proj.weight,model-00010-of-00018.safetensors
blk.34.attn_gate.weight,34,linear_attention,attention_projection,PQ2_0,31457280,8355840,5120x6144,4140952320,model.language_model.layers.34.linear_attn.in_proj_z.weight,model-00010-of-00018.safetensors
blk.34.attn_norm.weight,34,linear_attention,normalization,F32,5120,20480,5120,4149308160,model.language_model.layers.34.input_layernorm.weight,model-00010-of-00018.safetensors
blk.34.attn_qkv.weight,34,linear_attention,attention_projection,PQ2_0,52428800,13926400,5120x10240,4149328640,model.language_model.layers.34.linear_attn.in_proj_qkv.weight,model-00010-of-00018.safetensors
blk.34.ffn_down.weight,34,linear_attention,mlp,PQ2_0,89128960,23674880,17408x5120,4163255040,model.language_model.layers.34.mlp.down_proj.weight,model-00010-of-00018.safetensors
blk.34.ffn_gate.weight,34,linear_attention,mlp,PQ2_0,89128960,23674880,5120x17408,4186929920,model.language_model.layers.34.mlp.gate_proj.weight,model-00010-of-00018.safetensors
blk.34.ffn_up.weight,34,linear_attention,mlp,PQ2_0,89128960,23674880,5120x17408,4210604800,model.language_model.layers.34.mlp.up_proj.weight,model-00010-of-00018.safetensors
blk.34.post_attention_norm.weight,34,linear_attention,normalization,F32,5120,20480,5120,4234279680,model.language_model.layers.34.post_attention_layernorm.weight,model-00010-of-00018.safetensors
blk.34.ssm_a,34,linear_attention,recurrent_state,F32,48,192,48,4234300160,model.language_model.layers.34.linear_attn.A_log,model-00010-of-00018.safetensors
blk.34.ssm_alpha.weight,34,linear_attention,recurrent_state,BF16,245760,491520,5120x48,4234300352,model.language_model.layers.34.linear_attn.in_proj_a.weight,model-00010-of-00018.safetensors
blk.34.ssm_beta.weight,34,linear_attention,recurrent_state,BF16,245760,491520,5120x48,4234791872,model.language_model.layers.34.linear_attn.in_proj_b.weight,model-00010-of-00018.safetensors
blk.34.ssm_conv1d.weight,34,linear_attention,recurrent_state,F32,40960,163840,4x10240,4235283392,model.language_model.layers.34.linear_attn.conv1d.weight,model-00010-of-00018.safetensors
blk.34.ssm_dt.bias,34,linear_attention,recurrent_state,F32,48,192,48,4235447232,model.language_model.layers.34.linear_attn.dt_bias,model-00010-of-00018.safetensors
blk.34.ssm_norm.weight,34,linear_attention,recurrent_state,F32,128,512,128,4235447424,model.language_model.layers.34.linear_attn.norm.weight,model-00010-of-00018.safetensors
blk.34.ssm_out.weight,34,linear_attention,recurrent_state,PQ2_0,31457280,8355840,6144x5120,4235447936,model.language_model.layers.34.linear_attn.out_proj.weight,model-00010-of-00018.safetensors
blk.35.attn_k.weight,35,full_attention,attention_projection,PQ2_0,5242880,1392640,5120x1024,4243803776,model.language_model.layers.35.self_attn.k_proj.weight,model-00010-of-00018.safetensors
blk.35.attn_k_norm.weight,35,full_attention,normalization,F32,256,1024,256,4245196416,model.language_model.layers.35.self_attn.k_norm.weight,model-00010-of-00018.safetensors
blk.35.attn_norm.weight,35,full_attention,normalization,F32,5120,20480,5120,4245197440,model.language_model.layers.35.input_layernorm.weight,model-00010-of-00018.safetensors
blk.35.attn_output.weight,35,full_attention,attention_projection,PQ2_0,31457280,8355840,6144x5120,4245217920,model.language_model.layers.35.self_attn.o_proj.weight,model-00010-of-00018.safetensors
blk.35.attn_q.weight,35,full_attention,attention_projection,PQ2_0,62914560,16711680,5120x12288,4253573760,model.language_model.layers.35.self_attn.q_proj.weight,model-00010-of-00018.safetensors
blk.35.attn_q_norm.weight,35,full_attention,normalization,F32,256,1024,256,4270285440,model.language_model.layers.35.self_attn.q_norm.weight,model-00010-of-00018.safetensors
blk.35.attn_v.weight,35,full_attention,attention_projection,PQ2_0,5242880,1392640,5120x1024,4270286464,model.language_model.layers.35.self_attn.v_proj.weight,model-00010-of-00018.safetensors
blk.35.ffn_down.weight,35,full_attention,mlp,PQ2_0,89128960,23674880,17408x5120,4271679104,model.language_model.layers.35.mlp.down_proj.weight,model-00010-of-00018.safetensors
blk.35.ffn_gate.weight,35,full_attention,mlp,PQ2_0,89128960,23674880,5120x17408,4295353984,model.language_model.layers.35.mlp.gate_proj.weight,model-00010-of-00018.safetensors
blk.35.ffn_up.weight,35,full_attention,mlp,PQ2_0,89128960,23674880,5120x17408,4319028864,model.language_model.layers.35.mlp.up_proj.weight,model-00010-of-00018.safetensors
blk.35.post_attention_norm.weight,35,full_attention,normalization,F32,5120,20480,5120,4342703744,model.language_model.layers.35.post_attention_layernorm.weight,model-00010-of-00018.safetensors
blk.36.attn_gate.weight,36,linear_attention,attention_projection,PQ2_0,31457280,8355840,5120x6144,4342724224,model.language_model.layers.36.linear_attn.in_proj_z.weight,model-00010-of-00018.safetensors
blk.36.attn_norm.weight,36,linear_attention,normalization,F32,5120,20480,5120,4351080064,model.language_model.layers.36.input_layernorm.weight,model-00010-of-00018.safetensors
blk.36.attn_qkv.weight,36,linear_attention,attention_projection,PQ2_0,52428800,13926400,5120x10240,4351100544,model.language_model.layers.36.linear_attn.in_proj_qkv.weight,model-00010-of-00018.safetensors
blk.36.ffn_down.weight,36,linear_attention,mlp,PQ2_0,89128960,23674880,17408x5120,4365026944,model.language_model.layers.36.mlp.down_proj.weight,model-00010-of-00018.safetensors
blk.36.ffn_gate.weight,36,linear_attention,mlp,PQ2_0,89128960,23674880,5120x17408,4388701824,model.language_model.layers.36.mlp.gate_proj.weight,model-00010-of-00018.safetensors
blk.36.ffn_up.weight,36,linear_attention,mlp,PQ2_0,89128960,23674880,5120x17408,4412376704,model.language_model.layers.36.mlp.up_proj.weight,model-00010-of-00018.safetensors
blk.36.post_attention_norm.weight,36,linear_attention,normalization,F32,5120,20480,5120,4436051584,model.language_model.layers.36.post_attention_layernorm.weight,model-00010-of-00018.safetensors
blk.36.ssm_a,36,linear_attention,recurrent_state,F32,48,192,48,4436072064,model.language_model.layers.36.linear_attn.A_log,model-00010-of-00018.safetensors
blk.36.ssm_alpha.weight,36,linear_attention,recurrent_state,BF16,245760,491520,5120x48,4436072256,model.language_model.layers.36.linear_attn.in_proj_a.weight,model-00010-of-00018.safetensors
blk.36.ssm_beta.weight,36,linear_attention,recurrent_state,BF16,245760,491520,5120x48,4436563776,model.language_model.layers.36.linear_attn.in_proj_b.weight,model-00010-of-00018.safetensors
blk.36.ssm_conv1d.weight,36,linear_attention,recurrent_state,F32,40960,163840,4x10240,4437055296,model.language_model.layers.36.linear_attn.conv1d.weight,model-00010-of-00018.safetensors
blk.36.ssm_dt.bias,36,linear_attention,recurrent_state,F32,48,192,48,4437219136,model.language_model.layers.36.linear_attn.dt_bias,model-00010-of-00018.safetensors
blk.36.ssm_norm.weight,36,linear_attention,recurrent_state,F32,128,512,128,4437219328,model.language_model.layers.36.linear_attn.norm.weight,model-00010-of-00018.safetensors
blk.36.ssm_out.weight,36,linear_attention,recurrent_state,PQ2_0,31457280,8355840,6144x5120,4437219840,model.language_model.layers.36.linear_attn.out_proj.weight,model-00010-of-00018.safetensors
blk.37.attn_gate.weight,37,linear_attention,attention_projection,PQ2_0,31457280,8355840,5120x6144,4445575680,model.language_model.layers.37.linear_attn.in_proj_z.weight,model-00010-of-00018.safetensors
blk.37.attn_norm.weight,37,linear_attention,normalization,F32,5120,20480,5120,4453931520,model.language_model.layers.37.input_layernorm.weight,model-00010-of-00018.safetensors
blk.37.attn_qkv.weight,37,linear_attention,attention_projection,PQ2_0,52428800,13926400,5120x10240,4453952000,model.language_model.layers.37.linear_attn.in_proj_qkv.weight,model-00010-of-00018.safetensors
blk.37.ffn_down.weight,37,linear_attention,mlp,PQ2_0,89128960,23674880,17408x5120,4467878400,model.language_model.layers.37.mlp.down_proj.weight,model-00011-of-00018.safetensors
blk.37.ffn_gate.weight,37,linear_attention,mlp,PQ2_0,89128960,23674880,5120x17408,4491553280,model.language_model.layers.37.mlp.gate_proj.weight,model-00011-of-00018.safetensors
blk.37.ffn_up.weight,37,linear_attention,mlp,PQ2_0,89128960,23674880,5120x17408,4515228160,model.language_model.layers.37.mlp.up_proj.weight,model-00011-of-00018.safetensors
blk.37.post_attention_norm.weight,37,linear_attention,normalization,F32,5120,20480,5120,4538903040,model.language_model.layers.37.post_attention_layernorm.weight,model-00011-of-00018.safetensors
blk.37.ssm_a,37,linear_attention,recurrent_state,F32,48,192,48,4538923520,model.language_model.layers.37.linear_attn.A_log,model-00010-of-00018.safetensors
blk.37.ssm_alpha.weight,37,linear_attention,recurrent_state,BF16,245760,491520,5120x48,4538923712,model.language_model.layers.37.linear_attn.in_proj_a.weight,model-00010-of-00018.safetensors
blk.37.ssm_beta.weight,37,linear_attention,recurrent_state,BF16,245760,491520,5120x48,4539415232,model.language_model.layers.37.linear_attn.in_proj_b.weight,model-00010-of-00018.safetensors
blk.37.ssm_conv1d.weight,37,linear_attention,recurrent_state,F32,40960,163840,4x10240,4539906752,model.language_model.layers.37.linear_attn.conv1d.weight,model-00010-of-00018.safetensors
blk.37.ssm_dt.bias,37,linear_attention,recurrent_state,F32,48,192,48,4540070592,model.language_model.layers.37.linear_attn.dt_bias,model-00010-of-00018.safetensors
blk.37.ssm_norm.weight,37,linear_attention,recurrent_state,F32,128,512,128,4540070784,model.language_model.layers.37.linear_attn.norm.weight,model-00010-of-00018.safetensors
blk.37.ssm_out.weight,37,linear_attention,recurrent_state,PQ2_0,31457280,8355840,6144x5120,4540071296,model.language_model.layers.37.linear_attn.out_proj.weight,model-00011-of-00018.safetensors
blk.38.attn_gate.weight,38,linear_attention,attention_projection,PQ2_0,31457280,8355840,5120x6144,4548427136,model.language_model.layers.38.linear_attn.in_proj_z.weight,model-00011-of-00018.safetensors
blk.38.attn_norm.weight,38,linear_attention,normalization,F32,5120,20480,5120,4556782976,model.language_model.layers.38.input_layernorm.weight,model-00011-of-00018.safetensors
blk.38.attn_qkv.weight,38,linear_attention,attention_projection,PQ2_0,52428800,13926400,5120x10240,4556803456,model.language_model.layers.38.linear_attn.in_proj_qkv.weight,model-00011-of-00018.safetensors
blk.38.ffn_down.weight,38,linear_attention,mlp,PQ2_0,89128960,23674880,17408x5120,4570729856,model.language_model.layers.38.mlp.down_proj.weight,model-00011-of-00018.safetensors
blk.38.ffn_gate.weight,38,linear_attention,mlp,PQ2_0,89128960,23674880,5120x17408,4594404736,model.language_model.layers.38.mlp.gate_proj.weight,model-00011-of-00018.safetensors
blk.38.ffn_up.weight,38,linear_attention,mlp,PQ2_0,89128960,23674880,5120x17408,4618079616,model.language_model.layers.38.mlp.up_proj.weight,model-00011-of-00018.safetensors
blk.38.post_attention_norm.weight,38,linear_attention,normalization,F32,5120,20480,5120,4641754496,model.language_model.layers.38.post_attention_layernorm.weight,model-00011-of-00018.safetensors
blk.38.ssm_a,38,linear_attention,recurrent_state,F32,48,192,48,4641774976,model.language_model.layers.38.linear_attn.A_log,model-00011-of-00018.safetensors
blk.38.ssm_alpha.weight,38,linear_attention,recurrent_state,BF16,245760,491520,5120x48,4641775168,model.language_model.layers.38.linear_attn.in_proj_a.weight,model-00011-of-00018.safetensors
blk.38.ssm_beta.weight,38,linear_attention,recurrent_state,BF16,245760,491520,5120x48,4642266688,model.language_model.layers.38.linear_attn.in_proj_b.weight,model-00011-of-00018.safetensors
blk.38.ssm_conv1d.weight,38,linear_attention,recurrent_state,F32,40960,163840,4x10240,4642758208,model.language_model.layers.38.linear_attn.conv1d.weight,model-00011-of-00018.safetensors
blk.38.ssm_dt.bias,38,linear_attention,recurrent_state,F32,48,192,48,4642922048,model.language_model.layers.38.linear_attn.dt_bias,model-00011-of-00018.safetensors
blk.38.ssm_norm.weight,38,linear_attention,recurrent_state,F32,128,512,128,4642922240,model.language_model.layers.38.linear_attn.norm.weight,model-00011-of-00018.safetensors
blk.38.ssm_out.weight,38,linear_attention,recurrent_state,PQ2_0,31457280,8355840,6144x5120,4642922752,model.language_model.layers.38.linear_attn.out_proj.weight,model-00011-of-00018.safetensors
blk.39.attn_k.weight,39,full_attention,attention_projection,PQ2_0,5242880,1392640,5120x1024,4651278592,model.language_model.layers.39.self_attn.k_proj.weight,model-00011-of-00018.safetensors
blk.39.attn_k_norm.weight,39,full_attention,normalization,F32,256,1024,256,4652671232,model.language_model.layers.39.self_attn.k_norm.weight,model-00011-of-00018.safetensors
blk.39.attn_norm.weight,39,full_attention,normalization,F32,5120,20480,5120,4652672256,model.language_model.layers.39.input_layernorm.weight,model-00011-of-00018.safetensors
blk.39.attn_output.weight,39,full_attention,attention_projection,PQ2_0,31457280,8355840,6144x5120,4652692736,model.language_model.layers.39.self_attn.o_proj.weight,model-00011-of-00018.safetensors
blk.39.attn_q.weight,39,full_attention,attention_projection,PQ2_0,62914560,16711680,5120x12288,4661048576,model.language_model.layers.39.self_attn.q_proj.weight,model-00011-of-00018.safetensors
blk.39.attn_q_norm.weight,39,full_attention,normalization,F32,256,1024,256,4677760256,model.language_model.layers.39.self_attn.q_norm.weight,model-00011-of-00018.safetensors
blk.39.attn_v.weight,39,full_attention,attention_projection,PQ2_0,5242880,1392640,5120x1024,4677761280,model.language_model.layers.39.self_attn.v_proj.weight,model-00011-of-00018.safetensors
blk.39.ffn_down.weight,39,full_attention,mlp,PQ2_0,89128960,23674880,17408x5120,4679153920,model.language_model.layers.39.mlp.down_proj.weight,model-00011-of-00018.safetensors
blk.39.ffn_gate.weight,39,full_attention,mlp,PQ2_0,89128960,23674880,5120x17408,4702828800,model.language_model.layers.39.mlp.gate_proj.weight,model-00011-of-00018.safetensors
blk.39.ffn_up.weight,39,full_attention,mlp,PQ2_0,89128960,23674880,5120x17408,4726503680,model.language_model.layers.39.mlp.up_proj.weight,model-00011-of-00018.safetensors
blk.39.post_attention_norm.weight,39,full_attention,normalization,F32,5120,20480,5120,4750178560,model.language_model.layers.39.post_attention_layernorm.weight,model-00011-of-00018.safetensors
blk.40.attn_gate.weight,40,linear_attention,attention_projection,PQ2_0,31457280,8355840,5120x6144,4750199040,model.language_model.layers.40.linear_attn.in_proj_z.weight,model-00012-of-00018.safetensors
blk.40.attn_norm.weight,40,linear_attention,normalization,F32,5120,20480,5120,4758554880,model.language_model.layers.40.input_layernorm.weight,model-00012-of-00018.safetensors
blk.40.attn_qkv.weight,40,linear_attention,attention_projection,PQ2_0,52428800,13926400,5120x10240,4758575360,model.language_model.layers.40.linear_attn.in_proj_qkv.weight,model-00012-of-00018.safetensors
blk.40.ffn_down.weight,40,linear_attention,mlp,PQ2_0,89128960,23674880,17408x5120,4772501760,model.language_model.layers.40.mlp.down_proj.weight,model-00012-of-00018.safetensors
blk.40.ffn_gate.weight,40,linear_attention,mlp,PQ2_0,89128960,23674880,5120x17408,4796176640,model.language_model.layers.40.mlp.gate_proj.weight,model-00012-of-00018.safetensors
blk.40.ffn_up.weight,40,linear_attention,mlp,PQ2_0,89128960,23674880,5120x17408,4819851520,model.language_model.layers.40.mlp.up_proj.weight,model-00012-of-00018.safetensors
blk.40.post_attention_norm.weight,40,linear_attention,normalization,F32,5120,20480,5120,4843526400,model.language_model.layers.40.post_attention_layernorm.weight,model-00012-of-00018.safetensors
blk.40.ssm_a,40,linear_attention,recurrent_state,F32,48,192,48,4843546880,model.language_model.layers.40.linear_attn.A_log,model-00012-of-00018.safetensors
blk.40.ssm_alpha.weight,40,linear_attention,recurrent_state,BF16,245760,491520,5120x48,4843547072,model.language_model.layers.40.linear_attn.in_proj_a.weight,model-00012-of-00018.safetensors
blk.40.ssm_beta.weight,40,linear_attention,recurrent_state,BF16,245760,491520,5120x48,4844038592,model.language_model.layers.40.linear_attn.in_proj_b.weight,model-00012-of-00018.safetensors
blk.40.ssm_conv1d.weight,40,linear_attention,recurrent_state,F32,40960,163840,4x10240,4844530112,model.language_model.layers.40.linear_attn.conv1d.weight,model-00012-of-00018.safetensors
blk.40.ssm_dt.bias,40,linear_attention,recurrent_state,F32,48,192,48,4844693952,model.language_model.layers.40.linear_attn.dt_bias,model-00012-of-00018.safetensors
blk.40.ssm_norm.weight,40,linear_attention,recurrent_state,F32,128,512,128,4844694144,model.language_model.layers.40.linear_attn.norm.weight,model-00012-of-00018.safetensors
blk.40.ssm_out.weight,40,linear_attention,recurrent_state,PQ2_0,31457280,8355840,6144x5120,4844694656,model.language_model.layers.40.linear_attn.out_proj.weight,model-00012-of-00018.safetensors
blk.41.attn_gate.weight,41,linear_attention,attention_projection,PQ2_0,31457280,8355840,5120x6144,4853050496,model.language_model.layers.41.linear_attn.in_proj_z.weight,model-00012-of-00018.safetensors
blk.41.attn_norm.weight,41,linear_attention,normalization,F32,5120,20480,5120,4861406336,model.language_model.layers.41.input_layernorm.weight,model-00012-of-00018.safetensors
blk.41.attn_qkv.weight,41,linear_attention,attention_projection,PQ2_0,52428800,13926400,5120x10240,4861426816,model.language_model.layers.41.linear_attn.in_proj_qkv.weight,model-00012-of-00018.safetensors
blk.41.ffn_down.weight,41,linear_attention,mlp,PQ2_0,89128960,23674880,17408x5120,4875353216,model.language_model.layers.41.mlp.down_proj.weight,model-00012-of-00018.safetensors
blk.41.ffn_gate.weight,41,linear_attention,mlp,PQ2_0,89128960,23674880,5120x17408,4899028096,model.language_model.layers.41.mlp.gate_proj.weight,model-00012-of-00018.safetensors
blk.41.ffn_up.weight,41,linear_attention,mlp,PQ2_0,89128960,23674880,5120x17408,4922702976,model.language_model.layers.41.mlp.up_proj.weight,model-00012-of-00018.safetensors
blk.41.post_attention_norm.weight,41,linear_attention,normalization,F32,5120,20480,5120,4946377856,model.language_model.layers.41.post_attention_layernorm.weight,model-00012-of-00018.safetensors
blk.41.ssm_a,41,linear_attention,recurrent_state,F32,48,192,48,4946398336,model.language_model.layers.41.linear_attn.A_log,model-00012-of-00018.safetensors
blk.41.ssm_alpha.weight,41,linear_attention,recurrent_state,BF16,245760,491520,5120x48,4946398528,model.language_model.layers.41.linear_attn.in_proj_a.weight,model-00012-of-00018.safetensors
blk.41.ssm_beta.weight,41,linear_attention,recurrent_state,BF16,245760,491520,5120x48,4946890048,model.language_model.layers.41.linear_attn.in_proj_b.weight,model-00012-of-00018.safetensors
blk.41.ssm_conv1d.weight,41,linear_attention,recurrent_state,F32,40960,163840,4x10240,4947381568,model.language_model.layers.41.linear_attn.conv1d.weight,model-00012-of-00018.safetensors
blk.41.ssm_dt.bias,41,linear_attention,recurrent_state,F32,48,192,48,4947545408,model.language_model.layers.41.linear_attn.dt_bias,model-00012-of-00018.safetensors
blk.41.ssm_norm.weight,41,linear_attention,recurrent_state,F32,128,512,128,4947545600,model.language_model.layers.41.linear_attn.norm.weight,model-00012-of-00018.safetensors
blk.41.ssm_out.weight,41,linear_attention,recurrent_state,PQ2_0,31457280,8355840,6144x5120,4947546112,model.language_model.layers.41.linear_attn.out_proj.weight,model-00012-of-00018.safetensors
blk.42.attn_gate.weight,42,linear_attention,attention_projection,PQ2_0,31457280,8355840,5120x6144,4955901952,model.language_model.layers.42.linear_attn.in_proj_z.weight,model-00012-of-00018.safetensors
blk.42.attn_norm.weight,42,linear_attention,normalization,F32,5120,20480,5120,4964257792,model.language_model.layers.42.input_layernorm.weight,model-00012-of-00018.safetensors
blk.42.attn_qkv.weight,42,linear_attention,attention_projection,PQ2_0,52428800,13926400,5120x10240,4964278272,model.language_model.layers.42.linear_attn.in_proj_qkv.weight,model-00012-of-00018.safetensors
blk.42.ffn_down.weight,42,linear_attention,mlp,PQ2_0,89128960,23674880,17408x5120,4978204672,model.language_model.layers.42.mlp.down_proj.weight,model-00012-of-00018.safetensors
blk.42.ffn_gate.weight,42,linear_attention,mlp,PQ2_0,89128960,23674880,5120x17408,5001879552,model.language_model.layers.42.mlp.gate_proj.weight,model-00012-of-00018.safetensors
blk.42.ffn_up.weight,42,linear_attention,mlp,PQ2_0,89128960,23674880,5120x17408,5025554432,model.language_model.layers.42.mlp.up_proj.weight,model-00012-of-00018.safetensors
blk.42.post_attention_norm.weight,42,linear_attention,normalization,F32,5120,20480,5120,5049229312,model.language_model.layers.42.post_attention_layernorm.weight,model-00012-of-00018.safetensors
blk.42.ssm_a,42,linear_attention,recurrent_state,F32,48,192,48,5049249792,model.language_model.layers.42.linear_attn.A_log,model-00012-of-00018.safetensors
blk.42.ssm_alpha.weight,42,linear_attention,recurrent_state,BF16,245760,491520,5120x48,5049249984,model.language_model.layers.42.linear_attn.in_proj_a.weight,model-00012-of-00018.safetensors
blk.42.ssm_beta.weight,42,linear_attention,recurrent_state,BF16,245760,491520,5120x48,5049741504,model.language_model.layers.42.linear_attn.in_proj_b.weight,model-00012-of-00018.safetensors
blk.42.ssm_conv1d.weight,42,linear_attention,recurrent_state,F32,40960,163840,4x10240,5050233024,model.language_model.layers.42.linear_attn.conv1d.weight,model-00012-of-00018.safetensors
blk.42.ssm_dt.bias,42,linear_attention,recurrent_state,F32,48,192,48,5050396864,model.language_model.layers.42.linear_attn.dt_bias,model-00012-of-00018.safetensors
blk.42.ssm_norm.weight,42,linear_attention,recurrent_state,F32,128,512,128,5050397056,model.language_model.layers.42.linear_attn.norm.weight,model-00012-of-00018.safetensors
blk.42.ssm_out.weight,42,linear_attention,recurrent_state,PQ2_0,31457280,8355840,6144x5120,5050397568,model.language_model.layers.42.linear_attn.out_proj.weight,model-00012-of-00018.safetensors
blk.43.attn_k.weight,43,full_attention,attention_projection,PQ2_0,5242880,1392640,5120x1024,5058753408,model.language_model.layers.43.self_attn.k_proj.weight,model-00012-of-00018.safetensors
blk.43.attn_k_norm.weight,43,full_attention,normalization,F32,256,1024,256,5060146048,model.language_model.layers.43.self_attn.k_norm.weight,model-00012-of-00018.safetensors
blk.43.attn_norm.weight,43,full_attention,normalization,F32,5120,20480,5120,5060147072,model.language_model.layers.43.input_layernorm.weight,model-00012-of-00018.safetensors
blk.43.attn_output.weight,43,full_attention,attention_projection,PQ2_0,31457280,8355840,6144x5120,5060167552,model.language_model.layers.43.self_attn.o_proj.weight,model-00012-of-00018.safetensors
blk.43.attn_q.weight,43,full_attention,attention_projection,PQ2_0,62914560,16711680,5120x12288,5068523392,model.language_model.layers.43.self_attn.q_proj.weight,model-00012-of-00018.safetensors
blk.43.attn_q_norm.weight,43,full_attention,normalization,F32,256,1024,256,5085235072,model.language_model.layers.43.self_attn.q_norm.weight,model-00012-of-00018.safetensors
blk.43.attn_v.weight,43,full_attention,attention_projection,PQ2_0,5242880,1392640,5120x1024,5085236096,model.language_model.layers.43.self_attn.v_proj.weight,model-00012-of-00018.safetensors
blk.43.ffn_down.weight,43,full_attention,mlp,PQ2_0,89128960,23674880,17408x5120,5086628736,model.language_model.layers.43.mlp.down_proj.weight,model-00012-of-00018.safetensors
blk.43.ffn_gate.weight,43,full_attention,mlp,PQ2_0,89128960,23674880,5120x17408,5110303616,model.language_model.layers.43.mlp.gate_proj.weight,model-00012-of-00018.safetensors
blk.43.ffn_up.weight,43,full_attention,mlp,PQ2_0,89128960,23674880,5120x17408,5133978496,model.language_model.layers.43.mlp.up_proj.weight,model-00012-of-00018.safetensors
blk.43.post_attention_norm.weight,43,full_attention,normalization,F32,5120,20480,5120,5157653376,model.language_model.layers.43.post_attention_layernorm.weight,model-00012-of-00018.safetensors
blk.44.attn_gate.weight,44,linear_attention,attention_projection,PQ2_0,31457280,8355840,5120x6144,5157673856,model.language_model.layers.44.linear_attn.in_proj_z.weight,model-00012-of-00018.safetensors
blk.44.attn_norm.weight,44,linear_attention,normalization,F32,5120,20480,5120,5166029696,model.language_model.layers.44.input_layernorm.weight,model-00012-of-00018.safetensors
blk.44.attn_qkv.weight,44,linear_attention,attention_projection,PQ2_0,52428800,13926400,5120x10240,5166050176,model.language_model.layers.44.linear_attn.in_proj_qkv.weight,model-00012-of-00018.safetensors
blk.44.ffn_down.weight,44,linear_attention,mlp,PQ2_0,89128960,23674880,17408x5120,5179976576,model.language_model.layers.44.mlp.down_proj.weight,model-00012-of-00018.safetensors
blk.44.ffn_gate.weight,44,linear_attention,mlp,PQ2_0,89128960,23674880,5120x17408,5203651456,model.language_model.layers.44.mlp.gate_proj.weight,model-00012-of-00018.safetensors
blk.44.ffn_up.weight,44,linear_attention,mlp,PQ2_0,89128960,23674880,5120x17408,5227326336,model.language_model.layers.44.mlp.up_proj.weight,model-00012-of-00018.safetensors
blk.44.post_attention_norm.weight,44,linear_attention,normalization,F32,5120,20480,5120,5251001216,model.language_model.layers.44.post_attention_layernorm.weight,model-00012-of-00018.safetensors
blk.44.ssm_a,44,linear_attention,recurrent_state,F32,48,192,48,5251021696,model.language_model.layers.44.linear_attn.A_log,model-00012-of-00018.safetensors
blk.44.ssm_alpha.weight,44,linear_attention,recurrent_state,BF16,245760,491520,5120x48,5251021888,model.language_model.layers.44.linear_attn.in_proj_a.weight,model-00012-of-00018.safetensors
blk.44.ssm_beta.weight,44,linear_attention,recurrent_state,BF16,245760,491520,5120x48,5251513408,model.language_model.layers.44.linear_attn.in_proj_b.weight,model-00012-of-00018.safetensors
blk.44.ssm_conv1d.weight,44,linear_attention,recurrent_state,F32,40960,163840,4x10240,5252004928,model.language_model.layers.44.linear_attn.conv1d.weight,model-00012-of-00018.safetensors
blk.44.ssm_dt.bias,44,linear_attention,recurrent_state,F32,48,192,48,5252168768,model.language_model.layers.44.linear_attn.dt_bias,model-00012-of-00018.safetensors
blk.44.ssm_norm.weight,44,linear_attention,recurrent_state,F32,128,512,128,5252168960,model.language_model.layers.44.linear_attn.norm.weight,model-00012-of-00018.safetensors
blk.44.ssm_out.weight,44,linear_attention,recurrent_state,PQ2_0,31457280,8355840,6144x5120,5252169472,model.language_model.layers.44.linear_attn.out_proj.weight,model-00012-of-00018.safetensors
blk.45.attn_gate.weight,45,linear_attention,attention_projection,PQ2_0,31457280,8355840,5120x6144,5260525312,model.language_model.layers.45.linear_attn.in_proj_z.weight,model-00012-of-00018.safetensors
blk.45.attn_norm.weight,45,linear_attention,normalization,F32,5120,20480,5120,5268881152,model.language_model.layers.45.input_layernorm.weight,model-00012-of-00018.safetensors
blk.45.attn_qkv.weight,45,linear_attention,attention_projection,PQ2_0,52428800,13926400,5120x10240,5268901632,model.language_model.layers.45.linear_attn.in_proj_qkv.weight,model-00012-of-00018.safetensors
blk.45.ffn_down.weight,45,linear_attention,mlp,PQ2_0,89128960,23674880,17408x5120,5282828032,model.language_model.layers.45.mlp.down_proj.weight,model-00013-of-00018.safetensors
blk.45.ffn_gate.weight,45,linear_attention,mlp,PQ2_0,89128960,23674880,5120x17408,5306502912,model.language_model.layers.45.mlp.gate_proj.weight,model-00013-of-00018.safetensors
blk.45.ffn_up.weight,45,linear_attention,mlp,PQ2_0,89128960,23674880,5120x17408,5330177792,model.language_model.layers.45.mlp.up_proj.weight,model-00013-of-00018.safetensors
blk.45.post_attention_norm.weight,45,linear_attention,normalization,F32,5120,20480,5120,5353852672,model.language_model.layers.45.post_attention_layernorm.weight,model-00013-of-00018.safetensors
blk.45.ssm_a,45,linear_attention,recurrent_state,F32,48,192,48,5353873152,model.language_model.layers.45.linear_attn.A_log,model-00012-of-00018.safetensors
blk.45.ssm_alpha.weight,45,linear_attention,recurrent_state,BF16,245760,491520,5120x48,5353873344,model.language_model.layers.45.linear_attn.in_proj_a.weight,model-00012-of-00018.safetensors
blk.45.ssm_beta.weight,45,linear_attention,recurrent_state,BF16,245760,491520,5120x48,5354364864,model.language_model.layers.45.linear_attn.in_proj_b.weight,model-00012-of-00018.safetensors
blk.45.ssm_conv1d.weight,45,linear_attention,recurrent_state,F32,40960,163840,4x10240,5354856384,model.language_model.layers.45.linear_attn.conv1d.weight,model-00012-of-00018.safetensors
blk.45.ssm_dt.bias,45,linear_attention,recurrent_state,F32,48,192,48,5355020224,model.language_model.layers.45.linear_attn.dt_bias,model-00012-of-00018.safetensors
blk.45.ssm_norm.weight,45,linear_attention,recurrent_state,F32,128,512,128,5355020416,model.language_model.layers.45.linear_attn.norm.weight,model-00012-of-00018.safetensors
blk.45.ssm_out.weight,45,linear_attention,recurrent_state,PQ2_0,31457280,8355840,6144x5120,5355020928,model.language_model.layers.45.linear_attn.out_proj.weight,model-00013-of-00018.safetensors
blk.46.attn_gate.weight,46,linear_attention,attention_projection,PQ2_0,31457280,8355840,5120x6144,5363376768,model.language_model.layers.46.linear_attn.in_proj_z.weight,model-00013-of-00018.safetensors
blk.46.attn_norm.weight,46,linear_attention,normalization,F32,5120,20480,5120,5371732608,model.language_model.layers.46.input_layernorm.weight,model-00013-of-00018.safetensors
blk.46.attn_qkv.weight,46,linear_attention,attention_projection,PQ2_0,52428800,13926400,5120x10240,5371753088,model.language_model.layers.46.linear_attn.in_proj_qkv.weight,model-00013-of-00018.safetensors
blk.46.ffn_down.weight,46,linear_attention,mlp,PQ2_0,89128960,23674880,17408x5120,5385679488,model.language_model.layers.46.mlp.down_proj.weight,model-00013-of-00018.safetensors
blk.46.ffn_gate.weight,46,linear_attention,mlp,PQ2_0,89128960,23674880,5120x17408,5409354368,model.language_model.layers.46.mlp.gate_proj.weight,model-00013-of-00018.safetensors
blk.46.ffn_up.weight,46,linear_attention,mlp,PQ2_0,89128960,23674880,5120x17408,5433029248,model.language_model.layers.46.mlp.up_proj.weight,model-00013-of-00018.safetensors
blk.46.post_attention_norm.weight,46,linear_attention,normalization,F32,5120,20480,5120,5456704128,model.language_model.layers.46.post_attention_layernorm.weight,model-00013-of-00018.safetensors
blk.46.ssm_a,46,linear_attention,recurrent_state,F32,48,192,48,5456724608,model.language_model.layers.46.linear_attn.A_log,model-00013-of-00018.safetensors
blk.46.ssm_alpha.weight,46,linear_attention,recurrent_state,BF16,245760,491520,5120x48,5456724800,model.language_model.layers.46.linear_attn.in_proj_a.weight,model-00013-of-00018.safetensors
blk.46.ssm_beta.weight,46,linear_attention,recurrent_state,BF16,245760,491520,5120x48,5457216320,model.language_model.layers.46.linear_attn.in_proj_b.weight,model-00013-of-00018.safetensors
blk.46.ssm_conv1d.weight,46,linear_attention,recurrent_state,F32,40960,163840,4x10240,5457707840,model.language_model.layers.46.linear_attn.conv1d.weight,model-00013-of-00018.safetensors
blk.46.ssm_dt.bias,46,linear_attention,recurrent_state,F32,48,192,48,5457871680,model.language_model.layers.46.linear_attn.dt_bias,model-00013-of-00018.safetensors
blk.46.ssm_norm.weight,46,linear_attention,recurrent_state,F32,128,512,128,5457871872,model.language_model.layers.46.linear_attn.norm.weight,model-00013-of-00018.safetensors
blk.46.ssm_out.weight,46,linear_attention,recurrent_state,PQ2_0,31457280,8355840,6144x5120,5457872384,model.language_model.layers.46.linear_attn.out_proj.weight,model-00013-of-00018.safetensors
blk.47.attn_k.weight,47,full_attention,attention_projection,PQ2_0,5242880,1392640,5120x1024,5466228224,model.language_model.layers.47.self_attn.k_proj.weight,model-00013-of-00018.safetensors
blk.47.attn_k_norm.weight,47,full_attention,normalization,F32,256,1024,256,5467620864,model.language_model.layers.47.self_attn.k_norm.weight,model-00013-of-00018.safetensors
blk.47.attn_norm.weight,47,full_attention,normalization,F32,5120,20480,5120,5467621888,model.language_model.layers.47.input_layernorm.weight,model-00013-of-00018.safetensors
blk.47.attn_output.weight,47,full_attention,attention_projection,PQ2_0,31457280,8355840,6144x5120,5467642368,model.language_model.layers.47.self_attn.o_proj.weight,model-00013-of-00018.safetensors
blk.47.attn_q.weight,47,full_attention,attention_projection,PQ2_0,62914560,16711680,5120x12288,5475998208,model.language_model.layers.47.self_attn.q_proj.weight,model-00013-of-00018.safetensors
blk.47.attn_q_norm.weight,47,full_attention,normalization,F32,256,1024,256,5492709888,model.language_model.layers.47.self_attn.q_norm.weight,model-00013-of-00018.safetensors
blk.47.attn_v.weight,47,full_attention,attention_projection,PQ2_0,5242880,1392640,5120x1024,5492710912,model.language_model.layers.47.self_attn.v_proj.weight,model-00013-of-00018.safetensors
blk.47.ffn_down.weight,47,full_attention,mlp,PQ2_0,89128960,23674880,17408x5120,5494103552,model.language_model.layers.47.mlp.down_proj.weight,model-00013-of-00018.safetensors
blk.47.ffn_gate.weight,47,full_attention,mlp,PQ2_0,89128960,23674880,5120x17408,5517778432,model.language_model.layers.47.mlp.gate_proj.weight,model-00013-of-00018.safetensors
blk.47.ffn_up.weight,47,full_attention,mlp,PQ2_0,89128960,23674880,5120x17408,5541453312,model.language_model.layers.47.mlp.up_proj.weight,model-00013-of-00018.safetensors
blk.47.post_attention_norm.weight,47,full_attention,normalization,F32,5120,20480,5120,5565128192,model.language_model.layers.47.post_attention_layernorm.weight,model-00013-of-00018.safetensors
blk.48.attn_gate.weight,48,linear_attention,attention_projection,PQ2_0,31457280,8355840,5120x6144,5565148672,model.language_model.layers.48.linear_attn.in_proj_z.weight,model-00014-of-00018.safetensors
blk.48.attn_norm.weight,48,linear_attention,normalization,F32,5120,20480,5120,5573504512,model.language_model.layers.48.input_layernorm.weight,model-00014-of-00018.safetensors
blk.48.attn_qkv.weight,48,linear_attention,attention_projection,PQ2_0,52428800,13926400,5120x10240,5573524992,model.language_model.layers.48.linear_attn.in_proj_qkv.weight,model-00014-of-00018.safetensors
blk.48.ffn_down.weight,48,linear_attention,mlp,PQ2_0,89128960,23674880,17408x5120,5587451392,model.language_model.layers.48.mlp.down_proj.weight,model-00014-of-00018.safetensors
blk.48.ffn_gate.weight,48,linear_attention,mlp,PQ2_0,89128960,23674880,5120x17408,5611126272,model.language_model.layers.48.mlp.gate_proj.weight,model-00014-of-00018.safetensors
blk.48.ffn_up.weight,48,linear_attention,mlp,PQ2_0,89128960,23674880,5120x17408,5634801152,model.language_model.layers.48.mlp.up_proj.weight,model-00014-of-00018.safetensors
blk.48.post_attention_norm.weight,48,linear_attention,normalization,F32,5120,20480,5120,5658476032,model.language_model.layers.48.post_attention_layernorm.weight,model-00014-of-00018.safetensors
blk.48.ssm_a,48,linear_attention,recurrent_state,F32,48,192,48,5658496512,model.language_model.layers.48.linear_attn.A_log,model-00014-of-00018.safetensors
blk.48.ssm_alpha.weight,48,linear_attention,recurrent_state,BF16,245760,491520,5120x48,5658496704,model.language_model.layers.48.linear_attn.in_proj_a.weight,model-00014-of-00018.safetensors
blk.48.ssm_beta.weight,48,linear_attention,recurrent_state,BF16,245760,491520,5120x48,5658988224,model.language_model.layers.48.linear_attn.in_proj_b.weight,model-00014-of-00018.safetensors
blk.48.ssm_conv1d.weight,48,linear_attention,recurrent_state,F32,40960,163840,4x10240,5659479744,model.language_model.layers.48.linear_attn.conv1d.weight,model-00014-of-00018.safetensors
blk.48.ssm_dt.bias,48,linear_attention,recurrent_state,F32,48,192,48,5659643584,model.language_model.layers.48.linear_attn.dt_bias,model-00014-of-00018.safetensors
blk.48.ssm_norm.weight,48,linear_attention,recurrent_state,F32,128,512,128,5659643776,model.language_model.layers.48.linear_attn.norm.weight,model-00014-of-00018.safetensors
blk.48.ssm_out.weight,48,linear_attention,recurrent_state,PQ2_0,31457280,8355840,6144x5120,5659644288,model.language_model.layers.48.linear_attn.out_proj.weight,model-00014-of-00018.safetensors
blk.49.attn_gate.weight,49,linear_attention,attention_projection,PQ2_0,31457280,8355840,5120x6144,5668000128,model.language_model.layers.49.linear_attn.in_proj_z.weight,model-00014-of-00018.safetensors
blk.49.attn_norm.weight,49,linear_attention,normalization,F32,5120,20480,5120,5676355968,model.language_model.layers.49.input_layernorm.weight,model-00014-of-00018.safetensors
blk.49.attn_qkv.weight,49,linear_attention,attention_projection,PQ2_0,52428800,13926400,5120x10240,5676376448,model.language_model.layers.49.linear_attn.in_proj_qkv.weight,model-00014-of-00018.safetensors
blk.49.ffn_down.weight,49,linear_attention,mlp,PQ2_0,89128960,23674880,17408x5120,5690302848,model.language_model.layers.49.mlp.down_proj.weight,model-00014-of-00018.safetensors
blk.49.ffn_gate.weight,49,linear_attention,mlp,PQ2_0,89128960,23674880,5120x17408,5713977728,model.language_model.layers.49.mlp.gate_proj.weight,model-00014-of-00018.safetensors
blk.49.ffn_up.weight,49,linear_attention,mlp,PQ2_0,89128960,23674880,5120x17408,5737652608,model.language_model.layers.49.mlp.up_proj.weight,model-00014-of-00018.safetensors
blk.49.post_attention_norm.weight,49,linear_attention,normalization,F32,5120,20480,5120,5761327488,model.language_model.layers.49.post_attention_layernorm.weight,model-00014-of-00018.safetensors
blk.49.ssm_a,49,linear_attention,recurrent_state,F32,48,192,48,5761347968,model.language_model.layers.49.linear_attn.A_log,model-00014-of-00018.safetensors
blk.49.ssm_alpha.weight,49,linear_attention,recurrent_state,BF16,245760,491520,5120x48,5761348160,model.language_model.layers.49.linear_attn.in_proj_a.weight,model-00014-of-00018.safetensors
blk.49.ssm_beta.weight,49,linear_attention,recurrent_state,BF16,245760,491520,5120x48,5761839680,model.language_model.layers.49.linear_attn.in_proj_b.weight,model-00014-of-00018.safetensors
blk.49.ssm_conv1d.weight,49,linear_attention,recurrent_state,F32,40960,163840,4x10240,5762331200,model.language_model.layers.49.linear_attn.conv1d.weight,model-00014-of-00018.safetensors
blk.49.ssm_dt.bias,49,linear_attention,recurrent_state,F32,48,192,48,5762495040,model.language_model.layers.49.linear_attn.dt_bias,model-00014-of-00018.safetensors
blk.49.ssm_norm.weight,49,linear_attention,recurrent_state,F32,128,512,128,5762495232,model.language_model.layers.49.linear_attn.norm.weight,model-00014-of-00018.safetensors
blk.49.ssm_out.weight,49,linear_attention,recurrent_state,PQ2_0,31457280,8355840,6144x5120,5762495744,model.language_model.layers.49.linear_attn.out_proj.weight,model-00014-of-00018.safetensors
blk.50.attn_gate.weight,50,linear_attention,attention_projection,PQ2_0,31457280,8355840,5120x6144,5770851584,model.language_model.layers.50.linear_attn.in_proj_z.weight,model-00014-of-00018.safetensors
blk.50.attn_norm.weight,50,linear_attention,normalization,F32,5120,20480,5120,5779207424,model.language_model.layers.50.input_layernorm.weight,model-00014-of-00018.safetensors
blk.50.attn_qkv.weight,50,linear_attention,attention_projection,PQ2_0,52428800,13926400,5120x10240,5779227904,model.language_model.layers.50.linear_attn.in_proj_qkv.weight,model-00014-of-00018.safetensors
blk.50.ffn_down.weight,50,linear_attention,mlp,PQ2_0,89128960,23674880,17408x5120,5793154304,model.language_model.layers.50.mlp.down_proj.weight,model-00014-of-00018.safetensors
blk.50.ffn_gate.weight,50,linear_attention,mlp,PQ2_0,89128960,23674880,5120x17408,5816829184,model.language_model.layers.50.mlp.gate_proj.weight,model-00014-of-00018.safetensors
blk.50.ffn_up.weight,50,linear_attention,mlp,PQ2_0,89128960,23674880,5120x17408,5840504064,model.language_model.layers.50.mlp.up_proj.weight,model-00014-of-00018.safetensors
blk.50.post_attention_norm.weight,50,linear_attention,normalization,F32,5120,20480,5120,5864178944,model.language_model.layers.50.post_attention_layernorm.weight,model-00014-of-00018.safetensors
blk.50.ssm_a,50,linear_attention,recurrent_state,F32,48,192,48,5864199424,model.language_model.layers.50.linear_attn.A_log,model-00014-of-00018.safetensors
blk.50.ssm_alpha.weight,50,linear_attention,recurrent_state,BF16,245760,491520,5120x48,5864199616,model.language_model.layers.50.linear_attn.in_proj_a.weight,model-00014-of-00018.safetensors
blk.50.ssm_beta.weight,50,linear_attention,recurrent_state,BF16,245760,491520,5120x48,5864691136,model.language_model.layers.50.linear_attn.in_proj_b.weight,model-00014-of-00018.safetensors
blk.50.ssm_conv1d.weight,50,linear_attention,recurrent_state,F32,40960,163840,4x10240,5865182656,model.language_model.layers.50.linear_attn.conv1d.weight,model-00014-of-00018.safetensors
blk.50.ssm_dt.bias,50,linear_attention,recurrent_state,F32,48,192,48,5865346496,model.language_model.layers.50.linear_attn.dt_bias,model-00014-of-00018.safetensors
blk.50.ssm_norm.weight,50,linear_attention,recurrent_state,F32,128,512,128,5865346688,model.language_model.layers.50.linear_attn.norm.weight,model-00014-of-00018.safetensors
blk.50.ssm_out.weight,50,linear_attention,recurrent_state,PQ2_0,31457280,8355840,6144x5120,5865347200,model.language_model.layers.50.linear_attn.out_proj.weight,model-00014-of-00018.safetensors
blk.51.attn_k.weight,51,full_attention,attention_projection,PQ2_0,5242880,1392640,5120x1024,5873703040,model.language_model.layers.51.self_attn.k_proj.weight,model-00014-of-00018.safetensors
blk.51.attn_k_norm.weight,51,full_attention,normalization,F32,256,1024,256,5875095680,model.language_model.layers.51.self_attn.k_norm.weight,model-00014-of-00018.safetensors
blk.51.attn_norm.weight,51,full_attention,normalization,F32,5120,20480,5120,5875096704,model.language_model.layers.51.input_layernorm.weight,model-00014-of-00018.safetensors
blk.51.attn_output.weight,51,full_attention,attention_projection,PQ2_0,31457280,8355840,6144x5120,5875117184,model.language_model.layers.51.self_attn.o_proj.weight,model-00014-of-00018.safetensors
blk.51.attn_q.weight,51,full_attention,attention_projection,PQ2_0,62914560,16711680,5120x12288,5883473024,model.language_model.layers.51.self_attn.q_proj.weight,model-00014-of-00018.safetensors
blk.51.attn_q_norm.weight,51,full_attention,normalization,F32,256,1024,256,5900184704,model.language_model.layers.51.self_attn.q_norm.weight,model-00014-of-00018.safetensors
blk.51.attn_v.weight,51,full_attention,attention_projection,PQ2_0,5242880,1392640,5120x1024,5900185728,model.language_model.layers.51.self_attn.v_proj.weight,model-00014-of-00018.safetensors
blk.51.ffn_down.weight,51,full_attention,mlp,PQ2_0,89128960,23674880,17408x5120,5901578368,model.language_model.layers.51.mlp.down_proj.weight,model-00014-of-00018.safetensors
blk.51.ffn_gate.weight,51,full_attention,mlp,PQ2_0,89128960,23674880,5120x17408,5925253248,model.language_model.layers.51.mlp.gate_proj.weight,model-00014-of-00018.safetensors
blk.51.ffn_up.weight,51,full_attention,mlp,PQ2_0,89128960,23674880,5120x17408,5948928128,model.language_model.layers.51.mlp.up_proj.weight,model-00014-of-00018.safetensors
blk.51.post_attention_norm.weight,51,full_attention,normalization,F32,5120,20480,5120,5972603008,model.language_model.layers.51.post_attention_layernorm.weight,model-00014-of-00018.safetensors
blk.52.attn_gate.weight,52,linear_attention,attention_projection,PQ2_0,31457280,8355840,5120x6144,5972623488,model.language_model.layers.52.linear_attn.in_proj_z.weight,model-00014-of-00018.safetensors
blk.52.attn_norm.weight,52,linear_attention,normalization,F32,5120,20480,5120,5980979328,model.language_model.layers.52.input_layernorm.weight,model-00014-of-00018.safetensors
blk.52.attn_qkv.weight,52,linear_attention,attention_projection,PQ2_0,52428800,13926400,5120x10240,5980999808,model.language_model.layers.52.linear_attn.in_proj_qkv.weight,model-00014-of-00018.safetensors
blk.52.ffn_down.weight,52,linear_attention,mlp,PQ2_0,89128960,23674880,17408x5120,5994926208,model.language_model.layers.52.mlp.down_proj.weight,model-00014-of-00018.safetensors
blk.52.ffn_gate.weight,52,linear_attention,mlp,PQ2_0,89128960,23674880,5120x17408,6018601088,model.language_model.layers.52.mlp.gate_proj.weight,model-00014-of-00018.safetensors
blk.52.ffn_up.weight,52,linear_attention,mlp,PQ2_0,89128960,23674880,5120x17408,6042275968,model.language_model.layers.52.mlp.up_proj.weight,model-00014-of-00018.safetensors
blk.52.post_attention_norm.weight,52,linear_attention,normalization,F32,5120,20480,5120,6065950848,model.language_model.layers.52.post_attention_layernorm.weight,model-00014-of-00018.safetensors
blk.52.ssm_a,52,linear_attention,recurrent_state,F32,48,192,48,6065971328,model.language_model.layers.52.linear_attn.A_log,model-00014-of-00018.safetensors
blk.52.ssm_alpha.weight,52,linear_attention,recurrent_state,BF16,245760,491520,5120x48,6065971520,model.language_model.layers.52.linear_attn.in_proj_a.weight,model-00014-of-00018.safetensors
blk.52.ssm_beta.weight,52,linear_attention,recurrent_state,BF16,245760,491520,5120x48,6066463040,model.language_model.layers.52.linear_attn.in_proj_b.weight,model-00014-of-00018.safetensors
blk.52.ssm_conv1d.weight,52,linear_attention,recurrent_state,F32,40960,163840,4x10240,6066954560,model.language_model.layers.52.linear_attn.conv1d.weight,model-00014-of-00018.safetensors
blk.52.ssm_dt.bias,52,linear_attention,recurrent_state,F32,48,192,48,6067118400,model.language_model.layers.52.linear_attn.dt_bias,model-00014-of-00018.safetensors
blk.52.ssm_norm.weight,52,linear_attention,recurrent_state,F32,128,512,128,6067118592,model.language_model.layers.52.linear_attn.norm.weight,model-00014-of-00018.safetensors
blk.52.ssm_out.weight,52,linear_attention,recurrent_state,PQ2_0,31457280,8355840,6144x5120,6067119104,model.language_model.layers.52.linear_attn.out_proj.weight,model-00014-of-00018.safetensors
blk.53.attn_gate.weight,53,linear_attention,attention_projection,PQ2_0,31457280,8355840,5120x6144,6075474944,model.language_model.layers.53.linear_attn.in_proj_z.weight,model-00014-of-00018.safetensors
blk.53.attn_norm.weight,53,linear_attention,normalization,F32,5120,20480,5120,6083830784,model.language_model.layers.53.input_layernorm.weight,model-00014-of-00018.safetensors
blk.53.attn_qkv.weight,53,linear_attention,attention_projection,PQ2_0,52428800,13926400,5120x10240,6083851264,model.language_model.layers.53.linear_attn.in_proj_qkv.weight,model-00014-of-00018.safetensors
blk.53.ffn_down.weight,53,linear_attention,mlp,PQ2_0,89128960,23674880,17408x5120,6097777664,model.language_model.layers.53.mlp.down_proj.weight,model-00015-of-00018.safetensors
blk.53.ffn_gate.weight,53,linear_attention,mlp,PQ2_0,89128960,23674880,5120x17408,6121452544,model.language_model.layers.53.mlp.gate_proj.weight,model-00015-of-00018.safetensors
blk.53.ffn_up.weight,53,linear_attention,mlp,PQ2_0,89128960,23674880,5120x17408,6145127424,model.language_model.layers.53.mlp.up_proj.weight,model-00015-of-00018.safetensors
blk.53.post_attention_norm.weight,53,linear_attention,normalization,F32,5120,20480,5120,6168802304,model.language_model.layers.53.post_attention_layernorm.weight,model-00015-of-00018.safetensors
blk.53.ssm_a,53,linear_attention,recurrent_state,F32,48,192,48,6168822784,model.language_model.layers.53.linear_attn.A_log,model-00014-of-00018.safetensors
blk.53.ssm_alpha.weight,53,linear_attention,recurrent_state,BF16,245760,491520,5120x48,6168822976,model.language_model.layers.53.linear_attn.in_proj_a.weight,model-00014-of-00018.safetensors
blk.53.ssm_beta.weight,53,linear_attention,recurrent_state,BF16,245760,491520,5120x48,6169314496,model.language_model.layers.53.linear_attn.in_proj_b.weight,model-00014-of-00018.safetensors
blk.53.ssm_conv1d.weight,53,linear_attention,recurrent_state,F32,40960,163840,4x10240,6169806016,model.language_model.layers.53.linear_attn.conv1d.weight,model-00014-of-00018.safetensors
blk.53.ssm_dt.bias,53,linear_attention,recurrent_state,F32,48,192,48,6169969856,model.language_model.layers.53.linear_attn.dt_bias,model-00014-of-00018.safetensors
blk.53.ssm_norm.weight,53,linear_attention,recurrent_state,F32,128,512,128,6169970048,model.language_model.layers.53.linear_attn.norm.weight,model-00014-of-00018.safetensors
blk.53.ssm_out.weight,53,linear_attention,recurrent_state,PQ2_0,31457280,8355840,6144x5120,6169970560,model.language_model.layers.53.linear_attn.out_proj.weight,model-00015-of-00018.safetensors
blk.54.attn_gate.weight,54,linear_attention,attention_projection,PQ2_0,31457280,8355840,5120x6144,6178326400,model.language_model.layers.54.linear_attn.in_proj_z.weight,model-00015-of-00018.safetensors
blk.54.attn_norm.weight,54,linear_attention,normalization,F32,5120,20480,5120,6186682240,model.language_model.layers.54.input_layernorm.weight,model-00015-of-00018.safetensors
blk.54.attn_qkv.weight,54,linear_attention,attention_projection,PQ2_0,52428800,13926400,5120x10240,6186702720,model.language_model.layers.54.linear_attn.in_proj_qkv.weight,model-00015-of-00018.safetensors
blk.54.ffn_down.weight,54,linear_attention,mlp,PQ2_0,89128960,23674880,17408x5120,6200629120,model.language_model.layers.54.mlp.down_proj.weight,model-00015-of-00018.safetensors
blk.54.ffn_gate.weight,54,linear_attention,mlp,PQ2_0,89128960,23674880,5120x17408,6224304000,model.language_model.layers.54.mlp.gate_proj.weight,model-00015-of-00018.safetensors
blk.54.ffn_up.weight,54,linear_attention,mlp,PQ2_0,89128960,23674880,5120x17408,6247978880,model.language_model.layers.54.mlp.up_proj.weight,model-00015-of-00018.safetensors
blk.54.post_attention_norm.weight,54,linear_attention,normalization,F32,5120,20480,5120,6271653760,model.language_model.layers.54.post_attention_layernorm.weight,model-00015-of-00018.safetensors
blk.54.ssm_a,54,linear_attention,recurrent_state,F32,48,192,48,6271674240,model.language_model.layers.54.linear_attn.A_log,model-00015-of-00018.safetensors
blk.54.ssm_alpha.weight,54,linear_attention,recurrent_state,BF16,245760,491520,5120x48,6271674432,model.language_model.layers.54.linear_attn.in_proj_a.weight,model-00015-of-00018.safetensors
blk.54.ssm_beta.weight,54,linear_attention,recurrent_state,BF16,245760,491520,5120x48,6272165952,model.language_model.layers.54.linear_attn.in_proj_b.weight,model-00015-of-00018.safetensors
blk.54.ssm_conv1d.weight,54,linear_attention,recurrent_state,F32,40960,163840,4x10240,6272657472,model.language_model.layers.54.linear_attn.conv1d.weight,model-00015-of-00018.safetensors
blk.54.ssm_dt.bias,54,linear_attention,recurrent_state,F32,48,192,48,6272821312,model.language_model.layers.54.linear_attn.dt_bias,model-00015-of-00018.safetensors
blk.54.ssm_norm.weight,54,linear_attention,recurrent_state,F32,128,512,128,6272821504,model.language_model.layers.54.linear_attn.norm.weight,model-00015-of-00018.safetensors
blk.54.ssm_out.weight,54,linear_attention,recurrent_state,PQ2_0,31457280,8355840,6144x5120,6272822016,model.language_model.layers.54.linear_attn.out_proj.weight,model-00015-of-00018.safetensors
blk.55.attn_k.weight,55,full_attention,attention_projection,PQ2_0,5242880,1392640,5120x1024,6281177856,model.language_model.layers.55.self_attn.k_proj.weight,model-00015-of-00018.safetensors
blk.55.attn_k_norm.weight,55,full_attention,normalization,F32,256,1024,256,6282570496,model.language_model.layers.55.self_attn.k_norm.weight,model-00015-of-00018.safetensors
blk.55.attn_norm.weight,55,full_attention,normalization,F32,5120,20480,5120,6282571520,model.language_model.layers.55.input_layernorm.weight,model-00015-of-00018.safetensors
blk.55.attn_output.weight,55,full_attention,attention_projection,PQ2_0,31457280,8355840,6144x5120,6282592000,model.language_model.layers.55.self_attn.o_proj.weight,model-00015-of-00018.safetensors
blk.55.attn_q.weight,55,full_attention,attention_projection,PQ2_0,62914560,16711680,5120x12288,6290947840,model.language_model.layers.55.self_attn.q_proj.weight,model-00015-of-00018.safetensors
blk.55.attn_q_norm.weight,55,full_attention,normalization,F32,256,1024,256,6307659520,model.language_model.layers.55.self_attn.q_norm.weight,model-00015-of-00018.safetensors
blk.55.attn_v.weight,55,full_attention,attention_projection,PQ2_0,5242880,1392640,5120x1024,6307660544,model.language_model.layers.55.self_attn.v_proj.weight,model-00015-of-00018.safetensors
blk.55.ffn_down.weight,55,full_attention,mlp,PQ2_0,89128960,23674880,17408x5120,6309053184,model.language_model.layers.55.mlp.down_proj.weight,model-00015-of-00018.safetensors
blk.55.ffn_gate.weight,55,full_attention,mlp,PQ2_0,89128960,23674880,5120x17408,6332728064,model.language_model.layers.55.mlp.gate_proj.weight,model-00015-of-00018.safetensors
blk.55.ffn_up.weight,55,full_attention,mlp,PQ2_0,89128960,23674880,5120x17408,6356402944,model.language_model.layers.55.mlp.up_proj.weight,model-00015-of-00018.safetensors
blk.55.post_attention_norm.weight,55,full_attention,normalization,F32,5120,20480,5120,6380077824,model.language_model.layers.55.post_attention_layernorm.weight,model-00015-of-00018.safetensors
blk.56.attn_gate.weight,56,linear_attention,attention_projection,PQ2_0,31457280,8355840,5120x6144,6380098304,model.language_model.layers.56.linear_attn.in_proj_z.weight,model-00016-of-00018.safetensors
blk.56.attn_norm.weight,56,linear_attention,normalization,F32,5120,20480,5120,6388454144,model.language_model.layers.56.input_layernorm.weight,model-00016-of-00018.safetensors
blk.56.attn_qkv.weight,56,linear_attention,attention_projection,PQ2_0,52428800,13926400,5120x10240,6388474624,model.language_model.layers.56.linear_attn.in_proj_qkv.weight,model-00016-of-00018.safetensors
blk.56.ffn_down.weight,56,linear_attention,mlp,PQ2_0,89128960,23674880,17408x5120,6402401024,model.language_model.layers.56.mlp.down_proj.weight,model-00016-of-00018.safetensors
blk.56.ffn_gate.weight,56,linear_attention,mlp,PQ2_0,89128960,23674880,5120x17408,6426075904,model.language_model.layers.56.mlp.gate_proj.weight,model-00016-of-00018.safetensors
blk.56.ffn_up.weight,56,linear_attention,mlp,PQ2_0,89128960,23674880,5120x17408,6449750784,model.language_model.layers.56.mlp.up_proj.weight,model-00016-of-00018.safetensors
blk.56.post_attention_norm.weight,56,linear_attention,normalization,F32,5120,20480,5120,6473425664,model.language_model.layers.56.post_attention_layernorm.weight,model-00016-of-00018.safetensors
blk.56.ssm_a,56,linear_attention,recurrent_state,F32,48,192,48,6473446144,model.language_model.layers.56.linear_attn.A_log,model-00016-of-00018.safetensors
blk.56.ssm_alpha.weight,56,linear_attention,recurrent_state,BF16,245760,491520,5120x48,6473446336,model.language_model.layers.56.linear_attn.in_proj_a.weight,model-00016-of-00018.safetensors
blk.56.ssm_beta.weight,56,linear_attention,recurrent_state,BF16,245760,491520,5120x48,6473937856,model.language_model.layers.56.linear_attn.in_proj_b.weight,model-00016-of-00018.safetensors
blk.56.ssm_conv1d.weight,56,linear_attention,recurrent_state,F32,40960,163840,4x10240,6474429376,model.language_model.layers.56.linear_attn.conv1d.weight,model-00016-of-00018.safetensors
blk.56.ssm_dt.bias,56,linear_attention,recurrent_state,F32,48,192,48,6474593216,model.language_model.layers.56.linear_attn.dt_bias,model-00016-of-00018.safetensors
blk.56.ssm_norm.weight,56,linear_attention,recurrent_state,F32,128,512,128,6474593408,model.language_model.layers.56.linear_attn.norm.weight,model-00016-of-00018.safetensors
blk.56.ssm_out.weight,56,linear_attention,recurrent_state,PQ2_0,31457280,8355840,6144x5120,6474593920,model.language_model.layers.56.linear_attn.out_proj.weight,model-00016-of-00018.safetensors
blk.57.attn_gate.weight,57,linear_attention,attention_projection,PQ2_0,31457280,8355840,5120x6144,6482949760,model.language_model.layers.57.linear_attn.in_proj_z.weight,model-00016-of-00018.safetensors
blk.57.attn_norm.weight,57,linear_attention,normalization,F32,5120,20480,5120,6491305600,model.language_model.layers.57.input_layernorm.weight,model-00016-of-00018.safetensors
blk.57.attn_qkv.weight,57,linear_attention,attention_projection,PQ2_0,52428800,13926400,5120x10240,6491326080,model.language_model.layers.57.linear_attn.in_proj_qkv.weight,model-00016-of-00018.safetensors
blk.57.ffn_down.weight,57,linear_attention,mlp,PQ2_0,89128960,23674880,17408x5120,6505252480,model.language_model.layers.57.mlp.down_proj.weight,model-00016-of-00018.safetensors
blk.57.ffn_gate.weight,57,linear_attention,mlp,PQ2_0,89128960,23674880,5120x17408,6528927360,model.language_model.layers.57.mlp.gate_proj.weight,model-00016-of-00018.safetensors
blk.57.ffn_up.weight,57,linear_attention,mlp,PQ2_0,89128960,23674880,5120x17408,6552602240,model.language_model.layers.57.mlp.up_proj.weight,model-00016-of-00018.safetensors
blk.57.post_attention_norm.weight,57,linear_attention,normalization,F32,5120,20480,5120,6576277120,model.language_model.layers.57.post_attention_layernorm.weight,model-00016-of-00018.safetensors
blk.57.ssm_a,57,linear_attention,recurrent_state,F32,48,192,48,6576297600,model.language_model.layers.57.linear_attn.A_log,model-00016-of-00018.safetensors
blk.57.ssm_alpha.weight,57,linear_attention,recurrent_state,BF16,245760,491520,5120x48,6576297792,model.language_model.layers.57.linear_attn.in_proj_a.weight,model-00016-of-00018.safetensors
blk.57.ssm_beta.weight,57,linear_attention,recurrent_state,BF16,245760,491520,5120x48,6576789312,model.language_model.layers.57.linear_attn.in_proj_b.weight,model-00016-of-00018.safetensors
blk.57.ssm_conv1d.weight,57,linear_attention,recurrent_state,F32,40960,163840,4x10240,6577280832,model.language_model.layers.57.linear_attn.conv1d.weight,model-00016-of-00018.safetensors
blk.57.ssm_dt.bias,57,linear_attention,recurrent_state,F32,48,192,48,6577444672,model.language_model.layers.57.linear_attn.dt_bias,model-00016-of-00018.safetensors
blk.57.ssm_norm.weight,57,linear_attention,recurrent_state,F32,128,512,128,6577444864,model.language_model.layers.57.linear_attn.norm.weight,model-00016-of-00018.safetensors
blk.57.ssm_out.weight,57,linear_attention,recurrent_state,PQ2_0,31457280,8355840,6144x5120,6577445376,model.language_model.layers.57.linear_attn.out_proj.weight,model-00016-of-00018.safetensors
blk.58.attn_gate.weight,58,linear_attention,attention_projection,PQ2_0,31457280,8355840,5120x6144,6585801216,model.language_model.layers.58.linear_attn.in_proj_z.weight,model-00016-of-00018.safetensors
blk.58.attn_norm.weight,58,linear_attention,normalization,F32,5120,20480,5120,6594157056,model.language_model.layers.58.input_layernorm.weight,model-00016-of-00018.safetensors
blk.58.attn_qkv.weight,58,linear_attention,attention_projection,PQ2_0,52428800,13926400,5120x10240,6594177536,model.language_model.layers.58.linear_attn.in_proj_qkv.weight,model-00016-of-00018.safetensors
blk.58.ffn_down.weight,58,linear_attention,mlp,PQ2_0,89128960,23674880,17408x5120,6608103936,model.language_model.layers.58.mlp.down_proj.weight,model-00016-of-00018.safetensors
blk.58.ffn_gate.weight,58,linear_attention,mlp,PQ2_0,89128960,23674880,5120x17408,6631778816,model.language_model.layers.58.mlp.gate_proj.weight,model-00016-of-00018.safetensors
blk.58.ffn_up.weight,58,linear_attention,mlp,PQ2_0,89128960,23674880,5120x17408,6655453696,model.language_model.layers.58.mlp.up_proj.weight,model-00016-of-00018.safetensors
blk.58.post_attention_norm.weight,58,linear_attention,normalization,F32,5120,20480,5120,6679128576,model.language_model.layers.58.post_attention_layernorm.weight,model-00016-of-00018.safetensors
blk.58.ssm_a,58,linear_attention,recurrent_state,F32,48,192,48,6679149056,model.language_model.layers.58.linear_attn.A_log,model-00016-of-00018.safetensors
blk.58.ssm_alpha.weight,58,linear_attention,recurrent_state,BF16,245760,491520,5120x48,6679149248,model.language_model.layers.58.linear_attn.in_proj_a.weight,model-00016-of-00018.safetensors
blk.58.ssm_beta.weight,58,linear_attention,recurrent_state,BF16,245760,491520,5120x48,6679640768,model.language_model.layers.58.linear_attn.in_proj_b.weight,model-00016-of-00018.safetensors
blk.58.ssm_conv1d.weight,58,linear_attention,recurrent_state,F32,40960,163840,4x10240,6680132288,model.language_model.layers.58.linear_attn.conv1d.weight,model-00016-of-00018.safetensors
blk.58.ssm_dt.bias,58,linear_attention,recurrent_state,F32,48,192,48,6680296128,model.language_model.layers.58.linear_attn.dt_bias,model-00016-of-00018.safetensors
blk.58.ssm_norm.weight,58,linear_attention,recurrent_state,F32,128,512,128,6680296320,model.language_model.layers.58.linear_attn.norm.weight,model-00016-of-00018.safetensors
blk.58.ssm_out.weight,58,linear_attention,recurrent_state,PQ2_0,31457280,8355840,6144x5120,6680296832,model.language_model.layers.58.linear_attn.out_proj.weight,model-00016-of-00018.safetensors
blk.59.attn_k.weight,59,full_attention,attention_projection,PQ2_0,5242880,1392640,5120x1024,6688652672,model.language_model.layers.59.self_attn.k_proj.weight,model-00016-of-00018.safetensors
blk.59.attn_k_norm.weight,59,full_attention,normalization,F32,256,1024,256,6690045312,model.language_model.layers.59.self_attn.k_norm.weight,model-00016-of-00018.safetensors
blk.59.attn_norm.weight,59,full_attention,normalization,F32,5120,20480,5120,6690046336,model.language_model.layers.59.input_layernorm.weight,model-00016-of-00018.safetensors
blk.59.attn_output.weight,59,full_attention,attention_projection,PQ2_0,31457280,8355840,6144x5120,6690066816,model.language_model.layers.59.self_attn.o_proj.weight,model-00016-of-00018.safetensors
blk.59.attn_q.weight,59,full_attention,attention_projection,PQ2_0,62914560,16711680,5120x12288,6698422656,model.language_model.layers.59.self_attn.q_proj.weight,model-00016-of-00018.safetensors
blk.59.attn_q_norm.weight,59,full_attention,normalization,F32,256,1024,256,6715134336,model.language_model.layers.59.self_attn.q_norm.weight,model-00016-of-00018.safetensors
blk.59.attn_v.weight,59,full_attention,attention_projection,PQ2_0,5242880,1392640,5120x1024,6715135360,model.language_model.layers.59.self_attn.v_proj.weight,model-00016-of-00018.safetensors
blk.59.ffn_down.weight,59,full_attention,mlp,PQ2_0,89128960,23674880,17408x5120,6716528000,model.language_model.layers.59.mlp.down_proj.weight,model-00016-of-00018.safetensors
blk.59.ffn_gate.weight,59,full_attention,mlp,PQ2_0,89128960,23674880,5120x17408,6740202880,model.language_model.layers.59.mlp.gate_proj.weight,model-00016-of-00018.safetensors
blk.59.ffn_up.weight,59,full_attention,mlp,PQ2_0,89128960,23674880,5120x17408,6763877760,model.language_model.layers.59.mlp.up_proj.weight,model-00016-of-00018.safetensors
blk.59.post_attention_norm.weight,59,full_attention,normalization,F32,5120,20480,5120,6787552640,model.language_model.layers.59.post_attention_layernorm.weight,model-00016-of-00018.safetensors
blk.60.attn_gate.weight,60,linear_attention,attention_projection,PQ2_0,31457280,8355840,5120x6144,6787573120,model.language_model.layers.60.linear_attn.in_proj_z.weight,model-00016-of-00018.safetensors
blk.60.attn_norm.weight,60,linear_attention,normalization,F32,5120,20480,5120,6795928960,model.language_model.layers.60.input_layernorm.weight,model-00016-of-00018.safetensors
blk.60.attn_qkv.weight,60,linear_attention,attention_projection,PQ2_0,52428800,13926400,5120x10240,6795949440,model.language_model.layers.60.linear_attn.in_proj_qkv.weight,model-00016-of-00018.safetensors
blk.60.ffn_down.weight,60,linear_attention,mlp,PQ2_0,89128960,23674880,17408x5120,6809875840,model.language_model.layers.60.mlp.down_proj.weight,model-00016-of-00018.safetensors
blk.60.ffn_gate.weight,60,linear_attention,mlp,PQ2_0,89128960,23674880,5120x17408,6833550720,model.language_model.layers.60.mlp.gate_proj.weight,model-00016-of-00018.safetensors
blk.60.ffn_up.weight,60,linear_attention,mlp,PQ2_0,89128960,23674880,5120x17408,6857225600,model.language_model.layers.60.mlp.up_proj.weight,model-00016-of-00018.safetensors
blk.60.post_attention_norm.weight,60,linear_attention,normalization,F32,5120,20480,5120,6880900480,model.language_model.layers.60.post_attention_layernorm.weight,model-00016-of-00018.safetensors
blk.60.ssm_a,60,linear_attention,recurrent_state,F32,48,192,48,6880920960,model.language_model.layers.60.linear_attn.A_log,model-00016-of-00018.safetensors
blk.60.ssm_alpha.weight,60,linear_attention,recurrent_state,BF16,245760,491520,5120x48,6880921152,model.language_model.layers.60.linear_attn.in_proj_a.weight,model-00016-of-00018.safetensors
blk.60.ssm_beta.weight,60,linear_attention,recurrent_state,BF16,245760,491520,5120x48,6881412672,model.language_model.layers.60.linear_attn.in_proj_b.weight,model-00016-of-00018.safetensors
blk.60.ssm_conv1d.weight,60,linear_attention,recurrent_state,F32,40960,163840,4x10240,6881904192,model.language_model.layers.60.linear_attn.conv1d.weight,model-00016-of-00018.safetensors
blk.60.ssm_dt.bias,60,linear_attention,recurrent_state,F32,48,192,48,6882068032,model.language_model.layers.60.linear_attn.dt_bias,model-00016-of-00018.safetensors
blk.60.ssm_norm.weight,60,linear_attention,recurrent_state,F32,128,512,128,6882068224,model.language_model.layers.60.linear_attn.norm.weight,model-00016-of-00018.safetensors
blk.60.ssm_out.weight,60,linear_attention,recurrent_state,PQ2_0,31457280,8355840,6144x5120,6882068736,model.language_model.layers.60.linear_attn.out_proj.weight,model-00016-of-00018.safetensors
blk.61.attn_gate.weight,61,linear_attention,attention_projection,PQ2_0,31457280,8355840,5120x6144,6890424576,model.language_model.layers.61.linear_attn.in_proj_z.weight,model-00016-of-00018.safetensors
blk.61.attn_norm.weight,61,linear_attention,normalization,F32,5120,20480,5120,6898780416,model.language_model.layers.61.input_layernorm.weight,model-00016-of-00018.safetensors
blk.61.attn_qkv.weight,61,linear_attention,attention_projection,PQ2_0,52428800,13926400,5120x10240,6898800896,model.language_model.layers.61.linear_attn.in_proj_qkv.weight,model-00016-of-00018.safetensors
blk.61.ffn_down.weight,61,linear_attention,mlp,PQ2_0,89128960,23674880,17408x5120,6912727296,model.language_model.layers.61.mlp.down_proj.weight,model-00017-of-00018.safetensors
blk.61.ffn_gate.weight,61,linear_attention,mlp,PQ2_0,89128960,23674880,5120x17408,6936402176,model.language_model.layers.61.mlp.gate_proj.weight,model-00017-of-00018.safetensors
blk.61.ffn_up.weight,61,linear_attention,mlp,PQ2_0,89128960,23674880,5120x17408,6960077056,model.language_model.layers.61.mlp.up_proj.weight,model-00017-of-00018.safetensors
blk.61.post_attention_norm.weight,61,linear_attention,normalization,F32,5120,20480,5120,6983751936,model.language_model.layers.61.post_attention_layernorm.weight,model-00017-of-00018.safetensors
blk.61.ssm_a,61,linear_attention,recurrent_state,F32,48,192,48,6983772416,model.language_model.layers.61.linear_attn.A_log,model-00016-of-00018.safetensors
blk.61.ssm_alpha.weight,61,linear_attention,recurrent_state,BF16,245760,491520,5120x48,6983772608,model.language_model.layers.61.linear_attn.in_proj_a.weight,model-00016-of-00018.safetensors
blk.61.ssm_beta.weight,61,linear_attention,recurrent_state,BF16,245760,491520,5120x48,6984264128,model.language_model.layers.61.linear_attn.in_proj_b.weight,model-00016-of-00018.safetensors
blk.61.ssm_conv1d.weight,61,linear_attention,recurrent_state,F32,40960,163840,4x10240,6984755648,model.language_model.layers.61.linear_attn.conv1d.weight,model-00016-of-00018.safetensors
blk.61.ssm_dt.bias,61,linear_attention,recurrent_state,F32,48,192,48,6984919488,model.language_model.layers.61.linear_attn.dt_bias,model-00016-of-00018.safetensors
blk.61.ssm_norm.weight,61,linear_attention,recurrent_state,F32,128,512,128,6984919680,model.language_model.layers.61.linear_attn.norm.weight,model-00016-of-00018.safetensors
blk.61.ssm_out.weight,61,linear_attention,recurrent_state,PQ2_0,31457280,8355840,6144x5120,6984920192,model.language_model.layers.61.linear_attn.out_proj.weight,model-00017-of-00018.safetensors
blk.62.attn_gate.weight,62,linear_attention,attention_projection,PQ2_0,31457280,8355840,5120x6144,6993276032,model.language_model.layers.62.linear_attn.in_proj_z.weight,model-00017-of-00018.safetensors
blk.62.attn_norm.weight,62,linear_attention,normalization,F32,5120,20480,5120,7001631872,model.language_model.layers.62.input_layernorm.weight,model-00017-of-00018.safetensors
blk.62.attn_qkv.weight,62,linear_attention,attention_projection,PQ2_0,52428800,13926400,5120x10240,7001652352,model.language_model.layers.62.linear_attn.in_proj_qkv.weight,model-00017-of-00018.safetensors
blk.62.ffn_down.weight,62,linear_attention,mlp,PQ2_0,89128960,23674880,17408x5120,7015578752,model.language_model.layers.62.mlp.down_proj.weight,model-00017-of-00018.safetensors
blk.62.ffn_gate.weight,62,linear_attention,mlp,PQ2_0,89128960,23674880,5120x17408,7039253632,model.language_model.layers.62.mlp.gate_proj.weight,model-00017-of-00018.safetensors
blk.62.ffn_up.weight,62,linear_attention,mlp,PQ2_0,89128960,23674880,5120x17408,7062928512,model.language_model.layers.62.mlp.up_proj.weight,model-00017-of-00018.safetensors
blk.62.post_attention_norm.weight,62,linear_attention,normalization,F32,5120,20480,5120,7086603392,model.language_model.layers.62.post_attention_layernorm.weight,model-00017-of-00018.safetensors
blk.62.ssm_a,62,linear_attention,recurrent_state,F32,48,192,48,7086623872,model.language_model.layers.62.linear_attn.A_log,model-00017-of-00018.safetensors
blk.62.ssm_alpha.weight,62,linear_attention,recurrent_state,BF16,245760,491520,5120x48,7086624064,model.language_model.layers.62.linear_attn.in_proj_a.weight,model-00017-of-00018.safetensors
blk.62.ssm_beta.weight,62,linear_attention,recurrent_state,BF16,245760,491520,5120x48,7087115584,model.language_model.layers.62.linear_attn.in_proj_b.weight,model-00017-of-00018.safetensors
blk.62.ssm_conv1d.weight,62,linear_attention,recurrent_state,F32,40960,163840,4x10240,7087607104,model.language_model.layers.62.linear_attn.conv1d.weight,model-00017-of-00018.safetensors
blk.62.ssm_dt.bias,62,linear_attention,recurrent_state,F32,48,192,48,7087770944,model.language_model.layers.62.linear_attn.dt_bias,model-00017-of-00018.safetensors
blk.62.ssm_norm.weight,62,linear_attention,recurrent_state,F32,128,512,128,7087771136,model.language_model.layers.62.linear_attn.norm.weight,model-00017-of-00018.safetensors
blk.62.ssm_out.weight,62,linear_attention,recurrent_state,PQ2_0,31457280,8355840,6144x5120,7087771648,model.language_model.layers.62.linear_attn.out_proj.weight,model-00017-of-00018.safetensors
blk.63.attn_k.weight,63,full_attention,attention_projection,PQ2_0,5242880,1392640,5120x1024,7096127488,model.language_model.layers.63.self_attn.k_proj.weight,model-00017-of-00018.safetensors
blk.63.attn_k_norm.weight,63,full_attention,normalization,F32,256,1024,256,7097520128,model.language_model.layers.63.self_attn.k_norm.weight,model-00017-of-00018.safetensors
blk.63.attn_norm.weight,63,full_attention,normalization,F32,5120,20480,5120,7097521152,model.language_model.layers.63.input_layernorm.weight,model-00017-of-00018.safetensors
blk.63.attn_output.weight,63,full_attention,attention_projection,PQ2_0,31457280,8355840,6144x5120,7097541632,model.language_model.layers.63.self_attn.o_proj.weight,model-00017-of-00018.safetensors
blk.63.attn_q.weight,63,full_attention,attention_projection,PQ2_0,62914560,16711680,5120x12288,7105897472,model.language_model.layers.63.self_attn.q_proj.weight,model-00017-of-00018.safetensors
blk.63.attn_q_norm.weight,63,full_attention,normalization,F32,256,1024,256,7122609152,model.language_model.layers.63.self_attn.q_norm.weight,model-00017-of-00018.safetensors
blk.63.attn_v.weight,63,full_attention,attention_projection,PQ2_0,5242880,1392640,5120x1024,7122610176,model.language_model.layers.63.self_attn.v_proj.weight,model-00017-of-00018.safetensors
blk.63.ffn_down.weight,63,full_attention,mlp,PQ2_0,89128960,23674880,17408x5120,7124002816,model.language_model.layers.63.mlp.down_proj.weight,model-00017-of-00018.safetensors
blk.63.ffn_gate.weight,63,full_attention,mlp,PQ2_0,89128960,23674880,5120x17408,7147677696,model.language_model.layers.63.mlp.gate_proj.weight,model-00017-of-00018.safetensors
blk.63.ffn_up.weight,63,full_attention,mlp,PQ2_0,89128960,23674880,5120x17408,7171352576,model.language_model.layers.63.mlp.up_proj.weight,model-00017-of-00018.safetensors
blk.63.post_attention_norm.weight,63,full_attention,normalization,F32,5120,20480,5120,7195027456,model.language_model.layers.63.post_attention_layernorm.weight,model-00017-of-00018.safetensors
