r000/gold/q0	nll	6054 2038 19424 198 641 288 43229 83717 25 220 23 23 21 17 198 2304 10524 65633 25 220 23 19 16 20 198 11109 64 4620 585 25 220 19 15 18 17 198 36125 269 730 363 1127 6642 25 220 21 24 15 15 198 57 5059 27219 69578 380 25 220 22 18 21 15 198 2753 269 58750 25 220 24 17 20 19 198 5066 5059 468 461 85261 25 220 16 24 17 24 198 2269 321 66945 14604 25 220 23 18 21 20 198 36 48021 41421 12660 25 220 22 18 23 15 198 37 67718 4398 2863 25 220 23 24 24 16 198 94230 78 27219 69578 380 25 220 18 15 15 17 198 35 1763 461 468 461 85261 25 220 17 22 21 19 198 6091 5059 85551 25 220 24 15 24 17 198 37 67718 41421 12660 25 220 22 17 20 16 198 23950 404 65503 25 220 18 23 23 17 198 45 1579 337 2143 85551 25 220 22 24 18 20 198 39 3362 81781 25 220 18 24 15 24 198 40645 685 15687 19840 25 220 24 21 17 17 198 37 67718 54407 25 220 20 21 21 22 198 56 355 1704 65633 25 220 16 23 23 23 198 37152 300 69543 25 220 23 24 20 17 198 40 15649 1863 35010 1536 25 220 23 17 22 17 198 2753 269 42127 25 220 16 17 21 21 198 86543 41041 25 220 19 24 19 21 198 43 1561 47623 25 220 23 16 23 16 198 61686 58750 25 220 24 21 17 15 198 39 33501 69543 25 220 23 19 15 18 198 54 268 5540 25 220 18 16 23 16 198 40 15649 730 363 1127 6642 25 220 23 22 21 18 198 37152 300 40523 25 220 20 19 16 16 271 14582 25 3555 374 279 2615 2038 369 758 288 43229 83717 5267 16141 25 576 2615 2038 369 758 288 43229 83717 374 220 23 23 21 17	353
r000/wrong/q0	nll	6054 2038 19424 198 641 288 43229 83717 25 220 23 23 21 17 198 2304 10524 65633 25 220 23 19 16 20 198 11109 64 4620 585 25 220 19 15 18 17 198 36125 269 730 363 1127 6642 25 220 21 24 15 15 198 57 5059 27219 69578 380 25 220 22 18 21 15 198 2753 269 58750 25 220 24 17 20 19 198 5066 5059 468 461 85261 25 220 16 24 17 24 198 2269 321 66945 14604 25 220 23 18 21 20 198 36 48021 41421 12660 25 220 22 18 23 15 198 37 67718 4398 2863 25 220 23 24 24 16 198 94230 78 27219 69578 380 25 220 18 15 15 17 198 35 1763 461 468 461 85261 25 220 17 22 21 19 198 6091 5059 85551 25 220 24 15 24 17 198 37 67718 41421 12660 25 220 22 17 20 16 198 23950 404 65503 25 220 18 23 23 17 198 45 1579 337 2143 85551 25 220 22 24 18 20 198 39 3362 81781 25 220 18 24 15 24 198 40645 685 15687 19840 25 220 24 21 17 17 198 37 67718 54407 25 220 20 21 21 22 198 56 355 1704 65633 25 220 16 23 23 23 198 37152 300 69543 25 220 23 24 20 17 198 40 15649 1863 35010 1536 25 220 23 17 22 17 198 2753 269 42127 25 220 16 17 21 21 198 86543 41041 25 220 19 24 19 21 198 43 1561 47623 25 220 23 16 23 16 198 61686 58750 25 220 24 21 17 15 198 39 33501 69543 25 220 23 19 15 18 198 54 268 5540 25 220 18 16 23 16 198 40 15649 730 363 1127 6642 25 220 23 22 21 18 198 37152 300 40523 25 220 20 19 16 16 271 14582 25 3555 374 279 2615 2038 369 758 288 43229 83717 5267 16141 25 576 2615 2038 369 758 288 43229 83717 374 220 16 23 23 23	353
r001/gold/q1	nll	6054 2038 19424 198 39 33501 472 718 329 25 220 23 21 21 18 198 40 15649 472 718 329 25 220 19 22 15 19 198 25406 10524 61479 85 25 220 19 22 17 23 198 37 67718 54407 25 220 24 24 15 24 198 86543 4620 585 25 220 16 24 15 15 198 39 3362 95683 25 220 24 18 22 15 198 6953 57681 37710 25 220 22 16 20 23 198 56 355 1704 47623 25 220 23 18 20 19 198 40645 685 468 461 85261 25 220 18 16 21 18 198 86543 69543 25 220 17 16 18 23 198 49 2577 5891 15687 19840 25 220 19 23 17 23 198 1143 268 4398 2863 25 220 19 15 15 19 198 45 52831 730 4110 25 220 23 21 24 21 198 43 1561 75502 25 220 21 15 21 19 198 56 355 1704 4620 585 25 220 19 20 24 17 198 94230 78 24548 13334 25 220 19 15 21 19 198 36 48021 95683 25 220 19 17 17 18 198 49 11983 647 17922 25 220 24 19 20 16 198 50 1055 685 37710 25 220 21 22 21 19 198 51 2780 80 75502 25 220 21 24 18 15 198 52 1728 24548 13334 25 220 24 24 17 23 198 45 52831 506 4554 1958 25 220 19 18 23 22 198 51 25496 15687 19840 25 220 24 23 18 20 198 37152 300 647 17922 25 220 18 20 20 17 198 36125 269 5540 25 220 20 20 20 15 198 54 268 15687 19840 25 220 18 21 20 15 198 35 1763 461 75502 25 220 17 21 18 20 198 11109 64 51065 25 220 23 19 22 22 198 49 11983 29953 25 220 23 22 22 19 198 6091 5059 65503 25 220 18 24 23 17 271 14582 25 3555 374 279 2615 2038 369 41421 472 718 329 5267 16141 25 576 2615 2038 369 41421 472 718 329 374 220 19 22 15 19	352
r001/wrong/q1	nll	6054 2038 19424 198 39 33501 472 718 329 25 220 23 21 21 18 198 40 15649 472 718 329 25 220 19 22 15 19 198 25406 10524 61479 85 25 220 19 22 17 23 198 37 67718 54407 25 220 24 24 15 24 198 86543 4620 585 25 220 16 24 15 15 198 39 3362 95683 25 220 24 18 22 15 198 6953 57681 37710 25 220 22 16 20 23 198 56 355 1704 47623 25 220 23 18 20 19 198 40645 685 468 461 85261 25 220 18 16 21 18 198 86543 69543 25 220 17 16 18 23 198 49 2577 5891 15687 19840 25 220 19 23 17 23 198 1143 268 4398 2863 25 220 19 15 15 19 198 45 52831 730 4110 25 220 23 21 24 21 198 43 1561 75502 25 220 21 15 21 19 198 56 355 1704 4620 585 25 220 19 20 24 17 198 94230 78 24548 13334 25 220 19 15 21 19 198 36 48021 95683 25 220 19 17 17 18 198 49 11983 647 17922 25 220 24 19 20 16 198 50 1055 685 37710 25 220 21 22 21 19 198 51 2780 80 75502 25 220 21 24 18 15 198 52 1728 24548 13334 25 220 24 24 17 23 198 45 52831 506 4554 1958 25 220 19 18 23 22 198 51 25496 15687 19840 25 220 24 23 18 20 198 37152 300 647 17922 25 220 18 20 20 17 198 36125 269 5540 25 220 20 20 20 15 198 54 268 15687 19840 25 220 18 21 20 15 198 35 1763 461 75502 25 220 17 21 18 20 198 11109 64 51065 25 220 23 19 22 22 198 49 11983 29953 25 220 23 22 22 19 198 6091 5059 65503 25 220 18 24 23 17 271 14582 25 3555 374 279 2615 2038 369 41421 472 718 329 5267 16141 25 576 2615 2038 369 41421 472 718 329 374 220 17 21 18 20	352
r002/gold/q2	nll	6054 2038 19424 198 37 67718 42127 25 220 20 22 23 23 198 32887 1466 54407 25 220 24 24 16 22 198 2269 321 730 363 1127 6642 25 220 22 19 23 21 198 35 1763 461 506 4554 1958 25 220 19 18 15 18 198 36125 269 647 17922 25 220 21 24 22 24 198 2304 10524 61479 85 25 220 19 24 23 16 198 2753 269 65503 25 220 21 20 15 21 198 40 15649 51065 25 220 16 16 15 17 198 61686 65503 25 220 21 18 18 22 198 2269 321 17095 29048 25 220 19 17 20 16 198 39 33501 468 461 85261 25 220 23 18 23 21 198 39 3362 75502 25 220 17 23 24 21 198 67624 730 363 1127 6642 25 220 22 23 15 20 198 2753 269 63161 25 220 24 16 17 15 198 6091 5059 24548 13334 25 220 18 18 17 23 198 39 3362 65911 301 25 220 24 22 16 23 198 57 5059 76069 25 220 21 19 18 23 198 56 5059 4398 2863 25 220 22 16 15 20 198 36 48021 472 718 329 25 220 18 16 16 16 198 51 2780 80 64009 25 220 18 18 16 17 198 36 48021 730 363 1127 6642 25 220 21 23 15 17 198 54 268 43229 83717 25 220 20 18 20 18 198 23950 404 75502 25 220 18 21 16 21 198 92499 1863 35010 1536 25 220 16 19 15 17 198 51 22267 4620 585 25 220 22 16 23 17 198 51 22267 41041 25 220 18 19 24 21 198 40645 685 81781 25 220 17 23 24 22 198 43 1561 51065 25 220 18 21 15 23 198 23950 404 41041 25 220 21 24 22 19 198 42 2143 37710 25 220 20 16 19 22 271 14582 25 3555 374 279 2615 2038 369 87724 730 363 1127 6642 5267 16141 25 576 2615 2038 369 87724 730 363 1127 6642 374 220 22 19 23 21	354
r002/wrong/q2	nll	6054 2038 19424 198 37 67718 42127 25 220 20 22 23 23 198 32887 1466 54407 25 220 24 24 16 22 198 2269 321 730 363 1127 6642 25 220 22 19 23 21 198 35 1763 461 506 4554 1958 25 220 19 18 15 18 198 36125 269 647 17922 25 220 21 24 22 24 198 2304 10524 61479 85 25 220 19 24 23 16 198 2753 269 65503 25 220 21 20 15 21 198 40 15649 51065 25 220 16 16 15 17 198 61686 65503 25 220 21 18 18 22 198 2269 321 17095 29048 25 220 19 17 20 16 198 39 33501 468 461 85261 25 220 23 18 23 21 198 39 3362 75502 25 220 17 23 24 21 198 67624 730 363 1127 6642 25 220 22 23 15 20 198 2753 269 63161 25 220 24 16 17 15 198 6091 5059 24548 13334 25 220 18 18 17 23 198 39 3362 65911 301 25 220 24 22 16 23 198 57 5059 76069 25 220 21 19 18 23 198 56 5059 4398 2863 25 220 22 16 15 20 198 36 48021 472 718 329 25 220 18 16 16 16 198 51 2780 80 64009 25 220 18 18 16 17 198 36 48021 730 363 1127 6642 25 220 21 23 15 17 198 54 268 43229 83717 25 220 20 18 20 18 198 23950 404 75502 25 220 18 21 16 21 198 92499 1863 35010 1536 25 220 16 19 15 17 198 51 22267 4620 585 25 220 22 16 23 17 198 51 22267 41041 25 220 18 19 24 21 198 40645 685 81781 25 220 17 23 24 22 198 43 1561 51065 25 220 18 21 15 23 198 23950 404 41041 25 220 21 24 22 19 198 42 2143 37710 25 220 20 16 19 22 271 14582 25 3555 374 279 2615 2038 369 87724 730 363 1127 6642 5267 16141 25 576 2615 2038 369 87724 730 363 1127 6642 374 220 22 16 15 20	354
r003/gold/q3	nll	6054 2038 19424 198 39 3362 647 17922 25 220 17 23 15 17 198 2269 52313 17095 29048 25 220 16 18 15 23 198 25406 10524 66945 14604 25 220 18 24 19 22 198 57 4644 75502 25 220 16 23 24 20 198 51 2780 80 66945 14604 25 220 23 17 16 21 198 92499 61479 85 25 220 22 21 21 23 198 5066 5059 65503 25 220 20 15 21 20 198 2269 52313 66945 14604 25 220 21 16 20 17 198 85384 76715 25 220 24 18 24 22 198 40 15649 33554 56860 25 220 24 20 16 15 198 92878 7755 51194 25 220 19 21 18 15 198 95347 37710 25 220 20 15 15 19 198 51 22267 76069 25 220 16 23 19 20 198 43 1561 97276 25 220 22 15 21 20 198 35 1763 461 47623 25 220 17 22 19 16 198 28085 685 1863 35010 1536 25 220 24 16 18 23 198 2753 269 14741 49713 25 220 16 23 15 16 198 67624 81781 25 220 18 19 16 18 198 37 67718 43229 83717 25 220 24 23 21 22 198 36 48021 468 461 85261 25 220 16 18 23 23 198 28085 685 57153 25 220 21 22 24 16 198 42 92023 4398 2863 25 220 18 24 24 19 198 49 11983 41421 12660 25 220 22 22 20 18 198 2269 52313 81781 25 220 23 18 16 17 198 95347 41041 25 220 22 20 22 15 198 49 11983 472 718 329 25 220 19 19 15 18 198 32887 1466 45111 288 25 220 20 24 19 20 198 25406 10524 15687 19840 25 220 21 22 18 20 198 57 5059 14741 49713 25 220 24 16 17 16 198 36 48021 730 363 1127 6642 25 220 23 18 18 17 271 14582 25 3555 374 279 2615 2038 369 74641 75502 5267 16141 25 576 2615 2038 369 74641 75502 374 220 16 23 24 20	344
r003/wrong/q3	nll	6054 2038 19424 198 39 3362 647 17922 25 220 17 23 15 17 198 2269 52313 17095 29048 25 220 16 18 15 23 198 25406 10524 66945 14604 25 220 18 24 19 22 198 57 4644 75502 25 220 16 23 24 20 198 51 2780 80 66945 14604 25 220 23 17 16 21 198 92499 61479 85 25 220 22 21 21 23 198 5066 5059 65503 25 220 20 15 21 20 198 2269 52313 66945 14604 25 220 21 16 20 17 198 85384 76715 25 220 24 18 24 22 198 40 15649 33554 56860 25 220 24 20 16 15 198 92878 7755 51194 25 220 19 21 18 15 198 95347 37710 25 220 20 15 15 19 198 51 22267 76069 25 220 16 23 19 20 198 43 1561 97276 25 220 22 15 21 20 198 35 1763 461 47623 25 220 17 22 19 16 198 28085 685 1863 35010 1536 25 220 24 16 18 23 198 2753 269 14741 49713 25 220 16 23 15 16 198 67624 81781 25 220 18 19 16 18 198 37 67718 43229 83717 25 220 24 23 21 22 198 36 48021 468 461 85261 25 220 16 18 23 23 198 28085 685 57153 25 220 21 22 24 16 198 42 92023 4398 2863 25 220 18 24 24 19 198 49 11983 41421 12660 25 220 22 22 20 18 198 2269 52313 81781 25 220 23 18 16 17 198 95347 41041 25 220 22 20 22 15 198 49 11983 472 718 329 25 220 19 19 15 18 198 32887 1466 45111 288 25 220 20 24 19 20 198 25406 10524 15687 19840 25 220 21 22 18 20 198 57 5059 14741 49713 25 220 24 16 17 16 198 36 48021 730 363 1127 6642 25 220 23 18 18 17 271 14582 25 3555 374 279 2615 2038 369 74641 75502 5267 16141 25 576 2615 2038 369 74641 75502 374 220 22 15 21 20	344
r004/gold/q4	nll	6054 2038 19424 198 3430 2555 61479 85 25 220 23 20 17 15 198 1143 268 61479 85 25 220 17 22 23 22 198 56 5059 14741 49713 25 220 17 17 16 19 198 43 1561 65911 301 25 220 20 23 16 18 198 2753 269 15687 19840 25 220 17 22 20 22 198 1143 268 37710 25 220 21 16 21 20 198 2304 10524 1863 35010 1536 25 220 19 15 20 15 198 45 1579 337 2143 29953 25 220 17 19 16 17 198 5066 5059 506 4554 1958 25 220 21 21 20 17 198 94230 78 40523 25 220 22 19 16 21 198 28085 685 24548 13334 25 220 17 17 18 24 198 42 92023 506 4554 1958 25 220 21 19 22 19 198 92499 4620 585 25 220 21 15 21 21 198 51 25496 63221 25 220 23 20 20 24 198 92499 65633 25 220 24 17 17 19 198 67624 58750 25 220 18 19 24 17 198 2269 321 24548 13334 25 220 20 20 23 20 198 39 3362 4398 2863 25 220 18 15 23 24 198 51 2780 80 730 4110 25 220 16 23 20 24 198 57 5059 506 4554 1958 25 220 22 20 16 23 198 57 5059 1863 35010 1536 25 220 21 24 19 20 198 51 2780 80 54407 25 220 20 15 16 18 198 35 1763 461 468 461 85261 25 220 23 22 18 22 198 56 5059 647 17922 25 220 18 21 19 24 198 94230 78 5540 25 220 19 17 23 17 198 57 5059 45111 288 25 220 17 19 18 16 198 57 5059 65911 301 25 220 21 24 23 17 198 40645 685 36020 25 220 24 17 24 21 198 42 92023 33554 56860 25 220 19 19 23 16 198 35 1763 461 24548 13334 25 220 22 15 21 19 271 14582 25 3555 374 279 2615 2038 369 2308 269 15687 19840 5267 16141 25 576 2615 2038 369 2308 269 15687 19840 374 220 17 22 20 22	358
r004/wrong/q4	nll	6054 2038 19424 198 3430 2555 61479 85 25 220 23 20 17 15 198 1143 268 61479 85 25 220 17 22 23 22 198 56 5059 14741 49713 25 220 17 17 16 19 198 43 1561 65911 301 25 220 20 23 16 18 198 2753 269 15687 19840 25 220 17 22 20 22 198 1143 268 37710 25 220 21 16 21 20 198 2304 10524 1863 35010 1536 25 220 19 15 20 15 198 45 1579 337 2143 29953 25 220 17 19 16 17 198 5066 5059 506 4554 1958 25 220 21 21 20 17 198 94230 78 40523 25 220 22 19 16 21 198 28085 685 24548 13334 25 220 17 17 18 24 198 42 92023 506 4554 1958 25 220 21 19 22 19 198 92499 4620 585 25 220 21 15 21 21 198 51 25496 63221 25 220 23 20 20 24 198 92499 65633 25 220 24 17 17 19 198 67624 58750 25 220 18 19 24 17 198 2269 321 24548 13334 25 220 20 20 23 20 198 39 3362 4398 2863 25 220 18 15 23 24 198 51 2780 80 730 4110 25 220 16 23 20 24 198 57 5059 506 4554 1958 25 220 22 20 16 23 198 57 5059 1863 35010 1536 25 220 21 24 19 20 198 51 2780 80 54407 25 220 20 15 16 18 198 35 1763 461 468 461 85261 25 220 23 22 18 22 198 56 5059 647 17922 25 220 18 21 19 24 198 94230 78 5540 25 220 19 17 23 17 198 57 5059 45111 288 25 220 17 19 18 16 198 57 5059 65911 301 25 220 21 24 23 17 198 40645 685 36020 25 220 24 17 24 21 198 42 92023 33554 56860 25 220 19 19 23 16 198 35 1763 461 24548 13334 25 220 22 15 21 19 271 14582 25 3555 374 279 2615 2038 369 2308 269 15687 19840 5267 16141 25 576 2615 2038 369 2308 269 15687 19840 374 220 23 22 18 22	358
r005/gold/q5	nll	6054 2038 19424 198 85384 51194 25 220 22 18 19 18 198 57 4644 97276 25 220 21 22 23 19 198 2269 321 33554 56860 25 220 19 23 18 22 198 11109 64 65911 301 25 220 20 22 15 18 198 61686 63161 25 220 16 18 15 15 198 40645 685 51065 25 220 24 16 22 23 198 2269 321 65503 25 220 20 19 22 23 198 3430 2555 40523 25 220 19 21 23 19 198 56 355 1704 4620 585 25 220 16 23 21 18 198 54 268 45111 288 25 220 24 23 15 17 198 43 1561 85551 25 220 16 16 19 16 198 40 15649 1863 35010 1536 25 220 22 20 15 24 198 42 92023 81781 25 220 24 23 21 17 198 50 1055 685 33554 56860 25 220 20 15 16 23 198 85384 54407 25 220 18 19 15 24 198 11109 64 472 718 329 25 220 22 19 22 18 198 49 2577 5891 61916 25 220 16 20 20 17 198 61686 63221 25 220 17 15 16 20 198 32887 1466 730 4110 25 220 17 23 16 17 198 40645 685 47623 25 220 17 22 20 24 198 43 1561 4620 585 25 220 23 16 24 21 198 50 1055 685 95683 25 220 19 24 23 24 198 2269 52313 58750 25 220 21 23 17 18 198 3430 2555 4398 2863 25 220 21 20 24 18 198 28085 685 63161 25 220 18 18 18 19 198 37 67718 730 4110 25 220 18 15 20 22 198 50 1055 685 28392 25 220 16 18 17 17 198 1143 268 51065 25 220 21 17 24 23 198 40 15649 15687 19840 25 220 18 19 18 18 198 94230 78 472 718 329 25 220 19 22 15 17 271 14582 25 3555 374 279 2615 2038 369 79174 51065 5267 16141 25 576 2615 2038 369 79174 51065 374 220 24 16 22 23	341
r005/wrong/q5	nll	6054 2038 19424 198 85384 51194 25 220 22 18 19 18 198 57 4644 97276 25 220 21 22 23 19 198 2269 321 33554 56860 25 220 19 23 18 22 198 11109 64 65911 301 25 220 20 22 15 18 198 61686 63161 25 220 16 18 15 15 198 40645 685 51065 25 220 24 16 22 23 198 2269 321 65503 25 220 20 19 22 23 198 3430 2555 40523 25 220 19 21 23 19 198 56 355 1704 4620 585 25 220 16 23 21 18 198 54 268 45111 288 25 220 24 23 15 17 198 43 1561 85551 25 220 16 16 19 16 198 40 15649 1863 35010 1536 25 220 22 20 15 24 198 42 92023 81781 25 220 24 23 21 17 198 50 1055 685 33554 56860 25 220 20 15 16 23 198 85384 54407 25 220 18 19 15 24 198 11109 64 472 718 329 25 220 22 19 22 18 198 49 2577 5891 61916 25 220 16 20 20 17 198 61686 63221 25 220 17 15 16 20 198 32887 1466 730 4110 25 220 17 23 16 17 198 40645 685 47623 25 220 17 22 20 24 198 43 1561 4620 585 25 220 23 16 24 21 198 50 1055 685 95683 25 220 19 24 23 24 198 2269 52313 58750 25 220 21 23 17 18 198 3430 2555 4398 2863 25 220 21 20 24 18 198 28085 685 63161 25 220 18 18 18 19 198 37 67718 730 4110 25 220 18 15 20 22 198 50 1055 685 28392 25 220 16 18 17 17 198 1143 268 51065 25 220 21 17 24 23 198 40 15649 15687 19840 25 220 18 19 18 18 198 94230 78 472 718 329 25 220 19 22 15 17 271 14582 25 3555 374 279 2615 2038 369 79174 51065 5267 16141 25 576 2615 2038 369 79174 51065 374 220 23 16 24 21	341
r006/gold/q6	nll	6054 2038 19424 198 42 92023 506 4554 1958 25 220 16 23 19 16 198 46 24513 4398 2863 25 220 22 17 16 21 198 36125 269 4398 2863 25 220 23 24 17 18 198 23950 404 65911 301 25 220 18 23 21 20 198 2304 10524 41421 12660 25 220 21 18 19 19 198 56 355 1704 43229 83717 25 220 18 18 23 23 198 6953 57681 36020 25 220 22 21 19 20 198 40645 685 76715 25 220 19 21 21 21 198 57 5059 15687 19840 25 220 16 17 22 17 198 39 33501 63221 25 220 18 16 19 21 198 49 2577 5891 36020 25 220 18 20 20 24 198 57 5059 43229 83717 25 220 20 17 24 24 198 51 25496 5540 25 220 20 17 16 15 198 51 25496 75502 25 220 18 19 17 22 198 85384 58750 25 220 21 18 23 22 198 51 25496 76715 25 220 23 16 17 17 198 94230 78 4398 2863 25 220 20 21 24 18 198 5066 5059 65503 25 220 22 24 19 15 198 5066 5059 15687 19840 25 220 16 19 16 16 198 92499 4398 2863 25 220 21 15 18 19 198 42 92023 81781 25 220 22 22 24 15 198 641 288 95683 25 220 21 24 23 16 198 36125 269 17095 29048 25 220 17 20 16 23 198 85384 66945 14604 25 220 23 18 24 22 198 6091 5059 95683 25 220 21 21 24 21 198 57 5059 24548 13334 25 220 19 18 15 19 198 52 1728 81781 25 220 24 19 22 19 198 2269 52313 468 461 85261 25 220 17 17 17 19 198 49 2577 5891 43229 83717 25 220 18 21 22 20 198 52 1728 47623 25 220 23 22 19 18 271 14582 25 3555 374 279 2615 2038 369 1644 57681 36020 5267 16141 25 576 2615 2038 369 1644 57681 36020 374 220 22 21 19 20	344
r006/wrong/q6	nll	6054 2038 19424 198 42 92023 506 4554 1958 25 220 16 23 19 16 198 46 24513 4398 2863 25 220 22 17 16 21 198 36125 269 4398 2863 25 220 23 24 17 18 198 23950 404 65911 301 25 220 18 23 21 20 198 2304 10524 41421 12660 25 220 21 18 19 19 198 56 355 1704 43229 83717 25 220 18 18 23 23 198 6953 57681 36020 25 220 22 21 19 20 198 40645 685 76715 25 220 19 21 21 21 198 57 5059 15687 19840 25 220 16 17 22 17 198 39 33501 63221 25 220 18 16 19 21 198 49 2577 5891 36020 25 220 18 20 20 24 198 57 5059 43229 83717 25 220 20 17 24 24 198 51 25496 5540 25 220 20 17 16 15 198 51 25496 75502 25 220 18 19 17 22 198 85384 58750 25 220 21 18 23 22 198 51 25496 76715 25 220 23 16 17 17 198 94230 78 4398 2863 25 220 20 21 24 18 198 5066 5059 65503 25 220 22 24 19 15 198 5066 5059 15687 19840 25 220 16 19 16 16 198 92499 4398 2863 25 220 21 15 18 19 198 42 92023 81781 25 220 22 22 24 15 198 641 288 95683 25 220 21 24 23 16 198 36125 269 17095 29048 25 220 17 20 16 23 198 85384 66945 14604 25 220 23 18 24 22 198 6091 5059 95683 25 220 21 21 24 21 198 57 5059 24548 13334 25 220 19 18 15 19 198 52 1728 81781 25 220 24 19 22 19 198 2269 52313 468 461 85261 25 220 17 17 17 19 198 49 2577 5891 43229 83717 25 220 18 21 22 20 198 52 1728 47623 25 220 23 22 19 18 271 14582 25 3555 374 279 2615 2038 369 1644 57681 36020 5267 16141 25 576 2615 2038 369 1644 57681 36020 374 220 22 17 16 21	344
r007/gold/q7	nll	6054 2038 19424 198 2753 269 55520 25 220 19 17 24 17 198 56 5059 51065 25 220 24 17 22 22 198 39 33501 61916 25 220 20 18 17 16 198 2269 52313 55520 25 220 19 16 22 15 198 25406 10524 58750 25 220 24 16 21 15 198 2304 10524 65911 301 25 220 18 18 23 24 198 45 52831 81781 25 220 16 15 15 15 198 92499 24548 13334 25 220 24 22 21 21 198 40645 685 54407 25 220 17 19 22 20 198 46 24513 29953 25 220 24 18 19 15 198 57 4644 506 4554 1958 25 220 22 17 24 19 198 42 2143 40523 25 220 21 17 17 20 198 95347 40523 25 220 20 23 24 19 198 85384 28392 25 220 19 19 15 24 198 95347 47623 25 220 17 24 15 18 198 42 92023 37710 25 220 19 22 16 17 198 25406 10524 54407 25 220 16 16 22 20 198 37152 300 95683 25 220 20 22 19 18 198 36125 269 506 4554 1958 25 220 18 16 22 21 198 1143 268 42127 25 220 22 22 24 18 198 57 5059 65911 301 25 220 22 23 19 15 198 61686 97276 25 220 21 16 23 24 198 94230 78 51194 25 220 17 18 24 18 198 37 67718 4398 2863 25 220 24 24 22 24 198 36125 269 15687 19840 25 220 21 24 15 15 198 2269 52313 4620 585 25 220 20 15 16 18 198 54 268 730 363 1127 6642 25 220 19 16 22 24 198 6953 57681 47623 25 220 20 23 15 24 198 45 52831 17095 29048 25 220 18 16 19 20 198 11109 64 51194 25 220 24 19 24 18 271 14582 25 3555 374 279 2615 2038 369 29297 24548 13334 5267 16141 25 576 2615 2038 369 29297 24548 13334 374 220 24 22 21 21	335
r007/wrong/q7	nll	6054 2038 19424 198 2753 269 55520 25 220 19 17 24 17 198 56 5059 51065 25 220 24 17 22 22 198 39 33501 61916 25 220 20 18 17 16 198 2269 52313 55520 25 220 19 16 22 15 198 25406 10524 58750 25 220 24 16 21 15 198 2304 10524 65911 301 25 220 18 18 23 24 198 45 52831 81781 25 220 16 15 15 15 198 92499 24548 13334 25 220 24 22 21 21 198 40645 685 54407 25 220 17 19 22 20 198 46 24513 29953 25 220 24 18 19 15 198 57 4644 506 4554 1958 25 220 22 17 24 19 198 42 2143 40523 25 220 21 17 17 20 198 95347 40523 25 220 20 23 24 19 198 85384 28392 25 220 19 19 15 24 198 95347 47623 25 220 17 24 15 18 198 42 92023 37710 25 220 19 22 16 17 198 25406 10524 54407 25 220 16 16 22 20 198 37152 300 95683 25 220 20 22 19 18 198 36125 269 506 4554 1958 25 220 18 16 22 21 198 1143 268 42127 25 220 22 22 24 18 198 57 5059 65911 301 25 220 22 23 19 15 198 61686 97276 25 220 21 16 23 24 198 94230 78 51194 25 220 17 18 24 18 198 37 67718 4398 2863 25 220 24 24 22 24 198 36125 269 15687 19840 25 220 21 24 15 15 198 2269 52313 4620 585 25 220 20 15 16 18 198 54 268 730 363 1127 6642 25 220 19 16 22 24 198 6953 57681 47623 25 220 20 23 15 24 198 45 52831 17095 29048 25 220 18 16 19 20 198 11109 64 51194 25 220 24 19 24 18 271 14582 25 3555 374 279 2615 2038 369 29297 24548 13334 5267 16141 25 576 2615 2038 369 29297 24548 13334 374 220 20 23 24 19	335
r008/gold/q8	nll	6054 2038 19424 198 28085 685 64009 25 220 20 20 18 17 198 86543 27219 69578 380 25 220 24 19 22 15 198 51 25496 51065 25 220 24 20 24 20 198 28085 685 45111 288 25 220 16 23 15 19 198 57 4644 17095 29048 25 220 21 20 20 17 198 92878 7755 40523 25 220 22 23 24 23 198 28085 685 41421 12660 25 220 16 20 16 17 198 28085 685 468 461 85261 25 220 23 24 23 21 198 50 1055 685 66945 14604 25 220 20 16 15 24 198 54 268 17095 29048 25 220 21 19 24 20 198 2753 269 81781 25 220 16 23 20 24 198 1143 268 42127 25 220 18 17 17 20 198 51 2780 80 47623 25 220 22 24 19 22 198 23950 404 54407 25 220 20 20 21 21 198 39 3362 51065 25 220 20 23 19 19 198 5066 5059 47623 25 220 17 15 21 20 198 85384 76069 25 220 21 19 23 17 198 61686 51065 25 220 17 16 24 20 198 641 288 51065 25 220 19 19 19 21 198 85384 41421 12660 25 220 19 19 21 17 198 37152 300 63221 25 220 24 15 22 24 198 2269 321 58750 25 220 21 24 16 22 198 51 25496 61479 85 25 220 17 19 23 23 198 25406 10524 54407 25 220 17 15 17 19 198 67624 15687 19840 25 220 23 20 17 22 198 6091 5059 54407 25 220 16 15 15 15 198 95347 64009 25 220 22 23 17 15 198 39 33501 37710 25 220 19 21 19 20 198 6953 57681 24548 13334 25 220 22 24 18 19 198 95347 63221 25 220 24 20 15 24 271 14582 25 3555 374 279 2615 2038 369 78563 66945 14604 5267 16141 25 576 2615 2038 369 78563 66945 14604 374 220 20 16 15 24	334
r008/wrong/q8	nll	6054 2038 19424 198 28085 685 64009 25 220 20 20 18 17 198 86543 27219 69578 380 25 220 24 19 22 15 198 51 25496 51065 25 220 24 20 24 20 198 28085 685 45111 288 25 220 16 23 15 19 198 57 4644 17095 29048 25 220 21 20 20 17 198 92878 7755 40523 25 220 22 23 24 23 198 28085 685 41421 12660 25 220 16 20 16 17 198 28085 685 468 461 85261 25 220 23 24 23 21 198 50 1055 685 66945 14604 25 220 20 16 15 24 198 54 268 17095 29048 25 220 21 19 24 20 198 2753 269 81781 25 220 16 23 20 24 198 1143 268 42127 25 220 18 17 17 20 198 51 2780 80 47623 25 220 22 24 19 22 198 23950 404 54407 25 220 20 20 21 21 198 39 3362 51065 25 220 20 23 19 19 198 5066 5059 47623 25 220 17 15 21 20 198 85384 76069 25 220 21 19 23 17 198 61686 51065 25 220 17 16 24 20 198 641 288 51065 25 220 19 19 19 21 198 85384 41421 12660 25 220 19 19 21 17 198 37152 300 63221 25 220 24 15 22 24 198 2269 321 58750 25 220 21 24 16 22 198 51 25496 61479 85 25 220 17 19 23 23 198 25406 10524 54407 25 220 17 15 17 19 198 67624 15687 19840 25 220 23 20 17 22 198 6091 5059 54407 25 220 16 15 15 15 198 95347 64009 25 220 22 23 17 15 198 39 33501 37710 25 220 19 21 19 20 198 6953 57681 24548 13334 25 220 22 24 18 19 198 95347 63221 25 220 24 20 15 24 271 14582 25 3555 374 279 2615 2038 369 78563 66945 14604 5267 16141 25 576 2615 2038 369 78563 66945 14604 374 220 17 19 23 23	334
r009/gold/q9	nll	6054 2038 19424 198 23950 404 66945 14604 25 220 18 18 22 16 198 92499 4398 2863 25 220 24 24 22 24 198 2304 10524 64009 25 220 16 21 16 21 198 57 4644 33554 56860 25 220 23 21 18 16 198 3430 2555 5540 25 220 24 18 22 18 198 57 4644 51065 25 220 24 20 17 19 198 39 3362 5540 25 220 21 21 21 22 198 45 52831 65911 301 25 220 21 20 17 22 198 45 52831 24548 13334 25 220 22 19 15 18 198 1143 268 28392 25 220 17 21 23 15 198 39 3362 55520 25 220 24 23 15 23 198 45 52831 647 17922 25 220 17 24 20 24 198 57 4644 61916 25 220 18 20 22 23 198 52 1728 65911 301 25 220 24 16 18 19 198 94230 78 65911 301 25 220 23 23 16 17 198 45 52831 54407 25 220 24 15 18 18 198 56 355 1704 51065 25 220 17 19 18 18 198 86543 85551 25 220 22 20 21 15 198 42 2143 45111 288 25 220 22 17 18 20 198 56 355 1704 24548 13334 25 220 21 20 24 15 198 49 2577 5891 51194 25 220 22 17 16 23 198 95347 472 718 329 25 220 23 20 18 21 198 42 92023 41421 12660 25 220 24 16 18 22 198 23950 404 42127 25 220 21 15 21 20 198 32887 1466 55520 25 220 16 15 21 15 198 92499 54407 25 220 18 21 24 18 198 57 5059 40523 25 220 21 19 22 18 198 40645 685 55520 25 220 17 18 16 21 198 49 11983 36020 25 220 17 20 17 21 198 25406 10524 63161 25 220 20 21 21 22 271 14582 25 3555 374 279 2615 2038 369 24495 28392 5267 16141 25 576 2615 2038 369 24495 28392 374 220 17 21 23 15	336
r009/wrong/q9	nll	6054 2038 19424 198 23950 404 66945 14604 25 220 18 18 22 16 198 92499 4398 2863 25 220 24 24 22 24 198 2304 10524 64009 25 220 16 21 16 21 198 57 4644 33554 56860 25 220 23 21 18 16 198 3430 2555 5540 25 220 24 18 22 18 198 57 4644 51065 25 220 24 20 17 19 198 39 3362 5540 25 220 21 21 21 22 198 45 52831 65911 301 25 220 21 20 17 22 198 45 52831 24548 13334 25 220 22 19 15 18 198 1143 268 28392 25 220 17 21 23 15 198 39 3362 55520 25 220 24 23 15 23 198 45 52831 647 17922 25 220 17 24 20 24 198 57 4644 61916 25 220 18 20 22 23 198 52 1728 65911 301 25 220 24 16 18 19 198 94230 78 65911 301 25 220 23 23 16 17 198 45 52831 54407 25 220 24 15 18 18 198 56 355 1704 51065 25 220 17 19 18 18 198 86543 85551 25 220 22 20 21 15 198 42 2143 45111 288 25 220 22 17 18 20 198 56 355 1704 24548 13334 25 220 21 20 24 15 198 49 2577 5891 51194 25 220 22 17 16 23 198 95347 472 718 329 25 220 23 20 18 21 198 42 92023 41421 12660 25 220 24 16 18 22 198 23950 404 42127 25 220 21 15 21 20 198 32887 1466 55520 25 220 16 15 21 15 198 92499 54407 25 220 18 21 24 18 198 57 5059 40523 25 220 21 19 22 18 198 40645 685 55520 25 220 17 18 16 21 198 49 11983 36020 25 220 17 20 17 21 198 25406 10524 63161 25 220 20 21 21 22 271 14582 25 3555 374 279 2615 2038 369 24495 28392 5267 16141 25 576 2615 2038 369 24495 28392 374 220 22 19 15 18	336
r010/gold/q10	nll	6054 2038 19424 198 6091 5059 64009 25 220 18 22 20 18 198 11109 64 47623 25 220 16 15 19 22 198 23950 404 4620 585 25 220 20 17 22 16 198 92499 24548 13334 25 220 21 23 18 19 198 1143 268 66945 14604 25 220 22 20 15 19 198 40645 685 468 461 85261 25 220 19 18 22 24 198 57 5059 75502 25 220 20 23 18 16 198 641 288 45111 288 25 220 17 23 22 18 198 32887 1466 4398 2863 25 220 20 22 16 16 198 92878 7755 61479 85 25 220 24 16 23 21 198 54 268 33554 56860 25 220 19 15 18 20 198 94230 78 37710 25 220 22 16 20 19 198 3430 2555 24548 13334 25 220 16 20 15 18 198 50 1055 685 45111 288 25 220 17 18 20 18 198 56 5059 76069 25 220 20 21 23 18 198 40645 685 65633 25 220 19 24 24 21 198 2753 269 76069 25 220 23 17 15 17 198 37 67718 85551 25 220 17 22 24 22 198 42 92023 58750 25 220 17 23 23 18 198 40645 685 43229 83717 25 220 18 21 20 16 198 51 22267 51194 25 220 17 22 22 17 198 51 2780 80 4398 2863 25 220 22 15 20 24 198 1143 268 730 363 1127 6642 25 220 22 23 17 24 198 43 1561 97276 25 220 23 17 16 23 198 50 1055 685 51065 25 220 20 22 18 24 198 49 2577 5891 41421 12660 25 220 22 17 24 19 198 56 355 1704 29953 25 220 21 22 18 23 198 86543 65633 25 220 23 17 21 22 198 49 11983 65503 25 220 22 23 22 17 198 50 1055 685 58750 25 220 20 19 16 18 271 14582 25 3555 374 279 2615 2038 369 61223 33554 56860 5267 16141 25 576 2615 2038 369 61223 33554 56860 374 220 19 15 18 20	347
r010/wrong/q10	nll	6054 2038 19424 198 6091 5059 64009 25 220 18 22 20 18 198 11109 64 47623 25 220 16 15 19 22 198 23950 404 4620 585 25 220 20 17 22 16 198 92499 24548 13334 25 220 21 23 18 19 198 1143 268 66945 14604 25 220 22 20 15 19 198 40645 685 468 461 85261 25 220 19 18 22 24 198 57 5059 75502 25 220 20 23 18 16 198 641 288 45111 288 25 220 17 23 22 18 198 32887 1466 4398 2863 25 220 20 22 16 16 198 92878 7755 61479 85 25 220 24 16 23 21 198 54 268 33554 56860 25 220 19 15 18 20 198 94230 78 37710 25 220 22 16 20 19 198 3430 2555 24548 13334 25 220 16 20 15 18 198 50 1055 685 45111 288 25 220 17 18 20 18 198 56 5059 76069 25 220 20 21 23 18 198 40645 685 65633 25 220 19 24 24 21 198 2753 269 76069 25 220 23 17 15 17 198 37 67718 85551 25 220 17 22 24 22 198 42 92023 58750 25 220 17 23 23 18 198 40645 685 43229 83717 25 220 18 21 20 16 198 51 22267 51194 25 220 17 22 22 17 198 51 2780 80 4398 2863 25 220 22 15 20 24 198 1143 268 730 363 1127 6642 25 220 22 23 17 24 198 43 1561 97276 25 220 23 17 16 23 198 50 1055 685 51065 25 220 20 22 18 24 198 49 2577 5891 41421 12660 25 220 22 17 24 19 198 56 355 1704 29953 25 220 21 22 18 23 198 86543 65633 25 220 23 17 21 22 198 49 11983 65503 25 220 22 23 22 17 198 50 1055 685 58750 25 220 20 19 16 18 271 14582 25 3555 374 279 2615 2038 369 61223 33554 56860 5267 16141 25 576 2615 2038 369 61223 33554 56860 374 220 19 18 22 24	347
r011/gold/q11	nll	6054 2038 19424 198 2269 321 55520 25 220 16 20 18 20 198 2269 321 47623 25 220 22 23 20 16 198 57 5059 472 718 329 25 220 22 23 15 23 198 23950 404 472 718 329 25 220 21 18 21 23 198 36 48021 28392 25 220 16 24 17 15 198 57 4644 97276 25 220 22 23 17 21 198 67624 647 17922 25 220 24 15 19 23 198 40 15649 27219 69578 380 25 220 19 24 17 21 198 61686 63161 25 220 16 19 15 21 198 32887 1466 4398 2863 25 220 19 22 23 15 198 28085 685 51194 25 220 21 15 18 22 198 1143 268 63221 25 220 23 23 19 20 198 3430 2555 40523 25 220 16 19 16 21 198 37152 300 58750 25 220 24 21 19 23 198 86543 41421 12660 25 220 16 19 20 23 198 49 2577 5891 730 363 1127 6642 25 220 16 23 15 20 198 50 1055 685 97276 25 220 23 18 21 23 198 57 5059 17095 29048 25 220 23 18 20 17 198 52 1728 4620 585 25 220 21 24 20 17 198 1143 268 47623 25 220 16 15 23 22 198 6953 57681 54407 25 220 24 24 15 18 198 3430 2555 97276 25 220 20 22 18 22 198 51 2780 80 65911 301 25 220 18 15 23 20 198 35 1763 461 54407 25 220 16 22 20 19 198 51 25496 42127 25 220 20 24 21 23 198 6091 5059 69543 25 220 24 19 20 20 198 67624 33554 56860 25 220 18 19 23 19 198 11109 64 69543 25 220 23 24 22 21 198 36125 269 47623 25 220 21 22 21 19 198 36125 269 468 461 85261 25 220 21 21 18 16 271 14582 25 3555 374 279 2615 2038 369 24495 63221 5267 16141 25 576 2615 2038 369 24495 63221 374 220 23 23 19 20	342
r011/wrong/q11	nll	6054 2038 19424 198 2269 321 55520 25 220 16 20 18 20 198 2269 321 47623 25 220 22 23 20 16 198 57 5059 472 718 329 25 220 22 23 15 23 198 23950 404 472 718 329 25 220 21 18 21 23 198 36 48021 28392 25 220 16 24 17 15 198 57 4644 97276 25 220 22 23 17 21 198 67624 647 17922 25 220 24 15 19 23 198 40 15649 27219 69578 380 25 220 19 24 17 21 198 61686 63161 25 220 16 19 15 21 198 32887 1466 4398 2863 25 220 19 22 23 15 198 28085 685 51194 25 220 21 15 18 22 198 1143 268 63221 25 220 23 23 19 20 198 3430 2555 40523 25 220 16 19 16 21 198 37152 300 58750 25 220 24 21 19 23 198 86543 41421 12660 25 220 16 19 20 23 198 49 2577 5891 730 363 1127 6642 25 220 16 23 15 20 198 50 1055 685 97276 25 220 23 18 21 23 198 57 5059 17095 29048 25 220 23 18 20 17 198 52 1728 4620 585 25 220 21 24 20 17 198 1143 268 47623 25 220 16 15 23 22 198 6953 57681 54407 25 220 24 24 15 18 198 3430 2555 97276 25 220 20 22 18 22 198 51 2780 80 65911 301 25 220 18 15 23 20 198 35 1763 461 54407 25 220 16 22 20 19 198 51 25496 42127 25 220 20 24 21 23 198 6091 5059 69543 25 220 24 19 20 20 198 67624 33554 56860 25 220 18 19 23 19 198 11109 64 69543 25 220 23 24 22 21 198 36125 269 47623 25 220 21 22 21 19 198 36125 269 468 461 85261 25 220 21 21 18 16 271 14582 25 3555 374 279 2615 2038 369 24495 63221 5267 16141 25 576 2615 2038 369 24495 63221 374 220 16 23 15 20	342
r012/gold/q12	nll	6054 2038 19424 198 51 25496 27219 69578 380 25 220 24 22 21 24 198 46 24513 43229 83717 25 220 22 18 20 19 198 2753 269 66945 14604 25 220 16 24 16 17 198 1143 268 37710 25 220 18 19 22 23 198 2753 269 76069 25 220 23 22 23 21 198 49 11983 75502 25 220 19 21 24 21 198 6953 57681 1863 35010 1536 25 220 24 15 16 16 198 1143 268 63221 25 220 21 15 20 19 198 23950 404 55520 25 220 17 18 15 22 198 57 5059 57153 25 220 20 16 23 23 198 49 11983 63161 25 220 16 20 17 21 198 45 52831 24548 13334 25 220 19 19 19 16 198 3430 2555 41421 12660 25 220 18 20 18 19 198 36 48021 65911 301 25 220 24 19 23 17 198 6953 57681 63161 25 220 19 23 22 15 198 43 1561 69543 25 220 17 16 19 21 198 641 288 730 363 1127 6642 25 220 21 23 20 24 198 92878 7755 14741 49713 25 220 16 15 17 23 198 28085 685 468 461 85261 25 220 24 19 15 17 198 57 4644 63221 25 220 24 20 18 19 198 95347 37710 25 220 21 15 20 22 198 641 288 33554 56860 25 220 21 24 22 20 198 35 1763 461 66945 14604 25 220 18 18 16 19 198 46 24513 69543 25 220 22 24 23 21 198 85384 506 4554 1958 25 220 21 21 24 22 198 28085 685 65503 25 220 22 24 24 17 198 95347 61916 25 220 23 20 24 18 198 42 92023 506 4554 1958 25 220 22 16 19 18 198 36125 269 61479 85 25 220 16 23 20 23 198 2304 10524 57153 25 220 16 24 16 18 271 14582 25 3555 374 279 2615 2038 369 2823 2555 41421 12660 5267 16141 25 576 2615 2038 369 2823 2555 41421 12660 374 220 18 20 18 19	348
r012/wrong/q12	nll	6054 2038 19424 198 51 25496 27219 69578 380 25 220 24 22 21 24 198 46 24513 43229 83717 25 220 22 18 20 19 198 2753 269 66945 14604 25 220 16 24 16 17 198 1143 268 37710 25 220 18 19 22 23 198 2753 269 76069 25 220 23 22 23 21 198 49 11983 75502 25 220 19 21 24 21 198 6953 57681 1863 35010 1536 25 220 24 15 16 16 198 1143 268 63221 25 220 21 15 20 19 198 23950 404 55520 25 220 17 18 15 22 198 57 5059 57153 25 220 20 16 23 23 198 49 11983 63161 25 220 16 20 17 21 198 45 52831 24548 13334 25 220 19 19 19 16 198 3430 2555 41421 12660 25 220 18 20 18 19 198 36 48021 65911 301 25 220 24 19 23 17 198 6953 57681 63161 25 220 19 23 22 15 198 43 1561 69543 25 220 17 16 19 21 198 641 288 730 363 1127 6642 25 220 21 23 20 24 198 92878 7755 14741 49713 25 220 16 15 17 23 198 28085 685 468 461 85261 25 220 24 19 15 17 198 57 4644 63221 25 220 24 20 18 19 198 95347 37710 25 220 21 15 20 22 198 641 288 33554 56860 25 220 21 24 22 20 198 35 1763 461 66945 14604 25 220 18 18 16 19 198 46 24513 69543 25 220 22 24 23 21 198 85384 506 4554 1958 25 220 21 21 24 22 198 28085 685 65503 25 220 22 24 24 17 198 95347 61916 25 220 23 20 24 18 198 42 92023 506 4554 1958 25 220 22 16 19 18 198 36125 269 61479 85 25 220 16 23 20 23 198 2304 10524 57153 25 220 16 24 16 18 271 14582 25 3555 374 279 2615 2038 369 2823 2555 41421 12660 5267 16141 25 576 2615 2038 369 2823 2555 41421 12660 374 220 19 21 24 21	348
r013/gold/q13	nll	6054 2038 19424 198 51 2780 80 76715 25 220 23 21 19 24 198 2753 269 27219 69578 380 25 220 19 17 18 19 198 36 48021 468 461 85261 25 220 21 18 24 22 198 42 2143 45111 288 25 220 22 19 24 22 198 39 3362 54407 25 220 17 23 15 23 198 57 4644 66945 14604 25 220 18 18 22 22 198 42 2143 61916 25 220 22 21 15 22 198 35 1763 461 1863 35010 1536 25 220 19 17 20 18 198 2269 321 468 461 85261 25 220 23 23 21 24 198 95347 27219 69578 380 25 220 17 21 16 19 198 67624 730 363 1127 6642 25 220 17 19 21 24 198 3430 2555 64009 25 220 20 17 20 23 198 2753 269 730 363 1127 6642 25 220 23 23 21 22 198 2269 52313 76715 25 220 18 19 19 17 198 5066 5059 81781 25 220 19 20 15 16 198 36125 269 14741 49713 25 220 20 24 22 16 198 86543 65633 25 220 22 24 15 23 198 2269 52313 4398 2863 25 220 21 19 17 15 198 92878 7755 17095 29048 25 220 22 15 19 16 198 2269 52313 36020 25 220 22 24 24 20 198 2269 321 24548 13334 25 220 17 17 15 21 198 39 3362 57153 25 220 17 21 18 20 198 51 22267 4620 585 25 220 21 16 15 18 198 43 1561 730 4110 25 220 23 18 23 22 198 2269 321 15687 19840 25 220 19 24 19 21 198 36125 269 33554 56860 25 220 20 24 16 16 198 1143 268 40523 25 220 20 21 17 22 198 42 92023 506 4554 1958 25 220 17 20 17 20 198 50 1055 685 65911 301 25 220 16 23 15 20 198 52 1728 97276 25 220 20 17 22 24 271 14582 25 3555 374 279 2615 2038 369 5748 52313 76715 5267 16141 25 576 2615 2038 369 5748 52313 76715 374 220 18 19 19 17	355
r013/wrong/q13	nll	6054 2038 19424 198 51 2780 80 76715 25 220 23 21 19 24 198 2753 269 27219 69578 380 25 220 19 17 18 19 198 36 48021 468 461 85261 25 220 21 18 24 22 198 42 2143 45111 288 25 220 22 19 24 22 198 39 3362 54407 25 220 17 23 15 23 198 57 4644 66945 14604 25 220 18 18 22 22 198 42 2143 61916 25 220 22 21 15 22 198 35 1763 461 1863 35010 1536 25 220 19 17 20 18 198 2269 321 468 461 85261 25 220 23 23 21 24 198 95347 27219 69578 380 25 220 17 21 16 19 198 67624 730 363 1127 6642 25 220 17 19 21 24 198 3430 2555 64009 25 220 20 17 20 23 198 2753 269 730 363 1127 6642 25 220 23 23 21 22 198 2269 52313 76715 25 220 18 19 19 17 198 5066 5059 81781 25 220 19 20 15 16 198 36125 269 14741 49713 25 220 20 24 22 16 198 86543 65633 25 220 22 24 15 23 198 2269 52313 4398 2863 25 220 21 19 17 15 198 92878 7755 17095 29048 25 220 22 15 19 16 198 2269 52313 36020 25 220 22 24 24 20 198 2269 321 24548 13334 25 220 17 17 15 21 198 39 3362 57153 25 220 17 21 18 20 198 51 22267 4620 585 25 220 21 16 15 18 198 43 1561 730 4110 25 220 23 18 23 22 198 2269 321 15687 19840 25 220 19 24 19 21 198 36125 269 33554 56860 25 220 20 24 16 16 198 1143 268 40523 25 220 20 21 17 22 198 42 92023 506 4554 1958 25 220 17 20 17 20 198 50 1055 685 65911 301 25 220 16 23 15 20 198 52 1728 97276 25 220 20 17 22 24 271 14582 25 3555 374 279 2615 2038 369 5748 52313 76715 5267 16141 25 576 2615 2038 369 5748 52313 76715 374 220 21 18 24 22	355
r014/gold/q14	nll	6054 2038 19424 198 46 24513 63221 25 220 16 16 23 21 198 57 5059 75502 25 220 23 19 18 19 198 52 1728 97276 25 220 22 23 17 19 198 54 268 76715 25 220 24 24 22 15 198 39 33501 58750 25 220 19 23 15 20 198 37152 300 1863 35010 1536 25 220 16 22 24 19 198 35 1763 461 36020 25 220 20 16 19 21 198 6953 57681 37710 25 220 23 17 21 19 198 43 1561 63221 25 220 16 16 19 23 198 57 5059 14741 49713 25 220 22 21 21 22 198 46 24513 468 461 85261 25 220 17 17 23 15 198 3430 2555 14741 49713 25 220 21 23 18 18 198 86543 58750 25 220 24 24 15 21 198 51 22267 5540 25 220 24 20 21 19 198 51 25496 76715 25 220 24 16 24 16 198 46 24513 75502 25 220 23 24 22 22 198 45 52831 76715 25 220 19 17 24 21 198 50 1055 685 647 17922 25 220 24 24 15 15 198 25406 10524 41421 12660 25 220 16 21 19 24 198 85384 468 461 85261 25 220 19 23 18 17 198 51 22267 47623 25 220 18 24 18 19 198 49 2577 5891 97276 25 220 22 21 21 16 198 39 3362 47623 25 220 22 24 21 21 198 1143 268 63221 25 220 19 21 22 23 198 6091 5059 27219 69578 380 25 220 23 19 19 19 198 641 288 730 363 1127 6642 25 220 18 21 16 22 198 3430 2555 69543 25 220 21 18 21 16 198 28085 685 468 461 85261 25 220 19 23 15 17 198 95347 29953 25 220 19 21 19 16 198 45 52831 40523 25 220 22 20 17 22 271 14582 25 3555 374 279 2615 2038 369 350 25496 76715 5267 16141 25 576 2615 2038 369 350 25496 76715 374 220 24 16 24 16	343
r014/wrong/q14	nll	6054 2038 19424 198 46 24513 63221 25 220 16 16 23 21 198 57 5059 75502 25 220 23 19 18 19 198 52 1728 97276 25 220 22 23 17 19 198 54 268 76715 25 220 24 24 22 15 198 39 33501 58750 25 220 19 23 15 20 198 37152 300 1863 35010 1536 25 220 16 22 24 19 198 35 1763 461 36020 25 220 20 16 19 21 198 6953 57681 37710 25 220 23 17 21 19 198 43 1561 63221 25 220 16 16 19 23 198 57 5059 14741 49713 25 220 22 21 21 22 198 46 24513 468 461 85261 25 220 17 17 23 15 198 3430 2555 14741 49713 25 220 21 23 18 18 198 86543 58750 25 220 24 24 15 21 198 51 22267 5540 25 220 24 20 21 19 198 51 25496 76715 25 220 24 16 24 16 198 46 24513 75502 25 220 23 24 22 22 198 45 52831 76715 25 220 19 17 24 21 198 50 1055 685 647 17922 25 220 24 24 15 15 198 25406 10524 41421 12660 25 220 16 21 19 24 198 85384 468 461 85261 25 220 19 23 18 17 198 51 22267 47623 25 220 18 24 18 19 198 49 2577 5891 97276 25 220 22 21 21 16 198 39 3362 47623 25 220 22 24 21 21 198 1143 268 63221 25 220 19 21 22 23 198 6091 5059 27219 69578 380 25 220 23 19 19 19 198 641 288 730 363 1127 6642 25 220 18 21 16 22 198 3430 2555 69543 25 220 21 18 21 16 198 28085 685 468 461 85261 25 220 19 23 15 17 198 95347 29953 25 220 19 21 19 16 198 45 52831 40523 25 220 22 20 17 22 271 14582 25 3555 374 279 2615 2038 369 350 25496 76715 5267 16141 25 576 2615 2038 369 350 25496 76715 374 220 23 19 19 19	343
r015/gold/q15	nll	6054 2038 19424 198 2269 321 95683 25 220 24 16 16 22 198 37152 300 36020 25 220 16 17 15 15 198 39 33501 506 4554 1958 25 220 16 16 17 16 198 51 2780 80 45111 288 25 220 20 15 20 21 198 50 1055 685 506 4554 1958 25 220 23 24 20 20 198 11109 64 15687 19840 25 220 16 22 16 20 198 36 48021 27219 69578 380 25 220 23 18 21 23 198 51 2780 80 85551 25 220 22 16 24 23 198 51 22267 85551 25 220 24 21 24 18 198 6953 57681 730 4110 25 220 19 21 17 17 198 94230 78 42127 25 220 22 24 16 19 198 11109 64 40523 25 220 21 23 18 22 198 42 92023 75502 25 220 22 15 21 16 198 36125 269 40523 25 220 22 24 24 23 198 641 288 47623 25 220 21 24 17 21 198 49 2577 5891 63161 25 220 21 15 23 17 198 92499 647 17922 25 220 19 16 15 15 198 36125 269 472 718 329 25 220 21 15 16 19 198 35 1763 461 65911 301 25 220 18 24 17 16 198 92878 7755 730 363 1127 6642 25 220 17 15 15 24 198 51 22267 51065 25 220 24 19 15 20 198 36125 269 1863 35010 1536 25 220 21 20 15 19 198 49 11983 95683 25 220 22 24 17 17 198 95347 33554 56860 25 220 21 15 16 24 198 56 5059 1863 35010 1536 25 220 21 24 18 17 198 40 15649 15687 19840 25 220 18 23 23 19 198 2304 10524 33554 56860 25 220 23 16 18 16 198 51 22267 40523 25 220 19 15 21 16 198 23950 404 36020 25 220 17 19 21 21 198 36125 269 647 17922 25 220 24 15 21 19 271 14582 25 3555 374 279 2615 2038 369 54400 63161 5267 16141 25 576 2615 2038 369 54400 63161 374 220 21 15 23 17	351
r015/wrong/q15	nll	6054 2038 19424 198 2269 321 95683 25 220 24 16 16 22 198 37152 300 36020 25 220 16 17 15 15 198 39 33501 506 4554 1958 25 220 16 16 17 16 198 51 2780 80 45111 288 25 220 20 15 20 21 198 50 1055 685 506 4554 1958 25 220 23 24 20 20 198 11109 64 15687 19840 25 220 16 22 16 20 198 36 48021 27219 69578 380 25 220 23 18 21 23 198 51 2780 80 85551 25 220 22 16 24 23 198 51 22267 85551 25 220 24 21 24 18 198 6953 57681 730 4110 25 220 19 21 17 17 198 94230 78 42127 25 220 22 24 16 19 198 11109 64 40523 25 220 21 23 18 22 198 42 92023 75502 25 220 22 15 21 16 198 36125 269 40523 25 220 22 24 24 23 198 641 288 47623 25 220 21 24 17 21 198 49 2577 5891 63161 25 220 21 15 23 17 198 92499 647 17922 25 220 19 16 15 15 198 36125 269 472 718 329 25 220 21 15 16 19 198 35 1763 461 65911 301 25 220 18 24 17 16 198 92878 7755 730 363 1127 6642 25 220 17 15 15 24 198 51 22267 51065 25 220 24 19 15 20 198 36125 269 1863 35010 1536 25 220 21 20 15 19 198 49 11983 95683 25 220 22 24 17 17 198 95347 33554 56860 25 220 21 15 16 24 198 56 5059 1863 35010 1536 25 220 21 24 18 17 198 40 15649 15687 19840 25 220 18 23 23 19 198 2304 10524 33554 56860 25 220 23 16 18 16 198 51 22267 40523 25 220 19 15 21 16 198 23950 404 36020 25 220 17 19 21 21 198 36125 269 647 17922 25 220 24 15 21 19 271 14582 25 3555 374 279 2615 2038 369 54400 63161 5267 16141 25 576 2615 2038 369 54400 63161 374 220 23 18 21 23	351
r016/gold/q16	nll	6054 2038 19424 198 39 3362 45111 288 25 220 21 15 21 19 198 56 355 1704 472 718 329 25 220 20 19 16 21 198 36 48021 63161 25 220 23 17 20 17 198 49 2577 5891 27219 69578 380 25 220 16 24 15 17 198 28085 685 85551 25 220 18 17 19 22 198 6953 57681 61479 85 25 220 24 23 19 16 198 92499 51194 25 220 22 20 23 15 198 52 1728 81781 25 220 16 19 17 15 198 37 67718 63161 25 220 23 20 16 19 198 67624 51194 25 220 17 21 23 20 198 86543 75502 25 220 16 20 20 21 198 39 3362 42127 25 220 22 24 23 16 198 2304 10524 33554 56860 25 220 23 21 21 18 198 57 4644 730 363 1127 6642 25 220 18 23 20 24 198 2269 52313 41041 25 220 22 23 22 18 198 35 1763 461 57153 25 220 20 15 18 24 198 49 11983 69543 25 220 21 19 19 22 198 57 4644 37710 25 220 24 20 20 16 198 2304 10524 51194 25 220 23 20 19 17 198 2269 52313 28392 25 220 22 23 21 17 198 25406 10524 27219 69578 380 25 220 24 15 15 21 198 45 1579 337 2143 81781 25 220 17 16 18 24 198 2269 321 27219 69578 380 25 220 17 23 21 15 198 86543 65911 301 25 220 19 18 23 18 198 56 5059 61916 25 220 24 22 22 24 198 5066 5059 647 17922 25 220 19 20 16 20 198 2753 269 14741 49713 25 220 19 19 17 18 198 11109 64 65633 25 220 19 22 19 15 198 86543 1863 35010 1536 25 220 16 21 18 21 198 2269 52313 29953 25 220 16 18 17 16 271 14582 25 3555 374 279 2615 2038 369 46830 69543 5267 16141 25 576 2615 2038 369 46830 69543 374 220 21 19 19 22	343
r016/wrong/q16	nll	6054 2038 19424 198 39 3362 45111 288 25 220 21 15 21 19 198 56 355 1704 472 718 329 25 220 20 19 16 21 198 36 48021 63161 25 220 23 17 20 17 198 49 2577 5891 27219 69578 380 25 220 16 24 15 17 198 28085 685 85551 25 220 18 17 19 22 198 6953 57681 61479 85 25 220 24 23 19 16 198 92499 51194 25 220 22 20 23 15 198 52 1728 81781 25 220 16 19 17 15 198 37 67718 63161 25 220 23 20 16 19 198 67624 51194 25 220 17 21 23 20 198 86543 75502 25 220 16 20 20 21 198 39 3362 42127 25 220 22 24 23 16 198 2304 10524 33554 56860 25 220 23 21 21 18 198 57 4644 730 363 1127 6642 25 220 18 23 20 24 198 2269 52313 41041 25 220 22 23 22 18 198 35 1763 461 57153 25 220 20 15 18 24 198 49 11983 69543 25 220 21 19 19 22 198 57 4644 37710 25 220 24 20 20 16 198 2304 10524 51194 25 220 23 20 19 17 198 2269 52313 28392 25 220 22 23 21 17 198 25406 10524 27219 69578 380 25 220 24 15 15 21 198 45 1579 337 2143 81781 25 220 17 16 18 24 198 2269 321 27219 69578 380 25 220 17 23 21 15 198 86543 65911 301 25 220 19 18 23 18 198 56 5059 61916 25 220 24 22 22 24 198 5066 5059 647 17922 25 220 19 20 16 20 198 2753 269 14741 49713 25 220 19 19 17 18 198 11109 64 65633 25 220 19 22 19 15 198 86543 1863 35010 1536 25 220 16 21 18 21 198 2269 52313 29953 25 220 16 18 17 16 271 14582 25 3555 374 279 2615 2038 369 46830 69543 5267 16141 25 576 2615 2038 369 46830 69543 374 220 24 23 19 16	343
r017/gold/q17	nll	6054 2038 19424 198 46 24513 33554 56860 25 220 16 21 21 20 198 67624 28392 25 220 23 21 20 18 198 2269 321 36020 25 220 21 17 18 18 198 35 1763 461 69543 25 220 16 22 16 22 198 57 4644 472 718 329 25 220 23 21 21 17 198 11109 64 43229 83717 25 220 21 19 22 24 198 49 11983 54407 25 220 20 15 17 24 198 36125 269 40523 25 220 23 16 15 17 198 92499 472 718 329 25 220 16 24 23 19 198 95347 69543 25 220 17 24 21 19 198 36125 269 61479 85 25 220 22 19 24 20 198 6953 57681 40523 25 220 20 19 20 15 198 36 48021 17095 29048 25 220 18 20 19 20 198 61686 40523 25 220 23 20 24 24 198 6091 5059 66945 14604 25 220 21 18 24 18 198 37152 300 65633 25 220 21 21 21 17 198 42 2143 468 461 85261 25 220 16 16 21 21 198 36 48021 41421 12660 25 220 24 16 18 24 198 36 48021 27219 69578 380 25 220 16 18 24 21 198 40 15649 4398 2863 25 220 22 19 21 20 198 95347 472 718 329 25 220 18 20 21 16 198 57 5059 42127 25 220 20 20 19 18 198 37 67718 15687 19840 25 220 23 24 22 18 198 42 92023 66945 14604 25 220 20 16 16 15 198 67624 647 17922 25 220 21 20 19 24 198 5066 5059 47623 25 220 17 23 22 16 198 52 1728 4620 585 25 220 18 16 18 19 198 40645 685 66945 14604 25 220 19 18 22 23 198 43 1561 66945 14604 25 220 23 22 18 20 198 2269 321 41421 12660 25 220 16 22 22 15 271 14582 25 3555 374 279 2615 2038 369 68575 41421 12660 5267 16141 25 576 2615 2038 369 68575 41421 12660 374 220 24 16 18 24	345
r017/wrong/q17	nll	6054 2038 19424 198 46 24513 33554 56860 25 220 16 21 21 20 198 67624 28392 25 220 23 21 20 18 198 2269 321 36020 25 220 21 17 18 18 198 35 1763 461 69543 25 220 16 22 16 22 198 57 4644 472 718 329 25 220 23 21 21 17 198 11109 64 43229 83717 25 220 21 19 22 24 198 49 11983 54407 25 220 20 15 17 24 198 36125 269 40523 25 220 23 16 15 17 198 92499 472 718 329 25 220 16 24 23 19 198 95347 69543 25 220 17 24 21 19 198 36125 269 61479 85 25 220 22 19 24 20 198 6953 57681 40523 25 220 20 19 20 15 198 36 48021 17095 29048 25 220 18 20 19 20 198 61686 40523 25 220 23 20 24 24 198 6091 5059 66945 14604 25 220 21 18 24 18 198 37152 300 65633 25 220 21 21 21 17 198 42 2143 468 461 85261 25 220 16 16 21 21 198 36 48021 41421 12660 25 220 24 16 18 24 198 36 48021 27219 69578 380 25 220 16 18 24 21 198 40 15649 4398 2863 25 220 22 19 21 20 198 95347 472 718 329 25 220 18 20 21 16 198 57 5059 42127 25 220 20 20 19 18 198 37 67718 15687 19840 25 220 23 24 22 18 198 42 92023 66945 14604 25 220 20 16 16 15 198 67624 647 17922 25 220 21 20 19 24 198 5066 5059 47623 25 220 17 23 22 16 198 52 1728 4620 585 25 220 18 16 18 19 198 40645 685 66945 14604 25 220 19 18 22 23 198 43 1561 66945 14604 25 220 23 22 18 20 198 2269 321 41421 12660 25 220 16 22 22 15 271 14582 25 3555 374 279 2615 2038 369 68575 41421 12660 5267 16141 25 576 2615 2038 369 68575 41421 12660 374 220 21 21 21 17	345
r018/gold/q18	nll	6054 2038 19424 198 6091 5059 76069 25 220 22 18 24 15 198 42 92023 730 363 1127 6642 25 220 23 19 17 24 198 25406 10524 17095 29048 25 220 19 18 20 22 198 23950 404 472 718 329 25 220 18 17 19 18 198 52 1728 24548 13334 25 220 18 21 17 20 198 3430 2555 15687 19840 25 220 16 15 16 22 198 95347 54407 25 220 19 15 18 18 198 42 2143 468 461 85261 25 220 18 20 22 16 198 61686 29953 25 220 22 17 24 16 198 51 2780 80 57153 25 220 19 21 16 24 198 86543 81781 25 220 22 19 21 23 198 95347 66945 14604 25 220 24 20 15 17 198 95347 42127 25 220 22 16 16 20 198 2269 52313 506 4554 1958 25 220 19 16 22 23 198 57 5059 730 4110 25 220 18 19 16 18 198 52 1728 647 17922 25 220 16 21 19 20 198 32887 1466 40523 25 220 21 15 23 17 198 25406 10524 63221 25 220 18 24 20 24 198 641 288 64009 25 220 24 18 18 24 198 28085 685 97276 25 220 17 15 17 23 198 49 2577 5891 14741 49713 25 220 20 20 19 23 198 42 2143 63221 25 220 17 21 22 22 198 43 1561 468 461 85261 25 220 16 24 18 18 198 37152 300 66945 14604 25 220 16 15 20 18 198 49 11983 51194 25 220 22 18 22 15 198 57 4644 36020 25 220 17 22 24 20 198 40 15649 85551 25 220 18 17 15 21 198 40 15649 55520 25 220 22 15 17 22 198 32887 1466 85551 25 220 19 18 16 20 198 57 5059 29953 25 220 24 22 15 18 271 14582 25 3555 374 279 2615 2038 369 758 288 64009 5267 16141 25 576 2615 2038 369 758 288 64009 374 220 24 18 18 24	342
r018/wrong/q18	nll	6054 2038 19424 198 6091 5059 76069 25 220 22 18 24 15 198 42 92023 730 363 1127 6642 25 220 23 19 17 24 198 25406 10524 17095 29048 25 220 19 18 20 22 198 23950 404 472 718 329 25 220 18 17 19 18 198 52 1728 24548 13334 25 220 18 21 17 20 198 3430 2555 15687 19840 25 220 16 15 16 22 198 95347 54407 25 220 19 15 18 18 198 42 2143 468 461 85261 25 220 18 20 22 16 198 61686 29953 25 220 22 17 24 16 198 51 2780 80 57153 25 220 19 21 16 24 198 86543 81781 25 220 22 19 21 23 198 95347 66945 14604 25 220 24 20 15 17 198 95347 42127 25 220 22 16 16 20 198 2269 52313 506 4554 1958 25 220 19 16 22 23 198 57 5059 730 4110 25 220 18 19 16 18 198 52 1728 647 17922 25 220 16 21 19 20 198 32887 1466 40523 25 220 21 15 23 17 198 25406 10524 63221 25 220 18 24 20 24 198 641 288 64009 25 220 24 18 18 24 198 28085 685 97276 25 220 17 15 17 23 198 49 2577 5891 14741 49713 25 220 20 20 19 23 198 42 2143 63221 25 220 17 21 22 22 198 43 1561 468 461 85261 25 220 16 24 18 18 198 37152 300 66945 14604 25 220 16 15 20 18 198 49 11983 51194 25 220 22 18 22 15 198 57 4644 36020 25 220 17 22 24 20 198 40 15649 85551 25 220 18 17 15 21 198 40 15649 55520 25 220 22 15 17 22 198 32887 1466 85551 25 220 19 18 16 20 198 57 5059 29953 25 220 24 22 15 18 271 14582 25 3555 374 279 2615 2038 369 758 288 64009 5267 16141 25 576 2615 2038 369 758 288 64009 374 220 22 16 16 20	342
r019/gold/q19	nll	6054 2038 19424 198 45 1579 337 2143 54407 25 220 19 16 21 18 198 37 67718 40523 25 220 18 17 21 19 198 6091 5059 81781 25 220 18 20 17 24 198 42 2143 5540 25 220 21 21 15 21 198 50 1055 685 61479 85 25 220 18 15 16 22 198 37 67718 55520 25 220 20 23 24 23 198 11109 64 55520 25 220 22 23 19 24 198 43 1561 64009 25 220 24 17 24 19 198 42 2143 472 718 329 25 220 18 17 20 20 198 36125 269 47623 25 220 19 21 22 21 198 54 268 4398 2863 25 220 18 20 18 17 198 36 48021 24548 13334 25 220 24 21 21 16 198 50 1055 685 43229 83717 25 220 22 15 23 19 198 49 11983 4398 2863 25 220 24 23 23 23 198 45 52831 29953 25 220 21 19 19 21 198 28085 685 506 4554 1958 25 220 18 23 19 16 198 6953 57681 5540 25 220 20 22 20 22 198 86543 54407 25 220 24 20 17 19 198 28085 685 14741 49713 25 220 17 16 17 16 198 641 288 28392 25 220 17 19 16 19 198 67624 27219 69578 380 25 220 20 23 18 22 198 37 67718 730 4110 25 220 21 17 24 20 198 52 1728 468 461 85261 25 220 19 21 20 16 198 50 1055 685 63161 25 220 21 21 23 15 198 35 1763 461 66945 14604 25 220 16 18 19 23 198 5066 5059 63161 25 220 18 20 24 22 198 39 33501 4398 2863 25 220 24 18 16 24 198 6953 57681 65633 25 220 22 20 15 17 198 56 355 1704 28392 25 220 20 18 21 16 198 40645 685 4620 585 25 220 21 18 16 19 271 14582 25 3555 374 279 2615 2038 369 758 288 28392 5267 16141 25 576 2615 2038 369 758 288 28392 374 220 17 19 16 19	349
r019/wrong/q19	nll	6054 2038 19424 198 45 1579 337 2143 54407 25 220 19 16 21 18 198 37 67718 40523 25 220 18 17 21 19 198 6091 5059 81781 25 220 18 20 17 24 198 42 2143 5540 25 220 21 21 15 21 198 50 1055 685 61479 85 25 220 18 15 16 22 198 37 67718 55520 25 220 20 23 24 23 198 11109 64 55520 25 220 22 23 19 24 198 43 1561 64009 25 220 24 17 24 19 198 42 2143 472 718 329 25 220 18 17 20 20 198 36125 269 47623 25 220 19 21 22 21 198 54 268 4398 2863 25 220 18 20 18 17 198 36 48021 24548 13334 25 220 24 21 21 16 198 50 1055 685 43229 83717 25 220 22 15 23 19 198 49 11983 4398 2863 25 220 24 23 23 23 198 45 52831 29953 25 220 21 19 19 21 198 28085 685 506 4554 1958 25 220 18 23 19 16 198 6953 57681 5540 25 220 20 22 20 22 198 86543 54407 25 220 24 20 17 19 198 28085 685 14741 49713 25 220 17 16 17 16 198 641 288 28392 25 220 17 19 16 19 198 67624 27219 69578 380 25 220 20 23 18 22 198 37 67718 730 4110 25 220 21 17 24 20 198 52 1728 468 461 85261 25 220 19 21 20 16 198 50 1055 685 63161 25 220 21 21 23 15 198 35 1763 461 66945 14604 25 220 16 18 19 23 198 5066 5059 63161 25 220 18 20 24 22 198 39 33501 4398 2863 25 220 24 18 16 24 198 6953 57681 65633 25 220 22 20 15 17 198 56 355 1704 28392 25 220 20 18 21 16 198 40645 685 4620 585 25 220 21 18 16 19 271 14582 25 3555 374 279 2615 2038 369 758 288 28392 5267 16141 25 576 2615 2038 369 758 288 28392 374 220 17 16 17 16	349
r020/gold/q20	nll	6054 2038 19424 198 2269 52313 65911 301 25 220 20 19 17 17 198 3430 2555 29953 25 220 22 22 17 24 198 3430 2555 76069 25 220 21 15 24 23 198 39 3362 51065 25 220 16 23 22 18 198 57 4644 42127 25 220 24 15 22 18 198 36 48021 64009 25 220 16 22 21 16 198 92499 4620 585 25 220 16 20 21 19 198 40645 685 647 17922 25 220 21 15 16 20 198 52 1728 85551 25 220 22 20 21 17 198 51 25496 51194 25 220 18 16 24 17 198 39 33501 24548 13334 25 220 18 15 22 19 198 35 1763 461 45111 288 25 220 21 19 16 24 198 37152 300 472 718 329 25 220 16 16 17 15 198 92499 1863 35010 1536 25 220 24 20 16 23 198 5066 5059 15687 19840 25 220 17 22 23 20 198 54 268 730 4110 25 220 20 22 24 24 198 49 11983 55520 25 220 19 19 21 16 198 2304 10524 58750 25 220 20 20 20 18 198 50 1055 685 4398 2863 25 220 21 24 24 24 198 23950 404 36020 25 220 23 22 17 18 198 5066 5059 66945 14604 25 220 18 20 24 16 198 42 92023 64009 25 220 16 24 20 22 198 51 2780 80 51194 25 220 17 20 15 23 198 94230 78 41041 25 220 21 15 20 15 198 39 3362 647 17922 25 220 19 17 18 17 198 56 355 1704 36020 25 220 23 18 24 23 198 37152 300 5540 25 220 24 20 18 22 198 45 52831 57153 25 220 23 22 24 21 198 51 2780 80 36020 25 220 16 23 18 23 198 57 5059 4398 2863 25 220 20 22 24 19 271 14582 25 3555 374 279 2615 2038 369 50557 66945 14604 5267 16141 25 576 2615 2038 369 50557 66945 14604 374 220 18 20 24 16	344
r020/wrong/q20	nll	6054 2038 19424 198 2269 52313 65911 301 25 220 20 19 17 17 198 3430 2555 29953 25 220 22 22 17 24 198 3430 2555 76069 25 220 21 15 24 23 198 39 3362 51065 25 220 16 23 22 18 198 57 4644 42127 25 220 24 15 22 18 198 36 48021 64009 25 220 16 22 21 16 198 92499 4620 585 25 220 16 20 21 19 198 40645 685 647 17922 25 220 21 15 16 20 198 52 1728 85551 25 220 22 20 21 17 198 51 25496 51194 25 220 18 16 24 17 198 39 33501 24548 13334 25 220 18 15 22 19 198 35 1763 461 45111 288 25 220 21 19 16 24 198 37152 300 472 718 329 25 220 16 16 17 15 198 92499 1863 35010 1536 25 220 24 20 16 23 198 5066 5059 15687 19840 25 220 17 22 23 20 198 54 268 730 4110 25 220 20 22 24 24 198 49 11983 55520 25 220 19 19 21 16 198 2304 10524 58750 25 220 20 20 20 18 198 50 1055 685 4398 2863 25 220 21 24 24 24 198 23950 404 36020 25 220 23 22 17 18 198 5066 5059 66945 14604 25 220 18 20 24 16 198 42 92023 64009 25 220 16 24 20 22 198 51 2780 80 51194 25 220 17 20 15 23 198 94230 78 41041 25 220 21 15 20 15 198 39 3362 647 17922 25 220 19 17 18 17 198 56 355 1704 36020 25 220 23 18 24 23 198 37152 300 5540 25 220 24 20 18 22 198 45 52831 57153 25 220 23 22 24 21 198 51 2780 80 36020 25 220 16 23 18 23 198 57 5059 4398 2863 25 220 20 22 24 19 271 14582 25 3555 374 279 2615 2038 369 50557 66945 14604 5267 16141 25 576 2615 2038 369 50557 66945 14604 374 220 24 15 22 18	344
r021/gold/q21	nll	6054 2038 19424 198 49 2577 5891 730 363 1127 6642 25 220 16 24 20 20 198 42 92023 730 363 1127 6642 25 220 16 21 24 21 198 95347 506 4554 1958 25 220 18 16 20 19 198 5066 5059 472 718 329 25 220 18 18 15 24 198 51 25496 1863 35010 1536 25 220 22 19 18 16 198 61686 64009 25 220 19 19 24 15 198 85384 28392 25 220 20 20 23 21 198 86543 47623 25 220 17 24 21 23 198 3430 2555 76069 25 220 23 15 24 23 198 67624 472 718 329 25 220 20 21 18 22 198 94230 78 61479 85 25 220 22 18 22 19 198 11109 64 54407 25 220 18 20 19 20 198 85384 55520 25 220 22 23 23 19 198 67624 63161 25 220 21 23 16 24 198 1143 268 1863 35010 1536 25 220 17 15 15 22 198 2304 10524 63161 25 220 18 19 19 19 198 56 355 1704 65911 301 25 220 22 15 15 21 198 37152 300 24548 13334 25 220 22 17 15 19 198 56 355 1704 61479 85 25 220 16 20 24 21 198 40645 685 42127 25 220 23 16 22 19 198 45 52831 4398 2863 25 220 18 15 23 23 198 2753 269 15687 19840 25 220 21 18 24 16 198 39 3362 45111 288 25 220 24 23 17 20 198 641 288 17095 29048 25 220 20 24 21 22 198 52 1728 506 4554 1958 25 220 18 16 22 22 198 51 25496 65911 301 25 220 18 21 15 15 198 35 1763 461 45111 288 25 220 16 21 24 18 198 11109 64 69543 25 220 18 18 17 17 198 2304 10524 29953 25 220 21 17 19 17 198 45 1579 337 2143 58750 25 220 18 20 21 19 271 14582 25 3555 374 279 2615 2038 369 2308 269 15687 19840 5267 16141 25 576 2615 2038 369 2308 269 15687 19840 374 220 21 18 24 16	355
r021/wrong/q21	nll	6054 2038 19424 198 49 2577 5891 730 363 1127 6642 25 220 16 24 20 20 198 42 92023 730 363 1127 6642 25 220 16 21 24 21 198 95347 506 4554 1958 25 220 18 16 20 19 198 5066 5059 472 718 329 25 220 18 18 15 24 198 51 25496 1863 35010 1536 25 220 22 19 18 16 198 61686 64009 25 220 19 19 24 15 198 85384 28392 25 220 20 20 23 21 198 86543 47623 25 220 17 24 21 23 198 3430 2555 76069 25 220 23 15 24 23 198 67624 472 718 329 25 220 20 21 18 22 198 94230 78 61479 85 25 220 22 18 22 19 198 11109 64 54407 25 220 18 20 19 20 198 85384 55520 25 220 22 23 23 19 198 67624 63161 25 220 21 23 16 24 198 1143 268 1863 35010 1536 25 220 17 15 15 22 198 2304 10524 63161 25 220 18 19 19 19 198 56 355 1704 65911 301 25 220 22 15 15 21 198 37152 300 24548 13334 25 220 22 17 15 19 198 56 355 1704 61479 85 25 220 16 20 24 21 198 40645 685 42127 25 220 23 16 22 19 198 45 52831 4398 2863 25 220 18 15 23 23 198 2753 269 15687 19840 25 220 21 18 24 16 198 39 3362 45111 288 25 220 24 23 17 20 198 641 288 17095 29048 25 220 20 24 21 22 198 52 1728 506 4554 1958 25 220 18 16 22 22 198 51 25496 65911 301 25 220 18 21 15 15 198 35 1763 461 45111 288 25 220 16 21 24 18 198 11109 64 69543 25 220 18 18 17 17 198 2304 10524 29953 25 220 21 17 19 17 198 45 1579 337 2143 58750 25 220 18 20 21 19 271 14582 25 3555 374 279 2615 2038 369 2308 269 15687 19840 5267 16141 25 576 2615 2038 369 2308 269 15687 19840 374 220 22 17 15 19	355
r022/gold/q22	nll	6054 2038 19424 198 35 1763 461 29953 25 220 20 22 22 16 198 2269 321 61916 25 220 20 23 20 16 198 45 1579 337 2143 4398 2863 25 220 23 19 22 24 198 25406 10524 63161 25 220 22 18 17 16 198 39 3362 76715 25 220 17 24 15 20 198 40 15649 66945 14604 25 220 21 21 19 15 198 45 52831 54407 25 220 24 18 22 22 198 56 5059 51194 25 220 20 16 19 20 198 61686 41421 12660 25 220 21 23 24 19 198 2269 52313 24548 13334 25 220 24 18 16 20 198 45 52831 28392 25 220 18 23 15 23 198 40645 685 730 363 1127 6642 25 220 19 22 18 15 198 95347 15687 19840 25 220 16 21 16 16 198 2753 269 4398 2863 25 220 16 16 24 15 198 2304 10524 54407 25 220 21 20 19 19 198 67624 472 718 329 25 220 24 21 21 17 198 36125 269 61479 85 25 220 18 16 18 24 198 57 5059 730 4110 25 220 22 22 19 16 198 57 5059 97276 25 220 20 21 20 18 198 51 22267 27219 69578 380 25 220 19 23 17 23 198 28085 685 65911 301 25 220 18 24 24 24 198 1143 268 61916 25 220 18 21 17 15 198 1143 268 36020 25 220 20 16 17 17 198 11109 64 61916 25 220 20 15 20 21 198 51 22267 43229 83717 25 220 24 19 18 20 198 54 268 63161 25 220 20 22 15 23 198 45 1579 337 2143 4620 585 25 220 17 23 17 18 198 67624 75502 25 220 16 22 21 24 198 40 15649 45111 288 25 220 21 18 22 22 198 23950 404 76715 25 220 20 22 21 23 271 14582 25 3555 374 279 2615 2038 369 24495 36020 5267 16141 25 576 2615 2038 369 24495 36020 374 220 20 16 17 17	344
r022/wrong/q22	nll	6054 2038 19424 198 35 1763 461 29953 25 220 20 22 22 16 198 2269 321 61916 25 220 20 23 20 16 198 45 1579 337 2143 4398 2863 25 220 23 19 22 24 198 25406 10524 63161 25 220 22 18 17 16 198 39 3362 76715 25 220 17 24 15 20 198 40 15649 66945 14604 25 220 21 21 19 15 198 45 52831 54407 25 220 24 18 22 22 198 56 5059 51194 25 220 20 16 19 20 198 61686 41421 12660 25 220 21 23 24 19 198 2269 52313 24548 13334 25 220 24 18 16 20 198 45 52831 28392 25 220 18 23 15 23 198 40645 685 730 363 1127 6642 25 220 19 22 18 15 198 95347 15687 19840 25 220 16 21 16 16 198 2753 269 4398 2863 25 220 16 16 24 15 198 2304 10524 54407 25 220 21 20 19 19 198 67624 472 718 329 25 220 24 21 21 17 198 36125 269 61479 85 25 220 18 16 18 24 198 57 5059 730 4110 25 220 22 22 19 16 198 57 5059 97276 25 220 20 21 20 18 198 51 22267 27219 69578 380 25 220 19 23 17 23 198 28085 685 65911 301 25 220 18 24 24 24 198 1143 268 61916 25 220 18 21 17 15 198 1143 268 36020 25 220 20 16 17 17 198 11109 64 61916 25 220 20 15 20 21 198 51 22267 43229 83717 25 220 24 19 18 20 198 54 268 63161 25 220 20 22 15 23 198 45 1579 337 2143 4620 585 25 220 17 23 17 18 198 67624 75502 25 220 16 22 21 24 198 40 15649 45111 288 25 220 21 18 22 22 198 23950 404 76715 25 220 20 22 21 23 271 14582 25 3555 374 279 2615 2038 369 24495 36020 5267 16141 25 576 2615 2038 369 24495 36020 374 220 24 18 22 22	344
r023/gold/q23	nll	6054 2038 19424 198 35 1763 461 14741 49713 25 220 20 16 15 22 198 52 1728 41041 25 220 20 18 17 24 198 52 1728 65503 25 220 23 22 19 23 198 57 4644 506 4554 1958 25 220 17 18 16 15 198 51 25496 15687 19840 25 220 20 19 24 15 198 54 268 730 363 1127 6642 25 220 23 24 17 17 198 641 288 43229 83717 25 220 20 15 15 18 198 3430 2555 97276 25 220 22 17 17 16 198 51 25496 36020 25 220 17 16 20 24 198 11109 64 57153 25 220 22 18 21 16 198 57 4644 61479 85 25 220 18 19 18 15 198 85384 97276 25 220 19 22 22 23 198 49 2577 5891 47623 25 220 22 19 18 16 198 46 24513 14741 49713 25 220 22 16 15 22 198 51 25496 14741 49713 25 220 20 23 22 23 198 51 25496 33554 56860 25 220 18 23 22 16 198 56 5059 37710 25 220 20 20 24 17 198 43 1561 65633 25 220 17 18 23 21 198 50 1055 685 29953 25 220 21 19 18 20 198 92499 63161 25 220 22 23 15 18 198 49 2577 5891 5540 25 220 21 16 18 20 198 2753 269 63221 25 220 19 16 21 17 198 11109 64 76715 25 220 22 20 17 19 198 94230 78 730 363 1127 6642 25 220 20 24 24 21 198 51 22267 51065 25 220 17 19 22 18 198 2753 269 730 363 1127 6642 25 220 16 18 23 22 198 52 1728 472 718 329 25 220 22 18 19 22 198 35 1763 461 51065 25 220 24 21 22 19 198 2269 52313 33554 56860 25 220 20 18 21 16 198 86543 730 363 1127 6642 25 220 23 21 15 20 271 14582 25 3555 374 279 2615 2038 369 51110 730 363 1127 6642 5267 16141 25 576 2615 2038 369 51110 730 363 1127 6642 374 220 20 24 24 21	356
r023/wrong/q23	nll	6054 2038 19424 198 35 1763 461 14741 49713 25 220 20 16 15 22 198 52 1728 41041 25 220 20 18 17 24 198 52 1728 65503 25 220 23 22 19 23 198 57 4644 506 4554 1958 25 220 17 18 16 15 198 51 25496 15687 19840 25 220 20 19 24 15 198 54 268 730 363 1127 6642 25 220 23 24 17 17 198 641 288 43229 83717 25 220 20 15 15 18 198 3430 2555 97276 25 220 22 17 17 16 198 51 25496 36020 25 220 17 16 20 24 198 11109 64 57153 25 220 22 18 21 16 198 57 4644 61479 85 25 220 18 19 18 15 198 85384 97276 25 220 19 22 22 23 198 49 2577 5891 47623 25 220 22 19 18 16 198 46 24513 14741 49713 25 220 22 16 15 22 198 51 25496 14741 49713 25 220 20 23 22 23 198 51 25496 33554 56860 25 220 18 23 22 16 198 56 5059 37710 25 220 20 20 24 17 198 43 1561 65633 25 220 17 18 23 21 198 50 1055 685 29953 25 220 21 19 18 20 198 92499 63161 25 220 22 23 15 18 198 49 2577 5891 5540 25 220 21 16 18 20 198 2753 269 63221 25 220 19 16 21 17 198 11109 64 76715 25 220 22 20 17 19 198 94230 78 730 363 1127 6642 25 220 20 24 24 21 198 51 22267 51065 25 220 17 19 22 18 198 2753 269 730 363 1127 6642 25 220 16 18 23 22 198 52 1728 472 718 329 25 220 22 18 19 22 198 35 1763 461 51065 25 220 24 21 22 19 198 2269 52313 33554 56860 25 220 20 18 21 16 198 86543 730 363 1127 6642 25 220 23 21 15 20 271 14582 25 3555 374 279 2615 2038 369 51110 730 363 1127 6642 5267 16141 25 576 2615 2038 369 51110 730 363 1127 6642 374 220 20 16 15 22	356
r024/gold/q24	nll	6054 2038 19424 198 51 2780 80 85551 25 220 22 21 16 24 198 52 1728 54407 25 220 17 24 22 18 198 35 1763 461 730 4110 25 220 19 23 21 17 198 11109 64 41421 12660 25 220 22 21 19 16 198 2753 269 42127 25 220 22 20 18 21 198 67624 51065 25 220 21 17 16 20 198 25406 10524 81781 25 220 23 21 18 24 198 32887 1466 95683 25 220 20 17 24 22 198 2269 52313 51065 25 220 18 18 20 16 198 46 24513 97276 25 220 21 23 18 16 198 39 3362 47623 25 220 16 22 22 17 198 39 33501 33554 56860 25 220 18 22 15 18 198 25406 10524 76069 25 220 24 15 22 24 198 36 48021 15687 19840 25 220 19 16 23 21 198 35 1763 461 40523 25 220 18 16 24 20 198 45 1579 337 2143 76715 25 220 20 15 21 19 198 37 67718 506 4554 1958 25 220 20 23 16 20 198 51 25496 85551 25 220 18 23 16 24 198 49 11983 4620 585 25 220 20 21 18 19 198 2304 10524 33554 56860 25 220 23 20 18 19 198 51 25496 61479 85 25 220 18 23 18 20 198 28085 685 41421 12660 25 220 16 20 24 22 198 42 2143 647 17922 25 220 17 18 21 19 198 6091 5059 61916 25 220 18 18 22 21 198 52 1728 730 4110 25 220 23 24 20 24 198 5066 5059 64009 25 220 23 20 20 16 198 37152 300 51194 25 220 18 22 22 18 198 28085 685 75502 25 220 24 20 15 24 198 61686 45111 288 25 220 16 15 20 20 198 92499 97276 25 220 24 15 23 24 271 14582 25 3555 374 279 2615 2038 369 85768 730 4110 5267 16141 25 576 2615 2038 369 85768 730 4110 374 220 23 24 20 24	341
r024/wrong/q24	nll	6054 2038 19424 198 51 2780 80 85551 25 220 22 21 16 24 198 52 1728 54407 25 220 17 24 22 18 198 35 1763 461 730 4110 25 220 19 23 21 17 198 11109 64 41421 12660 25 220 22 21 19 16 198 2753 269 42127 25 220 22 20 18 21 198 67624 51065 25 220 21 17 16 20 198 25406 10524 81781 25 220 23 21 18 24 198 32887 1466 95683 25 220 20 17 24 22 198 2269 52313 51065 25 220 18 18 20 16 198 46 24513 97276 25 220 21 23 18 16 198 39 3362 47623 25 220 16 22 22 17 198 39 33501 33554 56860 25 220 18 22 15 18 198 25406 10524 76069 25 220 24 15 22 24 198 36 48021 15687 19840 25 220 19 16 23 21 198 35 1763 461 40523 25 220 18 16 24 20 198 45 1579 337 2143 76715 25 220 20 15 21 19 198 37 67718 506 4554 1958 25 220 20 23 16 20 198 51 25496 85551 25 220 18 23 16 24 198 49 11983 4620 585 25 220 20 21 18 19 198 2304 10524 33554 56860 25 220 23 20 18 19 198 51 25496 61479 85 25 220 18 23 18 20 198 28085 685 41421 12660 25 220 16 20 24 22 198 42 2143 647 17922 25 220 17 18 21 19 198 6091 5059 61916 25 220 18 18 22 21 198 52 1728 730 4110 25 220 23 24 20 24 198 5066 5059 64009 25 220 23 20 20 16 198 37152 300 51194 25 220 18 22 22 18 198 28085 685 75502 25 220 24 20 15 24 198 61686 45111 288 25 220 16 15 20 20 198 92499 97276 25 220 24 15 23 24 271 14582 25 3555 374 279 2615 2038 369 85768 730 4110 5267 16141 25 576 2615 2038 369 85768 730 4110 374 220 24 20 15 24	341
r025/gold/q25	nll	6054 2038 19424 198 39 3362 65633 25 220 22 20 17 17 198 6953 57681 33554 56860 25 220 21 17 20 19 198 49 11983 81781 25 220 24 15 17 19 198 54 268 95683 25 220 22 18 16 18 198 95347 33554 56860 25 220 18 17 20 19 198 39 3362 69543 25 220 23 20 24 18 198 94230 78 66945 14604 25 220 16 15 17 16 198 52 1728 64009 25 220 19 16 16 15 198 40 15649 36020 25 220 24 20 20 18 198 61686 17095 29048 25 220 19 18 16 19 198 6953 57681 730 363 1127 6642 25 220 23 24 20 17 198 28085 685 58750 25 220 16 20 24 22 198 5066 5059 37710 25 220 19 16 21 22 198 43 1561 4398 2863 25 220 19 19 21 22 198 94230 78 75502 25 220 24 19 23 16 198 3430 2555 61916 25 220 24 20 16 18 198 37152 300 33554 56860 25 220 22 20 16 21 198 36 48021 40523 25 220 24 23 24 16 198 92499 42127 25 220 16 15 19 17 198 6953 57681 4620 585 25 220 18 18 16 22 198 49 2577 5891 85551 25 220 21 18 17 22 198 23950 404 730 363 1127 6642 25 220 22 18 16 20 198 49 11983 65633 25 220 17 18 21 19 198 1143 268 41421 12660 25 220 21 23 16 23 198 40 15649 61479 85 25 220 17 22 18 21 198 95347 57153 25 220 18 19 22 19 198 54 268 66945 14604 25 220 20 20 15 16 198 51 25496 97276 25 220 17 23 22 23 198 56 5059 506 4554 1958 25 220 16 21 21 19 198 3430 2555 1863 35010 1536 25 220 16 15 16 16 271 14582 25 3555 374 279 2615 2038 369 51149 57153 5267 16141 25 576 2615 2038 369 51149 57153 374 220 18 19 22 19	341
r025/wrong/q25	nll	6054 2038 19424 198 39 3362 65633 25 220 22 20 17 17 198 6953 57681 33554 56860 25 220 21 17 20 19 198 49 11983 81781 25 220 24 15 17 19 198 54 268 95683 25 220 22 18 16 18 198 95347 33554 56860 25 220 18 17 20 19 198 39 3362 69543 25 220 23 20 24 18 198 94230 78 66945 14604 25 220 16 15 17 16 198 52 1728 64009 25 220 19 16 16 15 198 40 15649 36020 25 220 24 20 20 18 198 61686 17095 29048 25 220 19 18 16 19 198 6953 57681 730 363 1127 6642 25 220 23 24 20 17 198 28085 685 58750 25 220 16 20 24 22 198 5066 5059 37710 25 220 19 16 21 22 198 43 1561 4398 2863 25 220 19 19 21 22 198 94230 78 75502 25 220 24 19 23 16 198 3430 2555 61916 25 220 24 20 16 18 198 37152 300 33554 56860 25 220 22 20 16 21 198 36 48021 40523 25 220 24 23 24 16 198 92499 42127 25 220 16 15 19 17 198 6953 57681 4620 585 25 220 18 18 16 22 198 49 2577 5891 85551 25 220 21 18 17 22 198 23950 404 730 363 1127 6642 25 220 22 18 16 20 198 49 11983 65633 25 220 17 18 21 19 198 1143 268 41421 12660 25 220 21 23 16 23 198 40 15649 61479 85 25 220 17 22 18 21 198 95347 57153 25 220 18 19 22 19 198 54 268 66945 14604 25 220 20 20 15 16 198 51 25496 97276 25 220 17 23 22 23 198 56 5059 506 4554 1958 25 220 16 21 21 19 198 3430 2555 1863 35010 1536 25 220 16 15 16 16 271 14582 25 3555 374 279 2615 2038 369 51149 57153 5267 16141 25 576 2615 2038 369 51149 57153 374 220 22 18 16 18	341
r026/gold/q26	nll	6054 2038 19424 198 1143 268 65911 301 25 220 23 18 17 24 198 51 2780 80 47623 25 220 16 24 18 16 198 35 1763 461 65633 25 220 16 16 23 16 198 25406 10524 76069 25 220 21 16 20 22 198 36 48021 63161 25 220 23 16 16 24 198 2269 321 61479 85 25 220 23 24 17 24 198 94230 78 63221 25 220 17 15 17 16 198 35 1763 461 468 461 85261 25 220 19 22 19 21 198 42 92023 1863 35010 1536 25 220 16 20 22 21 198 95347 51194 25 220 22 20 20 18 198 49 2577 5891 24548 13334 25 220 21 20 19 16 198 36 48021 40523 25 220 23 18 21 19 198 39 33501 5540 25 220 16 19 23 23 198 51 22267 33554 56860 25 220 23 16 19 20 198 36 48021 1863 35010 1536 25 220 21 19 23 20 198 42 2143 97276 25 220 23 24 24 20 198 51 2780 80 472 718 329 25 220 24 20 16 22 198 49 11983 58750 25 220 23 22 20 17 198 92499 58750 25 220 20 23 20 23 198 2753 269 65503 25 220 24 20 18 18 198 35 1763 461 81781 25 220 18 21 18 21 198 25406 10524 40523 25 220 21 15 15 21 198 40645 685 85551 25 220 23 21 23 22 198 2269 52313 17095 29048 25 220 20 21 19 18 198 32887 1466 37710 25 220 23 21 20 23 198 43 1561 43229 83717 25 220 24 22 19 21 198 51 22267 4398 2863 25 220 16 18 17 20 198 2269 321 57153 25 220 20 22 16 15 198 5066 5059 64009 25 220 17 22 18 21 198 56 5059 47623 25 220 19 15 23 19 271 14582 25 3555 374 279 2615 2038 369 87936 4398 2863 5267 16141 25 576 2615 2038 369 87936 4398 2863 374 220 16 18 17 20	345
r026/wrong/q26	nll	6054 2038 19424 198 1143 268 65911 301 25 220 23 18 17 24 198 51 2780 80 47623 25 220 16 24 18 16 198 35 1763 461 65633 25 220 16 16 23 16 198 25406 10524 76069 25 220 21 16 20 22 198 36 48021 63161 25 220 23 16 16 24 198 2269 321 61479 85 25 220 23 24 17 24 198 94230 78 63221 25 220 17 15 17 16 198 35 1763 461 468 461 85261 25 220 19 22 19 21 198 42 92023 1863 35010 1536 25 220 16 20 22 21 198 95347 51194 25 220 22 20 20 18 198 49 2577 5891 24548 13334 25 220 21 20 19 16 198 36 48021 40523 25 220 23 18 21 19 198 39 33501 5540 25 220 16 19 23 23 198 51 22267 33554 56860 25 220 23 16 19 20 198 36 48021 1863 35010 1536 25 220 21 19 23 20 198 42 2143 97276 25 220 23 24 24 20 198 51 2780 80 472 718 329 25 220 24 20 16 22 198 49 11983 58750 25 220 23 22 20 17 198 92499 58750 25 220 20 23 20 23 198 2753 269 65503 25 220 24 20 18 18 198 35 1763 461 81781 25 220 18 21 18 21 198 25406 10524 40523 25 220 21 15 15 21 198 40645 685 85551 25 220 23 21 23 22 198 2269 52313 17095 29048 25 220 20 21 19 18 198 32887 1466 37710 25 220 23 21 20 23 198 43 1561 43229 83717 25 220 24 22 19 21 198 51 22267 4398 2863 25 220 16 18 17 20 198 2269 321 57153 25 220 20 22 16 15 198 5066 5059 64009 25 220 17 22 18 21 198 56 5059 47623 25 220 19 15 23 19 271 14582 25 3555 374 279 2615 2038 369 87936 4398 2863 5267 16141 25 576 2615 2038 369 87936 4398 2863 374 220 24 22 19 21	345
r027/gold/q27	nll	6054 2038 19424 198 37 67718 28392 25 220 18 16 23 20 198 37152 300 4620 585 25 220 23 18 24 16 198 57 4644 63221 25 220 21 23 23 24 198 37152 300 27219 69578 380 25 220 17 16 20 24 198 5066 5059 58750 25 220 19 15 16 17 198 23950 404 65633 25 220 23 18 23 21 198 45 52831 63161 25 220 17 15 17 16 198 11109 64 58750 25 220 23 19 15 19 198 56 5059 63221 25 220 19 15 21 24 198 641 288 14741 49713 25 220 19 19 16 20 198 11109 64 29953 25 220 19 20 24 22 198 32887 1466 468 461 85261 25 220 21 19 21 24 198 52 1728 29953 25 220 23 20 15 15 198 40 15649 43229 83717 25 220 24 16 23 18 198 61686 69543 25 220 17 19 16 21 198 42 92023 66945 14604 25 220 18 16 23 24 198 86543 647 17922 25 220 18 19 18 20 198 54 268 5540 25 220 16 21 15 24 198 37 67718 1863 35010 1536 25 220 23 15 22 21 198 45 1579 337 2143 33554 56860 25 220 18 17 20 17 198 36125 269 15687 19840 25 220 21 17 17 15 198 94230 78 4398 2863 25 220 22 24 16 17 198 46 24513 17095 29048 25 220 19 22 24 24 198 28085 685 63161 25 220 16 22 17 17 198 641 288 40523 25 220 23 18 23 16 198 61686 472 718 329 25 220 16 22 17 16 198 43 1561 29953 25 220 19 15 20 16 198 37 67718 27219 69578 380 25 220 16 22 19 16 198 2269 321 506 4554 1958 25 220 19 21 24 16 198 50 1055 685 42127 25 220 21 16 15 23 271 14582 25 3555 374 279 2615 2038 369 55923 27219 69578 380 5267 16141 25 576 2615 2038 369 55923 27219 69578 380 374 220 16 22 19 16	349
r027/wrong/q27	nll	6054 2038 19424 198 37 67718 28392 25 220 18 16 23 20 198 37152 300 4620 585 25 220 23 18 24 16 198 57 4644 63221 25 220 21 23 23 24 198 37152 300 27219 69578 380 25 220 17 16 20 24 198 5066 5059 58750 25 220 19 15 16 17 198 23950 404 65633 25 220 23 18 23 21 198 45 52831 63161 25 220 17 15 17 16 198 11109 64 58750 25 220 23 19 15 19 198 56 5059 63221 25 220 19 15 21 24 198 641 288 14741 49713 25 220 19 19 16 20 198 11109 64 29953 25 220 19 20 24 22 198 32887 1466 468 461 85261 25 220 21 19 21 24 198 52 1728 29953 25 220 23 20 15 15 198 40 15649 43229 83717 25 220 24 16 23 18 198 61686 69543 25 220 17 19 16 21 198 42 92023 66945 14604 25 220 18 16 23 24 198 86543 647 17922 25 220 18 19 18 20 198 54 268 5540 25 220 16 21 15 24 198 37 67718 1863 35010 1536 25 220 23 15 22 21 198 45 1579 337 2143 33554 56860 25 220 18 17 20 17 198 36125 269 15687 19840 25 220 21 17 17 15 198 94230 78 4398 2863 25 220 22 24 16 17 198 46 24513 17095 29048 25 220 19 22 24 24 198 28085 685 63161 25 220 16 22 17 17 198 641 288 40523 25 220 23 18 23 16 198 61686 472 718 329 25 220 16 22 17 16 198 43 1561 29953 25 220 19 15 20 16 198 37 67718 27219 69578 380 25 220 16 22 19 16 198 2269 321 506 4554 1958 25 220 19 21 24 16 198 50 1055 685 42127 25 220 21 16 15 23 271 14582 25 3555 374 279 2615 2038 369 55923 27219 69578 380 5267 16141 25 576 2615 2038 369 55923 27219 69578 380 374 220 23 19 15 19	349
r028/gold/q28	nll	6054 2038 19424 198 1143 268 5540 25 220 16 24 24 22 198 54 268 4620 585 25 220 23 20 21 17 198 37152 300 5540 25 220 24 22 20 16 198 86543 66945 14604 25 220 18 15 21 22 198 57 4644 75502 25 220 23 16 23 23 198 49 11983 61479 85 25 220 16 15 24 15 198 94230 78 65503 25 220 20 22 23 15 198 3430 2555 75502 25 220 19 19 15 20 198 2269 321 41421 12660 25 220 18 17 22 21 198 51 25496 95683 25 220 22 18 24 19 198 45 52831 17095 29048 25 220 18 21 21 23 198 57 4644 33554 56860 25 220 21 21 18 21 198 51 2780 80 65911 301 25 220 21 20 23 18 198 39 3362 63161 25 220 17 16 22 24 198 57 4644 37710 25 220 18 23 16 19 198 52 1728 41041 25 220 20 22 21 20 198 2269 52313 75502 25 220 18 22 22 18 198 45 1579 337 2143 40523 25 220 16 23 16 19 198 61686 65633 25 220 19 23 23 22 198 2753 269 37710 25 220 24 21 18 22 198 56 355 1704 14741 49713 25 220 24 16 16 18 198 37 67718 64009 25 220 22 16 19 23 198 92878 7755 75502 25 220 22 20 22 23 198 56 5059 64009 25 220 17 16 23 18 198 2269 52313 647 17922 25 220 23 19 22 23 198 3430 2555 506 4554 1958 25 220 21 16 18 23 198 57 5059 43229 83717 25 220 20 21 19 21 198 52 1728 69543 25 220 16 19 21 22 198 39 3362 55520 25 220 24 20 18 24 198 95347 51065 25 220 21 18 18 17 271 14582 25 3555 374 279 2615 2038 369 472 3362 55520 5267 16141 25 576 2615 2038 369 472 3362 55520 374 220 24 20 18 24	339
r028/wrong/q28	nll	6054 2038 19424 198 1143 268 5540 25 220 16 24 24 22 198 54 268 4620 585 25 220 23 20 21 17 198 37152 300 5540 25 220 24 22 20 16 198 86543 66945 14604 25 220 18 15 21 22 198 57 4644 75502 25 220 23 16 23 23 198 49 11983 61479 85 25 220 16 15 24 15 198 94230 78 65503 25 220 20 22 23 15 198 3430 2555 75502 25 220 19 19 15 20 198 2269 321 41421 12660 25 220 18 17 22 21 198 51 25496 95683 25 220 22 18 24 19 198 45 52831 17095 29048 25 220 18 21 21 23 198 57 4644 33554 56860 25 220 21 21 18 21 198 51 2780 80 65911 301 25 220 21 20 23 18 198 39 3362 63161 25 220 17 16 22 24 198 57 4644 37710 25 220 18 23 16 19 198 52 1728 41041 25 220 20 22 21 20 198 2269 52313 75502 25 220 18 22 22 18 198 45 1579 337 2143 40523 25 220 16 23 16 19 198 61686 65633 25 220 19 23 23 22 198 2753 269 37710 25 220 24 21 18 22 198 56 355 1704 14741 49713 25 220 24 16 16 18 198 37 67718 64009 25 220 22 16 19 23 198 92878 7755 75502 25 220 22 20 22 23 198 56 5059 64009 25 220 17 16 23 18 198 2269 52313 647 17922 25 220 23 19 22 23 198 3430 2555 506 4554 1958 25 220 21 16 18 23 198 57 5059 43229 83717 25 220 20 21 19 21 198 52 1728 69543 25 220 16 19 21 22 198 39 3362 55520 25 220 24 20 18 24 198 95347 51065 25 220 21 18 18 17 271 14582 25 3555 374 279 2615 2038 369 472 3362 55520 5267 16141 25 576 2615 2038 369 472 3362 55520 374 220 18 23 16 19	339
r029/gold/q29	nll	6054 2038 19424 198 37152 300 45111 288 25 220 22 24 17 24 198 2269 321 97276 25 220 23 18 17 22 198 28085 685 14741 49713 25 220 21 22 19 20 198 3430 2555 64009 25 220 22 22 20 18 198 52 1728 28392 25 220 19 21 17 16 198 28085 685 81781 25 220 16 19 21 18 198 51 2780 80 85551 25 220 18 19 20 20 198 95347 42127 25 220 16 19 17 15 198 54 268 17095 29048 25 220 18 21 15 20 198 42 92023 1863 35010 1536 25 220 21 19 20 15 198 5066 5059 41421 12660 25 220 17 15 21 21 198 39 33501 51065 25 220 18 23 23 23 198 23950 404 4398 2863 25 220 19 15 16 20 198 45 52831 24548 13334 25 220 23 22 16 19 198 51 2780 80 42127 25 220 21 18 21 24 198 23950 404 24548 13334 25 220 22 16 18 20 198 37 67718 81781 25 220 18 22 18 17 198 2753 269 65633 25 220 21 16 23 22 198 92878 7755 17095 29048 25 220 24 17 23 18 198 49 2577 5891 65503 25 220 24 16 15 22 198 39 3362 40523 25 220 21 19 15 18 198 45 52831 36020 25 220 24 23 17 15 198 40645 685 5540 25 220 21 15 23 18 198 94230 78 47623 25 220 23 17 21 17 198 95347 54407 25 220 23 20 16 17 198 95347 47623 25 220 22 15 15 23 198 45 1579 337 2143 69543 25 220 18 23 22 16 198 37 67718 65633 25 220 24 16 24 22 198 67624 51065 25 220 16 20 20 22 198 42 92023 5540 25 220 16 23 19 18 271 14582 25 3555 374 279 2615 2038 369 730 92023 5540 5267 16141 25 576 2615 2038 369 730 92023 5540 374 220 16 23 19 18	337
r029/wrong/q29	nll	6054 2038 19424 198 37152 300 45111 288 25 220 22 24 17 24 198 2269 321 97276 25 220 23 18 17 22 198 28085 685 14741 49713 25 220 21 22 19 20 198 3430 2555 64009 25 220 22 22 20 18 198 52 1728 28392 25 220 19 21 17 16 198 28085 685 81781 25 220 16 19 21 18 198 51 2780 80 85551 25 220 18 19 20 20 198 95347 42127 25 220 16 19 17 15 198 54 268 17095 29048 25 220 18 21 15 20 198 42 92023 1863 35010 1536 25 220 21 19 20 15 198 5066 5059 41421 12660 25 220 17 15 21 21 198 39 33501 51065 25 220 18 23 23 23 198 23950 404 4398 2863 25 220 19 15 16 20 198 45 52831 24548 13334 25 220 23 22 16 19 198 51 2780 80 42127 25 220 21 18 21 24 198 23950 404 24548 13334 25 220 22 16 18 20 198 37 67718 81781 25 220 18 22 18 17 198 2753 269 65633 25 220 21 16 23 22 198 92878 7755 17095 29048 25 220 24 17 23 18 198 49 2577 5891 65503 25 220 24 16 15 22 198 39 3362 40523 25 220 21 19 15 18 198 45 52831 36020 25 220 24 23 17 15 198 40645 685 5540 25 220 21 15 23 18 198 94230 78 47623 25 220 23 17 21 17 198 95347 54407 25 220 23 20 16 17 198 95347 47623 25 220 22 15 15 23 198 45 1579 337 2143 69543 25 220 18 23 22 16 198 37 67718 65633 25 220 24 16 24 22 198 67624 51065 25 220 16 20 20 22 198 42 92023 5540 25 220 16 23 19 18 271 14582 25 3555 374 279 2615 2038 369 730 92023 5540 5267 16141 25 576 2615 2038 369 730 92023 5540 374 220 18 21 15 20	337
r030/gold/q0	nll	6054 2038 19424 198 51 2780 80 5540 25 220 18 21 18 15 198 45 1579 337 2143 97276 25 220 18 16 21 16 198 23950 404 47623 25 220 18 22 19 16 198 57 4644 63161 25 220 17 22 18 24 198 37152 300 54407 25 220 23 19 16 22 198 2269 321 15687 19840 25 220 18 24 21 18 198 57 4644 81781 25 220 21 20 20 24 198 5066 5059 33554 56860 25 220 19 17 19 24 198 61686 42127 25 220 17 20 19 19 198 36125 269 33554 56860 25 220 20 22 19 16 198 92499 14741 49713 25 220 18 15 18 15 198 42 2143 36020 25 220 16 19 20 17 198 57 4644 61916 25 220 17 19 22 23 198 45 1579 337 2143 42127 25 220 21 23 18 22 198 95347 17095 29048 25 220 17 24 21 16 198 61686 75502 25 220 24 21 16 23 198 85384 468 461 85261 25 220 23 16 21 22 198 39 33501 51194 25 220 17 20 20 17 198 2753 269 54407 25 220 18 23 19 18 198 42 92023 27219 69578 380 25 220 24 24 24 21 198 28085 685 61479 85 25 220 20 15 22 20 198 92499 65911 301 25 220 19 17 22 17 198 46 24513 76715 25 220 19 20 15 24 198 92499 15687 19840 25 220 24 24 21 23 198 28085 685 66945 14604 25 220 18 15 23 18 198 36 48021 63161 25 220 19 16 23 18 198 39 33501 28392 25 220 24 23 17 23 198 39 33501 95683 25 220 24 24 24 18 198 92878 7755 61479 85 25 220 19 23 22 17 198 45 1579 337 2143 85551 25 220 22 22 24 22 271 14582 25 3555 374 279 2615 2038 369 350 2780 80 5540 5267 16141 25 576 2615 2038 369 350 2780 80 5540 374 220 18 21 18 15	342
r030/wrong/q0	nll	6054 2038 19424 198 51 2780 80 5540 25 220 18 21 18 15 198 45 1579 337 2143 97276 25 220 18 16 21 16 198 23950 404 47623 25 220 18 22 19 16 198 57 4644 63161 25 220 17 22 18 24 198 37152 300 54407 25 220 23 19 16 22 198 2269 321 15687 19840 25 220 18 24 21 18 198 57 4644 81781 25 220 21 20 20 24 198 5066 5059 33554 56860 25 220 19 17 19 24 198 61686 42127 25 220 17 20 19 19 198 36125 269 33554 56860 25 220 20 22 19 16 198 92499 14741 49713 25 220 18 15 18 15 198 42 2143 36020 25 220 16 19 20 17 198 57 4644 61916 25 220 17 19 22 23 198 45 1579 337 2143 42127 25 220 21 23 18 22 198 95347 17095 29048 25 220 17 24 21 16 198 61686 75502 25 220 24 21 16 23 198 85384 468 461 85261 25 220 23 16 21 22 198 39 33501 51194 25 220 17 20 20 17 198 2753 269 54407 25 220 18 23 19 18 198 42 92023 27219 69578 380 25 220 24 24 24 21 198 28085 685 61479 85 25 220 20 15 22 20 198 92499 65911 301 25 220 19 17 22 17 198 46 24513 76715 25 220 19 20 15 24 198 92499 15687 19840 25 220 24 24 21 23 198 28085 685 66945 14604 25 220 18 15 23 18 198 36 48021 63161 25 220 19 16 23 18 198 39 33501 28392 25 220 24 23 17 23 198 39 33501 95683 25 220 24 24 24 18 198 92878 7755 61479 85 25 220 19 23 22 17 198 45 1579 337 2143 85551 25 220 22 22 24 22 271 14582 25 3555 374 279 2615 2038 369 350 2780 80 5540 5267 16141 25 576 2615 2038 369 350 2780 80 5540 374 220 22 22 24 22	342
r031/gold/q1	nll	6054 2038 19424 198 49 11983 63161 25 220 24 16 17 17 198 36 48021 47623 25 220 18 21 21 20 198 45 1579 337 2143 76069 25 220 24 21 19 16 198 50 1055 685 28392 25 220 16 22 16 17 198 52 1728 76715 25 220 23 23 15 18 198 85384 24548 13334 25 220 16 15 22 24 198 57 4644 472 718 329 25 220 22 15 23 15 198 35 1763 461 730 363 1127 6642 25 220 19 15 20 16 198 36 48021 81781 25 220 20 19 16 17 198 50 1055 685 65503 25 220 22 16 20 20 198 46 24513 40523 25 220 24 18 22 19 198 36125 269 27219 69578 380 25 220 21 17 15 19 198 51 25496 36020 25 220 16 18 24 22 198 28085 685 75502 25 220 22 15 20 20 198 37 67718 17095 29048 25 220 23 24 18 20 198 57 5059 51065 25 220 16 19 18 18 198 32887 1466 36020 25 220 20 21 18 24 198 6091 5059 65911 301 25 220 19 17 17 18 198 35 1763 461 63221 25 220 17 17 15 20 198 46 24513 97276 25 220 23 20 16 15 198 94230 78 54407 25 220 19 17 22 19 198 56 5059 24548 13334 25 220 20 23 23 22 198 5066 5059 27219 69578 380 25 220 17 20 22 24 198 35 1763 461 506 4554 1958 25 220 22 17 20 23 198 1143 268 57153 25 220 17 24 19 17 198 51 2780 80 29953 25 220 20 18 20 20 198 92499 47623 25 220 18 21 17 15 198 57 5059 65911 301 25 220 18 15 21 20 198 6091 5059 27219 69578 380 25 220 16 19 15 17 198 67624 33554 56860 25 220 18 24 16 16 271 14582 25 3555 374 279 2615 2038 369 68575 47623 5267 16141 25 576 2615 2038 369 68575 47623 374 220 18 21 21 20	348
r031/wrong/q1	nll	6054 2038 19424 198 49 11983 63161 25 220 24 16 17 17 198 36 48021 47623 25 220 18 21 21 20 198 45 1579 337 2143 76069 25 220 24 21 19 16 198 50 1055 685 28392 25 220 16 22 16 17 198 52 1728 76715 25 220 23 23 15 18 198 85384 24548 13334 25 220 16 15 22 24 198 57 4644 472 718 329 25 220 22 15 23 15 198 35 1763 461 730 363 1127 6642 25 220 19 15 20 16 198 36 48021 81781 25 220 20 19 16 17 198 50 1055 685 65503 25 220 22 16 20 20 198 46 24513 40523 25 220 24 18 22 19 198 36125 269 27219 69578 380 25 220 21 17 15 19 198 51 25496 36020 25 220 16 18 24 22 198 28085 685 75502 25 220 22 15 20 20 198 37 67718 17095 29048 25 220 23 24 18 20 198 57 5059 51065 25 220 16 19 18 18 198 32887 1466 36020 25 220 20 21 18 24 198 6091 5059 65911 301 25 220 19 17 17 18 198 35 1763 461 63221 25 220 17 17 15 20 198 46 24513 97276 25 220 23 20 16 15 198 94230 78 54407 25 220 19 17 22 19 198 56 5059 24548 13334 25 220 20 23 23 22 198 5066 5059 27219 69578 380 25 220 17 20 22 24 198 35 1763 461 506 4554 1958 25 220 22 17 20 23 198 1143 268 57153 25 220 17 24 19 17 198 51 2780 80 29953 25 220 20 18 20 20 198 92499 47623 25 220 18 21 17 15 198 57 5059 65911 301 25 220 18 15 21 20 198 6091 5059 27219 69578 380 25 220 16 19 15 17 198 67624 33554 56860 25 220 18 24 16 16 271 14582 25 3555 374 279 2615 2038 369 68575 47623 5267 16141 25 576 2615 2038 369 68575 47623 374 220 20 19 16 17	348
r032/gold/q2	nll	6054 2038 19424 198 11109 64 1863 35010 1536 25 220 23 21 18 17 198 51 2780 80 36020 25 220 19 15 20 23 198 95347 65503 25 220 23 22 19 24 198 92878 7755 29953 25 220 22 15 17 15 198 6091 5059 63221 25 220 22 20 15 21 198 6953 57681 41421 12660 25 220 20 23 24 24 198 36125 269 468 461 85261 25 220 17 15 19 21 198 641 288 66945 14604 25 220 16 21 20 15 198 46 24513 41041 25 220 20 23 19 18 198 23950 404 95683 25 220 23 22 19 17 198 57 5059 51065 25 220 16 18 23 23 198 6953 57681 65503 25 220 18 20 18 16 198 49 11983 63221 25 220 17 21 19 16 198 51 25496 75502 25 220 23 15 23 21 198 32887 1466 65911 301 25 220 17 24 24 17 198 54 268 81781 25 220 16 15 20 23 198 42 92023 69543 25 220 17 19 22 21 198 39 33501 95683 25 220 23 18 23 15 198 5066 5059 51194 25 220 21 18 22 23 198 2269 321 63221 25 220 21 15 21 24 198 36 48021 69543 25 220 18 21 24 17 198 95347 730 363 1127 6642 25 220 23 18 23 24 198 37 67718 61479 85 25 220 21 15 23 18 198 36 48021 55520 25 220 21 19 22 24 198 23950 404 730 4110 25 220 16 23 24 22 198 51 25496 4398 2863 25 220 17 19 21 21 198 67624 66945 14604 25 220 22 20 16 22 198 92499 41041 25 220 17 18 19 16 198 52 1728 54407 25 220 24 20 18 19 198 57 5059 65911 301 25 220 21 20 20 16 271 14582 25 3555 374 279 2615 2038 369 51149 65503 5267 16141 25 576 2615 2038 369 51149 65503 374 220 23 22 19 24	336
r032/wrong/q2	nll	6054 2038 19424 198 11109 64 1863 35010 1536 25 220 23 21 18 17 198 51 2780 80 36020 25 220 19 15 20 23 198 95347 65503 25 220 23 22 19 24 198 92878 7755 29953 25 220 22 15 17 15 198 6091 5059 63221 25 220 22 20 15 21 198 6953 57681 41421 12660 25 220 20 23 24 24 198 36125 269 468 461 85261 25 220 17 15 19 21 198 641 288 66945 14604 25 220 16 21 20 15 198 46 24513 41041 25 220 20 23 19 18 198 23950 404 95683 25 220 23 22 19 17 198 57 5059 51065 25 220 16 18 23 23 198 6953 57681 65503 25 220 18 20 18 16 198 49 11983 63221 25 220 17 21 19 16 198 51 25496 75502 25 220 23 15 23 21 198 32887 1466 65911 301 25 220 17 24 24 17 198 54 268 81781 25 220 16 15 20 23 198 42 92023 69543 25 220 17 19 22 21 198 39 33501 95683 25 220 23 18 23 15 198 5066 5059 51194 25 220 21 18 22 23 198 2269 321 63221 25 220 21 15 21 24 198 36 48021 69543 25 220 18 21 24 17 198 95347 730 363 1127 6642 25 220 23 18 23 24 198 37 67718 61479 85 25 220 21 15 23 18 198 36 48021 55520 25 220 21 19 22 24 198 23950 404 730 4110 25 220 16 23 24 22 198 51 25496 4398 2863 25 220 17 19 21 21 198 67624 66945 14604 25 220 22 20 16 22 198 92499 41041 25 220 17 18 19 16 198 52 1728 54407 25 220 24 20 18 19 198 57 5059 65911 301 25 220 21 20 20 16 271 14582 25 3555 374 279 2615 2038 369 51149 65503 5267 16141 25 576 2615 2038 369 51149 65503 374 220 19 15 20 23	336
r033/gold/q3	nll	6054 2038 19424 198 51 25496 65633 25 220 18 24 16 19 198 25406 10524 51194 25 220 16 18 23 16 198 39 3362 58750 25 220 22 24 15 24 198 92878 7755 27219 69578 380 25 220 17 16 19 16 198 50 1055 685 51194 25 220 24 16 18 16 198 40645 685 40523 25 220 18 16 18 19 198 56 5059 58750 25 220 23 21 17 20 198 35 1763 461 14741 49713 25 220 22 21 22 18 198 2269 52313 65911 301 25 220 21 17 23 23 198 86543 51065 25 220 18 15 16 17 198 56 355 1704 4620 585 25 220 18 20 16 17 198 2304 10524 97276 25 220 18 16 18 21 198 57 5059 27219 69578 380 25 220 16 24 20 21 198 36 48021 69543 25 220 16 16 17 16 198 42 92023 51194 25 220 23 22 22 21 198 95347 61479 85 25 220 21 23 19 18 198 28085 685 45111 288 25 220 20 18 16 17 198 45 1579 337 2143 37710 25 220 21 18 16 23 198 92878 7755 4620 585 25 220 20 24 16 19 198 2304 10524 43229 83717 25 220 22 23 22 23 198 42 92023 472 718 329 25 220 19 16 17 20 198 51 22267 15687 19840 25 220 22 20 19 21 198 50 1055 685 55520 25 220 17 21 23 18 198 6091 5059 65503 25 220 24 18 24 20 198 92878 7755 14741 49713 25 220 23 15 20 23 198 57 4644 28392 25 220 20 16 15 20 198 6953 57681 76069 25 220 16 20 17 24 198 56 355 1704 66945 14604 25 220 20 21 23 16 198 95347 15687 19840 25 220 23 22 18 16 198 51 22267 65503 25 220 17 15 21 20 271 14582 25 3555 374 279 2615 2038 369 27785 7755 27219 69578 380 5267 16141 25 576 2615 2038 369 27785 7755 27219 69578 380 374 220 17 16 19 16	351
r033/wrong/q3	nll	6054 2038 19424 198 51 25496 65633 25 220 18 24 16 19 198 25406 10524 51194 25 220 16 18 23 16 198 39 3362 58750 25 220 22 24 15 24 198 92878 7755 27219 69578 380 25 220 17 16 19 16 198 50 1055 685 51194 25 220 24 16 18 16 198 40645 685 40523 25 220 18 16 18 19 198 56 5059 58750 25 220 23 21 17 20 198 35 1763 461 14741 49713 25 220 22 21 22 18 198 2269 52313 65911 301 25 220 21 17 23 23 198 86543 51065 25 220 18 15 16 17 198 56 355 1704 4620 585 25 220 18 20 16 17 198 2304 10524 97276 25 220 18 16 18 21 198 57 5059 27219 69578 380 25 220 16 24 20 21 198 36 48021 69543 25 220 16 16 17 16 198 42 92023 51194 25 220 23 22 22 21 198 95347 61479 85 25 220 21 23 19 18 198 28085 685 45111 288 25 220 20 18 16 17 198 45 1579 337 2143 37710 25 220 21 18 16 23 198 92878 7755 4620 585 25 220 20 24 16 19 198 2304 10524 43229 83717 25 220 22 23 22 23 198 42 92023 472 718 329 25 220 19 16 17 20 198 51 22267 15687 19840 25 220 22 20 19 21 198 50 1055 685 55520 25 220 17 21 23 18 198 6091 5059 65503 25 220 24 18 24 20 198 92878 7755 14741 49713 25 220 23 15 20 23 198 57 4644 28392 25 220 20 16 15 20 198 6953 57681 76069 25 220 16 20 17 24 198 56 355 1704 66945 14604 25 220 20 21 23 16 198 95347 15687 19840 25 220 23 22 18 16 198 51 22267 65503 25 220 17 15 21 20 271 14582 25 3555 374 279 2615 2038 369 27785 7755 27219 69578 380 5267 16141 25 576 2615 2038 369 27785 7755 27219 69578 380 374 220 22 20 19 21	351
r034/gold/q4	nll	6054 2038 19424 198 67624 63161 25 220 16 22 22 24 198 86543 97276 25 220 23 15 18 18 198 43 1561 40523 25 220 17 21 18 16 198 57 4644 17095 29048 25 220 22 15 21 20 198 641 288 97276 25 220 24 19 16 24 198 1143 268 14741 49713 25 220 18 23 19 19 198 92499 29953 25 220 19 19 23 24 198 51 25496 57153 25 220 17 22 22 22 198 85384 730 4110 25 220 19 18 23 17 198 92499 65911 301 25 220 24 22 22 16 198 57 4644 51194 25 220 24 19 16 19 198 45 52831 55520 25 220 24 22 18 22 198 50 1055 685 51065 25 220 17 18 24 18 198 35 1763 461 65503 25 220 24 18 23 19 198 5066 5059 17095 29048 25 220 19 20 19 19 198 5066 5059 33554 56860 25 220 18 24 20 20 198 49 11983 65633 25 220 19 16 22 21 198 11109 64 43229 83717 25 220 19 15 21 19 198 57 5059 85551 25 220 19 17 17 16 198 49 2577 5891 63221 25 220 17 19 24 16 198 5066 5059 647 17922 25 220 21 24 18 23 198 39 3362 65911 301 25 220 20 16 19 24 198 2269 52313 64009 25 220 17 24 17 19 198 37152 300 54407 25 220 18 22 17 23 198 92878 7755 28392 25 220 21 15 21 20 198 32887 1466 29953 25 220 24 20 24 22 198 1143 268 468 461 85261 25 220 21 18 21 18 198 2269 52313 55520 25 220 21 21 21 21 198 2304 10524 51065 25 220 21 21 24 20 198 46 24513 40523 25 220 16 19 18 24 271 14582 25 3555 374 279 2615 2038 369 758 288 97276 5267 16141 25 576 2615 2038 369 758 288 97276 374 220 24 19 16 24	335
r034/wrong/q4	nll	6054 2038 19424 198 67624 63161 25 220 16 22 22 24 198 86543 97276 25 220 23 15 18 18 198 43 1561 40523 25 220 17 21 18 16 198 57 4644 17095 29048 25 220 22 15 21 20 198 641 288 97276 25 220 24 19 16 24 198 1143 268 14741 49713 25 220 18 23 19 19 198 92499 29953 25 220 19 19 23 24 198 51 25496 57153 25 220 17 22 22 22 198 85384 730 4110 25 220 19 18 23 17 198 92499 65911 301 25 220 24 22 22 16 198 57 4644 51194 25 220 24 19 16 19 198 45 52831 55520 25 220 24 22 18 22 198 50 1055 685 51065 25 220 17 18 24 18 198 35 1763 461 65503 25 220 24 18 23 19 198 5066 5059 17095 29048 25 220 19 20 19 19 198 5066 5059 33554 56860 25 220 18 24 20 20 198 49 11983 65633 25 220 19 16 22 21 198 11109 64 43229 83717 25 220 19 15 21 19 198 57 5059 85551 25 220 19 17 17 16 198 49 2577 5891 63221 25 220 17 19 24 16 198 5066 5059 647 17922 25 220 21 24 18 23 198 39 3362 65911 301 25 220 20 16 19 24 198 2269 52313 64009 25 220 17 24 17 19 198 37152 300 54407 25 220 18 22 17 23 198 92878 7755 28392 25 220 21 15 21 20 198 32887 1466 29953 25 220 24 20 24 22 198 1143 268 468 461 85261 25 220 21 18 21 18 198 2269 52313 55520 25 220 21 21 21 21 198 2304 10524 51065 25 220 21 21 24 20 198 46 24513 40523 25 220 16 19 18 24 271 14582 25 3555 374 279 2615 2038 369 758 288 97276 5267 16141 25 576 2615 2038 369 758 288 97276 374 220 21 21 21 21	335
r035/gold/q5	nll	6054 2038 19424 198 11109 64 61479 85 25 220 23 20 22 23 198 39 33501 647 17922 25 220 19 22 21 15 198 92878 7755 730 4110 25 220 24 17 21 17 198 95347 29953 25 220 23 22 15 17 198 2753 269 28392 25 220 21 19 23 19 198 23950 404 24548 13334 25 220 21 19 16 20 198 42 2143 43229 83717 25 220 20 18 17 18 198 2269 52313 468 461 85261 25 220 24 23 16 15 198 85384 97276 25 220 24 21 18 19 198 3430 2555 65503 25 220 20 20 19 22 198 11109 64 95683 25 220 16 24 17 15 198 56 355 1704 54407 25 220 21 15 21 16 198 50 1055 685 28392 25 220 21 23 24 22 198 56 5059 45111 288 25 220 21 23 19 23 198 36125 269 468 461 85261 25 220 16 20 22 24 198 39 33501 15687 19840 25 220 23 17 23 17 198 43 1561 506 4554 1958 25 220 22 18 19 17 198 11109 64 15687 19840 25 220 17 22 23 15 198 56 355 1704 76069 25 220 18 17 20 24 198 6091 5059 85551 25 220 20 20 21 15 198 57 5059 730 363 1127 6642 25 220 18 21 22 18 198 5066 5059 1863 35010 1536 25 220 16 19 16 21 198 25406 10524 29953 25 220 17 24 15 24 198 11109 64 63221 25 220 20 24 24 17 198 57 5059 33554 56860 25 220 24 17 17 20 198 42 2143 27219 69578 380 25 220 16 17 19 16 198 51 25496 17095 29048 25 220 16 24 24 18 198 3430 2555 14741 49713 25 220 16 23 18 15 198 42 2143 65503 25 220 23 15 15 16 198 2304 10524 41041 25 220 17 20 20 15 271 14582 25 3555 374 279 2615 2038 369 8224 404 24548 13334 5267 16141 25 576 2615 2038 369 8224 404 24548 13334 374 220 21 19 16 20	353
r035/wrong/q5	nll	6054 2038 19424 198 11109 64 61479 85 25 220 23 20 22 23 198 39 33501 647 17922 25 220 19 22 21 15 198 92878 7755 730 4110 25 220 24 17 21 17 198 95347 29953 25 220 23 22 15 17 198 2753 269 28392 25 220 21 19 23 19 198 23950 404 24548 13334 25 220 21 19 16 20 198 42 2143 43229 83717 25 220 20 18 17 18 198 2269 52313 468 461 85261 25 220 24 23 16 15 198 85384 97276 25 220 24 21 18 19 198 3430 2555 65503 25 220 20 20 19 22 198 11109 64 95683 25 220 16 24 17 15 198 56 355 1704 54407 25 220 21 15 21 16 198 50 1055 685 28392 25 220 21 23 24 22 198 56 5059 45111 288 25 220 21 23 19 23 198 36125 269 468 461 85261 25 220 16 20 22 24 198 39 33501 15687 19840 25 220 23 17 23 17 198 43 1561 506 4554 1958 25 220 22 18 19 17 198 11109 64 15687 19840 25 220 17 22 23 15 198 56 355 1704 76069 25 220 18 17 20 24 198 6091 5059 85551 25 220 20 20 21 15 198 57 5059 730 363 1127 6642 25 220 18 21 22 18 198 5066 5059 1863 35010 1536 25 220 16 19 16 21 198 25406 10524 29953 25 220 17 24 15 24 198 11109 64 63221 25 220 20 24 24 17 198 57 5059 33554 56860 25 220 24 17 17 20 198 42 2143 27219 69578 380 25 220 16 17 19 16 198 51 25496 17095 29048 25 220 16 24 24 18 198 3430 2555 14741 49713 25 220 16 23 18 15 198 42 2143 65503 25 220 23 15 15 16 198 2304 10524 41041 25 220 17 20 20 15 271 14582 25 3555 374 279 2615 2038 369 8224 404 24548 13334 5267 16141 25 576 2615 2038 369 8224 404 24548 13334 374 220 23 20 22 23	353
r036/gold/q6	nll	6054 2038 19424 198 49 11983 75502 25 220 16 21 21 19 198 5066 5059 65503 25 220 24 18 24 23 198 40645 685 63161 25 220 21 21 23 22 198 43 1561 27219 69578 380 25 220 16 17 22 23 198 50 1055 685 85551 25 220 18 20 23 20 198 39 33501 65633 25 220 16 21 17 24 198 92878 7755 64009 25 220 22 16 22 16 198 46 24513 43229 83717 25 220 24 23 24 16 198 67624 27219 69578 380 25 220 22 17 23 19 198 86543 65633 25 220 24 23 23 18 198 57 5059 33554 56860 25 220 22 17 21 23 198 43 1561 45111 288 25 220 16 22 22 23 198 35 1763 461 57153 25 220 19 19 16 23 198 52 1728 472 718 329 25 220 23 17 18 18 198 57 4644 29953 25 220 24 18 18 23 198 25406 10524 58750 25 220 19 17 16 19 198 51 25496 40523 25 220 19 18 17 18 198 2269 321 65503 25 220 17 16 22 17 198 2304 10524 472 718 329 25 220 23 19 16 19 198 11109 64 472 718 329 25 220 24 17 15 21 198 37 67718 1863 35010 1536 25 220 19 15 16 24 198 49 11983 45111 288 25 220 17 20 23 22 198 57 5059 61479 85 25 220 18 16 19 24 198 61686 76715 25 220 23 22 15 17 198 5066 5059 61916 25 220 16 22 23 23 198 2753 269 41041 25 220 19 20 22 15 198 92499 730 4110 25 220 22 17 21 17 198 32887 1466 81781 25 220 24 15 23 21 198 52 1728 24548 13334 25 220 24 23 20 20 198 2269 52313 61916 25 220 21 24 24 24 271 14582 25 3555 374 279 2615 2038 369 27785 7755 64009 5267 16141 25 576 2615 2038 369 27785 7755 64009 374 220 22 16 22 16	343
r036/wrong/q6	nll	6054 2038 19424 198 49 11983 75502 25 220 16 21 21 19 198 5066 5059 65503 25 220 24 18 24 23 198 40645 685 63161 25 220 21 21 23 22 198 43 1561 27219 69578 380 25 220 16 17 22 23 198 50 1055 685 85551 25 220 18 20 23 20 198 39 33501 65633 25 220 16 21 17 24 198 92878 7755 64009 25 220 22 16 22 16 198 46 24513 43229 83717 25 220 24 23 24 16 198 67624 27219 69578 380 25 220 22 17 23 19 198 86543 65633 25 220 24 23 23 18 198 57 5059 33554 56860 25 220 22 17 21 23 198 43 1561 45111 288 25 220 16 22 22 23 198 35 1763 461 57153 25 220 19 19 16 23 198 52 1728 472 718 329 25 220 23 17 18 18 198 57 4644 29953 25 220 24 18 18 23 198 25406 10524 58750 25 220 19 17 16 19 198 51 25496 40523 25 220 19 18 17 18 198 2269 321 65503 25 220 17 16 22 17 198 2304 10524 472 718 329 25 220 23 19 16 19 198 11109 64 472 718 329 25 220 24 17 15 21 198 37 67718 1863 35010 1536 25 220 19 15 16 24 198 49 11983 45111 288 25 220 17 20 23 22 198 57 5059 61479 85 25 220 18 16 19 24 198 61686 76715 25 220 23 22 15 17 198 5066 5059 61916 25 220 16 22 23 23 198 2753 269 41041 25 220 19 20 22 15 198 92499 730 4110 25 220 22 17 21 17 198 32887 1466 81781 25 220 24 15 23 21 198 52 1728 24548 13334 25 220 24 23 20 20 198 2269 52313 61916 25 220 21 24 24 24 271 14582 25 3555 374 279 2615 2038 369 27785 7755 64009 5267 16141 25 576 2615 2038 369 27785 7755 64009 374 220 17 16 22 17	343
r037/gold/q7	nll	6054 2038 19424 198 49 11983 24548 13334 25 220 23 16 19 16 198 45 1579 337 2143 730 363 1127 6642 25 220 20 19 17 15 198 50 1055 685 81781 25 220 20 24 18 15 198 2753 269 51194 25 220 21 22 22 22 198 42 92023 55520 25 220 18 22 22 16 198 28085 685 28392 25 220 22 23 19 19 198 56 5059 97276 25 220 20 19 15 24 198 40 15649 64009 25 220 23 20 15 21 198 11109 64 97276 25 220 23 23 17 16 198 6091 5059 61916 25 220 21 23 23 16 198 39 33501 29953 25 220 16 23 21 22 198 50 1055 685 14741 49713 25 220 18 18 16 15 198 6091 5059 28392 25 220 18 20 22 20 198 39 3362 42127 25 220 21 23 16 15 198 28085 685 43229 83717 25 220 17 16 17 15 198 2304 10524 61479 85 25 220 23 23 17 19 198 92878 7755 63221 25 220 18 16 16 18 198 85384 472 718 329 25 220 24 18 21 20 198 57 4644 29953 25 220 17 17 21 20 198 52 1728 5540 25 220 17 18 24 22 198 39 33501 47623 25 220 21 15 22 19 198 54 268 647 17922 25 220 20 15 24 24 198 95347 54407 25 220 17 23 16 17 198 49 2577 5891 33554 56860 25 220 22 23 24 23 198 5066 5059 47623 25 220 24 19 16 17 198 94230 78 17095 29048 25 220 22 24 17 22 198 641 288 33554 56860 25 220 17 20 18 18 198 51 2780 80 64009 25 220 16 18 23 18 198 11109 64 36020 25 220 21 17 15 22 198 46 24513 76069 25 220 16 19 19 19 271 14582 25 3555 374 279 2615 2038 369 41421 64009 5267 16141 25 576 2615 2038 369 41421 64009 374 220 23 20 15 21	341
r037/wrong/q7	nll	6054 2038 19424 198 49 11983 24548 13334 25 220 23 16 19 16 198 45 1579 337 2143 730 363 1127 6642 25 220 20 19 17 15 198 50 1055 685 81781 25 220 20 24 18 15 198 2753 269 51194 25 220 21 22 22 22 198 42 92023 55520 25 220 18 22 22 16 198 28085 685 28392 25 220 22 23 19 19 198 56 5059 97276 25 220 20 19 15 24 198 40 15649 64009 25 220 23 20 15 21 198 11109 64 97276 25 220 23 23 17 16 198 6091 5059 61916 25 220 21 23 23 16 198 39 33501 29953 25 220 16 23 21 22 198 50 1055 685 14741 49713 25 220 18 18 16 15 198 6091 5059 28392 25 220 18 20 22 20 198 39 3362 42127 25 220 21 23 16 15 198 28085 685 43229 83717 25 220 17 16 17 15 198 2304 10524 61479 85 25 220 23 23 17 19 198 92878 7755 63221 25 220 18 16 16 18 198 85384 472 718 329 25 220 24 18 21 20 198 57 4644 29953 25 220 17 17 21 20 198 52 1728 5540 25 220 17 18 24 22 198 39 33501 47623 25 220 21 15 22 19 198 54 268 647 17922 25 220 20 15 24 24 198 95347 54407 25 220 17 23 16 17 198 49 2577 5891 33554 56860 25 220 22 23 24 23 198 5066 5059 47623 25 220 24 19 16 17 198 94230 78 17095 29048 25 220 22 24 17 22 198 641 288 33554 56860 25 220 17 20 18 18 198 51 2780 80 64009 25 220 16 18 23 18 198 11109 64 36020 25 220 21 17 15 22 198 46 24513 76069 25 220 16 19 19 19 271 14582 25 3555 374 279 2615 2038 369 41421 64009 5267 16141 25 576 2615 2038 369 41421 64009 374 220 21 23 16 15	341
r038/gold/q8	nll	6054 2038 19424 198 32887 1466 36020 25 220 23 18 22 22 198 95347 65911 301 25 220 20 21 19 23 198 2269 52313 730 363 1127 6642 25 220 21 21 20 22 198 2304 10524 95683 25 220 24 24 16 20 198 54 268 730 363 1127 6642 25 220 22 19 23 20 198 39 33501 54407 25 220 24 23 24 21 198 45 52831 40523 25 220 21 23 22 20 198 51 2780 80 730 4110 25 220 17 20 16 17 198 92878 7755 61479 85 25 220 16 17 22 16 198 42 2143 468 461 85261 25 220 24 24 17 23 198 45 1579 337 2143 43229 83717 25 220 18 20 18 22 198 57 5059 85551 25 220 18 24 22 17 198 56 355 1704 65503 25 220 22 23 16 15 198 5066 5059 29953 25 220 21 24 22 23 198 42 2143 5540 25 220 17 18 15 15 198 51 25496 1863 35010 1536 25 220 21 16 15 17 198 28085 685 27219 69578 380 25 220 18 18 23 17 198 46 24513 51065 25 220 17 15 21 19 198 36 48021 81781 25 220 21 20 17 24 198 28085 685 63221 25 220 17 21 23 21 198 2269 52313 63221 25 220 20 21 16 18 198 86543 4398 2863 25 220 23 24 24 16 198 45 52831 15687 19840 25 220 20 20 19 24 198 45 1579 337 2143 63161 25 220 20 24 21 23 198 641 288 29953 25 220 20 20 18 15 198 92878 7755 69543 25 220 18 24 23 17 198 641 288 27219 69578 380 25 220 23 17 19 23 198 40645 685 65633 25 220 24 22 17 17 198 43 1561 506 4554 1958 25 220 17 15 20 21 198 25406 10524 4620 585 25 220 23 21 19 23 271 14582 25 3555 374 279 2615 2038 369 27785 7755 61479 85 5267 16141 25 576 2615 2038 369 27785 7755 61479 85 374 220 16 17 22 16	355
r038/wrong/q8	nll	6054 2038 19424 198 32887 1466 36020 25 220 23 18 22 22 198 95347 65911 301 25 220 20 21 19 23 198 2269 52313 730 363 1127 6642 25 220 21 21 20 22 198 2304 10524 95683 25 220 24 24 16 20 198 54 268 730 363 1127 6642 25 220 22 19 23 20 198 39 33501 54407 25 220 24 23 24 21 198 45 52831 40523 25 220 21 23 22 20 198 51 2780 80 730 4110 25 220 17 20 16 17 198 92878 7755 61479 85 25 220 16 17 22 16 198 42 2143 468 461 85261 25 220 24 24 17 23 198 45 1579 337 2143 43229 83717 25 220 18 20 18 22 198 57 5059 85551 25 220 18 24 22 17 198 56 355 1704 65503 25 220 22 23 16 15 198 5066 5059 29953 25 220 21 24 22 23 198 42 2143 5540 25 220 17 18 15 15 198 51 25496 1863 35010 1536 25 220 21 16 15 17 198 28085 685 27219 69578 380 25 220 18 18 23 17 198 46 24513 51065 25 220 17 15 21 19 198 36 48021 81781 25 220 21 20 17 24 198 28085 685 63221 25 220 17 21 23 21 198 2269 52313 63221 25 220 20 21 16 18 198 86543 4398 2863 25 220 23 24 24 16 198 45 52831 15687 19840 25 220 20 20 19 24 198 45 1579 337 2143 63161 25 220 20 24 21 23 198 641 288 29953 25 220 20 20 18 15 198 92878 7755 69543 25 220 18 24 23 17 198 641 288 27219 69578 380 25 220 23 17 19 23 198 40645 685 65633 25 220 24 22 17 17 198 43 1561 506 4554 1958 25 220 17 15 20 21 198 25406 10524 4620 585 25 220 23 21 19 23 271 14582 25 3555 374 279 2615 2038 369 27785 7755 61479 85 5267 16141 25 576 2615 2038 369 27785 7755 61479 85 374 220 22 19 23 20	355
r039/gold/q9	nll	6054 2038 19424 198 50 1055 685 76069 25 220 23 22 15 24 198 5066 5059 76715 25 220 23 16 19 16 198 2753 269 69543 25 220 17 17 18 15 198 3430 2555 61479 85 25 220 22 16 20 24 198 54 268 15687 19840 25 220 16 21 24 18 198 42 2143 64009 25 220 23 17 22 16 198 95347 29953 25 220 21 15 18 16 198 5066 5059 41421 12660 25 220 24 23 20 19 198 46 24513 66945 14604 25 220 17 16 24 23 198 2753 269 29953 25 220 23 16 23 21 198 23950 404 45111 288 25 220 19 17 21 18 198 37 67718 37710 25 220 24 16 22 17 198 2753 269 63221 25 220 16 23 17 19 198 50 1055 685 45111 288 25 220 21 19 15 22 198 42 2143 41421 12660 25 220 18 24 16 16 198 57 4644 69543 25 220 23 15 17 24 198 6953 57681 730 4110 25 220 22 24 22 22 198 61686 4398 2863 25 220 23 16 20 19 198 49 11983 51194 25 220 22 24 23 16 198 61686 47623 25 220 19 18 17 20 198 56 355 1704 41041 25 220 18 15 15 18 198 3430 2555 730 4110 25 220 18 15 23 19 198 36125 269 1863 35010 1536 25 220 24 24 21 20 198 92499 37710 25 220 20 20 18 19 198 36125 269 506 4554 1958 25 220 20 17 15 15 198 46 24513 61479 85 25 220 20 15 15 19 198 51 22267 28392 25 220 24 22 20 21 198 51 2780 80 5540 25 220 22 17 15 21 198 51 22267 472 718 329 25 220 16 24 16 20 198 61686 1863 35010 1536 25 220 23 15 24 20 271 14582 25 3555 374 279 2615 2038 369 2308 269 29953 5267 16141 25 576 2615 2038 369 2308 269 29953 374 220 23 16 23 21	344
r039/wrong/q9	nll	6054 2038 19424 198 50 1055 685 76069 25 220 23 22 15 24 198 5066 5059 76715 25 220 23 16 19 16 198 2753 269 69543 25 220 17 17 18 15 198 3430 2555 61479 85 25 220 22 16 20 24 198 54 268 15687 19840 25 220 16 21 24 18 198 42 2143 64009 25 220 23 17 22 16 198 95347 29953 25 220 21 15 18 16 198 5066 5059 41421 12660 25 220 24 23 20 19 198 46 24513 66945 14604 25 220 17 16 24 23 198 2753 269 29953 25 220 23 16 23 21 198 23950 404 45111 288 25 220 19 17 21 18 198 37 67718 37710 25 220 24 16 22 17 198 2753 269 63221 25 220 16 23 17 19 198 50 1055 685 45111 288 25 220 21 19 15 22 198 42 2143 41421 12660 25 220 18 24 16 16 198 57 4644 69543 25 220 23 15 17 24 198 6953 57681 730 4110 25 220 22 24 22 22 198 61686 4398 2863 25 220 23 16 20 19 198 49 11983 51194 25 220 22 24 23 16 198 61686 47623 25 220 19 18 17 20 198 56 355 1704 41041 25 220 18 15 15 18 198 3430 2555 730 4110 25 220 18 15 23 19 198 36125 269 1863 35010 1536 25 220 24 24 21 20 198 92499 37710 25 220 20 20 18 19 198 36125 269 506 4554 1958 25 220 20 17 15 15 198 46 24513 61479 85 25 220 20 15 15 19 198 51 22267 28392 25 220 24 22 20 21 198 51 2780 80 5540 25 220 22 17 15 21 198 51 22267 472 718 329 25 220 16 24 16 20 198 61686 1863 35010 1536 25 220 23 15 24 20 271 14582 25 3555 374 279 2615 2038 369 2308 269 29953 5267 16141 25 576 2615 2038 369 2308 269 29953 374 220 24 24 21 20	344
r040/gold/q10	nll	6054 2038 19424 198 42 2143 41041 25 220 24 18 22 22 198 3430 2555 63161 25 220 22 24 24 21 198 49 2577 5891 63161 25 220 22 24 20 17 198 42 92023 51194 25 220 16 23 20 19 198 32887 1466 95683 25 220 20 22 24 17 198 641 288 36020 25 220 18 19 22 15 198 57 5059 17095 29048 25 220 16 23 18 15 198 11109 64 85551 25 220 20 23 18 21 198 67624 61916 25 220 17 23 24 19 198 57 4644 97276 25 220 22 20 19 19 198 1143 268 17095 29048 25 220 16 18 18 17 198 42 2143 63161 25 220 16 22 16 23 198 5066 5059 15687 19840 25 220 17 19 22 17 198 2269 52313 29953 25 220 24 17 18 15 198 94230 78 61916 25 220 21 15 19 16 198 37152 300 15687 19840 25 220 17 19 21 18 198 46 24513 55520 25 220 23 15 16 16 198 1143 268 27219 69578 380 25 220 18 24 15 24 198 1143 268 472 718 329 25 220 24 20 16 16 198 52 1728 37710 25 220 17 20 16 23 198 85384 33554 56860 25 220 22 15 15 16 198 641 288 61916 25 220 18 15 18 16 198 36 48021 472 718 329 25 220 20 24 19 16 198 40645 685 4620 585 25 220 19 20 15 15 198 50 1055 685 468 461 85261 25 220 21 17 19 18 198 45 52831 64009 25 220 20 24 17 19 198 50 1055 685 85551 25 220 22 16 24 21 198 28085 685 85551 25 220 22 17 22 17 198 49 2577 5891 58750 25 220 21 21 22 21 198 52 1728 61916 25 220 22 15 20 15 271 14582 25 3555 374 279 2615 2038 369 24495 17095 29048 5267 16141 25 576 2615 2038 369 24495 17095 29048 374 220 16 18 18 17	342
r040/wrong/q10	nll	6054 2038 19424 198 42 2143 41041 25 220 24 18 22 22 198 3430 2555 63161 25 220 22 24 24 21 198 49 2577 5891 63161 25 220 22 24 20 17 198 42 92023 51194 25 220 16 23 20 19 198 32887 1466 95683 25 220 20 22 24 17 198 641 288 36020 25 220 18 19 22 15 198 57 5059 17095 29048 25 220 16 23 18 15 198 11109 64 85551 25 220 20 23 18 21 198 67624 61916 25 220 17 23 24 19 198 57 4644 97276 25 220 22 20 19 19 198 1143 268 17095 29048 25 220 16 18 18 17 198 42 2143 63161 25 220 16 22 16 23 198 5066 5059 15687 19840 25 220 17 19 22 17 198 2269 52313 29953 25 220 24 17 18 15 198 94230 78 61916 25 220 21 15 19 16 198 37152 300 15687 19840 25 220 17 19 21 18 198 46 24513 55520 25 220 23 15 16 16 198 1143 268 27219 69578 380 25 220 18 24 15 24 198 1143 268 472 718 329 25 220 24 20 16 16 198 52 1728 37710 25 220 17 20 16 23 198 85384 33554 56860 25 220 22 15 15 16 198 641 288 61916 25 220 18 15 18 16 198 36 48021 472 718 329 25 220 20 24 19 16 198 40645 685 4620 585 25 220 19 20 15 15 198 50 1055 685 468 461 85261 25 220 21 17 19 18 198 45 52831 64009 25 220 20 24 17 19 198 50 1055 685 85551 25 220 22 16 24 21 198 28085 685 85551 25 220 22 17 22 17 198 49 2577 5891 58750 25 220 21 21 22 21 198 52 1728 61916 25 220 22 15 20 15 271 14582 25 3555 374 279 2615 2038 369 24495 17095 29048 5267 16141 25 576 2615 2038 369 24495 17095 29048 374 220 21 15 19 16	342
r041/gold/q11	nll	6054 2038 19424 198 28085 685 65503 25 220 16 22 24 15 198 85384 65503 25 220 18 17 19 18 198 61686 29953 25 220 23 16 22 17 198 50 1055 685 47623 25 220 24 24 20 18 198 23950 404 65633 25 220 16 22 23 18 198 641 288 63221 25 220 17 20 16 19 198 39 33501 57153 25 220 24 19 22 21 198 56 355 1704 64009 25 220 20 23 23 16 198 95347 63221 25 220 20 20 15 20 198 25406 10524 41041 25 220 17 20 19 15 198 40645 685 69543 25 220 16 19 24 15 198 39 33501 5540 25 220 21 15 18 23 198 11109 64 81781 25 220 23 20 20 16 198 61686 24548 13334 25 220 20 20 20 15 198 40 15649 28392 25 220 19 23 23 15 198 42 92023 42127 25 220 16 16 24 16 198 39 3362 66945 14604 25 220 19 19 15 20 198 6091 5059 81781 25 220 23 21 23 17 198 95347 5540 25 220 17 16 21 20 198 25406 10524 65911 301 25 220 16 21 16 19 198 86543 61479 85 25 220 24 23 18 21 198 40645 685 29953 25 220 19 21 22 17 198 35 1763 461 5540 25 220 19 22 18 17 198 35 1763 461 43229 83717 25 220 16 22 16 20 198 49 2577 5891 506 4554 1958 25 220 20 22 19 20 198 42 92023 54407 25 220 17 19 21 17 198 42 92023 14741 49713 25 220 24 19 23 22 198 28085 685 54407 25 220 23 23 20 24 198 35 1763 461 41041 25 220 23 18 15 24 198 40645 685 76069 25 220 17 20 23 16 271 14582 25 3555 374 279 2615 2038 369 51094 5540 5267 16141 25 576 2615 2038 369 51094 5540 374 220 21 15 18 23	332
r041/wrong/q11	nll	6054 2038 19424 198 28085 685 65503 25 220 16 22 24 15 198 85384 65503 25 220 18 17 19 18 198 61686 29953 25 220 23 16 22 17 198 50 1055 685 47623 25 220 24 24 20 18 198 23950 404 65633 25 220 16 22 23 18 198 641 288 63221 25 220 17 20 16 19 198 39 33501 57153 25 220 24 19 22 21 198 56 355 1704 64009 25 220 20 23 23 16 198 95347 63221 25 220 20 20 15 20 198 25406 10524 41041 25 220 17 20 19 15 198 40645 685 69543 25 220 16 19 24 15 198 39 33501 5540 25 220 21 15 18 23 198 11109 64 81781 25 220 23 20 20 16 198 61686 24548 13334 25 220 20 20 20 15 198 40 15649 28392 25 220 19 23 23 15 198 42 92023 42127 25 220 16 16 24 16 198 39 3362 66945 14604 25 220 19 19 15 20 198 6091 5059 81781 25 220 23 21 23 17 198 95347 5540 25 220 17 16 21 20 198 25406 10524 65911 301 25 220 16 21 16 19 198 86543 61479 85 25 220 24 23 18 21 198 40645 685 29953 25 220 19 21 22 17 198 35 1763 461 5540 25 220 19 22 18 17 198 35 1763 461 43229 83717 25 220 16 22 16 20 198 49 2577 5891 506 4554 1958 25 220 20 22 19 20 198 42 92023 54407 25 220 17 19 21 17 198 42 92023 14741 49713 25 220 24 19 23 22 198 28085 685 54407 25 220 23 23 20 24 198 35 1763 461 41041 25 220 23 18 15 24 198 40645 685 76069 25 220 17 20 23 16 271 14582 25 3555 374 279 2615 2038 369 51094 5540 5267 16141 25 576 2615 2038 369 51094 5540 374 220 19 23 23 15	332
r042/gold/q12	nll	6054 2038 19424 198 95347 55520 25 220 19 18 17 24 198 51 22267 57153 25 220 20 18 24 23 198 2304 10524 55520 25 220 16 20 15 16 198 94230 78 37710 25 220 24 21 22 23 198 5066 5059 4398 2863 25 220 21 21 21 20 198 57 5059 51065 25 220 18 16 22 21 198 92878 7755 63221 25 220 18 18 21 18 198 23950 404 55520 25 220 18 21 23 15 198 56 355 1704 5540 25 220 23 19 22 21 198 57 5059 15687 19840 25 220 20 15 17 21 198 39 3362 65503 25 220 21 20 17 15 198 32887 1466 55520 25 220 19 17 15 24 198 3430 2555 15687 19840 25 220 17 15 16 20 198 57 5059 51194 25 220 16 17 24 24 198 51 2780 80 81781 25 220 23 23 24 15 198 95347 57153 25 220 23 18 18 24 198 49 2577 5891 81781 25 220 17 20 20 22 198 86543 37710 25 220 19 23 21 24 198 39 33501 69543 25 220 22 17 16 20 198 94230 78 40523 25 220 18 21 24 24 198 45 1579 337 2143 468 461 85261 25 220 22 16 20 18 198 2753 269 40523 25 220 17 22 18 24 198 23950 404 64009 25 220 21 23 17 15 198 39 3362 97276 25 220 24 17 15 17 198 40 15649 506 4554 1958 25 220 23 24 19 17 198 45 52831 730 363 1127 6642 25 220 22 22 21 19 198 51 2780 80 29953 25 220 17 15 16 21 198 40 15649 85551 25 220 19 24 16 19 198 86543 17095 29048 25 220 16 18 17 21 198 2753 269 472 718 329 25 220 16 22 21 22 271 14582 25 3555 374 279 2615 2038 369 2823 2555 15687 19840 5267 16141 25 576 2615 2038 369 2823 2555 15687 19840 374 220 17 15 16 20	343
r042/wrong/q12	nll	6054 2038 19424 198 95347 55520 25 220 19 18 17 24 198 51 22267 57153 25 220 20 18 24 23 198 2304 10524 55520 25 220 16 20 15 16 198 94230 78 37710 25 220 24 21 22 23 198 5066 5059 4398 2863 25 220 21 21 21 20 198 57 5059 51065 25 220 18 16 22 21 198 92878 7755 63221 25 220 18 18 21 18 198 23950 404 55520 25 220 18 21 23 15 198 56 355 1704 5540 25 220 23 19 22 21 198 57 5059 15687 19840 25 220 20 15 17 21 198 39 3362 65503 25 220 21 20 17 15 198 32887 1466 55520 25 220 19 17 15 24 198 3430 2555 15687 19840 25 220 17 15 16 20 198 57 5059 51194 25 220 16 17 24 24 198 51 2780 80 81781 25 220 23 23 24 15 198 95347 57153 25 220 23 18 18 24 198 49 2577 5891 81781 25 220 17 20 20 22 198 86543 37710 25 220 19 23 21 24 198 39 33501 69543 25 220 22 17 16 20 198 94230 78 40523 25 220 18 21 24 24 198 45 1579 337 2143 468 461 85261 25 220 22 16 20 18 198 2753 269 40523 25 220 17 22 18 24 198 23950 404 64009 25 220 21 23 17 15 198 39 3362 97276 25 220 24 17 15 17 198 40 15649 506 4554 1958 25 220 23 24 19 17 198 45 52831 730 363 1127 6642 25 220 22 22 21 19 198 51 2780 80 29953 25 220 17 15 16 21 198 40 15649 85551 25 220 19 24 16 19 198 86543 17095 29048 25 220 16 18 17 21 198 2753 269 472 718 329 25 220 16 22 21 22 271 14582 25 3555 374 279 2615 2038 369 2823 2555 15687 19840 5267 16141 25 576 2615 2038 369 2823 2555 15687 19840 374 220 20 18 24 23	343
r043/gold/q13	nll	6054 2038 19424 198 2304 10524 54407 25 220 18 24 24 20 198 57 4644 65911 301 25 220 17 17 20 18 198 51 22267 36020 25 220 19 15 20 23 198 39 3362 51194 25 220 16 23 16 18 198 45 52831 45111 288 25 220 20 15 18 15 198 5066 5059 55520 25 220 18 20 22 23 198 56 355 1704 647 17922 25 220 23 18 17 15 198 86543 15687 19840 25 220 24 19 22 19 198 57 4644 33554 56860 25 220 18 16 16 24 198 40645 685 63161 25 220 20 18 16 21 198 49 11983 75502 25 220 21 21 24 18 198 67624 15687 19840 25 220 23 15 23 15 198 42 2143 730 4110 25 220 17 24 20 18 198 49 11983 54407 25 220 20 16 24 23 198 52 1728 76069 25 220 20 23 21 24 198 2269 52313 27219 69578 380 25 220 20 23 16 24 198 52 1728 15687 19840 25 220 20 24 16 19 198 36125 269 5540 25 220 16 19 15 17 198 39 3362 647 17922 25 220 24 15 18 19 198 36125 269 42127 25 220 21 19 17 18 198 39 3362 468 461 85261 25 220 16 19 18 16 198 45 1579 337 2143 54407 25 220 23 15 18 23 198 3430 2555 4620 585 25 220 22 16 15 23 198 2304 10524 61916 25 220 21 24 21 23 198 86543 468 461 85261 25 220 16 18 24 17 198 28085 685 43229 83717 25 220 16 20 17 16 198 36125 269 95683 25 220 18 15 16 19 198 2753 269 57153 25 220 21 21 15 24 198 92878 7755 43229 83717 25 220 22 15 24 16 198 51 2780 80 33554 56860 25 220 16 15 17 24 271 14582 25 3555 374 279 2615 2038 369 46830 54407 5267 16141 25 576 2615 2038 369 46830 54407 374 220 20 16 24 23	344
r043/wrong/q13	nll	6054 2038 19424 198 2304 10524 54407 25 220 18 24 24 20 198 57 4644 65911 301 25 220 17 17 20 18 198 51 22267 36020 25 220 19 15 20 23 198 39 3362 51194 25 220 16 23 16 18 198 45 52831 45111 288 25 220 20 15 18 15 198 5066 5059 55520 25 220 18 20 22 23 198 56 355 1704 647 17922 25 220 23 18 17 15 198 86543 15687 19840 25 220 24 19 22 19 198 57 4644 33554 56860 25 220 18 16 16 24 198 40645 685 63161 25 220 20 18 16 21 198 49 11983 75502 25 220 21 21 24 18 198 67624 15687 19840 25 220 23 15 23 15 198 42 2143 730 4110 25 220 17 24 20 18 198 49 11983 54407 25 220 20 16 24 23 198 52 1728 76069 25 220 20 23 21 24 198 2269 52313 27219 69578 380 25 220 20 23 16 24 198 52 1728 15687 19840 25 220 20 24 16 19 198 36125 269 5540 25 220 16 19 15 17 198 39 3362 647 17922 25 220 24 15 18 19 198 36125 269 42127 25 220 21 19 17 18 198 39 3362 468 461 85261 25 220 16 19 18 16 198 45 1579 337 2143 54407 25 220 23 15 18 23 198 3430 2555 4620 585 25 220 22 16 15 23 198 2304 10524 61916 25 220 21 24 21 23 198 86543 468 461 85261 25 220 16 18 24 17 198 28085 685 43229 83717 25 220 16 20 17 16 198 36125 269 95683 25 220 18 15 16 19 198 2753 269 57153 25 220 21 21 15 24 198 92878 7755 43229 83717 25 220 22 15 24 16 198 51 2780 80 33554 56860 25 220 16 15 17 24 271 14582 25 3555 374 279 2615 2038 369 46830 54407 5267 16141 25 576 2615 2038 369 46830 54407 374 220 23 15 18 23	344
r044/gold/q14	nll	6054 2038 19424 198 32887 1466 506 4554 1958 25 220 18 19 20 23 198 32887 1466 37710 25 220 17 21 18 21 198 54 268 61479 85 25 220 17 19 20 16 198 40 15649 54407 25 220 20 22 18 22 198 85384 64009 25 220 17 20 21 20 198 57 4644 43229 83717 25 220 19 20 22 23 198 92499 51065 25 220 21 20 17 21 198 42 2143 17095 29048 25 220 20 17 18 17 198 42 92023 27219 69578 380 25 220 18 19 22 16 198 85384 472 718 329 25 220 22 17 24 16 198 2753 269 40523 25 220 24 17 15 24 198 42 2143 81781 25 220 21 17 21 21 198 49 11983 17095 29048 25 220 16 21 23 17 198 46 24513 29953 25 220 19 18 19 23 198 95347 97276 25 220 22 22 19 22 198 54 268 61916 25 220 22 18 17 24 198 2269 321 81781 25 220 19 17 19 24 198 92878 7755 65503 25 220 16 19 15 23 198 51 25496 69543 25 220 23 23 19 22 198 52 1728 37710 25 220 20 22 18 24 198 3430 2555 42127 25 220 18 23 15 19 198 2269 321 69543 25 220 19 22 20 17 198 61686 14741 49713 25 220 19 24 18 24 198 57 5059 65911 301 25 220 18 22 15 16 198 6091 5059 65503 25 220 20 16 17 20 198 49 11983 41421 12660 25 220 24 19 17 24 198 45 1579 337 2143 69543 25 220 18 19 20 24 198 37152 300 97276 25 220 23 20 16 23 198 37152 300 66945 14604 25 220 21 21 16 20 198 6953 57681 75502 25 220 18 16 23 20 271 14582 25 3555 374 279 2615 2038 369 51149 97276 5267 16141 25 576 2615 2038 369 51149 97276 374 220 22 22 19 22	335
r044/wrong/q14	nll	6054 2038 19424 198 32887 1466 506 4554 1958 25 220 18 19 20 23 198 32887 1466 37710 25 220 17 21 18 21 198 54 268 61479 85 25 220 17 19 20 16 198 40 15649 54407 25 220 20 22 18 22 198 85384 64009 25 220 17 20 21 20 198 57 4644 43229 83717 25 220 19 20 22 23 198 92499 51065 25 220 21 20 17 21 198 42 2143 17095 29048 25 220 20 17 18 17 198 42 92023 27219 69578 380 25 220 18 19 22 16 198 85384 472 718 329 25 220 22 17 24 16 198 2753 269 40523 25 220 24 17 15 24 198 42 2143 81781 25 220 21 17 21 21 198 49 11983 17095 29048 25 220 16 21 23 17 198 46 24513 29953 25 220 19 18 19 23 198 95347 97276 25 220 22 22 19 22 198 54 268 61916 25 220 22 18 17 24 198 2269 321 81781 25 220 19 17 19 24 198 92878 7755 65503 25 220 16 19 15 23 198 51 25496 69543 25 220 23 23 19 22 198 52 1728 37710 25 220 20 22 18 24 198 3430 2555 42127 25 220 18 23 15 19 198 2269 321 69543 25 220 19 22 20 17 198 61686 14741 49713 25 220 19 24 18 24 198 57 5059 65911 301 25 220 18 22 15 16 198 6091 5059 65503 25 220 20 16 17 20 198 49 11983 41421 12660 25 220 24 19 17 24 198 45 1579 337 2143 69543 25 220 18 19 20 24 198 37152 300 97276 25 220 23 20 16 23 198 37152 300 66945 14604 25 220 21 21 16 20 198 6953 57681 75502 25 220 18 16 23 20 271 14582 25 3555 374 279 2615 2038 369 51149 97276 5267 16141 25 576 2615 2038 369 51149 97276 374 220 19 17 19 24	335
r045/gold/q15	nll	6054 2038 19424 198 25406 10524 36020 25 220 24 18 19 20 198 2304 10524 14741 49713 25 220 17 16 18 21 198 67624 28392 25 220 22 15 18 21 198 51 22267 40523 25 220 20 24 18 20 198 5066 5059 1863 35010 1536 25 220 18 24 20 17 198 641 288 4398 2863 25 220 19 19 20 18 198 86543 85551 25 220 21 17 16 22 198 40645 685 4620 585 25 220 19 18 24 24 198 5066 5059 29953 25 220 21 22 20 19 198 36125 269 51194 25 220 21 20 24 21 198 40 15649 43229 83717 25 220 17 20 15 16 198 57 5059 64009 25 220 16 17 15 16 198 57 5059 63221 25 220 22 24 18 15 198 67624 1863 35010 1536 25 220 18 17 17 23 198 2269 52313 95683 25 220 21 17 16 18 198 50 1055 685 43229 83717 25 220 16 24 15 17 198 40645 685 40523 25 220 21 16 23 18 198 36 48021 42127 25 220 23 17 22 15 198 95347 76715 25 220 19 19 22 21 198 23950 404 61479 85 25 220 21 24 20 19 198 25406 10524 4620 585 25 220 22 22 18 20 198 40645 685 61916 25 220 16 19 18 24 198 92878 7755 730 4110 25 220 19 17 16 21 198 92499 468 461 85261 25 220 24 17 16 17 198 54 268 15687 19840 25 220 17 17 20 22 198 23950 404 40523 25 220 21 21 19 23 198 94230 78 41421 12660 25 220 17 23 24 21 198 92878 7755 97276 25 220 18 21 16 17 198 49 2577 5891 43229 83717 25 220 20 16 23 15 198 45 52831 24548 13334 25 220 21 20 17 24 271 14582 25 3555 374 279 2615 2038 369 78563 43229 83717 5267 16141 25 576 2615 2038 369 78563 43229 83717 374 220 16 24 15 17	341
r045/wrong/q15	nll	6054 2038 19424 198 25406 10524 36020 25 220 24 18 19 20 198 2304 10524 14741 49713 25 220 17 16 18 21 198 67624 28392 25 220 22 15 18 21 198 51 22267 40523 25 220 20 24 18 20 198 5066 5059 1863 35010 1536 25 220 18 24 20 17 198 641 288 4398 2863 25 220 19 19 20 18 198 86543 85551 25 220 21 17 16 22 198 40645 685 4620 585 25 220 19 18 24 24 198 5066 5059 29953 25 220 21 22 20 19 198 36125 269 51194 25 220 21 20 24 21 198 40 15649 43229 83717 25 220 17 20 15 16 198 57 5059 64009 25 220 16 17 15 16 198 57 5059 63221 25 220 22 24 18 15 198 67624 1863 35010 1536 25 220 18 17 17 23 198 2269 52313 95683 25 220 21 17 16 18 198 50 1055 685 43229 83717 25 220 16 24 15 17 198 40645 685 40523 25 220 21 16 23 18 198 36 48021 42127 25 220 23 17 22 15 198 95347 76715 25 220 19 19 22 21 198 23950 404 61479 85 25 220 21 24 20 19 198 25406 10524 4620 585 25 220 22 22 18 20 198 40645 685 61916 25 220 16 19 18 24 198 92878 7755 730 4110 25 220 19 17 16 21 198 92499 468 461 85261 25 220 24 17 16 17 198 54 268 15687 19840 25 220 17 17 20 22 198 23950 404 40523 25 220 21 21 19 23 198 94230 78 41421 12660 25 220 17 23 24 21 198 92878 7755 97276 25 220 18 21 16 17 198 49 2577 5891 43229 83717 25 220 20 16 23 15 198 45 52831 24548 13334 25 220 21 20 17 24 271 14582 25 3555 374 279 2615 2038 369 78563 43229 83717 5267 16141 25 576 2615 2038 369 78563 43229 83717 374 220 21 24 20 19	341
r046/gold/q16	nll	6054 2038 19424 198 43 1561 647 17922 25 220 23 19 18 21 198 57 4644 54407 25 220 22 21 22 19 198 92499 95683 25 220 22 19 20 22 198 2304 10524 36020 25 220 16 18 20 23 198 37152 300 647 17922 25 220 19 15 18 24 198 67624 730 4110 25 220 20 15 22 21 198 49 2577 5891 63161 25 220 23 18 15 17 198 2269 52313 14741 49713 25 220 19 20 20 22 198 36125 269 65633 25 220 17 19 20 21 198 95347 65911 301 25 220 19 21 19 19 198 35 1763 461 81781 25 220 18 24 19 24 198 42 2143 81781 25 220 20 24 20 20 198 57 4644 51065 25 220 20 23 20 22 198 5066 5059 66945 14604 25 220 17 17 21 15 198 37152 300 15687 19840 25 220 20 23 15 21 198 45 1579 337 2143 4398 2863 25 220 18 19 23 16 198 32887 1466 33554 56860 25 220 22 24 20 23 198 50 1055 685 506 4554 1958 25 220 21 23 23 21 198 49 2577 5891 55520 25 220 18 17 19 21 198 42 2143 57153 25 220 18 18 21 20 198 40 15649 55520 25 220 19 19 17 15 198 2304 10524 42127 25 220 21 17 23 18 198 37152 300 472 718 329 25 220 19 23 16 17 198 42 92023 64009 25 220 16 15 17 15 198 49 2577 5891 33554 56860 25 220 21 20 19 24 198 42 92023 37710 25 220 18 15 18 15 198 51 25496 66945 14604 25 220 18 24 19 16 198 36 48021 33554 56860 25 220 21 20 24 23 198 49 2577 5891 37710 25 220 17 19 15 17 198 45 1579 337 2143 5540 25 220 21 21 21 19 271 14582 25 3555 374 279 2615 2038 369 13452 1466 33554 56860 5267 16141 25 576 2615 2038 369 13452 1466 33554 56860 374 220 22 24 20 23	351
r046/wrong/q16	nll	6054 2038 19424 198 43 1561 647 17922 25 220 23 19 18 21 198 57 4644 54407 25 220 22 21 22 19 198 92499 95683 25 220 22 19 20 22 198 2304 10524 36020 25 220 16 18 20 23 198 37152 300 647 17922 25 220 19 15 18 24 198 67624 730 4110 25 220 20 15 22 21 198 49 2577 5891 63161 25 220 23 18 15 17 198 2269 52313 14741 49713 25 220 19 20 20 22 198 36125 269 65633 25 220 17 19 20 21 198 95347 65911 301 25 220 19 21 19 19 198 35 1763 461 81781 25 220 18 24 19 24 198 42 2143 81781 25 220 20 24 20 20 198 57 4644 51065 25 220 20 23 20 22 198 5066 5059 66945 14604 25 220 17 17 21 15 198 37152 300 15687 19840 25 220 20 23 15 21 198 45 1579 337 2143 4398 2863 25 220 18 19 23 16 198 32887 1466 33554 56860 25 220 22 24 20 23 198 50 1055 685 506 4554 1958 25 220 21 23 23 21 198 49 2577 5891 55520 25 220 18 17 19 21 198 42 2143 57153 25 220 18 18 21 20 198 40 15649 55520 25 220 19 19 17 15 198 2304 10524 42127 25 220 21 17 23 18 198 37152 300 472 718 329 25 220 19 23 16 17 198 42 92023 64009 25 220 16 15 17 15 198 49 2577 5891 33554 56860 25 220 21 20 19 24 198 42 92023 37710 25 220 18 15 18 15 198 51 25496 66945 14604 25 220 18 24 19 16 198 36 48021 33554 56860 25 220 21 20 24 23 198 49 2577 5891 37710 25 220 17 19 15 17 198 45 1579 337 2143 5540 25 220 21 21 21 19 271 14582 25 3555 374 279 2615 2038 369 13452 1466 33554 56860 5267 16141 25 576 2615 2038 369 13452 1466 33554 56860 374 220 23 18 15 17	351
r047/gold/q17	nll	6054 2038 19424 198 94230 78 36020 25 220 21 15 16 17 198 2753 269 64009 25 220 24 22 19 24 198 67624 17095 29048 25 220 22 22 19 16 198 11109 64 43229 83717 25 220 21 16 20 18 198 40 15649 33554 56860 25 220 18 19 22 17 198 94230 78 61916 25 220 17 18 19 16 198 56 5059 69543 25 220 22 16 20 15 198 36 48021 55520 25 220 19 15 24 23 198 49 2577 5891 75502 25 220 24 19 16 17 198 67624 41421 12660 25 220 19 20 23 24 198 49 11983 1863 35010 1536 25 220 21 15 17 15 198 6091 5059 28392 25 220 21 19 15 23 198 94230 78 75502 25 220 22 17 24 21 198 45 52831 66945 14604 25 220 18 18 18 21 198 57 5059 4620 585 25 220 17 19 21 21 198 40 15649 27219 69578 380 25 220 23 16 24 20 198 11109 64 55520 25 220 19 18 19 15 198 94230 78 4620 585 25 220 19 20 15 21 198 57 5059 95683 25 220 18 20 16 22 198 3430 2555 506 4554 1958 25 220 16 24 18 15 198 57 5059 57153 25 220 18 20 24 24 198 86543 85551 25 220 18 16 22 24 198 37 67718 4620 585 25 220 19 22 18 20 198 45 52831 54407 25 220 24 24 19 19 198 2269 321 97276 25 220 23 19 15 20 198 56 5059 37710 25 220 18 18 22 24 198 56 5059 51065 25 220 24 23 18 23 198 86543 647 17922 25 220 23 19 23 22 198 95347 97276 25 220 24 21 18 21 198 42 2143 28392 25 220 20 16 20 16 271 14582 25 3555 374 279 2615 2038 369 51110 4620 585 5267 16141 25 576 2615 2038 369 51110 4620 585 374 220 19 20 15 21	337
r047/wrong/q17	nll	6054 2038 19424 198 94230 78 36020 25 220 21 15 16 17 198 2753 269 64009 25 220 24 22 19 24 198 67624 17095 29048 25 220 22 22 19 16 198 11109 64 43229 83717 25 220 21 16 20 18 198 40 15649 33554 56860 25 220 18 19 22 17 198 94230 78 61916 25 220 17 18 19 16 198 56 5059 69543 25 220 22 16 20 15 198 36 48021 55520 25 220 19 15 24 23 198 49 2577 5891 75502 25 220 24 19 16 17 198 67624 41421 12660 25 220 19 20 23 24 198 49 11983 1863 35010 1536 25 220 21 15 17 15 198 6091 5059 28392 25 220 21 19 15 23 198 94230 78 75502 25 220 22 17 24 21 198 45 52831 66945 14604 25 220 18 18 18 21 198 57 5059 4620 585 25 220 17 19 21 21 198 40 15649 27219 69578 380 25 220 23 16 24 20 198 11109 64 55520 25 220 19 18 19 15 198 94230 78 4620 585 25 220 19 20 15 21 198 57 5059 95683 25 220 18 20 16 22 198 3430 2555 506 4554 1958 25 220 16 24 18 15 198 57 5059 57153 25 220 18 20 24 24 198 86543 85551 25 220 18 16 22 24 198 37 67718 4620 585 25 220 19 22 18 20 198 45 52831 54407 25 220 24 24 19 19 198 2269 321 97276 25 220 23 19 15 20 198 56 5059 37710 25 220 18 18 22 24 198 56 5059 51065 25 220 24 23 18 23 198 86543 647 17922 25 220 23 19 23 22 198 95347 97276 25 220 24 21 18 21 198 42 2143 28392 25 220 20 16 20 16 271 14582 25 3555 374 279 2615 2038 369 51110 4620 585 5267 16141 25 576 2615 2038 369 51110 4620 585 374 220 22 22 19 16	337
r048/gold/q18	nll	6054 2038 19424 198 95347 54407 25 220 24 24 20 22 198 641 288 472 718 329 25 220 17 17 15 23 198 23950 404 730 363 1127 6642 25 220 22 15 19 17 198 641 288 81781 25 220 19 22 19 19 198 57 4644 5540 25 220 23 18 21 15 198 2269 52313 24548 13334 25 220 22 24 17 20 198 40645 685 14741 49713 25 220 24 19 17 19 198 6091 5059 61916 25 220 20 20 19 20 198 51 2780 80 65503 25 220 18 23 15 16 198 92499 55520 25 220 21 21 15 22 198 51 25496 95683 25 220 17 18 18 22 198 32887 1466 33554 56860 25 220 17 16 15 20 198 95347 61479 85 25 220 19 22 16 16 198 641 288 65503 25 220 23 22 19 16 198 49 2577 5891 51194 25 220 23 21 17 18 198 92878 7755 647 17922 25 220 18 15 17 17 198 57 4644 29953 25 220 21 19 21 21 198 2304 10524 69543 25 220 20 23 20 23 198 51 2780 80 28392 25 220 22 22 21 16 198 641 288 647 17922 25 220 23 21 20 23 198 2753 269 65503 25 220 18 20 21 17 198 25406 10524 63161 25 220 20 22 21 21 198 56 355 1704 41421 12660 25 220 21 23 20 19 198 67624 65911 301 25 220 20 18 20 22 198 43 1561 42127 25 220 19 23 15 19 198 56 355 1704 61916 25 220 24 20 18 24 198 39 33501 61916 25 220 23 21 19 22 198 95347 51065 25 220 17 18 16 16 198 57 4644 69543 25 220 21 24 24 16 198 25406 10524 27219 69578 380 25 220 16 16 22 21 271 14582 25 3555 374 279 2615 2038 369 350 2780 80 28392 5267 16141 25 576 2615 2038 369 350 2780 80 28392 374 220 22 22 21 16	343
r048/wrong/q18	nll	6054 2038 19424 198 95347 54407 25 220 24 24 20 22 198 641 288 472 718 329 25 220 17 17 15 23 198 23950 404 730 363 1127 6642 25 220 22 15 19 17 198 641 288 81781 25 220 19 22 19 19 198 57 4644 5540 25 220 23 18 21 15 198 2269 52313 24548 13334 25 220 22 24 17 20 198 40645 685 14741 49713 25 220 24 19 17 19 198 6091 5059 61916 25 220 20 20 19 20 198 51 2780 80 65503 25 220 18 23 15 16 198 92499 55520 25 220 21 21 15 22 198 51 25496 95683 25 220 17 18 18 22 198 32887 1466 33554 56860 25 220 17 16 15 20 198 95347 61479 85 25 220 19 22 16 16 198 641 288 65503 25 220 23 22 19 16 198 49 2577 5891 51194 25 220 23 21 17 18 198 92878 7755 647 17922 25 220 18 15 17 17 198 57 4644 29953 25 220 21 19 21 21 198 2304 10524 69543 25 220 20 23 20 23 198 51 2780 80 28392 25 220 22 22 21 16 198 641 288 647 17922 25 220 23 21 20 23 198 2753 269 65503 25 220 18 20 21 17 198 25406 10524 63161 25 220 20 22 21 21 198 56 355 1704 41421 12660 25 220 21 23 20 19 198 67624 65911 301 25 220 20 18 20 22 198 43 1561 42127 25 220 19 23 15 19 198 56 355 1704 61916 25 220 24 20 18 24 198 39 33501 61916 25 220 23 21 19 22 198 95347 51065 25 220 17 18 16 16 198 57 4644 69543 25 220 21 24 24 16 198 25406 10524 27219 69578 380 25 220 16 16 22 21 271 14582 25 3555 374 279 2615 2038 369 350 2780 80 28392 5267 16141 25 576 2615 2038 369 350 2780 80 28392 374 220 17 18 18 22	343
r049/gold/q19	nll	6054 2038 19424 198 45 1579 337 2143 24548 13334 25 220 18 17 18 22 198 95347 33554 56860 25 220 23 15 19 17 198 94230 78 27219 69578 380 25 220 24 19 20 19 198 95347 45111 288 25 220 17 17 24 22 198 54 268 33554 56860 25 220 24 16 22 23 198 54 268 76715 25 220 20 17 18 18 198 39 33501 40523 25 220 24 21 16 20 198 37152 300 42127 25 220 16 15 20 15 198 37 67718 51065 25 220 16 23 18 15 198 32887 1466 76069 25 220 21 17 21 16 198 45 52831 76069 25 220 22 17 22 24 198 46 24513 45111 288 25 220 20 20 17 19 198 54 268 64009 25 220 21 16 20 20 198 40 15649 5540 25 220 17 23 23 15 198 40645 685 17095 29048 25 220 22 21 18 18 198 6091 5059 43229 83717 25 220 19 18 21 16 198 92499 41421 12660 25 220 16 22 24 21 198 6091 5059 64009 25 220 22 17 22 21 198 57 5059 65911 301 25 220 22 16 19 16 198 28085 685 45111 288 25 220 21 19 20 20 198 2269 52313 27219 69578 380 25 220 23 17 18 20 198 42 2143 5540 25 220 19 21 18 19 198 3430 2555 54407 25 220 21 22 15 24 198 2269 52313 4620 585 25 220 16 19 15 16 198 42 92023 76715 25 220 23 19 18 20 198 37 67718 37710 25 220 20 20 17 18 198 51 22267 95683 25 220 24 17 16 24 198 42 2143 42127 25 220 19 21 15 19 198 40645 685 65633 25 220 17 15 22 20 198 40 15649 730 4110 25 220 20 23 17 19 271 14582 25 3555 374 279 2615 2038 369 39294 45111 288 5267 16141 25 576 2615 2038 369 39294 45111 288 374 220 21 19 20 20	341
r049/wrong/q19	nll	6054 2038 19424 198 45 1579 337 2143 24548 13334 25 220 18 17 18 22 198 95347 33554 56860 25 220 23 15 19 17 198 94230 78 27219 69578 380 25 220 24 19 20 19 198 95347 45111 288 25 220 17 17 24 22 198 54 268 33554 56860 25 220 24 16 22 23 198 54 268 76715 25 220 20 17 18 18 198 39 33501 40523 25 220 24 21 16 20 198 37152 300 42127 25 220 16 15 20 15 198 37 67718 51065 25 220 16 23 18 15 198 32887 1466 76069 25 220 21 17 21 16 198 45 52831 76069 25 220 22 17 22 24 198 46 24513 45111 288 25 220 20 20 17 19 198 54 268 64009 25 220 21 16 20 20 198 40 15649 5540 25 220 17 23 23 15 198 40645 685 17095 29048 25 220 22 21 18 18 198 6091 5059 43229 83717 25 220 19 18 21 16 198 92499 41421 12660 25 220 16 22 24 21 198 6091 5059 64009 25 220 22 17 22 21 198 57 5059 65911 301 25 220 22 16 19 16 198 28085 685 45111 288 25 220 21 19 20 20 198 2269 52313 27219 69578 380 25 220 23 17 18 20 198 42 2143 5540 25 220 19 21 18 19 198 3430 2555 54407 25 220 21 22 15 24 198 2269 52313 4620 585 25 220 16 19 15 16 198 42 92023 76715 25 220 23 19 18 20 198 37 67718 37710 25 220 20 20 17 18 198 51 22267 95683 25 220 24 17 16 24 198 42 2143 42127 25 220 19 21 15 19 198 40645 685 65633 25 220 17 15 22 20 198 40 15649 730 4110 25 220 20 23 17 19 271 14582 25 3555 374 279 2615 2038 369 39294 45111 288 5267 16141 25 576 2615 2038 369 39294 45111 288 374 220 16 19 15 16	341
r050/gold/q20	nll	6054 2038 19424 198 6091 5059 468 461 85261 25 220 17 17 20 24 198 11109 64 27219 69578 380 25 220 18 18 20 17 198 51 2780 80 15687 19840 25 220 18 17 24 16 198 641 288 4620 585 25 220 20 20 22 23 198 42 92023 4398 2863 25 220 21 21 19 24 198 40 15649 40523 25 220 18 17 23 22 198 45 52831 45111 288 25 220 19 20 18 17 198 23950 404 61916 25 220 21 24 24 20 198 5066 5059 4398 2863 25 220 16 20 22 20 198 57 4644 65911 301 25 220 17 16 20 15 198 49 11983 647 17922 25 220 19 24 16 15 198 11109 64 14741 49713 25 220 21 23 17 23 198 2753 269 69543 25 220 16 20 16 19 198 49 11983 24548 13334 25 220 22 20 21 24 198 32887 1466 647 17922 25 220 24 18 20 16 198 32887 1466 27219 69578 380 25 220 19 16 18 19 198 25406 10524 41041 25 220 20 20 24 15 198 54 268 65911 301 25 220 23 23 18 22 198 35 1763 461 76715 25 220 21 19 22 19 198 39 3362 36020 25 220 24 23 21 19 198 28085 685 647 17922 25 220 20 24 17 21 198 92499 37710 25 220 21 20 22 21 198 49 2577 5891 15687 19840 25 220 17 15 24 22 198 42 2143 61479 85 25 220 19 16 17 20 198 49 11983 51194 25 220 20 16 16 19 198 45 52831 36020 25 220 16 18 23 21 198 61686 41041 25 220 18 15 21 24 198 92499 57153 25 220 22 17 20 20 198 94230 78 54407 25 220 16 18 17 15 198 35 1763 461 29953 25 220 20 24 22 19 271 14582 25 3555 374 279 2615 2038 369 39294 647 17922 5267 16141 25 576 2615 2038 369 39294 647 17922 374 220 20 24 17 21	347
r050/wrong/q20	nll	6054 2038 19424 198 6091 5059 468 461 85261 25 220 17 17 20 24 198 11109 64 27219 69578 380 25 220 18 18 20 17 198 51 2780 80 15687 19840 25 220 18 17 24 16 198 641 288 4620 585 25 220 20 20 22 23 198 42 92023 4398 2863 25 220 21 21 19 24 198 40 15649 40523 25 220 18 17 23 22 198 45 52831 45111 288 25 220 19 20 18 17 198 23950 404 61916 25 220 21 24 24 20 198 5066 5059 4398 2863 25 220 16 20 22 20 198 57 4644 65911 301 25 220 17 16 20 15 198 49 11983 647 17922 25 220 19 24 16 15 198 11109 64 14741 49713 25 220 21 23 17 23 198 2753 269 69543 25 220 16 20 16 19 198 49 11983 24548 13334 25 220 22 20 21 24 198 32887 1466 647 17922 25 220 24 18 20 16 198 32887 1466 27219 69578 380 25 220 19 16 18 19 198 25406 10524 41041 25 220 20 20 24 15 198 54 268 65911 301 25 220 23 23 18 22 198 35 1763 461 76715 25 220 21 19 22 19 198 39 3362 36020 25 220 24 23 21 19 198 28085 685 647 17922 25 220 20 24 17 21 198 92499 37710 25 220 21 20 22 21 198 49 2577 5891 15687 19840 25 220 17 15 24 22 198 42 2143 61479 85 25 220 19 16 17 20 198 49 11983 51194 25 220 20 16 16 19 198 45 52831 36020 25 220 16 18 23 21 198 61686 41041 25 220 18 15 21 24 198 92499 57153 25 220 22 17 20 20 198 94230 78 54407 25 220 16 18 17 15 198 35 1763 461 29953 25 220 20 24 22 19 271 14582 25 3555 374 279 2615 2038 369 39294 647 17922 5267 16141 25 576 2615 2038 369 39294 647 17922 374 220 23 23 18 22	347
r051/gold/q21	nll	6054 2038 19424 198 42 92023 37710 25 220 16 21 15 16 198 85384 15687 19840 25 220 21 23 20 16 198 2269 52313 14741 49713 25 220 23 17 24 24 198 5066 5059 730 4110 25 220 17 20 18 16 198 32887 1466 81781 25 220 23 22 21 24 198 86543 506 4554 1958 25 220 20 17 18 22 198 85384 63161 25 220 19 24 21 21 198 45 1579 337 2143 4620 585 25 220 23 23 16 22 198 40 15649 5540 25 220 23 22 23 20 198 49 2577 5891 36020 25 220 17 22 18 21 198 6953 57681 468 461 85261 25 220 19 24 24 24 198 32887 1466 40523 25 220 24 23 23 22 198 39 33501 647 17922 25 220 19 16 17 19 198 23950 404 730 4110 25 220 18 21 20 23 198 42 92023 15687 19840 25 220 19 17 19 16 198 92499 64009 25 220 20 23 17 18 198 45 1579 337 2143 468 461 85261 25 220 20 24 24 19 198 1143 268 51194 25 220 17 17 15 22 198 54 268 66945 14604 25 220 17 23 16 15 198 92499 55520 25 220 21 21 24 18 198 5066 5059 95683 25 220 23 23 16 16 198 39 33501 41041 25 220 23 22 21 18 198 32887 1466 57153 25 220 19 15 21 22 198 92499 57153 25 220 22 17 21 21 198 2269 321 61916 25 220 21 24 22 22 198 32887 1466 64009 25 220 24 18 21 17 198 61686 29953 25 220 17 21 15 20 198 5066 5059 64009 25 220 24 23 17 21 198 39 33501 730 363 1127 6642 25 220 23 17 23 18 198 67624 730 363 1127 6642 25 220 24 19 16 19 271 14582 25 3555 374 279 2615 2038 369 51094 41041 5267 16141 25 576 2615 2038 369 51094 41041 374 220 23 22 21 18	341
r051/wrong/q21	nll	6054 2038 19424 198 42 92023 37710 25 220 16 21 15 16 198 85384 15687 19840 25 220 21 23 20 16 198 2269 52313 14741 49713 25 220 23 17 24 24 198 5066 5059 730 4110 25 220 17 20 18 16 198 32887 1466 81781 25 220 23 22 21 24 198 86543 506 4554 1958 25 220 20 17 18 22 198 85384 63161 25 220 19 24 21 21 198 45 1579 337 2143 4620 585 25 220 23 23 16 22 198 40 15649 5540 25 220 23 22 23 20 198 49 2577 5891 36020 25 220 17 22 18 21 198 6953 57681 468 461 85261 25 220 19 24 24 24 198 32887 1466 40523 25 220 24 23 23 22 198 39 33501 647 17922 25 220 19 16 17 19 198 23950 404 730 4110 25 220 18 21 20 23 198 42 92023 15687 19840 25 220 19 17 19 16 198 92499 64009 25 220 20 23 17 18 198 45 1579 337 2143 468 461 85261 25 220 20 24 24 19 198 1143 268 51194 25 220 17 17 15 22 198 54 268 66945 14604 25 220 17 23 16 15 198 92499 55520 25 220 21 21 24 18 198 5066 5059 95683 25 220 23 23 16 16 198 39 33501 41041 25 220 23 22 21 18 198 32887 1466 57153 25 220 19 15 21 22 198 92499 57153 25 220 22 17 21 21 198 2269 321 61916 25 220 21 24 22 22 198 32887 1466 64009 25 220 24 18 21 17 198 61686 29953 25 220 17 21 15 20 198 5066 5059 64009 25 220 24 23 17 21 198 39 33501 730 363 1127 6642 25 220 23 17 23 18 198 67624 730 363 1127 6642 25 220 24 19 16 19 271 14582 25 3555 374 279 2615 2038 369 51094 41041 5267 16141 25 576 2615 2038 369 51094 41041 374 220 21 24 22 22	341
r052/gold/q22	nll	6054 2038 19424 198 28085 685 15687 19840 25 220 21 20 16 18 198 57 4644 28392 25 220 21 21 21 17 198 67624 66945 14604 25 220 21 22 19 15 198 57 5059 468 461 85261 25 220 19 15 23 22 198 2753 269 65911 301 25 220 20 19 18 22 198 2304 10524 4398 2863 25 220 22 17 23 24 198 85384 5540 25 220 23 24 16 22 198 52 1728 37710 25 220 20 22 23 16 198 52 1728 63161 25 220 16 15 20 21 198 51 25496 4620 585 25 220 18 18 16 24 198 6953 57681 76715 25 220 24 24 21 24 198 57 5059 37710 25 220 19 17 21 16 198 86543 730 363 1127 6642 25 220 24 22 19 19 198 57 5059 51065 25 220 23 24 15 23 198 37 67718 730 363 1127 6642 25 220 21 23 22 15 198 36 48021 63221 25 220 22 18 22 22 198 40645 685 55520 25 220 17 20 21 19 198 42 2143 15687 19840 25 220 22 15 23 15 198 37 67718 29953 25 220 23 17 24 16 198 56 355 1704 730 363 1127 6642 25 220 23 19 24 24 198 3430 2555 57153 25 220 22 17 15 16 198 51 22267 58750 25 220 19 21 16 22 198 6953 57681 81781 25 220 24 21 19 20 198 51 2780 80 14741 49713 25 220 21 18 17 19 198 23950 404 40523 25 220 21 15 22 18 198 51 2780 80 1863 35010 1536 25 220 18 20 16 17 198 46 24513 43229 83717 25 220 21 19 24 15 198 49 11983 15687 19840 25 220 17 22 16 17 198 23950 404 42127 25 220 22 22 24 20 198 39 3362 730 363 1127 6642 25 220 23 23 15 23 271 14582 25 3555 374 279 2615 2038 369 1644 57681 81781 5267 16141 25 576 2615 2038 369 1644 57681 81781 374 220 24 21 19 20	351
r052/wrong/q22	nll	6054 2038 19424 198 28085 685 15687 19840 25 220 21 20 16 18 198 57 4644 28392 25 220 21 21 21 17 198 67624 66945 14604 25 220 21 22 19 15 198 57 5059 468 461 85261 25 220 19 15 23 22 198 2753 269 65911 301 25 220 20 19 18 22 198 2304 10524 4398 2863 25 220 22 17 23 24 198 85384 5540 25 220 23 24 16 22 198 52 1728 37710 25 220 20 22 23 16 198 52 1728 63161 25 220 16 15 20 21 198 51 25496 4620 585 25 220 18 18 16 24 198 6953 57681 76715 25 220 24 24 21 24 198 57 5059 37710 25 220 19 17 21 16 198 86543 730 363 1127 6642 25 220 24 22 19 19 198 57 5059 51065 25 220 23 24 15 23 198 37 67718 730 363 1127 6642 25 220 21 23 22 15 198 36 48021 63221 25 220 22 18 22 22 198 40645 685 55520 25 220 17 20 21 19 198 42 2143 15687 19840 25 220 22 15 23 15 198 37 67718 29953 25 220 23 17 24 16 198 56 355 1704 730 363 1127 6642 25 220 23 19 24 24 198 3430 2555 57153 25 220 22 17 15 16 198 51 22267 58750 25 220 19 21 16 22 198 6953 57681 81781 25 220 24 21 19 20 198 51 2780 80 14741 49713 25 220 21 18 17 19 198 23950 404 40523 25 220 21 15 22 18 198 51 2780 80 1863 35010 1536 25 220 18 20 16 17 198 46 24513 43229 83717 25 220 21 19 24 15 198 49 11983 15687 19840 25 220 17 22 16 17 198 23950 404 42127 25 220 22 22 24 20 198 39 3362 730 363 1127 6642 25 220 23 23 15 23 271 14582 25 3555 374 279 2615 2038 369 1644 57681 81781 5267 16141 25 576 2615 2038 369 1644 57681 81781 374 220 19 21 16 22	351
r053/gold/q23	nll	6054 2038 19424 198 23950 404 95683 25 220 16 23 16 21 198 49 2577 5891 5540 25 220 21 21 16 21 198 35 1763 461 506 4554 1958 25 220 16 19 19 18 198 51 25496 14741 49713 25 220 20 20 22 23 198 92878 7755 4398 2863 25 220 21 21 15 21 198 51 22267 65911 301 25 220 24 15 16 16 198 32887 1466 65911 301 25 220 21 22 21 15 198 28085 685 41421 12660 25 220 19 19 24 21 198 2753 269 54407 25 220 24 20 17 15 198 50 1055 685 63221 25 220 19 15 20 24 198 40645 685 730 4110 25 220 16 18 17 19 198 37152 300 54407 25 220 23 21 24 24 198 35 1763 461 57153 25 220 21 22 16 20 198 49 2577 5891 51194 25 220 17 18 21 23 198 37152 300 63221 25 220 20 23 21 21 198 641 288 17095 29048 25 220 21 21 21 18 198 57 4644 61479 85 25 220 16 20 18 15 198 57 4644 15687 19840 25 220 16 22 20 16 198 641 288 43229 83717 25 220 21 19 24 15 198 35 1763 461 24548 13334 25 220 16 19 15 18 198 23950 404 647 17922 25 220 17 17 17 24 198 5066 5059 1863 35010 1536 25 220 17 19 15 19 198 37 67718 29953 25 220 24 17 19 22 198 45 1579 337 2143 66945 14604 25 220 21 22 16 19 198 45 52831 75502 25 220 23 24 19 23 198 25406 10524 69543 25 220 17 24 20 24 198 57 4644 43229 83717 25 220 23 21 20 20 198 46 24513 4398 2863 25 220 16 17 21 20 198 95347 15687 19840 25 220 18 23 15 16 198 92878 7755 63221 25 220 22 22 16 22 271 14582 25 3555 374 279 2615 2038 369 95557 2143 66945 14604 5267 16141 25 576 2615 2038 369 95557 2143 66945 14604 374 220 21 22 16 19	355
r053/wrong/q23	nll	6054 2038 19424 198 23950 404 95683 25 220 16 23 16 21 198 49 2577 5891 5540 25 220 21 21 16 21 198 35 1763 461 506 4554 1958 25 220 16 19 19 18 198 51 25496 14741 49713 25 220 20 20 22 23 198 92878 7755 4398 2863 25 220 21 21 15 21 198 51 22267 65911 301 25 220 24 15 16 16 198 32887 1466 65911 301 25 220 21 22 21 15 198 28085 685 41421 12660 25 220 19 19 24 21 198 2753 269 54407 25 220 24 20 17 15 198 50 1055 685 63221 25 220 19 15 20 24 198 40645 685 730 4110 25 220 16 18 17 19 198 37152 300 54407 25 220 23 21 24 24 198 35 1763 461 57153 25 220 21 22 16 20 198 49 2577 5891 51194 25 220 17 18 21 23 198 37152 300 63221 25 220 20 23 21 21 198 641 288 17095 29048 25 220 21 21 21 18 198 57 4644 61479 85 25 220 16 20 18 15 198 57 4644 15687 19840 25 220 16 22 20 16 198 641 288 43229 83717 25 220 21 19 24 15 198 35 1763 461 24548 13334 25 220 16 19 15 18 198 23950 404 647 17922 25 220 17 17 17 24 198 5066 5059 1863 35010 1536 25 220 17 19 15 19 198 37 67718 29953 25 220 24 17 19 22 198 45 1579 337 2143 66945 14604 25 220 21 22 16 19 198 45 52831 75502 25 220 23 24 19 23 198 25406 10524 69543 25 220 17 24 20 24 198 57 4644 43229 83717 25 220 23 21 20 20 198 46 24513 4398 2863 25 220 16 17 21 20 198 95347 15687 19840 25 220 18 23 15 16 198 92878 7755 63221 25 220 22 22 16 22 271 14582 25 3555 374 279 2615 2038 369 95557 2143 66945 14604 5267 16141 25 576 2615 2038 369 95557 2143 66945 14604 374 220 21 21 15 21	355
r054/gold/q24	nll	6054 2038 19424 198 37 67718 647 17922 25 220 18 20 24 19 198 56 355 1704 81781 25 220 20 23 21 20 198 11109 64 51065 25 220 21 18 15 16 198 1143 268 57153 25 220 20 15 23 17 198 42 92023 65911 301 25 220 18 18 18 18 198 3430 2555 97276 25 220 16 21 23 18 198 51 2780 80 63161 25 220 23 24 16 24 198 37 67718 1863 35010 1536 25 220 17 19 20 21 198 2753 269 41041 25 220 19 24 22 23 198 49 11983 41421 12660 25 220 16 20 16 18 198 641 288 55520 25 220 19 23 19 18 198 54 268 15687 19840 25 220 17 22 16 21 198 45 1579 337 2143 647 17922 25 220 24 24 24 19 198 40 15649 41421 12660 25 220 18 21 17 21 198 36125 269 97276 25 220 18 22 18 18 198 5066 5059 33554 56860 25 220 16 23 16 23 198 46 24513 730 4110 25 220 17 17 21 15 198 86543 42127 25 220 19 19 23 20 198 49 2577 5891 29953 25 220 16 18 20 19 198 37152 300 15687 19840 25 220 20 23 19 22 198 50 1055 685 47623 25 220 22 20 20 20 198 57 5059 14741 49713 25 220 21 20 22 24 198 23950 404 36020 25 220 16 19 15 16 198 40 15649 76715 25 220 19 16 22 20 198 49 11983 55520 25 220 22 21 17 24 198 45 1579 337 2143 65503 25 220 23 17 22 20 198 57 5059 63161 25 220 22 24 17 19 198 37 67718 17095 29048 25 220 23 20 15 15 198 92878 7755 41041 25 220 18 20 16 18 198 51 22267 63221 25 220 24 15 20 17 271 14582 25 3555 374 279 2615 2038 369 46830 55520 5267 16141 25 576 2615 2038 369 46830 55520 374 220 22 21 17 24	344
r054/wrong/q24	nll	6054 2038 19424 198 37 67718 647 17922 25 220 18 20 24 19 198 56 355 1704 81781 25 220 20 23 21 20 198 11109 64 51065 25 220 21 18 15 16 198 1143 268 57153 25 220 20 15 23 17 198 42 92023 65911 301 25 220 18 18 18 18 198 3430 2555 97276 25 220 16 21 23 18 198 51 2780 80 63161 25 220 23 24 16 24 198 37 67718 1863 35010 1536 25 220 17 19 20 21 198 2753 269 41041 25 220 19 24 22 23 198 49 11983 41421 12660 25 220 16 20 16 18 198 641 288 55520 25 220 19 23 19 18 198 54 268 15687 19840 25 220 17 22 16 21 198 45 1579 337 2143 647 17922 25 220 24 24 24 19 198 40 15649 41421 12660 25 220 18 21 17 21 198 36125 269 97276 25 220 18 22 18 18 198 5066 5059 33554 56860 25 220 16 23 16 23 198 46 24513 730 4110 25 220 17 17 21 15 198 86543 42127 25 220 19 19 23 20 198 49 2577 5891 29953 25 220 16 18 20 19 198 37152 300 15687 19840 25 220 20 23 19 22 198 50 1055 685 47623 25 220 22 20 20 20 198 57 5059 14741 49713 25 220 21 20 22 24 198 23950 404 36020 25 220 16 19 15 16 198 40 15649 76715 25 220 19 16 22 20 198 49 11983 55520 25 220 22 21 17 24 198 45 1579 337 2143 65503 25 220 23 17 22 20 198 57 5059 63161 25 220 22 24 17 19 198 37 67718 17095 29048 25 220 23 20 15 15 198 92878 7755 41041 25 220 18 20 16 18 198 51 22267 63221 25 220 24 15 20 17 271 14582 25 3555 374 279 2615 2038 369 46830 55520 5267 16141 25 576 2615 2038 369 46830 55520 374 220 21 18 15 16	344
r055/gold/q25	nll	6054 2038 19424 198 37152 300 55520 25 220 24 19 22 24 198 45 52831 65633 25 220 23 15 16 22 198 6953 57681 468 461 85261 25 220 23 22 16 22 198 6091 5059 75502 25 220 21 24 24 20 198 45 52831 14741 49713 25 220 21 15 17 21 198 51 2780 80 472 718 329 25 220 22 15 23 21 198 92499 76069 25 220 24 18 24 22 198 49 11983 5540 25 220 20 17 17 20 198 1143 268 69543 25 220 20 19 21 24 198 92499 51194 25 220 19 15 16 16 198 42 92023 506 4554 1958 25 220 17 24 17 22 198 25406 10524 647 17922 25 220 17 18 15 15 198 51 22267 65633 25 220 18 24 23 24 198 56 355 1704 47623 25 220 16 17 16 24 198 28085 685 69543 25 220 22 24 22 17 198 51 25496 15687 19840 25 220 20 22 21 17 198 2269 52313 730 4110 25 220 23 17 17 19 198 45 52831 63221 25 220 16 21 15 24 198 39 3362 4620 585 25 220 23 19 24 23 198 1143 268 730 4110 25 220 21 17 16 16 198 67624 75502 25 220 24 15 20 23 198 57 5059 85551 25 220 22 24 19 21 198 42 92023 51065 25 220 22 20 20 17 198 40 15649 27219 69578 380 25 220 24 19 24 20 198 641 288 58750 25 220 24 20 24 18 198 37152 300 65503 25 220 23 16 22 16 198 6091 5059 17095 29048 25 220 24 23 20 15 198 56 355 1704 17095 29048 25 220 21 23 20 15 198 86543 730 4110 25 220 16 18 16 15 198 50 1055 685 730 4110 25 220 16 20 19 19 271 14582 25 3555 374 279 2615 2038 369 68086 65503 5267 16141 25 576 2615 2038 369 68086 65503 374 220 23 16 22 16	342
r055/wrong/q25	nll	6054 2038 19424 198 37152 300 55520 25 220 24 19 22 24 198 45 52831 65633 25 220 23 15 16 22 198 6953 57681 468 461 85261 25 220 23 22 16 22 198 6091 5059 75502 25 220 21 24 24 20 198 45 52831 14741 49713 25 220 21 15 17 21 198 51 2780 80 472 718 329 25 220 22 15 23 21 198 92499 76069 25 220 24 18 24 22 198 49 11983 5540 25 220 20 17 17 20 198 1143 268 69543 25 220 20 19 21 24 198 92499 51194 25 220 19 15 16 16 198 42 92023 506 4554 1958 25 220 17 24 17 22 198 25406 10524 647 17922 25 220 17 18 15 15 198 51 22267 65633 25 220 18 24 23 24 198 56 355 1704 47623 25 220 16 17 16 24 198 28085 685 69543 25 220 22 24 22 17 198 51 25496 15687 19840 25 220 20 22 21 17 198 2269 52313 730 4110 25 220 23 17 17 19 198 45 52831 63221 25 220 16 21 15 24 198 39 3362 4620 585 25 220 23 19 24 23 198 1143 268 730 4110 25 220 21 17 16 16 198 67624 75502 25 220 24 15 20 23 198 57 5059 85551 25 220 22 24 19 21 198 42 92023 51065 25 220 22 20 20 17 198 40 15649 27219 69578 380 25 220 24 19 24 20 198 641 288 58750 25 220 24 20 24 18 198 37152 300 65503 25 220 23 16 22 16 198 6091 5059 17095 29048 25 220 24 23 20 15 198 56 355 1704 17095 29048 25 220 21 23 20 15 198 86543 730 4110 25 220 16 18 16 15 198 50 1055 685 730 4110 25 220 16 20 19 19 271 14582 25 3555 374 279 2615 2038 369 68086 65503 5267 16141 25 576 2615 2038 369 68086 65503 374 220 23 19 24 23	342
r056/gold/q26	nll	6054 2038 19424 198 86543 45111 288 25 220 16 20 23 16 198 37 67718 76069 25 220 17 16 15 19 198 3430 2555 506 4554 1958 25 220 20 21 17 21 198 46 24513 65633 25 220 21 23 19 15 198 49 2577 5891 55520 25 220 18 24 15 24 198 49 2577 5891 63221 25 220 18 20 15 24 198 56 5059 66945 14604 25 220 22 24 15 19 198 56 5059 64009 25 220 20 21 15 24 198 32887 1466 51194 25 220 17 24 17 16 198 50 1055 685 63161 25 220 23 23 15 18 198 28085 685 468 461 85261 25 220 17 17 20 24 198 52 1728 64009 25 220 20 18 18 24 198 86543 65911 301 25 220 16 18 23 15 198 32887 1466 33554 56860 25 220 18 21 23 19 198 51 2780 80 14741 49713 25 220 24 24 17 20 198 57 5059 647 17922 25 220 18 21 20 24 198 2753 269 647 17922 25 220 23 17 16 19 198 92878 7755 37710 25 220 22 24 19 24 198 11109 64 81781 25 220 17 24 20 19 198 42 2143 1863 35010 1536 25 220 23 17 15 19 198 50 1055 685 468 461 85261 25 220 19 20 22 24 198 56 5059 43229 83717 25 220 21 16 16 22 198 1143 268 730 4110 25 220 21 20 22 16 198 32887 1466 66945 14604 25 220 20 21 24 18 198 43 1561 85551 25 220 21 21 23 24 198 51 2780 80 45111 288 25 220 18 24 22 22 198 40 15649 65503 25 220 17 18 18 23 198 61686 75502 25 220 23 18 17 24 198 37 67718 43229 83717 25 220 23 16 17 24 198 61686 4620 585 25 220 17 22 23 22 271 14582 25 3555 374 279 2615 2038 369 41421 65503 5267 16141 25 576 2615 2038 369 41421 65503 374 220 17 18 18 23	347
r056/wrong/q26	nll	6054 2038 19424 198 86543 45111 288 25 220 16 20 23 16 198 37 67718 76069 25 220 17 16 15 19 198 3430 2555 506 4554 1958 25 220 20 21 17 21 198 46 24513 65633 25 220 21 23 19 15 198 49 2577 5891 55520 25 220 18 24 15 24 198 49 2577 5891 63221 25 220 18 20 15 24 198 56 5059 66945 14604 25 220 22 24 15 19 198 56 5059 64009 25 220 20 21 15 24 198 32887 1466 51194 25 220 17 24 17 16 198 50 1055 685 63161 25 220 23 23 15 18 198 28085 685 468 461 85261 25 220 17 17 20 24 198 52 1728 64009 25 220 20 18 18 24 198 86543 65911 301 25 220 16 18 23 15 198 32887 1466 33554 56860 25 220 18 21 23 19 198 51 2780 80 14741 49713 25 220 24 24 17 20 198 57 5059 647 17922 25 220 18 21 20 24 198 2753 269 647 17922 25 220 23 17 16 19 198 92878 7755 37710 25 220 22 24 19 24 198 11109 64 81781 25 220 17 24 20 19 198 42 2143 1863 35010 1536 25 220 23 17 15 19 198 50 1055 685 468 461 85261 25 220 19 20 22 24 198 56 5059 43229 83717 25 220 21 16 16 22 198 1143 268 730 4110 25 220 21 20 22 16 198 32887 1466 66945 14604 25 220 20 21 24 18 198 43 1561 85551 25 220 21 21 23 24 198 51 2780 80 45111 288 25 220 18 24 22 22 198 40 15649 65503 25 220 17 18 18 23 198 61686 75502 25 220 23 18 17 24 198 37 67718 43229 83717 25 220 23 16 17 24 198 61686 4620 585 25 220 17 22 23 22 271 14582 25 3555 374 279 2615 2038 369 41421 65503 5267 16141 25 576 2615 2038 369 41421 65503 374 220 20 21 15 24	347
r057/gold/q27	nll	6054 2038 19424 198 51 2780 80 55520 25 220 19 22 15 16 198 42 92023 63161 25 220 21 24 21 24 198 92499 27219 69578 380 25 220 23 23 19 15 198 56 355 1704 36020 25 220 21 18 24 21 198 94230 78 1863 35010 1536 25 220 22 22 15 15 198 54 268 81781 25 220 24 15 20 20 198 5066 5059 66945 14604 25 220 16 15 19 17 198 92499 55520 25 220 22 20 16 20 198 61686 33554 56860 25 220 20 15 21 21 198 61686 41041 25 220 20 17 15 16 198 52 1728 81781 25 220 20 22 23 18 198 40645 685 81781 25 220 21 17 21 15 198 37 67718 506 4554 1958 25 220 18 22 23 18 198 49 2577 5891 647 17922 25 220 24 17 24 16 198 51 25496 54407 25 220 17 22 20 21 198 56 355 1704 66945 14604 25 220 19 20 17 24 198 641 288 76069 25 220 19 20 17 19 198 42 92023 4620 585 25 220 20 21 17 24 198 32887 1466 95683 25 220 23 23 15 23 198 52 1728 58750 25 220 21 22 22 18 198 57 5059 37710 25 220 16 18 15 22 198 641 288 55520 25 220 21 22 19 21 198 6091 5059 506 4554 1958 25 220 19 23 24 17 198 2753 269 506 4554 1958 25 220 21 21 19 16 198 49 2577 5891 4398 2863 25 220 22 17 20 21 198 40 15649 69543 25 220 21 16 20 24 198 51 22267 730 4110 25 220 23 15 19 15 198 45 1579 337 2143 730 4110 25 220 20 15 21 18 198 51 22267 63161 25 220 22 22 21 16 198 6953 57681 468 461 85261 25 220 17 23 17 15 271 14582 25 3555 374 279 2615 2038 369 95557 2143 730 4110 5267 16141 25 576 2615 2038 369 95557 2143 730 4110 374 220 20 15 21 18	351
r057/wrong/q27	nll	6054 2038 19424 198 51 2780 80 55520 25 220 19 22 15 16 198 42 92023 63161 25 220 21 24 21 24 198 92499 27219 69578 380 25 220 23 23 19 15 198 56 355 1704 36020 25 220 21 18 24 21 198 94230 78 1863 35010 1536 25 220 22 22 15 15 198 54 268 81781 25 220 24 15 20 20 198 5066 5059 66945 14604 25 220 16 15 19 17 198 92499 55520 25 220 22 20 16 20 198 61686 33554 56860 25 220 20 15 21 21 198 61686 41041 25 220 20 17 15 16 198 52 1728 81781 25 220 20 22 23 18 198 40645 685 81781 25 220 21 17 21 15 198 37 67718 506 4554 1958 25 220 18 22 23 18 198 49 2577 5891 647 17922 25 220 24 17 24 16 198 51 25496 54407 25 220 17 22 20 21 198 56 355 1704 66945 14604 25 220 19 20 17 24 198 641 288 76069 25 220 19 20 17 19 198 42 92023 4620 585 25 220 20 21 17 24 198 32887 1466 95683 25 220 23 23 15 23 198 52 1728 58750 25 220 21 22 22 18 198 57 5059 37710 25 220 16 18 15 22 198 641 288 55520 25 220 21 22 19 21 198 6091 5059 506 4554 1958 25 220 19 23 24 17 198 2753 269 506 4554 1958 25 220 21 21 19 16 198 49 2577 5891 4398 2863 25 220 22 17 20 21 198 40 15649 69543 25 220 21 16 20 24 198 51 22267 730 4110 25 220 23 15 19 15 198 45 1579 337 2143 730 4110 25 220 20 15 21 18 198 51 22267 63161 25 220 22 22 21 16 198 6953 57681 468 461 85261 25 220 17 23 17 15 271 14582 25 3555 374 279 2615 2038 369 95557 2143 730 4110 5267 16141 25 576 2615 2038 369 95557 2143 730 4110 374 220 23 23 19 15	351
r058/gold/q28	nll	6054 2038 19424 198 6953 57681 29953 25 220 22 21 16 20 198 94230 78 61916 25 220 21 19 19 15 198 95347 47623 25 220 19 22 22 24 198 86543 1863 35010 1536 25 220 16 16 20 23 198 1143 268 75502 25 220 17 23 23 22 198 1143 268 51065 25 220 18 23 20 23 198 37 67718 1863 35010 1536 25 220 17 20 20 19 198 42 2143 64009 25 220 20 18 20 24 198 25406 10524 27219 69578 380 25 220 24 18 19 18 198 92499 1863 35010 1536 25 220 22 23 18 20 198 56 355 1704 69543 25 220 18 20 22 21 198 86543 15687 19840 25 220 22 21 22 17 198 2304 10524 730 4110 25 220 22 22 21 20 198 40 15649 61916 25 220 16 23 19 24 198 6091 5059 29953 25 220 18 24 17 20 198 3430 2555 85551 25 220 24 16 16 18 198 36 48021 76069 25 220 20 17 18 17 198 57 4644 85551 25 220 16 23 16 24 198 2304 10524 65911 301 25 220 16 16 20 15 198 54 268 76069 25 220 18 21 17 15 198 45 52831 58750 25 220 16 21 15 24 198 35 1763 461 24548 13334 25 220 22 22 24 24 198 56 5059 76069 25 220 18 16 19 22 198 2753 269 29953 25 220 22 18 22 24 198 32887 1466 76069 25 220 22 24 19 15 198 2753 269 51065 25 220 22 23 22 22 198 86543 647 17922 25 220 20 16 19 15 198 36125 269 24548 13334 25 220 19 16 20 19 198 25406 10524 75502 25 220 20 22 21 23 198 45 52831 42127 25 220 18 16 23 22 271 14582 25 3555 374 279 2615 2038 369 8055 10524 75502 5267 16141 25 576 2615 2038 369 8055 10524 75502 374 220 20 22 21 23	337
r058/wrong/q28	nll	6054 2038 19424 198 6953 57681 29953 25 220 22 21 16 20 198 94230 78 61916 25 220 21 19 19 15 198 95347 47623 25 220 19 22 22 24 198 86543 1863 35010 1536 25 220 16 16 20 23 198 1143 268 75502 25 220 17 23 23 22 198 1143 268 51065 25 220 18 23 20 23 198 37 67718 1863 35010 1536 25 220 17 20 20 19 198 42 2143 64009 25 220 20 18 20 24 198 25406 10524 27219 69578 380 25 220 24 18 19 18 198 92499 1863 35010 1536 25 220 22 23 18 20 198 56 355 1704 69543 25 220 18 20 22 21 198 86543 15687 19840 25 220 22 21 22 17 198 2304 10524 730 4110 25 220 22 22 21 20 198 40 15649 61916 25 220 16 23 19 24 198 6091 5059 29953 25 220 18 24 17 20 198 3430 2555 85551 25 220 24 16 16 18 198 36 48021 76069 25 220 20 17 18 17 198 57 4644 85551 25 220 16 23 16 24 198 2304 10524 65911 301 25 220 16 16 20 15 198 54 268 76069 25 220 18 21 17 15 198 45 52831 58750 25 220 16 21 15 24 198 35 1763 461 24548 13334 25 220 22 22 24 24 198 56 5059 76069 25 220 18 16 19 22 198 2753 269 29953 25 220 22 18 22 24 198 32887 1466 76069 25 220 22 24 19 15 198 2753 269 51065 25 220 22 23 22 22 198 86543 647 17922 25 220 20 16 19 15 198 36125 269 24548 13334 25 220 19 16 20 19 198 25406 10524 75502 25 220 20 22 21 23 198 45 52831 42127 25 220 18 16 23 22 271 14582 25 3555 374 279 2615 2038 369 8055 10524 75502 5267 16141 25 576 2615 2038 369 8055 10524 75502 374 220 21 19 19 15	337
r059/gold/q29	nll	6054 2038 19424 198 56 5059 65633 25 220 17 24 17 15 198 39 3362 65633 25 220 23 16 24 17 198 39 3362 41421 12660 25 220 19 18 18 17 198 40645 685 730 363 1127 6642 25 220 20 17 21 23 198 39 33501 42127 25 220 22 20 20 24 198 2304 10524 506 4554 1958 25 220 24 22 19 21 198 51 25496 5540 25 220 19 19 19 16 198 61686 64009 25 220 20 16 20 18 198 51 25496 69543 25 220 18 19 16 15 198 6953 57681 730 363 1127 6642 25 220 22 21 22 21 198 45 1579 337 2143 45111 288 25 220 16 23 22 19 198 2304 10524 85551 25 220 20 18 21 20 198 2304 10524 57153 25 220 24 17 20 23 198 61686 730 363 1127 6642 25 220 22 21 17 15 198 49 11983 61916 25 220 18 16 22 18 198 95347 63161 25 220 17 19 22 18 198 49 11983 40523 25 220 20 19 24 19 198 641 288 36020 25 220 19 15 21 22 198 56 355 1704 506 4554 1958 25 220 17 22 20 17 198 56 355 1704 33554 56860 25 220 22 19 23 19 198 49 11983 58750 25 220 17 23 17 15 198 2269 52313 69543 25 220 21 17 15 24 198 57 5059 69543 25 220 16 17 20 24 198 52 1728 65633 25 220 24 18 24 18 198 37152 300 51194 25 220 20 21 20 21 198 32887 1466 472 718 329 25 220 20 17 15 22 198 52 1728 24548 13334 25 220 22 22 19 18 198 2269 52313 75502 25 220 17 15 19 24 198 54 268 647 17922 25 220 16 22 22 21 198 6953 57681 81781 25 220 20 15 18 23 271 14582 25 3555 374 279 2615 2038 369 1644 57681 81781 5267 16141 25 576 2615 2038 369 1644 57681 81781 374 220 20 15 18 23	347
r059/wrong/q29	nll	6054 2038 19424 198 56 5059 65633 25 220 17 24 17 15 198 39 3362 65633 25 220 23 16 24 17 198 39 3362 41421 12660 25 220 19 18 18 17 198 40645 685 730 363 1127 6642 25 220 20 17 21 23 198 39 33501 42127 25 220 22 20 20 24 198 2304 10524 506 4554 1958 25 220 24 22 19 21 198 51 25496 5540 25 220 19 19 19 16 198 61686 64009 25 220 20 16 20 18 198 51 25496 69543 25 220 18 19 16 15 198 6953 57681 730 363 1127 6642 25 220 22 21 22 21 198 45 1579 337 2143 45111 288 25 220 16 23 22 19 198 2304 10524 85551 25 220 20 18 21 20 198 2304 10524 57153 25 220 24 17 20 23 198 61686 730 363 1127 6642 25 220 22 21 17 15 198 49 11983 61916 25 220 18 16 22 18 198 95347 63161 25 220 17 19 22 18 198 49 11983 40523 25 220 20 19 24 19 198 641 288 36020 25 220 19 15 21 22 198 56 355 1704 506 4554 1958 25 220 17 22 20 17 198 56 355 1704 33554 56860 25 220 22 19 23 19 198 49 11983 58750 25 220 17 23 17 15 198 2269 52313 69543 25 220 21 17 15 24 198 57 5059 69543 25 220 16 17 20 24 198 52 1728 65633 25 220 24 18 24 18 198 37152 300 51194 25 220 20 21 20 21 198 32887 1466 472 718 329 25 220 20 17 15 22 198 52 1728 24548 13334 25 220 22 22 19 18 198 2269 52313 75502 25 220 17 15 19 24 198 54 268 647 17922 25 220 16 22 22 21 198 6953 57681 81781 25 220 20 15 18 23 271 14582 25 3555 374 279 2615 2038 369 1644 57681 81781 5267 16141 25 576 2615 2038 369 1644 57681 81781 374 220 20 17 21 23	347
r060/gold/q0	nll	6054 2038 19424 198 54 268 95683 25 220 18 18 21 17 198 45 52831 58750 25 220 21 15 18 19 198 5066 5059 27219 69578 380 25 220 24 19 18 19 198 2269 52313 472 718 329 25 220 23 17 23 15 198 95347 57153 25 220 19 19 16 24 198 23950 404 85551 25 220 16 22 23 20 198 39 33501 63161 25 220 21 24 17 23 198 56 355 1704 63161 25 220 16 18 15 19 198 86543 61916 25 220 16 19 20 23 198 28085 685 40523 25 220 16 21 24 15 198 92878 7755 29953 25 220 22 21 16 17 198 641 288 42127 25 220 19 24 22 16 198 40645 685 14741 49713 25 220 24 16 23 20 198 37 67718 5540 25 220 22 21 18 19 198 85384 69543 25 220 16 18 18 18 198 51 2780 80 55520 25 220 16 23 20 15 198 51 22267 42127 25 220 17 15 21 17 198 39 3362 15687 19840 25 220 16 24 24 16 198 67624 58750 25 220 23 22 19 17 198 86543 51194 25 220 16 16 18 22 198 32887 1466 57153 25 220 24 15 21 16 198 85384 647 17922 25 220 24 19 17 22 198 92499 65911 301 25 220 20 21 23 22 198 92878 7755 51194 25 220 18 17 17 23 198 39 33501 15687 19840 25 220 20 24 23 21 198 3430 2555 76069 25 220 16 19 17 19 198 1143 268 51194 25 220 23 19 20 21 198 42 2143 730 4110 25 220 20 20 17 15 198 45 1579 337 2143 15687 19840 25 220 21 15 23 19 198 42 92023 468 461 85261 25 220 17 21 16 16 271 14582 25 3555 374 279 2615 2038 369 61223 95683 5267 16141 25 576 2615 2038 369 61223 95683 374 220 18 18 21 17	334
r060/wrong/q0	nll	6054 2038 19424 198 54 268 95683 25 220 18 18 21 17 198 45 52831 58750 25 220 21 15 18 19 198 5066 5059 27219 69578 380 25 220 24 19 18 19 198 2269 52313 472 718 329 25 220 23 17 23 15 198 95347 57153 25 220 19 19 16 24 198 23950 404 85551 25 220 16 22 23 20 198 39 33501 63161 25 220 21 24 17 23 198 56 355 1704 63161 25 220 16 18 15 19 198 86543 61916 25 220 16 19 20 23 198 28085 685 40523 25 220 16 21 24 15 198 92878 7755 29953 25 220 22 21 16 17 198 641 288 42127 25 220 19 24 22 16 198 40645 685 14741 49713 25 220 24 16 23 20 198 37 67718 5540 25 220 22 21 18 19 198 85384 69543 25 220 16 18 18 18 198 51 2780 80 55520 25 220 16 23 20 15 198 51 22267 42127 25 220 17 15 21 17 198 39 3362 15687 19840 25 220 16 24 24 16 198 67624 58750 25 220 23 22 19 17 198 86543 51194 25 220 16 16 18 22 198 32887 1466 57153 25 220 24 15 21 16 198 85384 647 17922 25 220 24 19 17 22 198 92499 65911 301 25 220 20 21 23 22 198 92878 7755 51194 25 220 18 17 17 23 198 39 33501 15687 19840 25 220 20 24 23 21 198 3430 2555 76069 25 220 16 19 17 19 198 1143 268 51194 25 220 23 19 20 21 198 42 2143 730 4110 25 220 20 20 17 15 198 45 1579 337 2143 15687 19840 25 220 21 15 23 19 198 42 92023 468 461 85261 25 220 17 21 16 16 271 14582 25 3555 374 279 2615 2038 369 61223 95683 5267 16141 25 576 2615 2038 369 61223 95683 374 220 18 17 17 23	334
r061/gold/q1	nll	6054 2038 19424 198 40645 685 65503 25 220 21 16 21 24 198 40 15649 51194 25 220 16 20 19 21 198 51 22267 95683 25 220 22 21 18 24 198 641 288 81781 25 220 20 19 19 19 198 49 2577 5891 28392 25 220 20 18 15 18 198 49 2577 5891 65911 301 25 220 17 24 22 19 198 42 92023 54407 25 220 22 15 20 20 198 6953 57681 4398 2863 25 220 18 21 20 20 198 95347 69543 25 220 18 17 24 22 198 46 24513 24548 13334 25 220 16 19 18 15 198 92878 7755 61479 85 25 220 24 18 17 16 198 95347 58750 25 220 21 19 16 24 198 1143 268 33554 56860 25 220 19 16 21 24 198 57 4644 24548 13334 25 220 17 18 21 24 198 57 5059 29953 25 220 24 21 20 23 198 40645 685 36020 25 220 23 20 18 22 198 39 3362 43229 83717 25 220 18 24 17 24 198 86543 730 4110 25 220 17 23 18 21 198 52 1728 4620 585 25 220 21 20 24 24 198 56 5059 76069 25 220 18 24 20 21 198 51 2780 80 97276 25 220 19 23 17 19 198 36125 269 14741 49713 25 220 19 20 22 19 198 36125 269 17095 29048 25 220 22 18 15 22 198 92499 54407 25 220 23 22 20 17 198 40 15649 55520 25 220 23 19 23 24 198 1143 268 5540 25 220 18 15 21 19 198 57 4644 54407 25 220 23 18 15 20 198 61686 61916 25 220 21 22 17 23 198 56 355 1704 65633 25 220 24 19 19 17 198 43 1561 57153 25 220 21 18 19 17 271 14582 25 3555 374 279 2615 2038 369 41421 51194 5267 16141 25 576 2615 2038 369 41421 51194 374 220 16 20 19 21	334
r061/wrong/q1	nll	6054 2038 19424 198 40645 685 65503 25 220 21 16 21 24 198 40 15649 51194 25 220 16 20 19 21 198 51 22267 95683 25 220 22 21 18 24 198 641 288 81781 25 220 20 19 19 19 198 49 2577 5891 28392 25 220 20 18 15 18 198 49 2577 5891 65911 301 25 220 17 24 22 19 198 42 92023 54407 25 220 22 15 20 20 198 6953 57681 4398 2863 25 220 18 21 20 20 198 95347 69543 25 220 18 17 24 22 198 46 24513 24548 13334 25 220 16 19 18 15 198 92878 7755 61479 85 25 220 24 18 17 16 198 95347 58750 25 220 21 19 16 24 198 1143 268 33554 56860 25 220 19 16 21 24 198 57 4644 24548 13334 25 220 17 18 21 24 198 57 5059 29953 25 220 24 21 20 23 198 40645 685 36020 25 220 23 20 18 22 198 39 3362 43229 83717 25 220 18 24 17 24 198 86543 730 4110 25 220 17 23 18 21 198 52 1728 4620 585 25 220 21 20 24 24 198 56 5059 76069 25 220 18 24 20 21 198 51 2780 80 97276 25 220 19 23 17 19 198 36125 269 14741 49713 25 220 19 20 22 19 198 36125 269 17095 29048 25 220 22 18 15 22 198 92499 54407 25 220 23 22 20 17 198 40 15649 55520 25 220 23 19 23 24 198 1143 268 5540 25 220 18 15 21 19 198 57 4644 54407 25 220 23 18 15 20 198 61686 61916 25 220 21 22 17 23 198 56 355 1704 65633 25 220 24 19 19 17 198 43 1561 57153 25 220 21 18 19 17 271 14582 25 3555 374 279 2615 2038 369 41421 51194 5267 16141 25 576 2615 2038 369 41421 51194 374 220 19 16 21 24	334
r062/gold/q2	nll	6054 2038 19424 198 54 268 468 461 85261 25 220 17 15 22 23 198 11109 64 47623 25 220 21 17 18 17 198 86543 66945 14604 25 220 17 15 20 15 198 49 2577 5891 730 363 1127 6642 25 220 24 18 15 18 198 25406 10524 42127 25 220 21 17 23 17 198 641 288 4398 2863 25 220 18 18 19 21 198 61686 64009 25 220 24 24 24 23 198 42 92023 51065 25 220 17 17 23 15 198 2753 269 33554 56860 25 220 20 20 24 15 198 2753 269 63221 25 220 18 15 24 21 198 56 5059 40523 25 220 18 15 23 21 198 32887 1466 41421 12660 25 220 24 17 19 19 198 45 1579 337 2143 647 17922 25 220 17 20 22 18 198 2269 52313 57153 25 220 19 15 16 16 198 86543 95683 25 220 16 15 17 24 198 45 1579 337 2143 65633 25 220 18 19 23 21 198 94230 78 1863 35010 1536 25 220 19 17 20 16 198 46 24513 61479 85 25 220 18 16 16 19 198 40645 685 647 17922 25 220 24 23 17 19 198 35 1763 461 76715 25 220 23 19 19 24 198 23950 404 730 363 1127 6642 25 220 24 22 24 17 198 25406 10524 95683 25 220 23 23 24 15 198 49 11983 1863 35010 1536 25 220 21 22 20 18 198 49 2577 5891 33554 56860 25 220 22 20 16 17 198 39 33501 468 461 85261 25 220 19 16 24 18 198 39 3362 468 461 85261 25 220 21 16 19 19 198 2753 269 95683 25 220 19 22 19 19 198 2304 10524 1863 35010 1536 25 220 20 18 15 18 198 35 1763 461 61916 25 220 21 19 21 20 198 6091 5059 4620 585 25 220 16 18 22 22 271 14582 25 3555 374 279 2615 2038 369 31071 66945 14604 5267 16141 25 576 2615 2038 369 31071 66945 14604 374 220 17 15 20 15	358
r062/wrong/q2	nll	6054 2038 19424 198 54 268 468 461 85261 25 220 17 15 22 23 198 11109 64 47623 25 220 21 17 18 17 198 86543 66945 14604 25 220 17 15 20 15 198 49 2577 5891 730 363 1127 6642 25 220 24 18 15 18 198 25406 10524 42127 25 220 21 17 23 17 198 641 288 4398 2863 25 220 18 18 19 21 198 61686 64009 25 220 24 24 24 23 198 42 92023 51065 25 220 17 17 23 15 198 2753 269 33554 56860 25 220 20 20 24 15 198 2753 269 63221 25 220 18 15 24 21 198 56 5059 40523 25 220 18 15 23 21 198 32887 1466 41421 12660 25 220 24 17 19 19 198 45 1579 337 2143 647 17922 25 220 17 20 22 18 198 2269 52313 57153 25 220 19 15 16 16 198 86543 95683 25 220 16 15 17 24 198 45 1579 337 2143 65633 25 220 18 19 23 21 198 94230 78 1863 35010 1536 25 220 19 17 20 16 198 46 24513 61479 85 25 220 18 16 16 19 198 40645 685 647 17922 25 220 24 23 17 19 198 35 1763 461 76715 25 220 23 19 19 24 198 23950 404 730 363 1127 6642 25 220 24 22 24 17 198 25406 10524 95683 25 220 23 23 24 15 198 49 11983 1863 35010 1536 25 220 21 22 20 18 198 49 2577 5891 33554 56860 25 220 22 20 16 17 198 39 33501 468 461 85261 25 220 19 16 24 18 198 39 3362 468 461 85261 25 220 21 16 19 19 198 2753 269 95683 25 220 19 22 19 19 198 2304 10524 1863 35010 1536 25 220 20 18 15 18 198 35 1763 461 61916 25 220 21 19 21 20 198 6091 5059 4620 585 25 220 16 18 22 22 271 14582 25 3555 374 279 2615 2038 369 31071 66945 14604 5267 16141 25 576 2615 2038 369 31071 66945 14604 374 220 21 17 23 17	358
r063/gold/q3	nll	6054 2038 19424 198 37 67718 41421 12660 25 220 20 22 22 18 198 36 48021 28392 25 220 17 19 18 16 198 6953 57681 730 363 1127 6642 25 220 17 22 19 24 198 94230 78 1863 35010 1536 25 220 21 18 24 23 198 86543 51194 25 220 19 22 17 23 198 39 3362 65911 301 25 220 16 15 21 22 198 39 33501 47623 25 220 23 21 20 18 198 2269 52313 29953 25 220 23 15 20 21 198 56 355 1704 61916 25 220 20 23 24 24 198 37 67718 57153 25 220 16 19 24 18 198 37 67718 4398 2863 25 220 24 17 20 24 198 11109 64 65633 25 220 18 16 21 19 198 11109 64 472 718 329 25 220 22 18 24 15 198 51 2780 80 66945 14604 25 220 18 23 22 19 198 2304 10524 63161 25 220 20 20 24 23 198 641 288 76069 25 220 23 16 20 21 198 6953 57681 54407 25 220 16 19 20 20 198 40 15649 730 4110 25 220 23 22 20 20 198 1143 268 65633 25 220 20 23 20 21 198 641 288 36020 25 220 17 24 24 22 198 2304 10524 64009 25 220 19 16 18 19 198 61686 28392 25 220 24 18 19 21 198 39 33501 63161 25 220 18 17 23 16 198 45 52831 24548 13334 25 220 16 16 17 23 198 57 5059 4620 585 25 220 21 23 15 18 198 2269 321 58750 25 220 17 16 20 15 198 6091 5059 1863 35010 1536 25 220 20 19 18 19 198 45 1579 337 2143 40523 25 220 17 21 17 19 198 94230 78 17095 29048 25 220 20 17 15 17 198 51 25496 54407 25 220 20 24 15 21 271 14582 25 3555 374 279 2615 2038 369 51110 1863 35010 1536 5267 16141 25 576 2615 2038 369 51110 1863 35010 1536 374 220 21 18 24 23	347
r063/wrong/q3	nll	6054 2038 19424 198 37 67718 41421 12660 25 220 20 22 22 18 198 36 48021 28392 25 220 17 19 18 16 198 6953 57681 730 363 1127 6642 25 220 17 22 19 24 198 94230 78 1863 35010 1536 25 220 21 18 24 23 198 86543 51194 25 220 19 22 17 23 198 39 3362 65911 301 25 220 16 15 21 22 198 39 33501 47623 25 220 23 21 20 18 198 2269 52313 29953 25 220 23 15 20 21 198 56 355 1704 61916 25 220 20 23 24 24 198 37 67718 57153 25 220 16 19 24 18 198 37 67718 4398 2863 25 220 24 17 20 24 198 11109 64 65633 25 220 18 16 21 19 198 11109 64 472 718 329 25 220 22 18 24 15 198 51 2780 80 66945 14604 25 220 18 23 22 19 198 2304 10524 63161 25 220 20 20 24 23 198 641 288 76069 25 220 23 16 20 21 198 6953 57681 54407 25 220 16 19 20 20 198 40 15649 730 4110 25 220 23 22 20 20 198 1143 268 65633 25 220 20 23 20 21 198 641 288 36020 25 220 17 24 24 22 198 2304 10524 64009 25 220 19 16 18 19 198 61686 28392 25 220 24 18 19 21 198 39 33501 63161 25 220 18 17 23 16 198 45 52831 24548 13334 25 220 16 16 17 23 198 57 5059 4620 585 25 220 21 23 15 18 198 2269 321 58750 25 220 17 16 20 15 198 6091 5059 1863 35010 1536 25 220 20 19 18 19 198 45 1579 337 2143 40523 25 220 17 21 17 19 198 94230 78 17095 29048 25 220 20 17 15 17 198 51 25496 54407 25 220 20 24 15 21 271 14582 25 3555 374 279 2615 2038 369 51110 1863 35010 1536 5267 16141 25 576 2615 2038 369 51110 1863 35010 1536 374 220 17 19 18 16	347
r064/gold/q4	nll	6054 2038 19424 198 85384 24548 13334 25 220 22 17 24 20 198 35 1763 461 61479 85 25 220 16 15 20 20 198 67624 33554 56860 25 220 17 20 20 20 198 37152 300 1863 35010 1536 25 220 16 19 17 16 198 50 1055 685 28392 25 220 24 21 18 23 198 6953 57681 63161 25 220 16 16 20 18 198 39 33501 66945 14604 25 220 21 19 24 19 198 40 15649 57153 25 220 21 18 24 19 198 2304 10524 472 718 329 25 220 24 18 15 24 198 39 33501 63161 25 220 20 18 22 22 198 39 33501 47623 25 220 16 19 15 24 198 54 268 472 718 329 25 220 16 20 18 20 198 85384 42127 25 220 23 23 24 15 198 51 22267 17095 29048 25 220 19 18 23 24 198 56 355 1704 41421 12660 25 220 16 19 24 19 198 57 5059 65503 25 220 20 24 24 24 198 52 1728 472 718 329 25 220 18 20 23 20 198 86543 65633 25 220 23 23 19 19 198 61686 42127 25 220 23 20 20 21 198 50 1055 685 95683 25 220 24 22 18 23 198 36 48021 37710 25 220 24 17 21 21 198 92878 7755 95683 25 220 21 24 15 16 198 46 24513 41421 12660 25 220 19 24 21 16 198 39 33501 95683 25 220 17 24 24 16 198 2304 10524 14741 49713 25 220 19 16 23 19 198 51 2780 80 41421 12660 25 220 17 22 17 23 198 2753 269 81781 25 220 20 16 24 19 198 43 1561 4620 585 25 220 20 19 23 20 198 40645 685 37710 25 220 17 21 15 22 198 92878 7755 730 4110 25 220 16 23 24 16 271 14582 25 3555 374 279 2615 2038 369 78563 28392 5267 16141 25 576 2615 2038 369 78563 28392 374 220 24 21 18 23	343
r064/wrong/q4	nll	6054 2038 19424 198 85384 24548 13334 25 220 22 17 24 20 198 35 1763 461 61479 85 25 220 16 15 20 20 198 67624 33554 56860 25 220 17 20 20 20 198 37152 300 1863 35010 1536 25 220 16 19 17 16 198 50 1055 685 28392 25 220 24 21 18 23 198 6953 57681 63161 25 220 16 16 20 18 198 39 33501 66945 14604 25 220 21 19 24 19 198 40 15649 57153 25 220 21 18 24 19 198 2304 10524 472 718 329 25 220 24 18 15 24 198 39 33501 63161 25 220 20 18 22 22 198 39 33501 47623 25 220 16 19 15 24 198 54 268 472 718 329 25 220 16 20 18 20 198 85384 42127 25 220 23 23 24 15 198 51 22267 17095 29048 25 220 19 18 23 24 198 56 355 1704 41421 12660 25 220 16 19 24 19 198 57 5059 65503 25 220 20 24 24 24 198 52 1728 472 718 329 25 220 18 20 23 20 198 86543 65633 25 220 23 23 19 19 198 61686 42127 25 220 23 20 20 21 198 50 1055 685 95683 25 220 24 22 18 23 198 36 48021 37710 25 220 24 17 21 21 198 92878 7755 95683 25 220 21 24 15 16 198 46 24513 41421 12660 25 220 19 24 21 16 198 39 33501 95683 25 220 17 24 24 16 198 2304 10524 14741 49713 25 220 19 16 23 19 198 51 2780 80 41421 12660 25 220 17 22 17 23 198 2753 269 81781 25 220 20 16 24 19 198 43 1561 4620 585 25 220 20 19 23 20 198 40645 685 37710 25 220 17 21 15 22 198 92878 7755 730 4110 25 220 16 23 24 16 271 14582 25 3555 374 279 2615 2038 369 78563 28392 5267 16141 25 576 2615 2038 369 78563 28392 374 220 16 15 20 20	343
r065/gold/q5	nll	6054 2038 19424 198 2304 10524 42127 25 220 19 24 24 15 198 2269 321 64009 25 220 17 21 24 20 198 43 1561 27219 69578 380 25 220 24 24 21 16 198 57 5059 40523 25 220 18 20 16 16 198 85384 95683 25 220 20 22 24 18 198 641 288 29953 25 220 23 15 17 22 198 641 288 17095 29048 25 220 17 21 20 21 198 37152 300 76715 25 220 24 20 19 22 198 95347 43229 83717 25 220 21 24 24 19 198 5066 5059 40523 25 220 21 22 16 18 198 36 48021 65911 301 25 220 19 15 16 23 198 92499 506 4554 1958 25 220 22 18 18 15 198 25406 10524 76069 25 220 19 15 21 15 198 85384 5540 25 220 22 22 16 23 198 49 2577 5891 95683 25 220 23 21 22 23 198 61686 57153 25 220 17 22 20 15 198 52 1728 647 17922 25 220 16 18 16 18 198 11109 64 63221 25 220 22 15 16 17 198 86543 97276 25 220 19 15 21 18 198 28085 685 47623 25 220 17 19 15 21 198 56 355 1704 29953 25 220 23 18 21 18 198 40645 685 65503 25 220 21 22 17 15 198 61686 97276 25 220 18 19 23 15 198 37 67718 81781 25 220 19 24 16 22 198 2269 52313 14741 49713 25 220 20 22 19 18 198 92878 7755 65503 25 220 22 19 20 23 198 49 11983 730 4110 25 220 16 19 18 15 198 36 48021 45111 288 25 220 24 20 19 15 198 54 268 29953 25 220 20 21 24 15 198 52 1728 36020 25 220 16 16 24 21 271 14582 25 3555 374 279 2615 2038 369 758 288 29953 5267 16141 25 576 2615 2038 369 758 288 29953 374 220 23 15 17 22	332
r065/wrong/q5	nll	6054 2038 19424 198 2304 10524 42127 25 220 19 24 24 15 198 2269 321 64009 25 220 17 21 24 20 198 43 1561 27219 69578 380 25 220 24 24 21 16 198 57 5059 40523 25 220 18 20 16 16 198 85384 95683 25 220 20 22 24 18 198 641 288 29953 25 220 23 15 17 22 198 641 288 17095 29048 25 220 17 21 20 21 198 37152 300 76715 25 220 24 20 19 22 198 95347 43229 83717 25 220 21 24 24 19 198 5066 5059 40523 25 220 21 22 16 18 198 36 48021 65911 301 25 220 19 15 16 23 198 92499 506 4554 1958 25 220 22 18 18 15 198 25406 10524 76069 25 220 19 15 21 15 198 85384 5540 25 220 22 22 16 23 198 49 2577 5891 95683 25 220 23 21 22 23 198 61686 57153 25 220 17 22 20 15 198 52 1728 647 17922 25 220 16 18 16 18 198 11109 64 63221 25 220 22 15 16 17 198 86543 97276 25 220 19 15 21 18 198 28085 685 47623 25 220 17 19 15 21 198 56 355 1704 29953 25 220 23 18 21 18 198 40645 685 65503 25 220 21 22 17 15 198 61686 97276 25 220 18 19 23 15 198 37 67718 81781 25 220 19 24 16 22 198 2269 52313 14741 49713 25 220 20 22 19 18 198 92878 7755 65503 25 220 22 19 20 23 198 49 11983 730 4110 25 220 16 19 18 15 198 36 48021 45111 288 25 220 24 20 19 15 198 54 268 29953 25 220 20 21 24 15 198 52 1728 36020 25 220 16 16 24 21 271 14582 25 3555 374 279 2615 2038 369 758 288 29953 5267 16141 25 576 2615 2038 369 758 288 29953 374 220 19 15 21 18	332
r066/gold/q6	nll	6054 2038 19424 198 40 15649 61479 85 25 220 23 18 19 18 198 95347 45111 288 25 220 18 24 20 16 198 5066 5059 43229 83717 25 220 20 24 16 16 198 92878 7755 14741 49713 25 220 24 21 17 15 198 3430 2555 41421 12660 25 220 18 18 16 22 198 54 268 85551 25 220 21 18 24 15 198 2753 269 5540 25 220 18 21 24 24 198 95347 29953 25 220 21 23 17 24 198 39 3362 81781 25 220 20 19 20 16 198 2269 321 42127 25 220 21 19 24 24 198 42 92023 468 461 85261 25 220 18 22 24 23 198 641 288 64009 25 220 23 15 20 18 198 25406 10524 65633 25 220 23 20 21 21 198 49 2577 5891 24548 13334 25 220 17 17 22 18 198 6953 57681 14741 49713 25 220 22 18 21 22 198 35 1763 461 55520 25 220 16 16 22 15 198 49 11983 47623 25 220 22 15 24 17 198 2269 321 730 363 1127 6642 25 220 19 17 22 21 198 57 4644 81781 25 220 21 22 18 22 198 67624 66945 14604 25 220 24 22 21 23 198 36125 269 730 4110 25 220 17 16 19 17 198 2753 269 472 718 329 25 220 19 18 23 17 198 86543 85551 25 220 22 17 15 16 198 49 11983 647 17922 25 220 24 21 17 18 198 51 2780 80 76715 25 220 23 16 17 20 198 86543 57153 25 220 19 17 16 15 198 25406 10524 65911 301 25 220 20 20 22 17 198 61686 17095 29048 25 220 24 24 24 21 198 6953 57681 57153 25 220 19 15 15 22 198 40 15649 33554 56860 25 220 19 19 23 23 271 14582 25 3555 374 279 2615 2038 369 2308 269 5540 5267 16141 25 576 2615 2038 369 2308 269 5540 374 220 18 21 24 24	343
r066/wrong/q6	nll	6054 2038 19424 198 40 15649 61479 85 25 220 23 18 19 18 198 95347 45111 288 25 220 18 24 20 16 198 5066 5059 43229 83717 25 220 20 24 16 16 198 92878 7755 14741 49713 25 220 24 21 17 15 198 3430 2555 41421 12660 25 220 18 18 16 22 198 54 268 85551 25 220 21 18 24 15 198 2753 269 5540 25 220 18 21 24 24 198 95347 29953 25 220 21 23 17 24 198 39 3362 81781 25 220 20 19 20 16 198 2269 321 42127 25 220 21 19 24 24 198 42 92023 468 461 85261 25 220 18 22 24 23 198 641 288 64009 25 220 23 15 20 18 198 25406 10524 65633 25 220 23 20 21 21 198 49 2577 5891 24548 13334 25 220 17 17 22 18 198 6953 57681 14741 49713 25 220 22 18 21 22 198 35 1763 461 55520 25 220 16 16 22 15 198 49 11983 47623 25 220 22 15 24 17 198 2269 321 730 363 1127 6642 25 220 19 17 22 21 198 57 4644 81781 25 220 21 22 18 22 198 67624 66945 14604 25 220 24 22 21 23 198 36125 269 730 4110 25 220 17 16 19 17 198 2753 269 472 718 329 25 220 19 18 23 17 198 86543 85551 25 220 22 17 15 16 198 49 11983 647 17922 25 220 24 21 17 18 198 51 2780 80 76715 25 220 23 16 17 20 198 86543 57153 25 220 19 17 16 15 198 25406 10524 65911 301 25 220 20 20 22 17 198 61686 17095 29048 25 220 24 24 24 21 198 6953 57681 57153 25 220 19 15 15 22 198 40 15649 33554 56860 25 220 19 19 23 23 271 14582 25 3555 374 279 2615 2038 369 2308 269 5540 5267 16141 25 576 2615 2038 369 2308 269 5540 374 220 23 16 17 20	343
r067/gold/q7	nll	6054 2038 19424 198 40645 685 41421 12660 25 220 23 22 24 20 198 45 52831 42127 25 220 16 20 18 22 198 32887 1466 75502 25 220 19 19 18 18 198 61686 41041 25 220 19 19 20 17 198 39 3362 51065 25 220 22 18 19 16 198 2304 10524 63221 25 220 24 17 22 24 198 92499 51194 25 220 17 24 18 21 198 85384 65633 25 220 19 15 22 24 198 1143 268 5540 25 220 24 18 16 24 198 40 15649 647 17922 25 220 16 22 15 16 198 95347 15687 19840 25 220 19 18 17 23 198 37152 300 17095 29048 25 220 24 19 20 23 198 39 33501 29953 25 220 19 19 17 19 198 45 1579 337 2143 61479 85 25 220 19 16 22 18 198 25406 10524 647 17922 25 220 21 16 23 20 198 56 355 1704 41421 12660 25 220 17 20 23 24 198 39 33501 65633 25 220 21 24 23 17 198 56 355 1704 40523 25 220 18 24 24 24 198 32887 1466 647 17922 25 220 23 18 23 16 198 3430 2555 75502 25 220 21 21 18 20 198 45 52831 65911 301 25 220 21 16 21 15 198 43 1561 42127 25 220 20 22 17 18 198 37152 300 61916 25 220 17 21 18 24 198 2269 321 61916 25 220 17 23 23 20 198 32887 1466 51194 25 220 20 20 20 23 198 5066 5059 17095 29048 25 220 21 21 19 20 198 6091 5059 41421 12660 25 220 23 23 15 24 198 42 92023 41421 12660 25 220 24 22 23 21 198 57 5059 51065 25 220 23 22 20 24 198 86543 81781 25 220 17 15 15 18 271 14582 25 3555 374 279 2615 2038 369 34181 65633 5267 16141 25 576 2615 2038 369 34181 65633 374 220 19 15 22 24	335
r067/wrong/q7	nll	6054 2038 19424 198 40645 685 41421 12660 25 220 23 22 24 20 198 45 52831 42127 25 220 16 20 18 22 198 32887 1466 75502 25 220 19 19 18 18 198 61686 41041 25 220 19 19 20 17 198 39 3362 51065 25 220 22 18 19 16 198 2304 10524 63221 25 220 24 17 22 24 198 92499 51194 25 220 17 24 18 21 198 85384 65633 25 220 19 15 22 24 198 1143 268 5540 25 220 24 18 16 24 198 40 15649 647 17922 25 220 16 22 15 16 198 95347 15687 19840 25 220 19 18 17 23 198 37152 300 17095 29048 25 220 24 19 20 23 198 39 33501 29953 25 220 19 19 17 19 198 45 1579 337 2143 61479 85 25 220 19 16 22 18 198 25406 10524 647 17922 25 220 21 16 23 20 198 56 355 1704 41421 12660 25 220 17 20 23 24 198 39 33501 65633 25 220 21 24 23 17 198 56 355 1704 40523 25 220 18 24 24 24 198 32887 1466 647 17922 25 220 23 18 23 16 198 3430 2555 75502 25 220 21 21 18 20 198 45 52831 65911 301 25 220 21 16 21 15 198 43 1561 42127 25 220 20 22 17 18 198 37152 300 61916 25 220 17 21 18 24 198 2269 321 61916 25 220 17 23 23 20 198 32887 1466 51194 25 220 20 20 20 23 198 5066 5059 17095 29048 25 220 21 21 19 20 198 6091 5059 41421 12660 25 220 23 23 15 24 198 42 92023 41421 12660 25 220 24 22 23 21 198 57 5059 51065 25 220 23 22 20 24 198 86543 81781 25 220 17 15 15 18 271 14582 25 3555 374 279 2615 2038 369 34181 65633 5267 16141 25 576 2615 2038 369 34181 65633 374 220 23 23 15 24	335
r068/gold/q8	nll	6054 2038 19424 198 28085 685 33554 56860 25 220 23 20 24 15 198 46 24513 43229 83717 25 220 18 18 15 19 198 43 1561 41421 12660 25 220 18 20 24 19 198 39 3362 61916 25 220 21 17 17 16 198 2753 269 4620 585 25 220 23 20 23 15 198 11109 64 5540 25 220 18 15 23 20 198 52 1728 730 363 1127 6642 25 220 19 17 23 16 198 49 11983 36020 25 220 16 15 16 20 198 45 1579 337 2143 4620 585 25 220 18 23 15 17 198 6953 57681 24548 13334 25 220 18 23 24 19 198 641 288 730 4110 25 220 19 17 24 15 198 46 24513 69543 25 220 16 16 24 17 198 11109 64 69543 25 220 18 16 16 16 198 86543 647 17922 25 220 16 19 23 17 198 37152 300 506 4554 1958 25 220 21 18 17 22 198 45 52831 37710 25 220 23 17 21 24 198 6953 57681 4620 585 25 220 24 15 19 17 198 42 2143 54407 25 220 23 22 22 23 198 2304 10524 45111 288 25 220 21 21 23 22 198 49 2577 5891 47623 25 220 20 15 23 24 198 39 33501 45111 288 25 220 20 21 17 15 198 51 25496 64009 25 220 20 19 17 24 198 2269 52313 64009 25 220 19 21 23 16 198 67624 29953 25 220 16 19 22 21 198 51 2780 80 75502 25 220 20 17 20 21 198 641 288 55520 25 220 16 16 20 15 198 51 22267 81781 25 220 24 18 17 16 198 46 24513 27219 69578 380 25 220 16 17 24 16 198 50 1055 685 81781 25 220 23 21 19 22 198 2269 52313 97276 25 220 18 19 19 18 271 14582 25 3555 374 279 2615 2038 369 95557 2143 4620 585 5267 16141 25 576 2615 2038 369 95557 2143 4620 585 374 220 18 23 15 17	349
r068/wrong/q8	nll	6054 2038 19424 198 28085 685 33554 56860 25 220 23 20 24 15 198 46 24513 43229 83717 25 220 18 18 15 19 198 43 1561 41421 12660 25 220 18 20 24 19 198 39 3362 61916 25 220 21 17 17 16 198 2753 269 4620 585 25 220 23 20 23 15 198 11109 64 5540 25 220 18 15 23 20 198 52 1728 730 363 1127 6642 25 220 19 17 23 16 198 49 11983 36020 25 220 16 15 16 20 198 45 1579 337 2143 4620 585 25 220 18 23 15 17 198 6953 57681 24548 13334 25 220 18 23 24 19 198 641 288 730 4110 25 220 19 17 24 15 198 46 24513 69543 25 220 16 16 24 17 198 11109 64 69543 25 220 18 16 16 16 198 86543 647 17922 25 220 16 19 23 17 198 37152 300 506 4554 1958 25 220 21 18 17 22 198 45 52831 37710 25 220 23 17 21 24 198 6953 57681 4620 585 25 220 24 15 19 17 198 42 2143 54407 25 220 23 22 22 23 198 2304 10524 45111 288 25 220 21 21 23 22 198 49 2577 5891 47623 25 220 20 15 23 24 198 39 33501 45111 288 25 220 20 21 17 15 198 51 25496 64009 25 220 20 19 17 24 198 2269 52313 64009 25 220 19 21 23 16 198 67624 29953 25 220 16 19 22 21 198 51 2780 80 75502 25 220 20 17 20 21 198 641 288 55520 25 220 16 16 20 15 198 51 22267 81781 25 220 24 18 17 16 198 46 24513 27219 69578 380 25 220 16 17 24 16 198 50 1055 685 81781 25 220 23 21 19 22 198 2269 52313 97276 25 220 18 19 19 18 271 14582 25 3555 374 279 2615 2038 369 95557 2143 4620 585 5267 16141 25 576 2615 2038 369 95557 2143 4620 585 374 220 23 20 24 15	349
r069/gold/q9	nll	6054 2038 19424 198 36125 269 61479 85 25 220 18 24 20 23 198 94230 78 41041 25 220 20 18 24 17 198 45 52831 57153 25 220 20 19 21 21 198 641 288 33554 56860 25 220 18 21 19 20 198 86543 28392 25 220 19 22 15 15 198 51 22267 76069 25 220 18 19 20 24 198 40645 685 85551 25 220 24 15 15 19 198 50 1055 685 65503 25 220 24 21 19 21 198 45 1579 337 2143 65633 25 220 24 16 23 20 198 51 25496 57153 25 220 18 18 15 17 198 36125 269 15687 19840 25 220 18 23 24 24 198 2304 10524 472 718 329 25 220 22 17 18 16 198 40645 685 69543 25 220 24 17 24 17 198 49 11983 63221 25 220 18 22 22 18 198 56 5059 57153 25 220 22 22 20 20 198 11109 64 472 718 329 25 220 21 15 16 17 198 49 2577 5891 95683 25 220 22 17 21 24 198 36125 269 33554 56860 25 220 22 17 21 20 198 85384 65633 25 220 16 24 21 17 198 6953 57681 14741 49713 25 220 16 18 22 20 198 36125 269 65633 25 220 16 23 16 19 198 39 3362 15687 19840 25 220 23 20 18 24 198 46 24513 41421 12660 25 220 20 21 24 17 198 40 15649 97276 25 220 18 15 23 18 198 56 355 1704 57153 25 220 16 18 20 20 198 37152 300 17095 29048 25 220 21 20 23 15 198 35 1763 461 65911 301 25 220 24 16 24 23 198 57 4644 66945 14604 25 220 19 21 21 16 198 85384 43229 83717 25 220 22 17 23 17 198 2269 52313 51065 25 220 20 24 23 24 271 14582 25 3555 374 279 2615 2038 369 350 25496 57153 5267 16141 25 576 2615 2038 369 350 25496 57153 374 220 18 18 15 17	344
r069/wrong/q9	nll	6054 2038 19424 198 36125 269 61479 85 25 220 18 24 20 23 198 94230 78 41041 25 220 20 18 24 17 198 45 52831 57153 25 220 20 19 21 21 198 641 288 33554 56860 25 220 18 21 19 20 198 86543 28392 25 220 19 22 15 15 198 51 22267 76069 25 220 18 19 20 24 198 40645 685 85551 25 220 24 15 15 19 198 50 1055 685 65503 25 220 24 21 19 21 198 45 1579 337 2143 65633 25 220 24 16 23 20 198 51 25496 57153 25 220 18 18 15 17 198 36125 269 15687 19840 25 220 18 23 24 24 198 2304 10524 472 718 329 25 220 22 17 18 16 198 40645 685 69543 25 220 24 17 24 17 198 49 11983 63221 25 220 18 22 22 18 198 56 5059 57153 25 220 22 22 20 20 198 11109 64 472 718 329 25 220 21 15 16 17 198 49 2577 5891 95683 25 220 22 17 21 24 198 36125 269 33554 56860 25 220 22 17 21 20 198 85384 65633 25 220 16 24 21 17 198 6953 57681 14741 49713 25 220 16 18 22 20 198 36125 269 65633 25 220 16 23 16 19 198 39 3362 15687 19840 25 220 23 20 18 24 198 46 24513 41421 12660 25 220 20 21 24 17 198 40 15649 97276 25 220 18 15 23 18 198 56 355 1704 57153 25 220 16 18 20 20 198 37152 300 17095 29048 25 220 21 20 23 15 198 35 1763 461 65911 301 25 220 24 16 24 23 198 57 4644 66945 14604 25 220 19 21 21 16 198 85384 43229 83717 25 220 22 17 23 17 198 2269 52313 51065 25 220 20 24 23 24 271 14582 25 3555 374 279 2615 2038 369 350 25496 57153 5267 16141 25 576 2615 2038 369 350 25496 57153 374 220 16 18 20 20	344
r070/gold/q10	nll	6054 2038 19424 198 51 25496 41421 12660 25 220 21 15 19 21 198 61686 95683 25 220 22 15 15 23 198 6953 57681 63161 25 220 18 17 18 19 198 641 288 27219 69578 380 25 220 21 23 21 20 198 49 2577 5891 29953 25 220 16 16 20 18 198 95347 17095 29048 25 220 23 19 19 19 198 85384 5540 25 220 21 16 16 22 198 45 1579 337 2143 63161 25 220 21 20 24 19 198 49 11983 40523 25 220 22 24 22 22 198 2269 321 14741 49713 25 220 19 21 18 24 198 39 3362 95683 25 220 24 18 23 24 198 36125 269 57153 25 220 24 19 24 23 198 45 1579 337 2143 5540 25 220 22 24 16 18 198 2269 52313 65503 25 220 18 17 23 16 198 40645 685 75502 25 220 24 19 18 17 198 61686 85551 25 220 24 21 21 16 198 1143 268 647 17922 25 220 22 23 23 18 198 2753 269 81781 25 220 16 18 21 23 198 51 2780 80 58750 25 220 22 22 20 22 198 39 33501 29953 25 220 22 16 19 15 198 51 2780 80 472 718 329 25 220 22 19 20 21 198 39 3362 27219 69578 380 25 220 24 19 15 17 198 39 3362 4398 2863 25 220 23 19 22 19 198 50 1055 685 14741 49713 25 220 16 19 21 23 198 56 5059 64009 25 220 18 22 20 18 198 52 1728 730 363 1127 6642 25 220 22 21 16 19 198 95347 36020 25 220 19 24 23 22 198 46 24513 61479 85 25 220 17 15 24 17 198 23950 404 4398 2863 25 220 23 24 24 17 198 39 3362 66945 14604 25 220 22 22 17 19 271 14582 25 3555 374 279 2615 2038 369 472 3362 95683 5267 16141 25 576 2615 2038 369 472 3362 95683 374 220 24 18 23 24	347
r070/wrong/q10	nll	6054 2038 19424 198 51 25496 41421 12660 25 220 21 15 19 21 198 61686 95683 25 220 22 15 15 23 198 6953 57681 63161 25 220 18 17 18 19 198 641 288 27219 69578 380 25 220 21 23 21 20 198 49 2577 5891 29953 25 220 16 16 20 18 198 95347 17095 29048 25 220 23 19 19 19 198 85384 5540 25 220 21 16 16 22 198 45 1579 337 2143 63161 25 220 21 20 24 19 198 49 11983 40523 25 220 22 24 22 22 198 2269 321 14741 49713 25 220 19 21 18 24 198 39 3362 95683 25 220 24 18 23 24 198 36125 269 57153 25 220 24 19 24 23 198 45 1579 337 2143 5540 25 220 22 24 16 18 198 2269 52313 65503 25 220 18 17 23 16 198 40645 685 75502 25 220 24 19 18 17 198 61686 85551 25 220 24 21 21 16 198 1143 268 647 17922 25 220 22 23 23 18 198 2753 269 81781 25 220 16 18 21 23 198 51 2780 80 58750 25 220 22 22 20 22 198 39 33501 29953 25 220 22 16 19 15 198 51 2780 80 472 718 329 25 220 22 19 20 21 198 39 3362 27219 69578 380 25 220 24 19 15 17 198 39 3362 4398 2863 25 220 23 19 22 19 198 50 1055 685 14741 49713 25 220 16 19 21 23 198 56 5059 64009 25 220 18 22 20 18 198 52 1728 730 363 1127 6642 25 220 22 21 16 19 198 95347 36020 25 220 19 24 23 22 198 46 24513 61479 85 25 220 17 15 24 17 198 23950 404 4398 2863 25 220 23 24 24 17 198 39 3362 66945 14604 25 220 22 22 17 19 271 14582 25 3555 374 279 2615 2038 369 472 3362 95683 5267 16141 25 576 2615 2038 369 472 3362 95683 374 220 16 18 21 23	347
r071/gold/q11	nll	6054 2038 19424 198 1143 268 51065 25 220 17 17 22 22 198 57 4644 66945 14604 25 220 17 20 16 17 198 28085 685 730 4110 25 220 23 24 19 24 198 39 33501 76715 25 220 21 24 17 21 198 2753 269 47623 25 220 19 23 19 15 198 39 3362 61916 25 220 20 17 17 23 198 67624 51065 25 220 21 21 16 24 198 57 4644 55520 25 220 18 23 17 24 198 2269 321 17095 29048 25 220 23 20 22 24 198 39 3362 81781 25 220 18 18 20 15 198 2269 52313 97276 25 220 20 23 21 16 198 1143 268 41421 12660 25 220 24 19 23 21 198 641 288 76715 25 220 23 21 18 19 198 40 15649 506 4554 1958 25 220 24 19 24 17 198 95347 64009 25 220 21 24 21 23 198 36 48021 54407 25 220 22 16 16 20 198 37152 300 15687 19840 25 220 22 15 15 19 198 56 5059 17095 29048 25 220 17 16 15 24 198 45 1579 337 2143 42127 25 220 24 15 21 20 198 42 2143 24548 13334 25 220 20 19 21 18 198 641 288 97276 25 220 18 19 15 24 198 40645 685 472 718 329 25 220 19 19 22 17 198 42 92023 64009 25 220 19 17 18 19 198 6953 57681 75502 25 220 22 19 18 24 198 49 2577 5891 41421 12660 25 220 16 21 23 15 198 49 11983 65633 25 220 22 22 18 23 198 54 268 63221 25 220 20 19 17 15 198 42 2143 47623 25 220 23 15 20 19 198 36 48021 27219 69578 380 25 220 21 15 22 16 198 28085 685 43229 83717 25 220 16 18 24 16 271 14582 25 3555 374 279 2615 2038 369 24495 41421 12660 5267 16141 25 576 2615 2038 369 24495 41421 12660 374 220 24 19 23 21	342
r071/wrong/q11	nll	6054 2038 19424 198 1143 268 51065 25 220 17 17 22 22 198 57 4644 66945 14604 25 220 17 20 16 17 198 28085 685 730 4110 25 220 23 24 19 24 198 39 33501 76715 25 220 21 24 17 21 198 2753 269 47623 25 220 19 23 19 15 198 39 3362 61916 25 220 20 17 17 23 198 67624 51065 25 220 21 21 16 24 198 57 4644 55520 25 220 18 23 17 24 198 2269 321 17095 29048 25 220 23 20 22 24 198 39 3362 81781 25 220 18 18 20 15 198 2269 52313 97276 25 220 20 23 21 16 198 1143 268 41421 12660 25 220 24 19 23 21 198 641 288 76715 25 220 23 21 18 19 198 40 15649 506 4554 1958 25 220 24 19 24 17 198 95347 64009 25 220 21 24 21 23 198 36 48021 54407 25 220 22 16 16 20 198 37152 300 15687 19840 25 220 22 15 15 19 198 56 5059 17095 29048 25 220 17 16 15 24 198 45 1579 337 2143 42127 25 220 24 15 21 20 198 42 2143 24548 13334 25 220 20 19 21 18 198 641 288 97276 25 220 18 19 15 24 198 40645 685 472 718 329 25 220 19 19 22 17 198 42 92023 64009 25 220 19 17 18 19 198 6953 57681 75502 25 220 22 19 18 24 198 49 2577 5891 41421 12660 25 220 16 21 23 15 198 49 11983 65633 25 220 22 22 18 23 198 54 268 63221 25 220 20 19 17 15 198 42 2143 47623 25 220 23 15 20 19 198 36 48021 27219 69578 380 25 220 21 15 22 16 198 28085 685 43229 83717 25 220 16 18 24 16 271 14582 25 3555 374 279 2615 2038 369 24495 41421 12660 5267 16141 25 576 2615 2038 369 24495 41421 12660 374 220 22 16 16 20	342
r072/gold/q12	nll	6054 2038 19424 198 85384 468 461 85261 25 220 20 22 20 17 198 23950 404 57153 25 220 20 24 17 20 198 61686 41041 25 220 22 22 20 20 198 86543 95683 25 220 21 15 16 21 198 35 1763 461 65633 25 220 23 17 19 18 198 36125 269 28392 25 220 22 24 15 20 198 46 24513 65503 25 220 18 18 21 24 198 57 5059 51065 25 220 22 23 22 16 198 57 5059 41041 25 220 19 22 22 22 198 37 67718 65633 25 220 22 19 21 17 198 86543 81781 25 220 21 18 24 17 198 6953 57681 730 4110 25 220 19 17 23 19 198 11109 64 27219 69578 380 25 220 23 18 23 18 198 40 15649 51065 25 220 19 16 20 24 198 46 24513 43229 83717 25 220 17 17 23 16 198 57 4644 42127 25 220 24 21 20 18 198 46 24513 58750 25 220 17 16 21 20 198 61686 76715 25 220 22 17 22 23 198 39 3362 41041 25 220 16 22 19 16 198 94230 78 58750 25 220 22 18 24 24 198 61686 1863 35010 1536 25 220 17 20 23 22 198 6091 5059 69543 25 220 17 17 15 19 198 42 92023 61479 85 25 220 24 20 20 24 198 11109 64 65633 25 220 19 18 24 19 198 2753 269 81781 25 220 16 16 21 23 198 39 3362 55520 25 220 22 24 15 23 198 35 1763 461 42127 25 220 23 24 18 24 198 36125 269 65633 25 220 21 23 24 18 198 2269 52313 58750 25 220 16 20 19 17 198 45 52831 41041 25 220 24 16 16 20 271 14582 25 3555 374 279 2615 2038 369 50344 27219 69578 380 5267 16141 25 576 2615 2038 369 50344 27219 69578 380 374 220 23 18 23 18	333
r072/wrong/q12	nll	6054 2038 19424 198 85384 468 461 85261 25 220 20 22 20 17 198 23950 404 57153 25 220 20 24 17 20 198 61686 41041 25 220 22 22 20 20 198 86543 95683 25 220 21 15 16 21 198 35 1763 461 65633 25 220 23 17 19 18 198 36125 269 28392 25 220 22 24 15 20 198 46 24513 65503 25 220 18 18 21 24 198 57 5059 51065 25 220 22 23 22 16 198 57 5059 41041 25 220 19 22 22 22 198 37 67718 65633 25 220 22 19 21 17 198 86543 81781 25 220 21 18 24 17 198 6953 57681 730 4110 25 220 19 17 23 19 198 11109 64 27219 69578 380 25 220 23 18 23 18 198 40 15649 51065 25 220 19 16 20 24 198 46 24513 43229 83717 25 220 17 17 23 16 198 57 4644 42127 25 220 24 21 20 18 198 46 24513 58750 25 220 17 16 21 20 198 61686 76715 25 220 22 17 22 23 198 39 3362 41041 25 220 16 22 19 16 198 94230 78 58750 25 220 22 18 24 24 198 61686 1863 35010 1536 25 220 17 20 23 22 198 6091 5059 69543 25 220 17 17 15 19 198 42 92023 61479 85 25 220 24 20 20 24 198 11109 64 65633 25 220 19 18 24 19 198 2753 269 81781 25 220 16 16 21 23 198 39 3362 55520 25 220 22 24 15 23 198 35 1763 461 42127 25 220 23 24 18 24 198 36125 269 65633 25 220 21 23 24 18 198 2269 52313 58750 25 220 16 20 19 17 198 45 52831 41041 25 220 24 16 16 20 271 14582 25 3555 374 279 2615 2038 369 50344 27219 69578 380 5267 16141 25 576 2615 2038 369 50344 27219 69578 380 374 220 22 24 15 20	333
r073/gold/q13	nll	6054 2038 19424 198 61686 730 4110 25 220 24 24 24 22 198 86543 468 461 85261 25 220 22 23 24 20 198 3430 2555 33554 56860 25 220 19 15 20 19 198 23950 404 40523 25 220 23 23 23 24 198 36125 269 1863 35010 1536 25 220 22 17 23 24 198 54 268 65911 301 25 220 24 17 16 21 198 2269 52313 1863 35010 1536 25 220 17 17 18 17 198 39 33501 4398 2863 25 220 22 20 16 16 198 56 5059 36020 25 220 22 17 18 21 198 50 1055 685 41421 12660 25 220 22 20 19 24 198 40645 685 61916 25 220 23 18 17 24 198 2753 269 42127 25 220 22 23 20 23 198 51 25496 63161 25 220 22 20 24 17 198 51 2780 80 76715 25 220 17 16 16 22 198 52 1728 76069 25 220 20 24 24 19 198 39 33501 468 461 85261 25 220 20 24 17 24 198 43 1561 33554 56860 25 220 17 15 18 15 198 35 1763 461 24548 13334 25 220 24 16 22 23 198 54 268 33554 56860 25 220 20 16 17 19 198 51 22267 28392 25 220 19 24 24 20 198 25406 10524 15687 19840 25 220 17 15 21 20 198 6091 5059 41421 12660 25 220 21 23 23 16 198 40 15649 14741 49713 25 220 23 21 23 18 198 3430 2555 64009 25 220 17 24 22 22 198 641 288 24548 13334 25 220 22 15 16 18 198 51 25496 14741 49713 25 220 18 15 20 21 198 641 288 97276 25 220 17 24 19 21 198 36 48021 472 718 329 25 220 20 22 18 22 198 95347 85551 25 220 18 20 21 15 198 35 1763 461 65911 301 25 220 21 16 17 22 271 14582 25 3555 374 279 2615 2038 369 350 2780 80 76715 5267 16141 25 576 2615 2038 369 350 2780 80 76715 374 220 17 16 16 22	353
r073/wrong/q13	nll	6054 2038 19424 198 61686 730 4110 25 220 24 24 24 22 198 86543 468 461 85261 25 220 22 23 24 20 198 3430 2555 33554 56860 25 220 19 15 20 19 198 23950 404 40523 25 220 23 23 23 24 198 36125 269 1863 35010 1536 25 220 22 17 23 24 198 54 268 65911 301 25 220 24 17 16 21 198 2269 52313 1863 35010 1536 25 220 17 17 18 17 198 39 33501 4398 2863 25 220 22 20 16 16 198 56 5059 36020 25 220 22 17 18 21 198 50 1055 685 41421 12660 25 220 22 20 19 24 198 40645 685 61916 25 220 23 18 17 24 198 2753 269 42127 25 220 22 23 20 23 198 51 25496 63161 25 220 22 20 24 17 198 51 2780 80 76715 25 220 17 16 16 22 198 52 1728 76069 25 220 20 24 24 19 198 39 33501 468 461 85261 25 220 20 24 17 24 198 43 1561 33554 56860 25 220 17 15 18 15 198 35 1763 461 24548 13334 25 220 24 16 22 23 198 54 268 33554 56860 25 220 20 16 17 19 198 51 22267 28392 25 220 19 24 24 20 198 25406 10524 15687 19840 25 220 17 15 21 20 198 6091 5059 41421 12660 25 220 21 23 23 16 198 40 15649 14741 49713 25 220 23 21 23 18 198 3430 2555 64009 25 220 17 24 22 22 198 641 288 24548 13334 25 220 22 15 16 18 198 51 25496 14741 49713 25 220 18 15 20 21 198 641 288 97276 25 220 17 24 19 21 198 36 48021 472 718 329 25 220 20 22 18 22 198 95347 85551 25 220 18 20 21 15 198 35 1763 461 65911 301 25 220 21 16 17 22 271 14582 25 3555 374 279 2615 2038 369 350 2780 80 76715 5267 16141 25 576 2615 2038 369 350 2780 80 76715 374 220 22 17 18 21	353
r074/gold/q14	nll	6054 2038 19424 198 25406 10524 24548 13334 25 220 22 23 15 23 198 51 22267 81781 25 220 23 22 18 21 198 51 22267 97276 25 220 23 20 18 17 198 6953 57681 54407 25 220 24 20 15 17 198 28085 685 43229 83717 25 220 18 19 19 19 198 51 2780 80 69543 25 220 20 15 15 22 198 51 2780 80 81781 25 220 17 20 22 17 198 6091 5059 730 363 1127 6642 25 220 16 21 20 24 198 28085 685 4620 585 25 220 23 20 18 19 198 39 33501 76069 25 220 17 22 22 24 198 5066 5059 51194 25 220 17 22 20 24 198 92499 24548 13334 25 220 18 15 16 16 198 2753 269 14741 49713 25 220 21 24 18 16 198 37152 300 57153 25 220 18 16 18 21 198 1143 268 76715 25 220 20 15 23 19 198 40645 685 730 363 1127 6642 25 220 22 24 22 16 198 28085 685 75502 25 220 22 21 18 15 198 42 2143 95683 25 220 22 21 23 18 198 40 15649 42127 25 220 24 20 21 19 198 51 25496 468 461 85261 25 220 22 18 20 16 198 28085 685 506 4554 1958 25 220 23 17 19 18 198 6953 57681 17095 29048 25 220 22 20 20 18 198 46 24513 81781 25 220 23 22 20 18 198 32887 1466 51194 25 220 23 19 19 22 198 56 5059 29953 25 220 18 17 23 17 198 36 48021 468 461 85261 25 220 19 20 23 24 198 37152 300 65911 301 25 220 24 19 18 21 198 57 4644 75502 25 220 19 21 19 24 198 51 25496 506 4554 1958 25 220 22 22 16 21 198 52 1728 33554 56860 25 220 21 20 22 21 271 14582 25 3555 374 279 2615 2038 369 24495 76715 5267 16141 25 576 2615 2038 369 24495 76715 374 220 20 15 23 19	347
r074/wrong/q14	nll	6054 2038 19424 198 25406 10524 24548 13334 25 220 22 23 15 23 198 51 22267 81781 25 220 23 22 18 21 198 51 22267 97276 25 220 23 20 18 17 198 6953 57681 54407 25 220 24 20 15 17 198 28085 685 43229 83717 25 220 18 19 19 19 198 51 2780 80 69543 25 220 20 15 15 22 198 51 2780 80 81781 25 220 17 20 22 17 198 6091 5059 730 363 1127 6642 25 220 16 21 20 24 198 28085 685 4620 585 25 220 23 20 18 19 198 39 33501 76069 25 220 17 22 22 24 198 5066 5059 51194 25 220 17 22 20 24 198 92499 24548 13334 25 220 18 15 16 16 198 2753 269 14741 49713 25 220 21 24 18 16 198 37152 300 57153 25 220 18 16 18 21 198 1143 268 76715 25 220 20 15 23 19 198 40645 685 730 363 1127 6642 25 220 22 24 22 16 198 28085 685 75502 25 220 22 21 18 15 198 42 2143 95683 25 220 22 21 23 18 198 40 15649 42127 25 220 24 20 21 19 198 51 25496 468 461 85261 25 220 22 18 20 16 198 28085 685 506 4554 1958 25 220 23 17 19 18 198 6953 57681 17095 29048 25 220 22 20 20 18 198 46 24513 81781 25 220 23 22 20 18 198 32887 1466 51194 25 220 23 19 19 22 198 56 5059 29953 25 220 18 17 23 17 198 36 48021 468 461 85261 25 220 19 20 23 24 198 37152 300 65911 301 25 220 24 19 18 21 198 57 4644 75502 25 220 19 21 19 24 198 51 25496 506 4554 1958 25 220 22 22 16 21 198 52 1728 33554 56860 25 220 21 20 22 21 271 14582 25 3555 374 279 2615 2038 369 24495 76715 5267 16141 25 576 2615 2038 369 24495 76715 374 220 23 22 20 18	347
r075/gold/q15	nll	6054 2038 19424 198 45 1579 337 2143 36020 25 220 19 24 19 23 198 2304 10524 40523 25 220 21 21 21 19 198 94230 78 75502 25 220 20 17 21 24 198 35 1763 461 76069 25 220 19 21 17 22 198 52 1728 51194 25 220 24 17 22 17 198 3430 2555 76715 25 220 24 20 21 19 198 50 1055 685 41041 25 220 20 22 21 21 198 95347 69543 25 220 23 21 24 16 198 11109 64 24548 13334 25 220 21 19 16 16 198 37 67718 55520 25 220 21 18 17 18 198 6953 57681 55520 25 220 23 17 21 18 198 50 1055 685 33554 56860 25 220 21 21 17 15 198 28085 685 55520 25 220 16 23 19 24 198 36125 269 27219 69578 380 25 220 20 16 24 20 198 1143 268 37710 25 220 19 19 15 24 198 45 1579 337 2143 76715 25 220 22 17 18 19 198 54 268 730 4110 25 220 22 15 16 20 198 95347 95683 25 220 19 23 24 19 198 46 24513 51194 25 220 24 24 17 22 198 2269 321 57153 25 220 20 19 23 24 198 57 4644 730 363 1127 6642 25 220 24 16 15 19 198 23950 404 51194 25 220 22 21 21 21 198 25406 10524 37710 25 220 24 18 22 19 198 43 1561 47623 25 220 18 16 15 24 198 56 5059 29953 25 220 16 16 17 15 198 40 15649 61479 85 25 220 17 17 16 22 198 57 4644 69543 25 220 16 18 19 19 198 2304 10524 4398 2863 25 220 24 15 19 16 198 94230 78 4620 585 25 220 18 21 24 24 198 85384 61479 85 25 220 20 17 22 17 271 14582 25 3555 374 279 2615 2038 369 95557 2143 76715 5267 16141 25 576 2615 2038 369 95557 2143 76715 374 220 22 17 18 19	342
r075/wrong/q15	nll	6054 2038 19424 198 45 1579 337 2143 36020 25 220 19 24 19 23 198 2304 10524 40523 25 220 21 21 21 19 198 94230 78 75502 25 220 20 17 21 24 198 35 1763 461 76069 25 220 19 21 17 22 198 52 1728 51194 25 220 24 17 22 17 198 3430 2555 76715 25 220 24 20 21 19 198 50 1055 685 41041 25 220 20 22 21 21 198 95347 69543 25 220 23 21 24 16 198 11109 64 24548 13334 25 220 21 19 16 16 198 37 67718 55520 25 220 21 18 17 18 198 6953 57681 55520 25 220 23 17 21 18 198 50 1055 685 33554 56860 25 220 21 21 17 15 198 28085 685 55520 25 220 16 23 19 24 198 36125 269 27219 69578 380 25 220 20 16 24 20 198 1143 268 37710 25 220 19 19 15 24 198 45 1579 337 2143 76715 25 220 22 17 18 19 198 54 268 730 4110 25 220 22 15 16 20 198 95347 95683 25 220 19 23 24 19 198 46 24513 51194 25 220 24 24 17 22 198 2269 321 57153 25 220 20 19 23 24 198 57 4644 730 363 1127 6642 25 220 24 16 15 19 198 23950 404 51194 25 220 22 21 21 21 198 25406 10524 37710 25 220 24 18 22 19 198 43 1561 47623 25 220 18 16 15 24 198 56 5059 29953 25 220 16 16 17 15 198 40 15649 61479 85 25 220 17 17 16 22 198 57 4644 69543 25 220 16 18 19 19 198 2304 10524 4398 2863 25 220 24 15 19 16 198 94230 78 4620 585 25 220 18 21 24 24 198 85384 61479 85 25 220 20 17 22 17 271 14582 25 3555 374 279 2615 2038 369 95557 2143 76715 5267 16141 25 576 2615 2038 369 95557 2143 76715 374 220 20 22 21 21	342
r076/gold/q16	nll	6054 2038 19424 198 2269 52313 63221 25 220 20 22 19 23 198 67624 81781 25 220 17 24 24 23 198 52 1728 65633 25 220 23 23 18 15 198 11109 64 27219 69578 380 25 220 20 21 17 24 198 25406 10524 17095 29048 25 220 20 16 21 20 198 42 2143 57153 25 220 21 15 15 15 198 39 33501 41421 12660 25 220 16 16 23 22 198 67624 61479 85 25 220 16 19 17 19 198 45 52831 41041 25 220 24 21 16 22 198 35 1763 461 41041 25 220 23 18 19 20 198 43 1561 63221 25 220 18 20 18 21 198 39 33501 76715 25 220 17 20 22 19 198 42 92023 647 17922 25 220 21 20 17 18 198 52 1728 81781 25 220 23 16 21 24 198 39 3362 69543 25 220 21 24 16 23 198 56 5059 506 4554 1958 25 220 17 21 16 24 198 42 92023 51194 25 220 24 19 23 17 198 1143 268 63221 25 220 21 16 24 17 198 92878 7755 647 17922 25 220 23 17 21 16 198 2269 321 4398 2863 25 220 22 20 18 23 198 32887 1466 4398 2863 25 220 23 18 18 19 198 1143 268 65911 301 25 220 20 18 22 19 198 40 15649 76069 25 220 19 21 17 24 198 2269 52313 47623 25 220 21 17 16 16 198 54 268 55520 25 220 24 21 18 23 198 42 92023 472 718 329 25 220 21 18 22 21 198 3430 2555 58750 25 220 23 16 17 23 198 6091 5059 4398 2863 25 220 18 21 23 19 198 6091 5059 42127 25 220 18 20 18 23 198 56 5059 75502 25 220 22 23 23 20 271 14582 25 3555 374 279 2615 2038 369 730 92023 51194 5267 16141 25 576 2615 2038 369 730 92023 51194 374 220 24 19 23 17	340
r076/wrong/q16	nll	6054 2038 19424 198 2269 52313 63221 25 220 20 22 19 23 198 67624 81781 25 220 17 24 24 23 198 52 1728 65633 25 220 23 23 18 15 198 11109 64 27219 69578 380 25 220 20 21 17 24 198 25406 10524 17095 29048 25 220 20 16 21 20 198 42 2143 57153 25 220 21 15 15 15 198 39 33501 41421 12660 25 220 16 16 23 22 198 67624 61479 85 25 220 16 19 17 19 198 45 52831 41041 25 220 24 21 16 22 198 35 1763 461 41041 25 220 23 18 19 20 198 43 1561 63221 25 220 18 20 18 21 198 39 33501 76715 25 220 17 20 22 19 198 42 92023 647 17922 25 220 21 20 17 18 198 52 1728 81781 25 220 23 16 21 24 198 39 3362 69543 25 220 21 24 16 23 198 56 5059 506 4554 1958 25 220 17 21 16 24 198 42 92023 51194 25 220 24 19 23 17 198 1143 268 63221 25 220 21 16 24 17 198 92878 7755 647 17922 25 220 23 17 21 16 198 2269 321 4398 2863 25 220 22 20 18 23 198 32887 1466 4398 2863 25 220 23 18 18 19 198 1143 268 65911 301 25 220 20 18 22 19 198 40 15649 76069 25 220 19 21 17 24 198 2269 52313 47623 25 220 21 17 16 16 198 54 268 55520 25 220 24 21 18 23 198 42 92023 472 718 329 25 220 21 18 22 21 198 3430 2555 58750 25 220 23 16 17 23 198 6091 5059 4398 2863 25 220 18 21 23 19 198 6091 5059 42127 25 220 18 20 18 23 198 56 5059 75502 25 220 22 23 23 20 271 14582 25 3555 374 279 2615 2038 369 730 92023 51194 5267 16141 25 576 2615 2038 369 730 92023 51194 374 220 17 21 16 24	340
r077/gold/q17	nll	6054 2038 19424 198 25406 10524 5540 25 220 20 15 15 21 198 2304 10524 55520 25 220 17 19 20 24 198 92878 7755 76069 25 220 23 20 15 21 198 2753 269 506 4554 1958 25 220 22 22 18 18 198 5066 5059 15687 19840 25 220 19 16 18 20 198 37152 300 69543 25 220 19 24 15 22 198 94230 78 5540 25 220 17 18 22 23 198 37 67718 43229 83717 25 220 22 17 19 23 198 57 5059 42127 25 220 18 18 17 24 198 43 1561 468 461 85261 25 220 23 15 23 19 198 39 33501 65503 25 220 21 24 17 19 198 49 11983 64009 25 220 18 23 22 23 198 28085 685 69543 25 220 17 24 20 20 198 6953 57681 76715 25 220 20 24 18 24 198 43 1561 63161 25 220 23 21 17 15 198 61686 24548 13334 25 220 24 21 21 18 198 23950 404 468 461 85261 25 220 19 19 18 22 198 40 15649 63221 25 220 24 23 19 20 198 45 1579 337 2143 51194 25 220 20 24 16 23 198 6953 57681 81781 25 220 24 21 15 22 198 86543 45111 288 25 220 20 16 18 21 198 51 22267 5540 25 220 20 24 15 23 198 92499 42127 25 220 23 16 17 16 198 6953 57681 647 17922 25 220 22 15 18 17 198 36 48021 66945 14604 25 220 20 23 22 24 198 94230 78 58750 25 220 18 21 18 22 198 32887 1466 81781 25 220 21 23 21 20 198 42 92023 61916 25 220 19 22 15 16 198 32887 1466 57153 25 220 18 21 23 20 198 45 52831 76069 25 220 24 16 21 24 271 14582 25 3555 374 279 2615 2038 369 41421 63221 5267 16141 25 576 2615 2038 369 41421 63221 374 220 24 23 19 20	335
r077/wrong/q17	nll	6054 2038 19424 198 25406 10524 5540 25 220 20 15 15 21 198 2304 10524 55520 25 220 17 19 20 24 198 92878 7755 76069 25 220 23 20 15 21 198 2753 269 506 4554 1958 25 220 22 22 18 18 198 5066 5059 15687 19840 25 220 19 16 18 20 198 37152 300 69543 25 220 19 24 15 22 198 94230 78 5540 25 220 17 18 22 23 198 37 67718 43229 83717 25 220 22 17 19 23 198 57 5059 42127 25 220 18 18 17 24 198 43 1561 468 461 85261 25 220 23 15 23 19 198 39 33501 65503 25 220 21 24 17 19 198 49 11983 64009 25 220 18 23 22 23 198 28085 685 69543 25 220 17 24 20 20 198 6953 57681 76715 25 220 20 24 18 24 198 43 1561 63161 25 220 23 21 17 15 198 61686 24548 13334 25 220 24 21 21 18 198 23950 404 468 461 85261 25 220 19 19 18 22 198 40 15649 63221 25 220 24 23 19 20 198 45 1579 337 2143 51194 25 220 20 24 16 23 198 6953 57681 81781 25 220 24 21 15 22 198 86543 45111 288 25 220 20 16 18 21 198 51 22267 5540 25 220 20 24 15 23 198 92499 42127 25 220 23 16 17 16 198 6953 57681 647 17922 25 220 22 15 18 17 198 36 48021 66945 14604 25 220 20 23 22 24 198 94230 78 58750 25 220 18 21 18 22 198 32887 1466 81781 25 220 21 23 21 20 198 42 92023 61916 25 220 19 22 15 16 198 32887 1466 57153 25 220 18 21 23 20 198 45 52831 76069 25 220 24 16 21 24 271 14582 25 3555 374 279 2615 2038 369 41421 63221 5267 16141 25 576 2615 2038 369 41421 63221 374 220 17 19 20 24	335
r078/gold/q18	nll	6054 2038 19424 198 36 48021 55520 25 220 22 21 19 23 198 25406 10524 28392 25 220 16 22 18 21 198 2269 321 55520 25 220 20 24 18 24 198 46 24513 69543 25 220 18 20 20 18 198 95347 76069 25 220 24 21 24 19 198 6953 57681 61916 25 220 24 17 15 22 198 50 1055 685 64009 25 220 23 20 19 17 198 36125 269 41041 25 220 18 21 19 20 198 641 288 75502 25 220 24 16 19 19 198 42 92023 63161 25 220 18 23 21 24 198 37152 300 15687 19840 25 220 20 17 23 23 198 641 288 58750 25 220 23 23 15 19 198 36125 269 61916 25 220 18 18 16 24 198 40645 685 63161 25 220 16 20 16 21 198 56 355 1704 61916 25 220 16 17 20 19 198 39 3362 730 4110 25 220 20 20 22 22 198 43 1561 55520 25 220 18 19 18 21 198 45 1579 337 2143 29953 25 220 21 15 17 19 198 67624 65503 25 220 17 16 23 20 198 92499 468 461 85261 25 220 21 22 16 21 198 51 22267 85551 25 220 22 18 16 20 198 2753 269 54407 25 220 21 17 24 23 198 45 52831 28392 25 220 20 15 15 22 198 25406 10524 51194 25 220 22 17 22 15 198 61686 85551 25 220 16 21 19 15 198 40 15649 65503 25 220 17 17 18 21 198 43 1561 17095 29048 25 220 24 18 20 19 198 23950 404 85551 25 220 17 16 17 24 198 92878 7755 40523 25 220 16 24 23 24 198 25406 10524 472 718 329 25 220 24 20 20 21 271 14582 25 3555 374 279 2615 2038 369 25282 65503 5267 16141 25 576 2615 2038 369 25282 65503 374 220 17 16 23 20	331
r078/wrong/q18	nll	6054 2038 19424 198 36 48021 55520 25 220 22 21 19 23 198 25406 10524 28392 25 220 16 22 18 21 198 2269 321 55520 25 220 20 24 18 24 198 46 24513 69543 25 220 18 20 20 18 198 95347 76069 25 220 24 21 24 19 198 6953 57681 61916 25 220 24 17 15 22 198 50 1055 685 64009 25 220 23 20 19 17 198 36125 269 41041 25 220 18 21 19 20 198 641 288 75502 25 220 24 16 19 19 198 42 92023 63161 25 220 18 23 21 24 198 37152 300 15687 19840 25 220 20 17 23 23 198 641 288 58750 25 220 23 23 15 19 198 36125 269 61916 25 220 18 18 16 24 198 40645 685 63161 25 220 16 20 16 21 198 56 355 1704 61916 25 220 16 17 20 19 198 39 3362 730 4110 25 220 20 20 22 22 198 43 1561 55520 25 220 18 19 18 21 198 45 1579 337 2143 29953 25 220 21 15 17 19 198 67624 65503 25 220 17 16 23 20 198 92499 468 461 85261 25 220 21 22 16 21 198 51 22267 85551 25 220 22 18 16 20 198 2753 269 54407 25 220 21 17 24 23 198 45 52831 28392 25 220 20 15 15 22 198 25406 10524 51194 25 220 22 17 22 15 198 61686 85551 25 220 16 21 19 15 198 40 15649 65503 25 220 17 17 18 21 198 43 1561 17095 29048 25 220 24 18 20 19 198 23950 404 85551 25 220 17 16 17 24 198 92878 7755 40523 25 220 16 24 23 24 198 25406 10524 472 718 329 25 220 24 20 20 21 271 14582 25 3555 374 279 2615 2038 369 25282 65503 5267 16141 25 576 2615 2038 369 25282 65503 374 220 16 24 23 24	331
r079/gold/q19	nll	6054 2038 19424 198 51 22267 41421 12660 25 220 18 24 24 20 198 46 24513 57153 25 220 21 18 17 16 198 25406 10524 63221 25 220 20 16 18 19 198 25406 10524 40523 25 220 16 17 23 21 198 95347 24548 13334 25 220 19 20 17 21 198 36 48021 63161 25 220 20 17 22 18 198 52 1728 647 17922 25 220 19 24 24 18 198 92878 7755 33554 56860 25 220 16 19 21 15 198 42 92023 45111 288 25 220 18 23 15 20 198 36125 269 85551 25 220 22 20 21 20 198 56 355 1704 5540 25 220 24 15 19 18 198 2269 321 51194 25 220 21 24 19 16 198 56 355 1704 51194 25 220 17 23 20 18 198 40 15649 41041 25 220 18 20 15 18 198 3430 2555 24548 13334 25 220 19 15 16 15 198 11109 64 65503 25 220 21 24 22 19 198 51 25496 472 718 329 25 220 21 22 19 24 198 50 1055 685 17095 29048 25 220 21 16 22 18 198 42 2143 51194 25 220 22 21 20 16 198 32887 1466 14741 49713 25 220 22 16 23 23 198 61686 472 718 329 25 220 22 16 24 16 198 52 1728 66945 14604 25 220 20 15 24 21 198 3430 2555 730 363 1127 6642 25 220 24 22 24 21 198 36 48021 40523 25 220 17 24 16 17 198 57 4644 24548 13334 25 220 22 15 23 22 198 61686 4398 2863 25 220 23 18 16 22 198 1143 268 69543 25 220 17 22 18 16 198 51 25496 28392 25 220 23 22 23 23 198 2753 269 33554 56860 25 220 23 21 20 15 198 86543 17095 29048 25 220 24 22 19 22 271 14582 25 3555 374 279 2615 2038 369 13452 1466 14741 49713 5267 16141 25 576 2615 2038 369 13452 1466 14741 49713 374 220 22 16 23 23	347
r079/wrong/q19	nll	6054 2038 19424 198 51 22267 41421 12660 25 220 18 24 24 20 198 46 24513 57153 25 220 21 18 17 16 198 25406 10524 63221 25 220 20 16 18 19 198 25406 10524 40523 25 220 16 17 23 21 198 95347 24548 13334 25 220 19 20 17 21 198 36 48021 63161 25 220 20 17 22 18 198 52 1728 647 17922 25 220 19 24 24 18 198 92878 7755 33554 56860 25 220 16 19 21 15 198 42 92023 45111 288 25 220 18 23 15 20 198 36125 269 85551 25 220 22 20 21 20 198 56 355 1704 5540 25 220 24 15 19 18 198 2269 321 51194 25 220 21 24 19 16 198 56 355 1704 51194 25 220 17 23 20 18 198 40 15649 41041 25 220 18 20 15 18 198 3430 2555 24548 13334 25 220 19 15 16 15 198 11109 64 65503 25 220 21 24 22 19 198 51 25496 472 718 329 25 220 21 22 19 24 198 50 1055 685 17095 29048 25 220 21 16 22 18 198 42 2143 51194 25 220 22 21 20 16 198 32887 1466 14741 49713 25 220 22 16 23 23 198 61686 472 718 329 25 220 22 16 24 16 198 52 1728 66945 14604 25 220 20 15 24 21 198 3430 2555 730 363 1127 6642 25 220 24 22 24 21 198 36 48021 40523 25 220 17 24 16 17 198 57 4644 24548 13334 25 220 22 15 23 22 198 61686 4398 2863 25 220 23 18 16 22 198 1143 268 69543 25 220 17 22 18 16 198 51 25496 28392 25 220 23 22 23 23 198 2753 269 33554 56860 25 220 23 21 20 15 198 86543 17095 29048 25 220 24 22 19 22 271 14582 25 3555 374 279 2615 2038 369 13452 1466 14741 49713 5267 16141 25 576 2615 2038 369 13452 1466 14741 49713 374 220 20 15 24 21	347
r080/gold/q20	nll	6054 2038 19424 198 43 1561 472 718 329 25 220 16 15 18 20 198 37 67718 43229 83717 25 220 17 21 15 23 198 28085 685 54407 25 220 20 24 15 17 198 56 5059 472 718 329 25 220 19 18 21 18 198 94230 78 730 4110 25 220 20 19 20 22 198 45 52831 17095 29048 25 220 18 24 19 15 198 51 2780 80 55520 25 220 19 19 15 21 198 11109 64 51194 25 220 24 16 22 17 198 3430 2555 76069 25 220 23 15 19 20 198 57 4644 65503 25 220 19 23 18 19 198 95347 57153 25 220 17 18 20 19 198 51 2780 80 29953 25 220 16 18 19 20 198 57 4644 63221 25 220 21 23 22 18 198 43 1561 37710 25 220 17 24 19 18 198 67624 506 4554 1958 25 220 22 22 21 23 198 51 2780 80 63161 25 220 17 21 19 18 198 37 67718 75502 25 220 22 22 22 24 198 51 25496 76069 25 220 20 15 15 16 198 45 1579 337 2143 472 718 329 25 220 21 18 19 24 198 51 22267 61479 85 25 220 23 16 23 23 198 46 24513 65503 25 220 20 21 19 19 198 23950 404 41421 12660 25 220 16 18 21 22 198 61686 57153 25 220 19 20 22 15 198 67624 24548 13334 25 220 23 17 17 17 198 28085 685 27219 69578 380 25 220 24 22 18 21 198 94230 78 506 4554 1958 25 220 18 16 22 24 198 39 3362 76715 25 220 16 24 24 22 198 36 48021 41421 12660 25 220 20 24 21 16 198 95347 61479 85 25 220 24 15 15 19 198 3430 2555 61916 25 220 24 22 21 17 271 14582 25 3555 374 279 2615 2038 369 30697 65503 5267 16141 25 576 2615 2038 369 30697 65503 374 220 20 21 19 19	344
r080/wrong/q20	nll	6054 2038 19424 198 43 1561 472 718 329 25 220 16 15 18 20 198 37 67718 43229 83717 25 220 17 21 15 23 198 28085 685 54407 25 220 20 24 15 17 198 56 5059 472 718 329 25 220 19 18 21 18 198 94230 78 730 4110 25 220 20 19 20 22 198 45 52831 17095 29048 25 220 18 24 19 15 198 51 2780 80 55520 25 220 19 19 15 21 198 11109 64 51194 25 220 24 16 22 17 198 3430 2555 76069 25 220 23 15 19 20 198 57 4644 65503 25 220 19 23 18 19 198 95347 57153 25 220 17 18 20 19 198 51 2780 80 29953 25 220 16 18 19 20 198 57 4644 63221 25 220 21 23 22 18 198 43 1561 37710 25 220 17 24 19 18 198 67624 506 4554 1958 25 220 22 22 21 23 198 51 2780 80 63161 25 220 17 21 19 18 198 37 67718 75502 25 220 22 22 22 24 198 51 25496 76069 25 220 20 15 15 16 198 45 1579 337 2143 472 718 329 25 220 21 18 19 24 198 51 22267 61479 85 25 220 23 16 23 23 198 46 24513 65503 25 220 20 21 19 19 198 23950 404 41421 12660 25 220 16 18 21 22 198 61686 57153 25 220 19 20 22 15 198 67624 24548 13334 25 220 23 17 17 17 198 28085 685 27219 69578 380 25 220 24 22 18 21 198 94230 78 506 4554 1958 25 220 18 16 22 24 198 39 3362 76715 25 220 16 24 24 22 198 36 48021 41421 12660 25 220 20 24 21 16 198 95347 61479 85 25 220 24 15 15 19 198 3430 2555 61916 25 220 24 22 21 17 271 14582 25 3555 374 279 2615 2038 369 30697 65503 5267 16141 25 576 2615 2038 369 30697 65503 374 220 20 24 15 17	344
r081/gold/q21	nll	6054 2038 19424 198 50 1055 685 29953 25 220 17 21 21 22 198 43 1561 65911 301 25 220 22 23 24 23 198 57 5059 468 461 85261 25 220 24 24 24 24 198 2304 10524 95683 25 220 24 19 20 21 198 50 1055 685 468 461 85261 25 220 24 17 19 23 198 45 52831 54407 25 220 20 21 16 23 198 57 5059 647 17922 25 220 16 18 24 16 198 92878 7755 42127 25 220 21 15 23 24 198 61686 81781 25 220 19 15 17 17 198 92878 7755 61479 85 25 220 20 15 17 20 198 2304 10524 41421 12660 25 220 16 17 15 19 198 51 25496 58750 25 220 20 21 19 22 198 56 355 1704 43229 83717 25 220 18 21 18 23 198 39 3362 29953 25 220 22 22 17 18 198 51 2780 80 4620 585 25 220 21 16 21 16 198 32887 1466 17095 29048 25 220 23 20 24 17 198 42 92023 4398 2863 25 220 19 23 22 21 198 49 2577 5891 81781 25 220 20 18 24 17 198 39 3362 4398 2863 25 220 19 17 17 15 198 51 22267 57153 25 220 18 16 17 24 198 92878 7755 58750 25 220 21 21 20 21 198 11109 64 468 461 85261 25 220 17 17 15 22 198 85384 97276 25 220 22 20 24 17 198 56 355 1704 17095 29048 25 220 20 16 20 18 198 6953 57681 54407 25 220 22 16 24 21 198 641 288 730 4110 25 220 21 18 23 19 198 52 1728 76715 25 220 22 24 23 17 198 35 1763 461 69543 25 220 18 18 19 17 198 67624 40523 25 220 21 17 22 15 198 1143 268 63161 25 220 22 17 22 21 271 14582 25 3555 374 279 2615 2038 369 50344 468 461 85261 5267 16141 25 576 2615 2038 369 50344 468 461 85261 374 220 17 17 15 22	349
r081/wrong/q21	nll	6054 2038 19424 198 50 1055 685 29953 25 220 17 21 21 22 198 43 1561 65911 301 25 220 22 23 24 23 198 57 5059 468 461 85261 25 220 24 24 24 24 198 2304 10524 95683 25 220 24 19 20 21 198 50 1055 685 468 461 85261 25 220 24 17 19 23 198 45 52831 54407 25 220 20 21 16 23 198 57 5059 647 17922 25 220 16 18 24 16 198 92878 7755 42127 25 220 21 15 23 24 198 61686 81781 25 220 19 15 17 17 198 92878 7755 61479 85 25 220 20 15 17 20 198 2304 10524 41421 12660 25 220 16 17 15 19 198 51 25496 58750 25 220 20 21 19 22 198 56 355 1704 43229 83717 25 220 18 21 18 23 198 39 3362 29953 25 220 22 22 17 18 198 51 2780 80 4620 585 25 220 21 16 21 16 198 32887 1466 17095 29048 25 220 23 20 24 17 198 42 92023 4398 2863 25 220 19 23 22 21 198 49 2577 5891 81781 25 220 20 18 24 17 198 39 3362 4398 2863 25 220 19 17 17 15 198 51 22267 57153 25 220 18 16 17 24 198 92878 7755 58750 25 220 21 21 20 21 198 11109 64 468 461 85261 25 220 17 17 15 22 198 85384 97276 25 220 22 20 24 17 198 56 355 1704 17095 29048 25 220 20 16 20 18 198 6953 57681 54407 25 220 22 16 24 21 198 641 288 730 4110 25 220 21 18 23 19 198 52 1728 76715 25 220 22 24 23 17 198 35 1763 461 69543 25 220 18 18 19 17 198 67624 40523 25 220 21 17 22 15 198 1143 268 63161 25 220 22 17 22 21 271 14582 25 3555 374 279 2615 2038 369 50344 468 461 85261 5267 16141 25 576 2615 2038 369 50344 468 461 85261 374 220 18 21 18 23	349
r082/gold/q22	nll	6054 2038 19424 198 11109 64 506 4554 1958 25 220 24 18 19 21 198 37152 300 472 718 329 25 220 24 15 23 19 198 2269 52313 75502 25 220 21 17 16 21 198 32887 1466 65911 301 25 220 17 18 22 21 198 43 1561 61479 85 25 220 23 23 19 23 198 57 4644 15687 19840 25 220 16 22 20 24 198 40645 685 51065 25 220 16 23 16 19 198 56 355 1704 69543 25 220 23 15 18 21 198 51 2780 80 54407 25 220 23 21 17 21 198 39 3362 15687 19840 25 220 18 20 22 19 198 23950 404 4620 585 25 220 24 17 22 17 198 51 25496 40523 25 220 16 21 24 18 198 54 268 47623 25 220 18 18 21 15 198 92878 7755 472 718 329 25 220 16 20 18 19 198 46 24513 61916 25 220 24 17 19 15 198 52 1728 43229 83717 25 220 20 24 24 17 198 42 2143 15687 19840 25 220 20 23 19 16 198 86543 63161 25 220 18 24 21 22 198 56 5059 14741 49713 25 220 24 15 16 19 198 51 25496 66945 14604 25 220 22 19 18 16 198 86543 81781 25 220 21 16 20 23 198 43 1561 47623 25 220 21 19 16 18 198 3430 2555 51065 25 220 24 18 19 15 198 85384 4398 2863 25 220 22 21 21 21 198 43 1561 33554 56860 25 220 22 19 20 17 198 40645 685 75502 25 220 16 17 21 16 198 40 15649 40523 25 220 16 21 24 21 198 85384 51065 25 220 17 24 23 17 198 56 5059 36020 25 220 21 22 21 24 198 51 25496 65633 25 220 16 22 23 16 271 14582 25 3555 374 279 2615 2038 369 2823 2555 51065 5267 16141 25 576 2615 2038 369 2823 2555 51065 374 220 24 18 19 15	341
r082/wrong/q22	nll	6054 2038 19424 198 11109 64 506 4554 1958 25 220 24 18 19 21 198 37152 300 472 718 329 25 220 24 15 23 19 198 2269 52313 75502 25 220 21 17 16 21 198 32887 1466 65911 301 25 220 17 18 22 21 198 43 1561 61479 85 25 220 23 23 19 23 198 57 4644 15687 19840 25 220 16 22 20 24 198 40645 685 51065 25 220 16 23 16 19 198 56 355 1704 69543 25 220 23 15 18 21 198 51 2780 80 54407 25 220 23 21 17 21 198 39 3362 15687 19840 25 220 18 20 22 19 198 23950 404 4620 585 25 220 24 17 22 17 198 51 25496 40523 25 220 16 21 24 18 198 54 268 47623 25 220 18 18 21 15 198 92878 7755 472 718 329 25 220 16 20 18 19 198 46 24513 61916 25 220 24 17 19 15 198 52 1728 43229 83717 25 220 20 24 24 17 198 42 2143 15687 19840 25 220 20 23 19 16 198 86543 63161 25 220 18 24 21 22 198 56 5059 14741 49713 25 220 24 15 16 19 198 51 25496 66945 14604 25 220 22 19 18 16 198 86543 81781 25 220 21 16 20 23 198 43 1561 47623 25 220 21 19 16 18 198 3430 2555 51065 25 220 24 18 19 15 198 85384 4398 2863 25 220 22 21 21 21 198 43 1561 33554 56860 25 220 22 19 20 17 198 40645 685 75502 25 220 16 17 21 16 198 40 15649 40523 25 220 16 21 24 21 198 85384 51065 25 220 17 24 23 17 198 56 5059 36020 25 220 21 22 21 24 198 51 25496 65633 25 220 16 22 23 16 271 14582 25 3555 374 279 2615 2038 369 2823 2555 51065 5267 16141 25 576 2615 2038 369 2823 2555 51065 374 220 16 23 16 19	341
r083/gold/q23	nll	6054 2038 19424 198 54 268 65633 25 220 22 23 15 18 198 56 5059 468 461 85261 25 220 16 15 23 15 198 57 5059 65503 25 220 16 16 17 17 198 2304 10524 33554 56860 25 220 17 22 15 16 198 1143 268 43229 83717 25 220 23 17 21 15 198 61686 41041 25 220 23 18 21 17 198 54 268 76069 25 220 22 21 22 22 198 54 268 29953 25 220 19 20 22 21 198 39 3362 37710 25 220 19 24 22 24 198 61686 45111 288 25 220 24 16 17 19 198 56 355 1704 41041 25 220 18 23 22 17 198 45 52831 66945 14604 25 220 16 20 22 20 198 42 92023 95683 25 220 24 16 18 23 198 2269 321 76715 25 220 24 19 18 17 198 40 15649 57153 25 220 21 19 24 24 198 40 15649 54407 25 220 20 15 24 23 198 54 268 55520 25 220 16 21 22 21 198 36125 269 95683 25 220 18 24 24 19 198 51 25496 15687 19840 25 220 18 22 23 19 198 85384 37710 25 220 20 15 22 24 198 42 2143 28392 25 220 23 19 20 16 198 42 2143 17095 29048 25 220 20 15 15 20 198 2753 269 51065 25 220 20 21 20 22 198 57 4644 730 363 1127 6642 25 220 17 20 15 21 198 39 3362 28392 25 220 21 19 22 22 198 57 4644 54407 25 220 20 23 22 18 198 1143 268 76069 25 220 21 24 21 22 198 6953 57681 24548 13334 25 220 23 16 16 19 198 37152 300 17095 29048 25 220 18 22 21 21 198 641 288 81781 25 220 23 24 20 17 271 14582 25 3555 374 279 2615 2038 369 74641 730 363 1127 6642 5267 16141 25 576 2615 2038 369 74641 730 363 1127 6642 374 220 17 20 15 21	341
r083/wrong/q23	nll	6054 2038 19424 198 54 268 65633 25 220 22 23 15 18 198 56 5059 468 461 85261 25 220 16 15 23 15 198 57 5059 65503 25 220 16 16 17 17 198 2304 10524 33554 56860 25 220 17 22 15 16 198 1143 268 43229 83717 25 220 23 17 21 15 198 61686 41041 25 220 23 18 21 17 198 54 268 76069 25 220 22 21 22 22 198 54 268 29953 25 220 19 20 22 21 198 39 3362 37710 25 220 19 24 22 24 198 61686 45111 288 25 220 24 16 17 19 198 56 355 1704 41041 25 220 18 23 22 17 198 45 52831 66945 14604 25 220 16 20 22 20 198 42 92023 95683 25 220 24 16 18 23 198 2269 321 76715 25 220 24 19 18 17 198 40 15649 57153 25 220 21 19 24 24 198 40 15649 54407 25 220 20 15 24 23 198 54 268 55520 25 220 16 21 22 21 198 36125 269 95683 25 220 18 24 24 19 198 51 25496 15687 19840 25 220 18 22 23 19 198 85384 37710 25 220 20 15 22 24 198 42 2143 28392 25 220 23 19 20 16 198 42 2143 17095 29048 25 220 20 15 15 20 198 2753 269 51065 25 220 20 21 20 22 198 57 4644 730 363 1127 6642 25 220 17 20 15 21 198 39 3362 28392 25 220 21 19 22 22 198 57 4644 54407 25 220 20 23 22 18 198 1143 268 76069 25 220 21 24 21 22 198 6953 57681 24548 13334 25 220 23 16 16 19 198 37152 300 17095 29048 25 220 18 22 21 21 198 641 288 81781 25 220 23 24 20 17 271 14582 25 3555 374 279 2615 2038 369 74641 730 363 1127 6642 5267 16141 25 576 2615 2038 369 74641 730 363 1127 6642 374 220 20 15 22 24	341
r084/gold/q24	nll	6054 2038 19424 198 46 24513 43229 83717 25 220 19 24 21 20 198 641 288 55520 25 220 22 24 23 18 198 6091 5059 97276 25 220 23 16 21 20 198 45 52831 51065 25 220 18 18 24 20 198 37152 300 57153 25 220 17 24 21 22 198 56 5059 15687 19840 25 220 23 19 20 23 198 2304 10524 51065 25 220 23 18 23 23 198 2304 10524 55520 25 220 19 19 23 18 198 43 1561 472 718 329 25 220 24 22 23 17 198 51 25496 14741 49713 25 220 23 17 15 24 198 42 92023 730 4110 25 220 24 21 21 24 198 51 2780 80 97276 25 220 21 22 22 18 198 52 1728 506 4554 1958 25 220 24 24 15 19 198 49 2577 5891 33554 56860 25 220 22 19 22 16 198 52 1728 75502 25 220 18 23 19 18 198 6953 57681 730 363 1127 6642 25 220 16 18 17 15 198 92878 7755 5540 25 220 18 24 20 19 198 57 5059 51194 25 220 19 17 22 16 198 5066 5059 15687 19840 25 220 20 20 16 15 198 56 5059 45111 288 25 220 19 15 19 23 198 1143 268 51065 25 220 22 23 22 24 198 2269 321 647 17922 25 220 16 23 24 21 198 67624 69543 25 220 24 16 22 17 198 32887 1466 63221 25 220 20 15 15 16 198 49 11983 55520 25 220 18 22 24 20 198 2753 269 57153 25 220 16 16 19 21 198 2269 321 15687 19840 25 220 16 19 17 20 198 37 67718 63161 25 220 21 19 22 18 198 2269 321 64009 25 220 20 21 21 20 198 37 67718 65633 25 220 23 17 16 16 271 14582 25 3555 374 279 2615 2038 369 46830 55520 5267 16141 25 576 2615 2038 369 46830 55520 374 220 18 22 24 20	341
r084/wrong/q24	nll	6054 2038 19424 198 46 24513 43229 83717 25 220 19 24 21 20 198 641 288 55520 25 220 22 24 23 18 198 6091 5059 97276 25 220 23 16 21 20 198 45 52831 51065 25 220 18 18 24 20 198 37152 300 57153 25 220 17 24 21 22 198 56 5059 15687 19840 25 220 23 19 20 23 198 2304 10524 51065 25 220 23 18 23 23 198 2304 10524 55520 25 220 19 19 23 18 198 43 1561 472 718 329 25 220 24 22 23 17 198 51 25496 14741 49713 25 220 23 17 15 24 198 42 92023 730 4110 25 220 24 21 21 24 198 51 2780 80 97276 25 220 21 22 22 18 198 52 1728 506 4554 1958 25 220 24 24 15 19 198 49 2577 5891 33554 56860 25 220 22 19 22 16 198 52 1728 75502 25 220 18 23 19 18 198 6953 57681 730 363 1127 6642 25 220 16 18 17 15 198 92878 7755 5540 25 220 18 24 20 19 198 57 5059 51194 25 220 19 17 22 16 198 5066 5059 15687 19840 25 220 20 20 16 15 198 56 5059 45111 288 25 220 19 15 19 23 198 1143 268 51065 25 220 22 23 22 24 198 2269 321 647 17922 25 220 16 23 24 21 198 67624 69543 25 220 24 16 22 17 198 32887 1466 63221 25 220 20 15 15 16 198 49 11983 55520 25 220 18 22 24 20 198 2753 269 57153 25 220 16 16 19 21 198 2269 321 15687 19840 25 220 16 19 17 20 198 37 67718 63161 25 220 21 19 22 18 198 2269 321 64009 25 220 20 21 21 20 198 37 67718 65633 25 220 23 17 16 16 271 14582 25 3555 374 279 2615 2038 369 46830 55520 5267 16141 25 576 2615 2038 369 46830 55520 374 220 19 15 19 23	341
r085/gold/q25	nll	6054 2038 19424 198 23950 404 65633 25 220 17 16 23 21 198 57 4644 24548 13334 25 220 24 21 19 20 198 641 288 58750 25 220 17 23 24 20 198 39 33501 63161 25 220 18 19 24 15 198 3430 2555 64009 25 220 19 20 18 15 198 95347 24548 13334 25 220 24 16 15 21 198 67624 37710 25 220 22 19 20 23 198 61686 76715 25 220 16 16 21 15 198 6953 57681 66945 14604 25 220 20 16 22 24 198 40645 685 42127 25 220 21 19 21 22 198 23950 404 42127 25 220 17 17 22 17 198 43 1561 43229 83717 25 220 22 19 15 17 198 25406 10524 63221 25 220 16 18 17 19 198 51 25496 61916 25 220 17 23 23 19 198 56 355 1704 61916 25 220 19 24 18 20 198 61686 15687 19840 25 220 17 20 22 19 198 95347 37710 25 220 19 23 23 21 198 52 1728 41421 12660 25 220 21 23 18 16 198 49 11983 41421 12660 25 220 24 16 21 24 198 95347 468 461 85261 25 220 21 24 18 19 198 36125 269 4620 585 25 220 22 19 23 22 198 49 11983 76069 25 220 24 16 15 19 198 2304 10524 37710 25 220 24 19 19 17 198 45 1579 337 2143 45111 288 25 220 22 23 18 20 198 86543 15687 19840 25 220 20 19 23 16 198 6091 5059 64009 25 220 16 24 22 24 198 35 1763 461 647 17922 25 220 22 19 19 19 198 67624 5540 25 220 18 15 21 15 198 37 67718 41421 12660 25 220 18 15 15 15 198 36 48021 76715 25 220 18 24 24 23 271 14582 25 3555 374 279 2615 2038 369 3303 5059 64009 5267 16141 25 576 2615 2038 369 3303 5059 64009 374 220 16 24 22 24	336
r085/wrong/q25	nll	6054 2038 19424 198 23950 404 65633 25 220 17 16 23 21 198 57 4644 24548 13334 25 220 24 21 19 20 198 641 288 58750 25 220 17 23 24 20 198 39 33501 63161 25 220 18 19 24 15 198 3430 2555 64009 25 220 19 20 18 15 198 95347 24548 13334 25 220 24 16 15 21 198 67624 37710 25 220 22 19 20 23 198 61686 76715 25 220 16 16 21 15 198 6953 57681 66945 14604 25 220 20 16 22 24 198 40645 685 42127 25 220 21 19 21 22 198 23950 404 42127 25 220 17 17 22 17 198 43 1561 43229 83717 25 220 22 19 15 17 198 25406 10524 63221 25 220 16 18 17 19 198 51 25496 61916 25 220 17 23 23 19 198 56 355 1704 61916 25 220 19 24 18 20 198 61686 15687 19840 25 220 17 20 22 19 198 95347 37710 25 220 19 23 23 21 198 52 1728 41421 12660 25 220 21 23 18 16 198 49 11983 41421 12660 25 220 24 16 21 24 198 95347 468 461 85261 25 220 21 24 18 19 198 36125 269 4620 585 25 220 22 19 23 22 198 49 11983 76069 25 220 24 16 15 19 198 2304 10524 37710 25 220 24 19 19 17 198 45 1579 337 2143 45111 288 25 220 22 23 18 20 198 86543 15687 19840 25 220 20 19 23 16 198 6091 5059 64009 25 220 16 24 22 24 198 35 1763 461 647 17922 25 220 22 19 19 19 198 67624 5540 25 220 18 15 21 15 198 37 67718 41421 12660 25 220 18 15 15 15 198 36 48021 76715 25 220 18 24 24 23 271 14582 25 3555 374 279 2615 2038 369 3303 5059 64009 5267 16141 25 576 2615 2038 369 3303 5059 64009 374 220 17 23 23 19	336
r086/gold/q26	nll	6054 2038 19424 198 94230 78 5540 25 220 22 24 22 18 198 46 24513 5540 25 220 20 19 19 18 198 641 288 4620 585 25 220 18 23 23 17 198 25406 10524 468 461 85261 25 220 17 18 16 15 198 641 288 41421 12660 25 220 16 15 18 22 198 11109 64 41421 12660 25 220 19 21 22 18 198 56 355 1704 730 363 1127 6642 25 220 21 24 15 18 198 92878 7755 63221 25 220 23 24 20 19 198 2269 321 17095 29048 25 220 18 24 18 20 198 6953 57681 66945 14604 25 220 21 18 24 19 198 2304 10524 66945 14604 25 220 20 22 15 21 198 28085 685 63221 25 220 19 22 23 18 198 2269 321 85551 25 220 21 15 16 23 198 43 1561 51065 25 220 16 20 21 21 198 42 2143 15687 19840 25 220 23 21 20 15 198 54 268 41421 12660 25 220 16 20 15 17 198 85384 51065 25 220 18 22 22 15 198 36 48021 58750 25 220 18 16 18 16 198 42 2143 63221 25 220 20 15 19 18 198 45 52831 65911 301 25 220 20 16 21 21 198 36 48021 730 4110 25 220 19 22 15 22 198 49 2577 5891 57153 25 220 16 20 17 18 198 51 2780 80 64009 25 220 22 23 17 19 198 36125 269 42127 25 220 19 18 22 17 198 23950 404 4398 2863 25 220 20 18 15 20 198 49 2577 5891 4620 585 25 220 21 19 22 16 198 5066 5059 28392 25 220 18 20 15 16 198 51 25496 730 4110 25 220 21 20 19 22 198 6091 5059 5540 25 220 17 23 15 22 198 35 1763 461 43229 83717 25 220 19 22 18 17 271 14582 25 3555 374 279 2615 2038 369 50557 28392 5267 16141 25 576 2615 2038 369 50557 28392 374 220 18 20 15 16	347
r086/wrong/q26	nll	6054 2038 19424 198 94230 78 5540 25 220 22 24 22 18 198 46 24513 5540 25 220 20 19 19 18 198 641 288 4620 585 25 220 18 23 23 17 198 25406 10524 468 461 85261 25 220 17 18 16 15 198 641 288 41421 12660 25 220 16 15 18 22 198 11109 64 41421 12660 25 220 19 21 22 18 198 56 355 1704 730 363 1127 6642 25 220 21 24 15 18 198 92878 7755 63221 25 220 23 24 20 19 198 2269 321 17095 29048 25 220 18 24 18 20 198 6953 57681 66945 14604 25 220 21 18 24 19 198 2304 10524 66945 14604 25 220 20 22 15 21 198 28085 685 63221 25 220 19 22 23 18 198 2269 321 85551 25 220 21 15 16 23 198 43 1561 51065 25 220 16 20 21 21 198 42 2143 15687 19840 25 220 23 21 20 15 198 54 268 41421 12660 25 220 16 20 15 17 198 85384 51065 25 220 18 22 22 15 198 36 48021 58750 25 220 18 16 18 16 198 42 2143 63221 25 220 20 15 19 18 198 45 52831 65911 301 25 220 20 16 21 21 198 36 48021 730 4110 25 220 19 22 15 22 198 49 2577 5891 57153 25 220 16 20 17 18 198 51 2780 80 64009 25 220 22 23 17 19 198 36125 269 42127 25 220 19 18 22 17 198 23950 404 4398 2863 25 220 20 18 15 20 198 49 2577 5891 4620 585 25 220 21 19 22 16 198 5066 5059 28392 25 220 18 20 15 16 198 51 25496 730 4110 25 220 21 20 19 22 198 6091 5059 5540 25 220 17 23 15 22 198 35 1763 461 43229 83717 25 220 19 22 18 17 271 14582 25 3555 374 279 2615 2038 369 50557 28392 5267 16141 25 576 2615 2038 369 50557 28392 374 220 18 22 22 15	347
r087/gold/q27	nll	6054 2038 19424 198 51 25496 76069 25 220 18 19 17 20 198 25406 10524 41421 12660 25 220 23 18 17 21 198 36 48021 69543 25 220 19 20 19 17 198 52 1728 43229 83717 25 220 21 19 20 24 198 11109 64 4620 585 25 220 16 23 16 21 198 92499 76069 25 220 19 21 22 21 198 3430 2555 97276 25 220 17 21 21 22 198 57 5059 41041 25 220 21 19 18 15 198 6091 5059 63221 25 220 19 18 21 20 198 86543 730 4110 25 220 16 18 23 23 198 57 5059 24548 13334 25 220 18 19 21 24 198 42 2143 730 363 1127 6642 25 220 21 16 18 19 198 5066 5059 51194 25 220 22 21 19 21 198 40 15649 468 461 85261 25 220 22 22 24 20 198 42 92023 29953 25 220 21 23 24 22 198 57 5059 63221 25 220 16 18 24 17 198 49 2577 5891 47623 25 220 21 17 23 22 198 92499 41421 12660 25 220 19 15 17 15 198 6953 57681 29953 25 220 18 20 24 15 198 3430 2555 65503 25 220 17 16 16 22 198 32887 1466 75502 25 220 24 23 22 23 198 28085 685 40523 25 220 17 22 17 22 198 49 11983 472 718 329 25 220 19 24 20 18 198 49 11983 41421 12660 25 220 17 22 16 24 198 39 3362 69543 25 220 24 24 18 19 198 95347 43229 83717 25 220 17 17 16 15 198 51 22267 64009 25 220 19 20 22 23 198 641 288 69543 25 220 18 21 18 17 198 2269 52313 24548 13334 25 220 20 18 22 15 198 51 25496 41421 12660 25 220 20 20 19 21 271 14582 25 3555 374 279 2615 2038 369 758 288 69543 5267 16141 25 576 2615 2038 369 758 288 69543 374 220 18 21 18 17	340
r087/wrong/q27	nll	6054 2038 19424 198 51 25496 76069 25 220 18 19 17 20 198 25406 10524 41421 12660 25 220 23 18 17 21 198 36 48021 69543 25 220 19 20 19 17 198 52 1728 43229 83717 25 220 21 19 20 24 198 11109 64 4620 585 25 220 16 23 16 21 198 92499 76069 25 220 19 21 22 21 198 3430 2555 97276 25 220 17 21 21 22 198 57 5059 41041 25 220 21 19 18 15 198 6091 5059 63221 25 220 19 18 21 20 198 86543 730 4110 25 220 16 18 23 23 198 57 5059 24548 13334 25 220 18 19 21 24 198 42 2143 730 363 1127 6642 25 220 21 16 18 19 198 5066 5059 51194 25 220 22 21 19 21 198 40 15649 468 461 85261 25 220 22 22 24 20 198 42 92023 29953 25 220 21 23 24 22 198 57 5059 63221 25 220 16 18 24 17 198 49 2577 5891 47623 25 220 21 17 23 22 198 92499 41421 12660 25 220 19 15 17 15 198 6953 57681 29953 25 220 18 20 24 15 198 3430 2555 65503 25 220 17 16 16 22 198 32887 1466 75502 25 220 24 23 22 23 198 28085 685 40523 25 220 17 22 17 22 198 49 11983 472 718 329 25 220 19 24 20 18 198 49 11983 41421 12660 25 220 17 22 16 24 198 39 3362 69543 25 220 24 24 18 19 198 95347 43229 83717 25 220 17 17 16 15 198 51 22267 64009 25 220 19 20 22 23 198 641 288 69543 25 220 18 21 18 17 198 2269 52313 24548 13334 25 220 20 18 22 15 198 51 25496 41421 12660 25 220 20 20 19 21 271 14582 25 3555 374 279 2615 2038 369 758 288 69543 5267 16141 25 576 2615 2038 369 758 288 69543 374 220 17 22 16 24	340
r088/gold/q28	nll	6054 2038 19424 198 56 355 1704 66945 14604 25 220 17 17 15 22 198 49 11983 95683 25 220 17 18 19 21 198 6091 5059 85551 25 220 21 18 19 22 198 28085 685 95683 25 220 23 18 15 16 198 2753 269 468 461 85261 25 220 19 24 24 21 198 42 2143 75502 25 220 16 22 23 20 198 95347 65633 25 220 24 18 22 19 198 92878 7755 76715 25 220 22 20 17 23 198 54 268 24548 13334 25 220 23 24 20 17 198 37152 300 1863 35010 1536 25 220 17 18 17 18 198 37152 300 15687 19840 25 220 21 19 19 15 198 28085 685 55520 25 220 16 23 21 17 198 32887 1466 61916 25 220 23 15 23 18 198 40645 685 730 363 1127 6642 25 220 20 20 17 21 198 2753 269 37710 25 220 16 22 16 23 198 11109 64 97276 25 220 24 18 17 22 198 3430 2555 61479 85 25 220 16 16 21 20 198 86543 41421 12660 25 220 17 16 24 21 198 42 92023 42127 25 220 23 18 21 18 198 56 5059 51065 25 220 23 17 21 19 198 2753 269 65911 301 25 220 16 20 19 18 198 46 24513 41041 25 220 24 22 24 22 198 56 355 1704 27219 69578 380 25 220 18 17 21 22 198 61686 81781 25 220 16 16 15 17 198 2753 269 58750 25 220 17 18 24 16 198 32887 1466 17095 29048 25 220 17 22 21 22 198 49 11983 61916 25 220 22 16 22 23 198 45 1579 337 2143 75502 25 220 24 24 17 20 198 6953 57681 41041 25 220 22 16 17 24 198 51 22267 29953 25 220 19 18 15 23 271 14582 25 3555 374 279 2615 2038 369 1644 57681 41041 5267 16141 25 576 2615 2038 369 1644 57681 41041 374 220 22 16 17 24	343
r088/wrong/q28	nll	6054 2038 19424 198 56 355 1704 66945 14604 25 220 17 17 15 22 198 49 11983 95683 25 220 17 18 19 21 198 6091 5059 85551 25 220 21 18 19 22 198 28085 685 95683 25 220 23 18 15 16 198 2753 269 468 461 85261 25 220 19 24 24 21 198 42 2143 75502 25 220 16 22 23 20 198 95347 65633 25 220 24 18 22 19 198 92878 7755 76715 25 220 22 20 17 23 198 54 268 24548 13334 25 220 23 24 20 17 198 37152 300 1863 35010 1536 25 220 17 18 17 18 198 37152 300 15687 19840 25 220 21 19 19 15 198 28085 685 55520 25 220 16 23 21 17 198 32887 1466 61916 25 220 23 15 23 18 198 40645 685 730 363 1127 6642 25 220 20 20 17 21 198 2753 269 37710 25 220 16 22 16 23 198 11109 64 97276 25 220 24 18 17 22 198 3430 2555 61479 85 25 220 16 16 21 20 198 86543 41421 12660 25 220 17 16 24 21 198 42 92023 42127 25 220 23 18 21 18 198 56 5059 51065 25 220 23 17 21 19 198 2753 269 65911 301 25 220 16 20 19 18 198 46 24513 41041 25 220 24 22 24 22 198 56 355 1704 27219 69578 380 25 220 18 17 21 22 198 61686 81781 25 220 16 16 15 17 198 2753 269 58750 25 220 17 18 24 16 198 32887 1466 17095 29048 25 220 17 22 21 22 198 49 11983 61916 25 220 22 16 22 23 198 45 1579 337 2143 75502 25 220 24 24 17 20 198 6953 57681 41041 25 220 22 16 17 24 198 51 22267 29953 25 220 19 18 15 23 271 14582 25 3555 374 279 2615 2038 369 1644 57681 41041 5267 16141 25 576 2615 2038 369 1644 57681 41041 374 220 20 20 17 21	343
r089/gold/q29	nll	6054 2038 19424 198 51 22267 65911 301 25 220 20 17 24 20 198 641 288 37710 25 220 19 22 17 22 198 2753 269 468 461 85261 25 220 22 21 24 23 198 37 67718 15687 19840 25 220 17 18 18 15 198 6091 5059 51194 25 220 18 22 15 22 198 39 33501 69543 25 220 17 15 17 17 198 51 25496 57153 25 220 20 19 22 16 198 51 22267 75502 25 220 21 23 23 23 198 61686 65503 25 220 22 20 21 24 198 45 1579 337 2143 85551 25 220 19 15 17 23 198 37152 300 63221 25 220 23 15 22 17 198 37 67718 730 363 1127 6642 25 220 16 24 21 19 198 92499 730 4110 25 220 21 16 21 24 198 49 11983 47623 25 220 20 22 22 17 198 86543 54407 25 220 19 16 24 20 198 92499 42127 25 220 22 16 24 22 198 42 2143 45111 288 25 220 21 16 15 15 198 51 25496 1863 35010 1536 25 220 22 15 23 23 198 52 1728 95683 25 220 21 20 21 21 198 92499 37710 25 220 16 24 17 17 198 49 2577 5891 36020 25 220 17 18 22 23 198 95347 17095 29048 25 220 21 17 17 20 198 36 48021 41421 12660 25 220 20 22 22 16 198 2753 269 51065 25 220 21 17 17 18 198 39 33501 15687 19840 25 220 24 18 16 22 198 11109 64 1863 35010 1536 25 220 19 20 22 21 198 50 1055 685 81781 25 220 18 19 18 24 198 95347 61916 25 220 20 21 19 24 198 36125 269 29953 25 220 17 18 15 24 198 85384 75502 25 220 17 21 24 16 271 14582 25 3555 374 279 2615 2038 369 34181 75502 5267 16141 25 576 2615 2038 369 34181 75502 374 220 17 21 24 16	336
r089/wrong/q29	nll	6054 2038 19424 198 51 22267 65911 301 25 220 20 17 24 20 198 641 288 37710 25 220 19 22 17 22 198 2753 269 468 461 85261 25 220 22 21 24 23 198 37 67718 15687 19840 25 220 17 18 18 15 198 6091 5059 51194 25 220 18 22 15 22 198 39 33501 69543 25 220 17 15 17 17 198 51 25496 57153 25 220 20 19 22 16 198 51 22267 75502 25 220 21 23 23 23 198 61686 65503 25 220 22 20 21 24 198 45 1579 337 2143 85551 25 220 19 15 17 23 198 37152 300 63221 25 220 23 15 22 17 198 37 67718 730 363 1127 6642 25 220 16 24 21 19 198 92499 730 4110 25 220 21 16 21 24 198 49 11983 47623 25 220 20 22 22 17 198 86543 54407 25 220 19 16 24 20 198 92499 42127 25 220 22 16 24 22 198 42 2143 45111 288 25 220 21 16 15 15 198 51 25496 1863 35010 1536 25 220 22 15 23 23 198 52 1728 95683 25 220 21 20 21 21 198 92499 37710 25 220 16 24 17 17 198 49 2577 5891 36020 25 220 17 18 22 23 198 95347 17095 29048 25 220 21 17 17 20 198 36 48021 41421 12660 25 220 20 22 22 16 198 2753 269 51065 25 220 21 17 17 18 198 39 33501 15687 19840 25 220 24 18 16 22 198 11109 64 1863 35010 1536 25 220 19 20 22 21 198 50 1055 685 81781 25 220 18 19 18 24 198 95347 61916 25 220 20 21 19 24 198 36125 269 29953 25 220 17 18 15 24 198 85384 75502 25 220 17 21 24 16 271 14582 25 3555 374 279 2615 2038 369 34181 75502 5267 16141 25 576 2615 2038 369 34181 75502 374 220 20 17 24 20	336
r090/gold/q0	nll	6054 2038 19424 198 2269 321 4398 2863 25 220 18 24 22 20 198 36 48021 54407 25 220 22 18 18 20 198 2753 269 14741 49713 25 220 16 15 22 18 198 37 67718 506 4554 1958 25 220 19 20 23 20 198 61686 45111 288 25 220 20 15 15 22 198 51 25496 63221 25 220 20 22 17 15 198 37 67718 51194 25 220 19 19 18 18 198 45 52831 63161 25 220 21 23 21 24 198 32887 1466 51065 25 220 17 15 22 15 198 39 3362 14741 49713 25 220 24 23 18 17 198 25406 10524 730 4110 25 220 16 15 21 23 198 56 5059 43229 83717 25 220 18 23 23 22 198 2269 52313 37710 25 220 24 17 15 22 198 40 15649 51194 25 220 22 23 22 17 198 40645 685 65503 25 220 18 16 22 23 198 25406 10524 63161 25 220 17 20 19 23 198 6091 5059 54407 25 220 22 19 22 23 198 36125 269 43229 83717 25 220 21 16 21 23 198 2304 10524 36020 25 220 22 16 21 21 198 49 11983 468 461 85261 25 220 21 18 19 16 198 61686 41041 25 220 24 19 17 23 198 36 48021 95683 25 220 16 22 20 18 198 23950 404 41421 12660 25 220 17 17 18 21 198 40 15649 15687 19840 25 220 22 21 19 23 198 2269 52313 58750 25 220 20 16 16 15 198 51 25496 51194 25 220 23 23 15 20 198 2269 321 85551 25 220 23 19 18 16 198 94230 78 468 461 85261 25 220 24 21 23 16 198 40 15649 97276 25 220 23 16 15 16 198 50 1055 685 47623 25 220 18 20 19 24 271 14582 25 3555 374 279 2615 2038 369 87724 4398 2863 5267 16141 25 576 2615 2038 369 87724 4398 2863 374 220 18 24 22 20	340
r090/wrong/q0	nll	6054 2038 19424 198 2269 321 4398 2863 25 220 18 24 22 20 198 36 48021 54407 25 220 22 18 18 20 198 2753 269 14741 49713 25 220 16 15 22 18 198 37 67718 506 4554 1958 25 220 19 20 23 20 198 61686 45111 288 25 220 20 15 15 22 198 51 25496 63221 25 220 20 22 17 15 198 37 67718 51194 25 220 19 19 18 18 198 45 52831 63161 25 220 21 23 21 24 198 32887 1466 51065 25 220 17 15 22 15 198 39 3362 14741 49713 25 220 24 23 18 17 198 25406 10524 730 4110 25 220 16 15 21 23 198 56 5059 43229 83717 25 220 18 23 23 22 198 2269 52313 37710 25 220 24 17 15 22 198 40 15649 51194 25 220 22 23 22 17 198 40645 685 65503 25 220 18 16 22 23 198 25406 10524 63161 25 220 17 20 19 23 198 6091 5059 54407 25 220 22 19 22 23 198 36125 269 43229 83717 25 220 21 16 21 23 198 2304 10524 36020 25 220 22 16 21 21 198 49 11983 468 461 85261 25 220 21 18 19 16 198 61686 41041 25 220 24 19 17 23 198 36 48021 95683 25 220 16 22 20 18 198 23950 404 41421 12660 25 220 17 17 18 21 198 40 15649 15687 19840 25 220 22 21 19 23 198 2269 52313 58750 25 220 20 16 16 15 198 51 25496 51194 25 220 23 23 15 20 198 2269 321 85551 25 220 23 19 18 16 198 94230 78 468 461 85261 25 220 24 21 23 16 198 40 15649 97276 25 220 23 16 15 16 198 50 1055 685 47623 25 220 18 20 19 24 271 14582 25 3555 374 279 2615 2038 369 87724 4398 2863 5267 16141 25 576 2615 2038 369 87724 4398 2863 374 220 22 18 18 20	340
r091/gold/q1	nll	6054 2038 19424 198 49 11983 15687 19840 25 220 17 19 22 24 198 56 355 1704 75502 25 220 16 15 22 15 198 92878 7755 57153 25 220 23 17 17 23 198 67624 36020 25 220 23 21 23 15 198 67624 64009 25 220 18 15 17 17 198 52 1728 51065 25 220 24 15 20 20 198 51 2780 80 85551 25 220 22 24 20 24 198 2269 321 730 363 1127 6642 25 220 24 19 20 24 198 45 52831 58750 25 220 19 16 21 21 198 85384 64009 25 220 21 19 24 17 198 23950 404 65503 25 220 19 18 17 24 198 51 22267 63161 25 220 16 15 17 16 198 42 92023 75502 25 220 16 21 17 16 198 56 355 1704 97276 25 220 20 19 16 15 198 1143 268 40523 25 220 22 16 24 15 198 45 1579 337 2143 51194 25 220 23 16 20 20 198 39 33501 37710 25 220 18 24 20 23 198 92878 7755 75502 25 220 22 15 16 16 198 51 2780 80 45111 288 25 220 16 15 19 16 198 49 11983 647 17922 25 220 22 19 17 20 198 95347 51065 25 220 17 15 23 21 198 25406 10524 51065 25 220 24 17 19 19 198 641 288 29953 25 220 17 21 18 22 198 2269 321 97276 25 220 23 19 20 22 198 50 1055 685 55520 25 220 16 19 20 15 198 56 355 1704 27219 69578 380 25 220 19 16 17 21 198 36125 269 36020 25 220 19 19 19 23 198 95347 40523 25 220 23 16 24 23 198 45 1579 337 2143 58750 25 220 22 15 17 24 198 2753 269 29953 25 220 21 22 23 21 271 14582 25 3555 374 279 2615 2038 369 93348 1704 75502 5267 16141 25 576 2615 2038 369 93348 1704 75502 374 220 16 15 22 15	339
r091/wrong/q1	nll	6054 2038 19424 198 49 11983 15687 19840 25 220 17 19 22 24 198 56 355 1704 75502 25 220 16 15 22 15 198 92878 7755 57153 25 220 23 17 17 23 198 67624 36020 25 220 23 21 23 15 198 67624 64009 25 220 18 15 17 17 198 52 1728 51065 25 220 24 15 20 20 198 51 2780 80 85551 25 220 22 24 20 24 198 2269 321 730 363 1127 6642 25 220 24 19 20 24 198 45 52831 58750 25 220 19 16 21 21 198 85384 64009 25 220 21 19 24 17 198 23950 404 65503 25 220 19 18 17 24 198 51 22267 63161 25 220 16 15 17 16 198 42 92023 75502 25 220 16 21 17 16 198 56 355 1704 97276 25 220 20 19 16 15 198 1143 268 40523 25 220 22 16 24 15 198 45 1579 337 2143 51194 25 220 23 16 20 20 198 39 33501 37710 25 220 18 24 20 23 198 92878 7755 75502 25 220 22 15 16 16 198 51 2780 80 45111 288 25 220 16 15 19 16 198 49 11983 647 17922 25 220 22 19 17 20 198 95347 51065 25 220 17 15 23 21 198 25406 10524 51065 25 220 24 17 19 19 198 641 288 29953 25 220 17 21 18 22 198 2269 321 97276 25 220 23 19 20 22 198 50 1055 685 55520 25 220 16 19 20 15 198 56 355 1704 27219 69578 380 25 220 19 16 17 21 198 36125 269 36020 25 220 19 19 19 23 198 95347 40523 25 220 23 16 24 23 198 45 1579 337 2143 58750 25 220 22 15 17 24 198 2753 269 29953 25 220 21 22 23 21 271 14582 25 3555 374 279 2615 2038 369 93348 1704 75502 5267 16141 25 576 2615 2038 369 93348 1704 75502 374 220 24 17 19 19	339
r092/gold/q2	nll	6054 2038 19424 198 54 268 647 17922 25 220 22 23 23 22 198 45 52831 64009 25 220 16 21 17 21 198 56 355 1704 65633 25 220 21 18 19 22 198 28085 685 61916 25 220 17 20 16 21 198 54 268 4398 2863 25 220 16 15 17 20 198 32887 1466 95683 25 220 20 23 24 24 198 51 25496 27219 69578 380 25 220 16 22 17 22 198 85384 24548 13334 25 220 19 21 15 17 198 6091 5059 76715 25 220 24 16 23 18 198 61686 5540 25 220 23 19 18 19 198 54 268 58750 25 220 16 24 23 24 198 61686 27219 69578 380 25 220 21 21 18 24 198 45 52831 24548 13334 25 220 22 21 23 18 198 95347 36020 25 220 22 24 15 19 198 5066 5059 63161 25 220 21 17 16 17 198 46 24513 27219 69578 380 25 220 18 15 15 21 198 52 1728 36020 25 220 19 15 22 16 198 40 15649 65911 301 25 220 16 19 20 19 198 5066 5059 51194 25 220 21 22 22 23 198 49 11983 43229 83717 25 220 16 17 23 17 198 39 3362 730 4110 25 220 21 15 22 18 198 45 52831 5540 25 220 22 18 17 22 198 50 1055 685 47623 25 220 21 17 15 18 198 95347 41041 25 220 18 24 19 24 198 39 3362 76069 25 220 21 19 24 16 198 37 67718 63161 25 220 21 21 23 17 198 56 355 1704 65911 301 25 220 17 24 24 23 198 40 15649 63161 25 220 23 20 20 17 198 51 22267 95683 25 220 20 21 17 21 198 49 11983 1863 35010 1536 25 220 21 16 23 19 271 14582 25 3555 374 279 2615 2038 369 93348 1704 65633 5267 16141 25 576 2615 2038 369 93348 1704 65633 374 220 21 18 19 22	340
r092/wrong/q2	nll	6054 2038 19424 198 54 268 647 17922 25 220 22 23 23 22 198 45 52831 64009 25 220 16 21 17 21 198 56 355 1704 65633 25 220 21 18 19 22 198 28085 685 61916 25 220 17 20 16 21 198 54 268 4398 2863 25 220 16 15 17 20 198 32887 1466 95683 25 220 20 23 24 24 198 51 25496 27219 69578 380 25 220 16 22 17 22 198 85384 24548 13334 25 220 19 21 15 17 198 6091 5059 76715 25 220 24 16 23 18 198 61686 5540 25 220 23 19 18 19 198 54 268 58750 25 220 16 24 23 24 198 61686 27219 69578 380 25 220 21 21 18 24 198 45 52831 24548 13334 25 220 22 21 23 18 198 95347 36020 25 220 22 24 15 19 198 5066 5059 63161 25 220 21 17 16 17 198 46 24513 27219 69578 380 25 220 18 15 15 21 198 52 1728 36020 25 220 19 15 22 16 198 40 15649 65911 301 25 220 16 19 20 19 198 5066 5059 51194 25 220 21 22 22 23 198 49 11983 43229 83717 25 220 16 17 23 17 198 39 3362 730 4110 25 220 21 15 22 18 198 45 52831 5540 25 220 22 18 17 22 198 50 1055 685 47623 25 220 21 17 15 18 198 95347 41041 25 220 18 24 19 24 198 39 3362 76069 25 220 21 19 24 16 198 37 67718 63161 25 220 21 21 23 17 198 56 355 1704 65911 301 25 220 17 24 24 23 198 40 15649 63161 25 220 23 20 20 17 198 51 22267 95683 25 220 20 21 17 21 198 49 11983 1863 35010 1536 25 220 21 16 23 19 271 14582 25 3555 374 279 2615 2038 369 93348 1704 65633 5267 16141 25 576 2615 2038 369 93348 1704 65633 374 220 21 15 22 18	340
r093/gold/q3	nll	6054 2038 19424 198 50 1055 685 81781 25 220 22 21 17 15 198 51 2780 80 76069 25 220 17 21 22 22 198 39 33501 63221 25 220 16 18 23 16 198 42 2143 75502 25 220 18 20 17 22 198 52 1728 506 4554 1958 25 220 24 22 20 21 198 61686 42127 25 220 23 17 22 24 198 43 1561 4398 2863 25 220 20 17 21 21 198 5066 5059 65633 25 220 21 15 17 20 198 6953 57681 43229 83717 25 220 23 19 19 20 198 11109 64 506 4554 1958 25 220 24 17 24 19 198 51 2780 80 64009 25 220 24 16 22 20 198 51 22267 36020 25 220 22 16 21 17 198 40645 685 24548 13334 25 220 24 19 24 23 198 23950 404 468 461 85261 25 220 20 21 21 22 198 61686 29953 25 220 20 18 21 16 198 6091 5059 41421 12660 25 220 23 15 16 20 198 51 2780 80 76715 25 220 16 23 16 19 198 23950 404 15687 19840 25 220 24 23 20 17 198 51 25496 54407 25 220 16 17 23 23 198 52 1728 41041 25 220 18 19 22 20 198 42 92023 66945 14604 25 220 18 18 21 15 198 641 288 64009 25 220 23 15 19 22 198 50 1055 685 1863 35010 1536 25 220 17 19 19 21 198 45 52831 43229 83717 25 220 21 24 21 23 198 56 355 1704 1863 35010 1536 25 220 18 17 15 20 198 85384 5540 25 220 19 20 18 24 198 11109 64 43229 83717 25 220 22 19 20 22 198 49 2577 5891 47623 25 220 21 16 19 22 198 49 2577 5891 66945 14604 25 220 22 24 15 24 198 51 2780 80 29953 25 220 24 24 20 21 271 14582 25 3555 374 279 2615 2038 369 50610 75502 5267 16141 25 576 2615 2038 369 50610 75502 374 220 18 20 17 22	349
r093/wrong/q3	nll	6054 2038 19424 198 50 1055 685 81781 25 220 22 21 17 15 198 51 2780 80 76069 25 220 17 21 22 22 198 39 33501 63221 25 220 16 18 23 16 198 42 2143 75502 25 220 18 20 17 22 198 52 1728 506 4554 1958 25 220 24 22 20 21 198 61686 42127 25 220 23 17 22 24 198 43 1561 4398 2863 25 220 20 17 21 21 198 5066 5059 65633 25 220 21 15 17 20 198 6953 57681 43229 83717 25 220 23 19 19 20 198 11109 64 506 4554 1958 25 220 24 17 24 19 198 51 2780 80 64009 25 220 24 16 22 20 198 51 22267 36020 25 220 22 16 21 17 198 40645 685 24548 13334 25 220 24 19 24 23 198 23950 404 468 461 85261 25 220 20 21 21 22 198 61686 29953 25 220 20 18 21 16 198 6091 5059 41421 12660 25 220 23 15 16 20 198 51 2780 80 76715 25 220 16 23 16 19 198 23950 404 15687 19840 25 220 24 23 20 17 198 51 25496 54407 25 220 16 17 23 23 198 52 1728 41041 25 220 18 19 22 20 198 42 92023 66945 14604 25 220 18 18 21 15 198 641 288 64009 25 220 23 15 19 22 198 50 1055 685 1863 35010 1536 25 220 17 19 19 21 198 45 52831 43229 83717 25 220 21 24 21 23 198 56 355 1704 1863 35010 1536 25 220 18 17 15 20 198 85384 5540 25 220 19 20 18 24 198 11109 64 43229 83717 25 220 22 19 20 22 198 49 2577 5891 47623 25 220 21 16 19 22 198 49 2577 5891 66945 14604 25 220 22 24 15 24 198 51 2780 80 29953 25 220 24 24 20 21 271 14582 25 3555 374 279 2615 2038 369 50610 75502 5267 16141 25 576 2615 2038 369 50610 75502 374 220 24 17 24 19	349
r094/gold/q4	nll	6054 2038 19424 198 37152 300 65911 301 25 220 20 19 21 17 198 6091 5059 37710 25 220 18 15 18 23 198 51 22267 36020 25 220 19 17 22 21 198 40 15649 33554 56860 25 220 21 18 22 24 198 57 4644 45111 288 25 220 21 15 20 24 198 2753 269 61916 25 220 19 24 20 20 198 1143 268 43229 83717 25 220 21 18 18 21 198 42 2143 28392 25 220 22 24 18 22 198 51 22267 27219 69578 380 25 220 18 17 17 20 198 28085 685 28392 25 220 17 16 19 21 198 94230 78 65911 301 25 220 21 17 21 19 198 45 52831 40523 25 220 24 20 21 18 198 61686 506 4554 1958 25 220 17 24 23 21 198 32887 1466 61916 25 220 21 18 15 17 198 6091 5059 42127 25 220 19 17 20 15 198 23950 404 69543 25 220 23 16 17 19 198 37 67718 4620 585 25 220 20 20 17 16 198 95347 51194 25 220 19 22 22 16 198 2269 52313 41041 25 220 21 17 15 23 198 2269 321 29953 25 220 23 18 16 15 198 35 1763 461 45111 288 25 220 22 15 19 15 198 40 15649 45111 288 25 220 18 16 18 20 198 37 67718 57153 25 220 23 22 23 24 198 3430 2555 64009 25 220 21 20 15 23 198 95347 37710 25 220 16 16 16 24 198 39 3362 45111 288 25 220 24 18 18 21 198 23950 404 51194 25 220 20 15 23 17 198 11109 64 29953 25 220 17 21 22 24 198 35 1763 461 63161 25 220 21 23 17 23 198 35 1763 461 66945 14604 25 220 24 23 17 20 271 14582 25 3555 374 279 2615 2038 369 74641 45111 288 5267 16141 25 576 2615 2038 369 74641 45111 288 374 220 21 15 20 24	340
r094/wrong/q4	nll	6054 2038 19424 198 37152 300 65911 301 25 220 20 19 21 17 198 6091 5059 37710 25 220 18 15 18 23 198 51 22267 36020 25 220 19 17 22 21 198 40 15649 33554 56860 25 220 21 18 22 24 198 57 4644 45111 288 25 220 21 15 20 24 198 2753 269 61916 25 220 19 24 20 20 198 1143 268 43229 83717 25 220 21 18 18 21 198 42 2143 28392 25 220 22 24 18 22 198 51 22267 27219 69578 380 25 220 18 17 17 20 198 28085 685 28392 25 220 17 16 19 21 198 94230 78 65911 301 25 220 21 17 21 19 198 45 52831 40523 25 220 24 20 21 18 198 61686 506 4554 1958 25 220 17 24 23 21 198 32887 1466 61916 25 220 21 18 15 17 198 6091 5059 42127 25 220 19 17 20 15 198 23950 404 69543 25 220 23 16 17 19 198 37 67718 4620 585 25 220 20 20 17 16 198 95347 51194 25 220 19 22 22 16 198 2269 52313 41041 25 220 21 17 15 23 198 2269 321 29953 25 220 23 18 16 15 198 35 1763 461 45111 288 25 220 22 15 19 15 198 40 15649 45111 288 25 220 18 16 18 20 198 37 67718 57153 25 220 23 22 23 24 198 3430 2555 64009 25 220 21 20 15 23 198 95347 37710 25 220 16 16 16 24 198 39 3362 45111 288 25 220 24 18 18 21 198 23950 404 51194 25 220 20 15 23 17 198 11109 64 29953 25 220 17 21 22 24 198 35 1763 461 63161 25 220 21 23 17 23 198 35 1763 461 66945 14604 25 220 24 23 17 20 271 14582 25 3555 374 279 2615 2038 369 74641 45111 288 5267 16141 25 576 2615 2038 369 74641 45111 288 374 220 24 23 17 20	340
r095/gold/q5	nll	6054 2038 19424 198 51 22267 33554 56860 25 220 21 15 19 16 198 45 1579 337 2143 4398 2863 25 220 24 16 20 15 198 57 5059 43229 83717 25 220 18 24 15 22 198 56 5059 81781 25 220 18 17 21 18 198 6091 5059 58750 25 220 21 21 16 17 198 2269 321 15687 19840 25 220 21 21 17 15 198 46 24513 65911 301 25 220 21 17 19 16 198 23950 404 4398 2863 25 220 24 23 15 24 198 67624 65911 301 25 220 18 17 21 15 198 641 288 69543 25 220 23 21 18 19 198 641 288 506 4554 1958 25 220 19 20 23 15 198 51 25496 4398 2863 25 220 20 15 16 23 198 40 15649 57153 25 220 22 24 24 17 198 95347 55520 25 220 23 21 20 22 198 36 48021 15687 19840 25 220 17 15 24 15 198 6091 5059 66945 14604 25 220 18 16 19 18 198 3430 2555 4398 2863 25 220 20 16 23 17 198 42 92023 85551 25 220 20 15 18 15 198 56 5059 14741 49713 25 220 17 19 15 17 198 2269 52313 76069 25 220 23 24 16 18 198 45 52831 47623 25 220 24 17 20 15 198 40 15649 63221 25 220 18 24 21 22 198 52 1728 45111 288 25 220 20 17 19 23 198 43 1561 97276 25 220 20 18 23 20 198 37 67718 730 4110 25 220 19 17 21 19 198 45 1579 337 2143 28392 25 220 20 17 18 20 198 56 5059 730 363 1127 6642 25 220 21 17 16 15 198 2753 269 40523 25 220 16 17 23 20 198 45 52831 33554 56860 25 220 17 19 15 21 198 2304 10524 76715 25 220 17 19 20 17 271 14582 25 3555 374 279 2615 2038 369 87724 15687 19840 5267 16141 25 576 2615 2038 369 87724 15687 19840 374 220 21 21 17 15	348
r095/wrong/q5	nll	6054 2038 19424 198 51 22267 33554 56860 25 220 21 15 19 16 198 45 1579 337 2143 4398 2863 25 220 24 16 20 15 198 57 5059 43229 83717 25 220 18 24 15 22 198 56 5059 81781 25 220 18 17 21 18 198 6091 5059 58750 25 220 21 21 16 17 198 2269 321 15687 19840 25 220 21 21 17 15 198 46 24513 65911 301 25 220 21 17 19 16 198 23950 404 4398 2863 25 220 24 23 15 24 198 67624 65911 301 25 220 18 17 21 15 198 641 288 69543 25 220 23 21 18 19 198 641 288 506 4554 1958 25 220 19 20 23 15 198 51 25496 4398 2863 25 220 20 15 16 23 198 40 15649 57153 25 220 22 24 24 17 198 95347 55520 25 220 23 21 20 22 198 36 48021 15687 19840 25 220 17 15 24 15 198 6091 5059 66945 14604 25 220 18 16 19 18 198 3430 2555 4398 2863 25 220 20 16 23 17 198 42 92023 85551 25 220 20 15 18 15 198 56 5059 14741 49713 25 220 17 19 15 17 198 2269 52313 76069 25 220 23 24 16 18 198 45 52831 47623 25 220 24 17 20 15 198 40 15649 63221 25 220 18 24 21 22 198 52 1728 45111 288 25 220 20 17 19 23 198 43 1561 97276 25 220 20 18 23 20 198 37 67718 730 4110 25 220 19 17 21 19 198 45 1579 337 2143 28392 25 220 20 17 18 20 198 56 5059 730 363 1127 6642 25 220 21 17 16 15 198 2753 269 40523 25 220 16 17 23 20 198 45 52831 33554 56860 25 220 17 19 15 21 198 2304 10524 76715 25 220 17 19 20 17 271 14582 25 3555 374 279 2615 2038 369 87724 15687 19840 5267 16141 25 576 2615 2038 369 87724 15687 19840 374 220 20 16 23 17	348
r096/gold/q6	nll	6054 2038 19424 198 28085 685 57153 25 220 21 22 21 19 198 61686 65503 25 220 23 16 20 15 198 54 268 65503 25 220 16 21 18 17 198 92499 47623 25 220 17 23 17 18 198 11109 64 33554 56860 25 220 20 17 19 23 198 57 5059 36020 25 220 18 21 21 22 198 11109 64 40523 25 220 24 15 22 17 198 39 33501 51194 25 220 18 20 21 20 198 57 5059 40523 25 220 17 15 16 24 198 11109 64 58750 25 220 18 24 23 17 198 49 11983 51194 25 220 20 24 16 16 198 67624 97276 25 220 17 18 19 15 198 40645 685 4620 585 25 220 16 23 18 21 198 51 25496 63161 25 220 22 20 20 21 198 85384 647 17922 25 220 20 20 15 24 198 25406 10524 33554 56860 25 220 17 18 17 19 198 92499 51065 25 220 21 21 23 24 198 25406 10524 730 363 1127 6642 25 220 19 22 19 22 198 50 1055 685 36020 25 220 22 21 23 22 198 46 24513 76069 25 220 22 19 24 23 198 54 268 468 461 85261 25 220 24 16 16 23 198 49 11983 76069 25 220 23 18 17 17 198 11109 64 4398 2863 25 220 22 24 15 17 198 45 52831 65633 25 220 24 22 18 23 198 42 92023 81781 25 220 19 23 20 15 198 52 1728 24548 13334 25 220 16 19 19 20 198 37 67718 4620 585 25 220 22 23 19 22 198 52 1728 41421 12660 25 220 21 23 22 23 198 86543 66945 14604 25 220 22 15 19 17 198 2269 321 66945 14604 25 220 17 18 18 16 271 14582 25 3555 374 279 2615 2038 369 50344 40523 5267 16141 25 576 2615 2038 369 50344 40523 374 220 24 15 22 17	334
r096/wrong/q6	nll	6054 2038 19424 198 28085 685 57153 25 220 21 22 21 19 198 61686 65503 25 220 23 16 20 15 198 54 268 65503 25 220 16 21 18 17 198 92499 47623 25 220 17 23 17 18 198 11109 64 33554 56860 25 220 20 17 19 23 198 57 5059 36020 25 220 18 21 21 22 198 11109 64 40523 25 220 24 15 22 17 198 39 33501 51194 25 220 18 20 21 20 198 57 5059 40523 25 220 17 15 16 24 198 11109 64 58750 25 220 18 24 23 17 198 49 11983 51194 25 220 20 24 16 16 198 67624 97276 25 220 17 18 19 15 198 40645 685 4620 585 25 220 16 23 18 21 198 51 25496 63161 25 220 22 20 20 21 198 85384 647 17922 25 220 20 20 15 24 198 25406 10524 33554 56860 25 220 17 18 17 19 198 92499 51065 25 220 21 21 23 24 198 25406 10524 730 363 1127 6642 25 220 19 22 19 22 198 50 1055 685 36020 25 220 22 21 23 22 198 46 24513 76069 25 220 22 19 24 23 198 54 268 468 461 85261 25 220 24 16 16 23 198 49 11983 76069 25 220 23 18 17 17 198 11109 64 4398 2863 25 220 22 24 15 17 198 45 52831 65633 25 220 24 22 18 23 198 42 92023 81781 25 220 19 23 20 15 198 52 1728 24548 13334 25 220 16 19 19 20 198 37 67718 4620 585 25 220 22 23 19 22 198 52 1728 41421 12660 25 220 21 23 22 23 198 86543 66945 14604 25 220 22 15 19 17 198 2269 321 66945 14604 25 220 17 18 18 16 271 14582 25 3555 374 279 2615 2038 369 50344 40523 5267 16141 25 576 2615 2038 369 50344 40523 374 220 24 16 16 23	334
r097/gold/q7	nll	6054 2038 19424 198 36125 269 81781 25 220 21 23 16 19 198 50 1055 685 4620 585 25 220 18 17 15 23 198 51 22267 27219 69578 380 25 220 21 16 16 15 198 3430 2555 24548 13334 25 220 23 22 17 18 198 6091 5059 36020 25 220 24 20 24 19 198 56 355 1704 4398 2863 25 220 23 17 21 20 198 45 52831 81781 25 220 22 16 18 20 198 57 4644 730 4110 25 220 19 19 15 18 198 3430 2555 14741 49713 25 220 23 21 24 20 198 50 1055 685 40523 25 220 19 17 17 16 198 92878 7755 17095 29048 25 220 24 16 22 23 198 37152 300 51194 25 220 22 15 17 15 198 36125 269 54407 25 220 22 18 18 15 198 49 2577 5891 57153 25 220 16 17 16 22 198 49 2577 5891 472 718 329 25 220 20 23 18 24 198 49 2577 5891 33554 56860 25 220 18 22 24 23 198 39 3362 647 17922 25 220 18 22 15 24 198 92878 7755 5540 25 220 24 15 22 15 198 43 1561 47623 25 220 18 16 20 17 198 49 2577 5891 76069 25 220 20 19 20 16 198 5066 5059 36020 25 220 17 17 15 24 198 641 288 61916 25 220 19 17 21 15 198 40645 685 5540 25 220 19 20 21 17 198 95347 472 718 329 25 220 21 15 22 19 198 641 288 36020 25 220 21 21 19 18 198 95347 5540 25 220 22 18 15 15 198 40 15649 65633 25 220 18 18 21 17 198 50 1055 685 61479 85 25 220 17 17 21 18 198 51 2780 80 37710 25 220 21 20 20 16 198 86543 27219 69578 380 25 220 22 22 21 20 271 14582 25 3555 374 279 2615 2038 369 74641 730 4110 5267 16141 25 576 2615 2038 369 74641 730 4110 374 220 19 19 15 18	349
r097/wrong/q7	nll	6054 2038 19424 198 36125 269 81781 25 220 21 23 16 19 198 50 1055 685 4620 585 25 220 18 17 15 23 198 51 22267 27219 69578 380 25 220 21 16 16 15 198 3430 2555 24548 13334 25 220 23 22 17 18 198 6091 5059 36020 25 220 24 20 24 19 198 56 355 1704 4398 2863 25 220 23 17 21 20 198 45 52831 81781 25 220 22 16 18 20 198 57 4644 730 4110 25 220 19 19 15 18 198 3430 2555 14741 49713 25 220 23 21 24 20 198 50 1055 685 40523 25 220 19 17 17 16 198 92878 7755 17095 29048 25 220 24 16 22 23 198 37152 300 51194 25 220 22 15 17 15 198 36125 269 54407 25 220 22 18 18 15 198 49 2577 5891 57153 25 220 16 17 16 22 198 49 2577 5891 472 718 329 25 220 20 23 18 24 198 49 2577 5891 33554 56860 25 220 18 22 24 23 198 39 3362 647 17922 25 220 18 22 15 24 198 92878 7755 5540 25 220 24 15 22 15 198 43 1561 47623 25 220 18 16 20 17 198 49 2577 5891 76069 25 220 20 19 20 16 198 5066 5059 36020 25 220 17 17 15 24 198 641 288 61916 25 220 19 17 21 15 198 40645 685 5540 25 220 19 20 21 17 198 95347 472 718 329 25 220 21 15 22 19 198 641 288 36020 25 220 21 21 19 18 198 95347 5540 25 220 22 18 15 15 198 40 15649 65633 25 220 18 18 21 17 198 50 1055 685 61479 85 25 220 17 17 21 18 198 51 2780 80 37710 25 220 21 20 20 16 198 86543 27219 69578 380 25 220 22 22 21 20 271 14582 25 3555 374 279 2615 2038 369 74641 730 4110 5267 16141 25 576 2615 2038 369 74641 730 4110 374 220 17 17 15 24	349
r098/gold/q8	nll	6054 2038 19424 198 54 268 65503 25 220 21 17 22 18 198 2269 321 69543 25 220 17 17 21 24 198 61686 64009 25 220 18 23 23 20 198 51 25496 468 461 85261 25 220 16 21 20 24 198 42 92023 51065 25 220 21 24 17 16 198 36125 269 63221 25 220 24 23 15 22 198 2269 321 472 718 329 25 220 19 22 17 23 198 45 1579 337 2143 37710 25 220 22 24 23 15 198 40 15649 76069 25 220 23 24 23 17 198 37 67718 65633 25 220 17 22 17 20 198 3430 2555 37710 25 220 17 23 23 16 198 61686 51194 25 220 22 21 20 20 198 3430 2555 24548 13334 25 220 23 16 17 15 198 42 92023 28392 25 220 23 21 17 17 198 50 1055 685 29953 25 220 20 15 19 24 198 37 67718 29953 25 220 22 18 15 21 198 23950 404 95683 25 220 23 22 17 21 198 39 3362 506 4554 1958 25 220 19 15 15 17 198 32887 1466 54407 25 220 16 15 18 18 198 49 11983 55520 25 220 22 24 17 22 198 641 288 63161 25 220 19 21 22 23 198 40645 685 41041 25 220 17 24 18 18 198 49 2577 5891 57153 25 220 24 21 22 17 198 56 355 1704 15687 19840 25 220 23 21 24 20 198 43 1561 40523 25 220 16 16 18 16 198 2269 321 45111 288 25 220 17 23 22 17 198 86543 5540 25 220 21 16 22 23 198 35 1763 461 95683 25 220 18 17 19 18 198 67624 54407 25 220 21 20 18 23 198 42 92023 1863 35010 1536 25 220 18 18 20 22 271 14582 25 3555 374 279 2615 2038 369 41421 76069 5267 16141 25 576 2615 2038 369 41421 76069 374 220 23 24 23 17	337
r098/wrong/q8	nll	6054 2038 19424 198 54 268 65503 25 220 21 17 22 18 198 2269 321 69543 25 220 17 17 21 24 198 61686 64009 25 220 18 23 23 20 198 51 25496 468 461 85261 25 220 16 21 20 24 198 42 92023 51065 25 220 21 24 17 16 198 36125 269 63221 25 220 24 23 15 22 198 2269 321 472 718 329 25 220 19 22 17 23 198 45 1579 337 2143 37710 25 220 22 24 23 15 198 40 15649 76069 25 220 23 24 23 17 198 37 67718 65633 25 220 17 22 17 20 198 3430 2555 37710 25 220 17 23 23 16 198 61686 51194 25 220 22 21 20 20 198 3430 2555 24548 13334 25 220 23 16 17 15 198 42 92023 28392 25 220 23 21 17 17 198 50 1055 685 29953 25 220 20 15 19 24 198 37 67718 29953 25 220 22 18 15 21 198 23950 404 95683 25 220 23 22 17 21 198 39 3362 506 4554 1958 25 220 19 15 15 17 198 32887 1466 54407 25 220 16 15 18 18 198 49 11983 55520 25 220 22 24 17 22 198 641 288 63161 25 220 19 21 22 23 198 40645 685 41041 25 220 17 24 18 18 198 49 2577 5891 57153 25 220 24 21 22 17 198 56 355 1704 15687 19840 25 220 23 21 24 20 198 43 1561 40523 25 220 16 16 18 16 198 2269 321 45111 288 25 220 17 23 22 17 198 86543 5540 25 220 21 16 22 23 198 35 1763 461 95683 25 220 18 17 19 18 198 67624 54407 25 220 21 20 18 23 198 42 92023 1863 35010 1536 25 220 18 18 20 22 271 14582 25 3555 374 279 2615 2038 369 41421 76069 5267 16141 25 576 2615 2038 369 41421 76069 374 220 23 22 17 21	337
r099/gold/q9	nll	6054 2038 19424 198 37 67718 15687 19840 25 220 16 22 21 19 198 56 355 1704 51065 25 220 18 17 18 22 198 92878 7755 47623 25 220 23 21 20 19 198 56 355 1704 29953 25 220 16 23 19 18 198 86543 28392 25 220 22 15 22 15 198 56 5059 14741 49713 25 220 16 19 20 19 198 67624 5540 25 220 19 23 23 18 198 50 1055 685 1863 35010 1536 25 220 19 24 20 24 198 1143 268 61479 85 25 220 19 22 17 22 198 5066 5059 95683 25 220 23 16 22 22 198 42 2143 1863 35010 1536 25 220 23 21 20 24 198 36125 269 51194 25 220 17 21 23 17 198 39 3362 69543 25 220 23 24 17 23 198 32887 1466 65911 301 25 220 22 18 17 21 198 42 92023 29953 25 220 22 18 20 16 198 641 288 45111 288 25 220 22 18 15 18 198 5066 5059 58750 25 220 24 23 24 21 198 56 5059 51194 25 220 24 17 22 16 198 54 268 85551 25 220 24 23 17 21 198 2269 52313 472 718 329 25 220 17 20 24 22 198 2753 269 42127 25 220 17 22 24 24 198 92878 7755 472 718 329 25 220 16 24 18 15 198 94230 78 647 17922 25 220 19 19 15 18 198 641 288 97276 25 220 18 15 22 18 198 46 24513 42127 25 220 21 18 17 17 198 39 3362 51065 25 220 23 23 21 21 198 32887 1466 76069 25 220 21 15 19 23 198 67624 57153 25 220 23 15 20 24 198 1143 268 57153 25 220 20 16 23 17 198 6953 57681 61479 85 25 220 17 18 16 20 271 14582 25 3555 374 279 2615 2038 369 50557 95683 5267 16141 25 576 2615 2038 369 50557 95683 374 220 23 16 22 22	339
r099/wrong/q9	nll	6054 2038 19424 198 37 67718 15687 19840 25 220 16 22 21 19 198 56 355 1704 51065 25 220 18 17 18 22 198 92878 7755 47623 25 220 23 21 20 19 198 56 355 1704 29953 25 220 16 23 19 18 198 86543 28392 25 220 22 15 22 15 198 56 5059 14741 49713 25 220 16 19 20 19 198 67624 5540 25 220 19 23 23 18 198 50 1055 685 1863 35010 1536 25 220 19 24 20 24 198 1143 268 61479 85 25 220 19 22 17 22 198 5066 5059 95683 25 220 23 16 22 22 198 42 2143 1863 35010 1536 25 220 23 21 20 24 198 36125 269 51194 25 220 17 21 23 17 198 39 3362 69543 25 220 23 24 17 23 198 32887 1466 65911 301 25 220 22 18 17 21 198 42 92023 29953 25 220 22 18 20 16 198 641 288 45111 288 25 220 22 18 15 18 198 5066 5059 58750 25 220 24 23 24 21 198 56 5059 51194 25 220 24 17 22 16 198 54 268 85551 25 220 24 23 17 21 198 2269 52313 472 718 329 25 220 17 20 24 22 198 2753 269 42127 25 220 17 22 24 24 198 92878 7755 472 718 329 25 220 16 24 18 15 198 94230 78 647 17922 25 220 19 19 15 18 198 641 288 97276 25 220 18 15 22 18 198 46 24513 42127 25 220 21 18 17 17 198 39 3362 51065 25 220 23 23 21 21 198 32887 1466 76069 25 220 21 15 19 23 198 67624 57153 25 220 23 15 20 24 198 1143 268 57153 25 220 20 16 23 17 198 6953 57681 61479 85 25 220 17 18 16 20 271 14582 25 3555 374 279 2615 2038 369 50557 95683 5267 16141 25 576 2615 2038 369 50557 95683 374 220 19 22 17 22	339
r100/gold/q10	nll	6054 2038 19424 198 49 11983 647 17922 25 220 21 23 18 17 198 51 22267 66945 14604 25 220 16 18 16 24 198 40 15649 40523 25 220 24 21 23 19 198 54 268 97276 25 220 23 18 16 24 198 40645 685 51065 25 220 22 20 17 16 198 56 5059 51194 25 220 18 19 15 19 198 57 5059 45111 288 25 220 24 19 17 22 198 56 5059 85551 25 220 21 22 20 17 198 46 24513 29953 25 220 20 22 16 22 198 11109 64 42127 25 220 19 16 24 15 198 51 2780 80 33554 56860 25 220 16 15 15 15 198 51 25496 29953 25 220 23 20 23 20 198 49 2577 5891 47623 25 220 16 18 17 17 198 11109 64 63161 25 220 24 15 23 16 198 92878 7755 69543 25 220 16 17 19 21 198 28085 685 29953 25 220 20 16 24 15 198 95347 57153 25 220 16 18 21 22 198 25406 10524 69543 25 220 18 20 23 18 198 51 2780 80 37710 25 220 19 22 16 22 198 92499 4620 585 25 220 23 19 17 17 198 2304 10524 45111 288 25 220 20 17 17 24 198 40 15649 647 17922 25 220 16 21 21 15 198 40 15649 730 4110 25 220 16 20 18 17 198 6953 57681 81781 25 220 20 15 20 24 198 56 355 1704 95683 25 220 16 23 21 24 198 32887 1466 37710 25 220 22 20 19 23 198 40 15649 65911 301 25 220 17 20 23 20 198 28085 685 14741 49713 25 220 18 24 24 21 198 95347 65633 25 220 20 15 15 19 198 52 1728 36020 25 220 24 16 23 21 271 14582 25 3555 374 279 2615 2038 369 350 2780 80 33554 56860 5267 16141 25 576 2615 2038 369 350 2780 80 33554 56860 374 220 16 15 15 15	341
r100/wrong/q10	nll	6054 2038 19424 198 49 11983 647 17922 25 220 21 23 18 17 198 51 22267 66945 14604 25 220 16 18 16 24 198 40 15649 40523 25 220 24 21 23 19 198 54 268 97276 25 220 23 18 16 24 198 40645 685 51065 25 220 22 20 17 16 198 56 5059 51194 25 220 18 19 15 19 198 57 5059 45111 288 25 220 24 19 17 22 198 56 5059 85551 25 220 21 22 20 17 198 46 24513 29953 25 220 20 22 16 22 198 11109 64 42127 25 220 19 16 24 15 198 51 2780 80 33554 56860 25 220 16 15 15 15 198 51 25496 29953 25 220 23 20 23 20 198 49 2577 5891 47623 25 220 16 18 17 17 198 11109 64 63161 25 220 24 15 23 16 198 92878 7755 69543 25 220 16 17 19 21 198 28085 685 29953 25 220 20 16 24 15 198 95347 57153 25 220 16 18 21 22 198 25406 10524 69543 25 220 18 20 23 18 198 51 2780 80 37710 25 220 19 22 16 22 198 92499 4620 585 25 220 23 19 17 17 198 2304 10524 45111 288 25 220 20 17 17 24 198 40 15649 647 17922 25 220 16 21 21 15 198 40 15649 730 4110 25 220 16 20 18 17 198 6953 57681 81781 25 220 20 15 20 24 198 56 355 1704 95683 25 220 16 23 21 24 198 32887 1466 37710 25 220 22 20 19 23 198 40 15649 65911 301 25 220 17 20 23 20 198 28085 685 14741 49713 25 220 18 24 24 21 198 95347 65633 25 220 20 15 15 19 198 52 1728 36020 25 220 24 16 23 21 271 14582 25 3555 374 279 2615 2038 369 350 2780 80 33554 56860 5267 16141 25 576 2615 2038 369 350 2780 80 33554 56860 374 220 18 20 23 18	341
r101/gold/q11	nll	6054 2038 19424 198 85384 468 461 85261 25 220 17 24 17 23 198 49 11983 27219 69578 380 25 220 21 16 20 18 198 85384 730 363 1127 6642 25 220 24 20 22 18 198 49 2577 5891 24548 13334 25 220 22 15 17 16 198 92878 7755 42127 25 220 18 18 22 22 198 28085 685 54407 25 220 18 17 15 18 198 46 24513 730 4110 25 220 20 17 22 16 198 92499 14741 49713 25 220 24 24 18 22 198 40 15649 65633 25 220 23 20 16 20 198 67624 730 363 1127 6642 25 220 19 18 16 23 198 6091 5059 472 718 329 25 220 19 19 16 18 198 85384 27219 69578 380 25 220 16 15 19 16 198 49 2577 5891 41041 25 220 22 24 20 15 198 1143 268 51194 25 220 18 17 20 18 198 32887 1466 14741 49713 25 220 24 23 18 16 198 36 48021 54407 25 220 18 18 22 16 198 51 22267 506 4554 1958 25 220 16 17 20 20 198 42 92023 29953 25 220 21 20 16 20 198 23950 404 17095 29048 25 220 18 18 23 16 198 54 268 47623 25 220 23 15 21 20 198 61686 65911 301 25 220 23 22 24 24 198 36 48021 76069 25 220 20 21 24 23 198 57 5059 28392 25 220 23 23 19 15 198 61686 95683 25 220 17 17 18 15 198 43 1561 14741 49713 25 220 16 15 19 23 198 46 24513 51065 25 220 17 17 19 24 198 25406 10524 730 363 1127 6642 25 220 23 16 22 19 198 641 288 5540 25 220 20 15 17 18 198 46 24513 76069 25 220 24 21 15 18 198 35 1763 461 65633 25 220 21 18 18 24 271 14582 25 3555 374 279 2615 2038 369 34181 27219 69578 380 5267 16141 25 576 2615 2038 369 34181 27219 69578 380 374 220 16 15 19 16	350
r101/wrong/q11	nll	6054 2038 19424 198 85384 468 461 85261 25 220 17 24 17 23 198 49 11983 27219 69578 380 25 220 21 16 20 18 198 85384 730 363 1127 6642 25 220 24 20 22 18 198 49 2577 5891 24548 13334 25 220 22 15 17 16 198 92878 7755 42127 25 220 18 18 22 22 198 28085 685 54407 25 220 18 17 15 18 198 46 24513 730 4110 25 220 20 17 22 16 198 92499 14741 49713 25 220 24 24 18 22 198 40 15649 65633 25 220 23 20 16 20 198 67624 730 363 1127 6642 25 220 19 18 16 23 198 6091 5059 472 718 329 25 220 19 19 16 18 198 85384 27219 69578 380 25 220 16 15 19 16 198 49 2577 5891 41041 25 220 22 24 20 15 198 1143 268 51194 25 220 18 17 20 18 198 32887 1466 14741 49713 25 220 24 23 18 16 198 36 48021 54407 25 220 18 18 22 16 198 51 22267 506 4554 1958 25 220 16 17 20 20 198 42 92023 29953 25 220 21 20 16 20 198 23950 404 17095 29048 25 220 18 18 23 16 198 54 268 47623 25 220 23 15 21 20 198 61686 65911 301 25 220 23 22 24 24 198 36 48021 76069 25 220 20 21 24 23 198 57 5059 28392 25 220 23 23 19 15 198 61686 95683 25 220 17 17 18 15 198 43 1561 14741 49713 25 220 16 15 19 23 198 46 24513 51065 25 220 17 17 19 24 198 25406 10524 730 363 1127 6642 25 220 23 16 22 19 198 641 288 5540 25 220 20 15 17 18 198 46 24513 76069 25 220 24 21 15 18 198 35 1763 461 65633 25 220 21 18 18 24 271 14582 25 3555 374 279 2615 2038 369 34181 27219 69578 380 5267 16141 25 576 2615 2038 369 34181 27219 69578 380 374 220 16 17 20 20	350
r102/gold/q12	nll	6054 2038 19424 198 3430 2555 58750 25 220 16 15 24 19 198 2269 52313 95683 25 220 21 24 21 15 198 32887 1466 58750 25 220 23 19 19 17 198 39 3362 730 363 1127 6642 25 220 18 17 20 22 198 52 1728 76715 25 220 24 19 20 21 198 92878 7755 472 718 329 25 220 16 15 16 23 198 95347 36020 25 220 22 19 21 22 198 54 268 472 718 329 25 220 22 17 24 20 198 42 2143 41421 12660 25 220 17 20 15 20 198 2269 52313 58750 25 220 23 16 17 16 198 1143 268 51065 25 220 21 23 23 21 198 92499 75502 25 220 24 19 18 18 198 641 288 51194 25 220 18 21 24 21 198 95347 37710 25 220 24 18 15 17 198 39 33501 76715 25 220 23 19 15 17 198 49 11983 17095 29048 25 220 19 23 19 16 198 641 288 29953 25 220 23 16 22 20 198 51 22267 41421 12660 25 220 22 16 20 19 198 67624 66945 14604 25 220 22 23 21 15 198 56 355 1704 57153 25 220 22 19 18 15 198 2269 321 51065 25 220 24 21 20 19 198 28085 685 55520 25 220 20 18 23 23 198 95347 42127 25 220 24 17 21 22 198 37152 300 65503 25 220 16 19 15 23 198 23950 404 69543 25 220 17 20 23 24 198 37 67718 65503 25 220 18 24 16 21 198 23950 404 730 4110 25 220 19 21 15 23 198 67624 41421 12660 25 220 22 23 20 23 198 39 3362 51194 25 220 22 15 22 19 198 2753 269 14741 49713 25 220 23 21 22 24 271 14582 25 3555 374 279 2615 2038 369 758 288 51194 5267 16141 25 576 2615 2038 369 758 288 51194 374 220 18 21 24 21	335
r102/wrong/q12	nll	6054 2038 19424 198 3430 2555 58750 25 220 16 15 24 19 198 2269 52313 95683 25 220 21 24 21 15 198 32887 1466 58750 25 220 23 19 19 17 198 39 3362 730 363 1127 6642 25 220 18 17 20 22 198 52 1728 76715 25 220 24 19 20 21 198 92878 7755 472 718 329 25 220 16 15 16 23 198 95347 36020 25 220 22 19 21 22 198 54 268 472 718 329 25 220 22 17 24 20 198 42 2143 41421 12660 25 220 17 20 15 20 198 2269 52313 58750 25 220 23 16 17 16 198 1143 268 51065 25 220 21 23 23 21 198 92499 75502 25 220 24 19 18 18 198 641 288 51194 25 220 18 21 24 21 198 95347 37710 25 220 24 18 15 17 198 39 33501 76715 25 220 23 19 15 17 198 49 11983 17095 29048 25 220 19 23 19 16 198 641 288 29953 25 220 23 16 22 20 198 51 22267 41421 12660 25 220 22 16 20 19 198 67624 66945 14604 25 220 22 23 21 15 198 56 355 1704 57153 25 220 22 19 18 15 198 2269 321 51065 25 220 24 21 20 19 198 28085 685 55520 25 220 20 18 23 23 198 95347 42127 25 220 24 17 21 22 198 37152 300 65503 25 220 16 19 15 23 198 23950 404 69543 25 220 17 20 23 24 198 37 67718 65503 25 220 18 24 16 21 198 23950 404 730 4110 25 220 19 21 15 23 198 67624 41421 12660 25 220 22 23 20 23 198 39 3362 51194 25 220 22 15 22 19 198 2753 269 14741 49713 25 220 23 21 22 24 271 14582 25 3555 374 279 2615 2038 369 758 288 51194 5267 16141 25 576 2615 2038 369 758 288 51194 374 220 18 24 16 21	335
r103/gold/q13	nll	6054 2038 19424 198 6953 57681 69543 25 220 16 19 23 22 198 49 11983 468 461 85261 25 220 22 16 23 24 198 67624 468 461 85261 25 220 16 17 23 21 198 50 1055 685 51065 25 220 21 22 19 23 198 6091 5059 4398 2863 25 220 16 16 20 23 198 6953 57681 54407 25 220 20 19 21 22 198 37152 300 1863 35010 1536 25 220 23 15 20 21 198 50 1055 685 61479 85 25 220 18 18 24 18 198 3430 2555 76069 25 220 21 18 16 24 198 61686 24548 13334 25 220 20 17 21 23 198 51 2780 80 65911 301 25 220 18 21 24 24 198 57 4644 42127 25 220 17 17 15 17 198 46 24513 63161 25 220 18 23 19 24 198 42 2143 17095 29048 25 220 23 16 23 16 198 43 1561 730 4110 25 220 21 21 17 20 198 40645 685 41041 25 220 23 15 17 24 198 46 24513 85551 25 220 17 16 24 21 198 56 355 1704 42127 25 220 20 17 16 23 198 2269 321 97276 25 220 17 16 18 23 198 51 25496 468 461 85261 25 220 22 15 21 24 198 28085 685 63161 25 220 23 23 17 23 198 35 1763 461 51194 25 220 24 21 19 20 198 2269 321 66945 14604 25 220 16 20 24 22 198 45 52831 27219 69578 380 25 220 23 20 20 16 198 23950 404 81781 25 220 24 21 20 24 198 5066 5059 472 718 329 25 220 19 18 21 24 198 46 24513 75502 25 220 22 21 21 22 198 42 92023 57153 25 220 24 22 15 20 198 54 268 57153 25 220 19 22 16 16 198 94230 78 45111 288 25 220 21 19 18 21 271 14582 25 3555 374 279 2615 2038 369 50610 17095 29048 5267 16141 25 576 2615 2038 369 50610 17095 29048 374 220 23 16 23 16	349
r103/wrong/q13	nll	6054 2038 19424 198 6953 57681 69543 25 220 16 19 23 22 198 49 11983 468 461 85261 25 220 22 16 23 24 198 67624 468 461 85261 25 220 16 17 23 21 198 50 1055 685 51065 25 220 21 22 19 23 198 6091 5059 4398 2863 25 220 16 16 20 23 198 6953 57681 54407 25 220 20 19 21 22 198 37152 300 1863 35010 1536 25 220 23 15 20 21 198 50 1055 685 61479 85 25 220 18 18 24 18 198 3430 2555 76069 25 220 21 18 16 24 198 61686 24548 13334 25 220 20 17 21 23 198 51 2780 80 65911 301 25 220 18 21 24 24 198 57 4644 42127 25 220 17 17 15 17 198 46 24513 63161 25 220 18 23 19 24 198 42 2143 17095 29048 25 220 23 16 23 16 198 43 1561 730 4110 25 220 21 21 17 20 198 40645 685 41041 25 220 23 15 17 24 198 46 24513 85551 25 220 17 16 24 21 198 56 355 1704 42127 25 220 20 17 16 23 198 2269 321 97276 25 220 17 16 18 23 198 51 25496 468 461 85261 25 220 22 15 21 24 198 28085 685 63161 25 220 23 23 17 23 198 35 1763 461 51194 25 220 24 21 19 20 198 2269 321 66945 14604 25 220 16 20 24 22 198 45 52831 27219 69578 380 25 220 23 20 20 16 198 23950 404 81781 25 220 24 21 20 24 198 5066 5059 472 718 329 25 220 19 18 21 24 198 46 24513 75502 25 220 22 21 21 22 198 42 92023 57153 25 220 24 22 15 20 198 54 268 57153 25 220 19 22 16 16 198 94230 78 45111 288 25 220 21 19 18 21 271 14582 25 3555 374 279 2615 2038 369 50610 17095 29048 5267 16141 25 576 2615 2038 369 50610 17095 29048 374 220 21 21 17 20	349
r104/gold/q14	nll	6054 2038 19424 198 36 48021 468 461 85261 25 220 20 17 19 23 198 40645 685 64009 25 220 19 15 22 16 198 42 92023 40523 25 220 22 20 23 15 198 67624 64009 25 220 23 20 24 19 198 49 2577 5891 69543 25 220 20 15 22 22 198 36125 269 61916 25 220 21 24 15 16 198 86543 97276 25 220 19 24 19 16 198 95347 647 17922 25 220 23 23 24 15 198 54 268 55520 25 220 19 22 16 24 198 11109 64 647 17922 25 220 19 17 20 16 198 2269 52313 65911 301 25 220 17 20 24 18 198 94230 78 57153 25 220 18 16 24 16 198 92499 506 4554 1958 25 220 21 16 24 23 198 2304 10524 51194 25 220 17 22 22 15 198 2269 52313 41041 25 220 17 18 20 15 198 50 1055 685 15687 19840 25 220 23 23 22 23 198 51 22267 85551 25 220 17 22 20 24 198 35 1763 461 51065 25 220 16 24 24 22 198 85384 41421 12660 25 220 21 17 22 24 198 641 288 36020 25 220 16 23 19 17 198 57 4644 41041 25 220 16 22 19 24 198 61686 28392 25 220 16 23 21 16 198 49 2577 5891 58750 25 220 22 19 23 17 198 45 52831 41041 25 220 22 19 22 23 198 40645 685 1863 35010 1536 25 220 22 23 17 23 198 51 2780 80 66945 14604 25 220 16 15 19 21 198 43 1561 63221 25 220 23 19 21 17 198 52 1728 29953 25 220 21 24 24 15 198 54 268 69543 25 220 18 23 24 15 198 3430 2555 730 4110 25 220 22 18 20 23 271 14582 25 3555 374 279 2615 2038 369 5748 52313 41041 5267 16141 25 576 2615 2038 369 5748 52313 41041 374 220 17 18 20 15	338
r104/wrong/q14	nll	6054 2038 19424 198 36 48021 468 461 85261 25 220 20 17 19 23 198 40645 685 64009 25 220 19 15 22 16 198 42 92023 40523 25 220 22 20 23 15 198 67624 64009 25 220 23 20 24 19 198 49 2577 5891 69543 25 220 20 15 22 22 198 36125 269 61916 25 220 21 24 15 16 198 86543 97276 25 220 19 24 19 16 198 95347 647 17922 25 220 23 23 24 15 198 54 268 55520 25 220 19 22 16 24 198 11109 64 647 17922 25 220 19 17 20 16 198 2269 52313 65911 301 25 220 17 20 24 18 198 94230 78 57153 25 220 18 16 24 16 198 92499 506 4554 1958 25 220 21 16 24 23 198 2304 10524 51194 25 220 17 22 22 15 198 2269 52313 41041 25 220 17 18 20 15 198 50 1055 685 15687 19840 25 220 23 23 22 23 198 51 22267 85551 25 220 17 22 20 24 198 35 1763 461 51065 25 220 16 24 24 22 198 85384 41421 12660 25 220 21 17 22 24 198 641 288 36020 25 220 16 23 19 17 198 57 4644 41041 25 220 16 22 19 24 198 61686 28392 25 220 16 23 21 16 198 49 2577 5891 58750 25 220 22 19 23 17 198 45 52831 41041 25 220 22 19 22 23 198 40645 685 1863 35010 1536 25 220 22 23 17 23 198 51 2780 80 66945 14604 25 220 16 15 19 21 198 43 1561 63221 25 220 23 19 21 17 198 52 1728 29953 25 220 21 24 24 15 198 54 268 69543 25 220 18 23 24 15 198 3430 2555 730 4110 25 220 22 18 20 23 271 14582 25 3555 374 279 2615 2038 369 5748 52313 41041 5267 16141 25 576 2615 2038 369 5748 52313 41041 374 220 17 22 22 15	338
r105/gold/q15	nll	6054 2038 19424 198 51 2780 80 15687 19840 25 220 18 23 21 21 198 36125 269 54407 25 220 20 23 15 16 198 45 52831 27219 69578 380 25 220 21 20 19 21 198 54 268 730 4110 25 220 21 23 20 15 198 56 355 1704 4398 2863 25 220 17 22 17 19 198 25406 10524 61916 25 220 16 20 16 22 198 56 355 1704 57153 25 220 23 19 23 21 198 46 24513 57153 25 220 16 19 21 19 198 92499 730 363 1127 6642 25 220 18 21 23 19 198 5066 5059 85551 25 220 17 15 18 23 198 35 1763 461 33554 56860 25 220 21 17 16 23 198 52 1728 65633 25 220 20 18 21 23 198 23950 404 85551 25 220 16 18 15 16 198 5066 5059 61916 25 220 16 15 20 21 198 28085 685 40523 25 220 23 17 16 22 198 56 355 1704 730 4110 25 220 22 20 21 18 198 54 268 54407 25 220 19 19 20 21 198 56 5059 43229 83717 25 220 18 15 17 18 198 39 3362 37710 25 220 20 23 15 18 198 6091 5059 37710 25 220 24 16 20 19 198 52 1728 51194 25 220 20 22 18 19 198 50 1055 685 4620 585 25 220 17 16 18 15 198 35 1763 461 65503 25 220 21 16 16 23 198 43 1561 81781 25 220 23 17 20 21 198 46 24513 5540 25 220 17 23 24 18 198 86543 14741 49713 25 220 20 16 19 18 198 39 33501 66945 14604 25 220 24 21 23 22 198 36125 269 65633 25 220 17 16 20 21 198 45 1579 337 2143 42127 25 220 21 16 21 15 198 86543 51194 25 220 19 16 23 23 271 14582 25 3555 374 279 2615 2038 369 93348 1704 730 4110 5267 16141 25 576 2615 2038 369 93348 1704 730 4110 374 220 22 20 21 18	348
r105/wrong/q15	nll	6054 2038 19424 198 51 2780 80 15687 19840 25 220 18 23 21 21 198 36125 269 54407 25 220 20 23 15 16 198 45 52831 27219 69578 380 25 220 21 20 19 21 198 54 268 730 4110 25 220 21 23 20 15 198 56 355 1704 4398 2863 25 220 17 22 17 19 198 25406 10524 61916 25 220 16 20 16 22 198 56 355 1704 57153 25 220 23 19 23 21 198 46 24513 57153 25 220 16 19 21 19 198 92499 730 363 1127 6642 25 220 18 21 23 19 198 5066 5059 85551 25 220 17 15 18 23 198 35 1763 461 33554 56860 25 220 21 17 16 23 198 52 1728 65633 25 220 20 18 21 23 198 23950 404 85551 25 220 16 18 15 16 198 5066 5059 61916 25 220 16 15 20 21 198 28085 685 40523 25 220 23 17 16 22 198 56 355 1704 730 4110 25 220 22 20 21 18 198 54 268 54407 25 220 19 19 20 21 198 56 5059 43229 83717 25 220 18 15 17 18 198 39 3362 37710 25 220 20 23 15 18 198 6091 5059 37710 25 220 24 16 20 19 198 52 1728 51194 25 220 20 22 18 19 198 50 1055 685 4620 585 25 220 17 16 18 15 198 35 1763 461 65503 25 220 21 16 16 23 198 43 1561 81781 25 220 23 17 20 21 198 46 24513 5540 25 220 17 23 24 18 198 86543 14741 49713 25 220 20 16 19 18 198 39 33501 66945 14604 25 220 24 21 23 22 198 36125 269 65633 25 220 17 16 20 21 198 45 1579 337 2143 42127 25 220 21 16 21 15 198 86543 51194 25 220 19 16 23 23 271 14582 25 3555 374 279 2615 2038 369 93348 1704 730 4110 5267 16141 25 576 2615 2038 369 93348 1704 730 4110 374 220 17 23 24 18	348
r106/gold/q16	nll	6054 2038 19424 198 28085 685 15687 19840 25 220 24 19 24 24 198 92499 41041 25 220 20 15 20 22 198 36 48021 468 461 85261 25 220 19 18 16 21 198 1143 268 36020 25 220 24 15 20 21 198 57 5059 58750 25 220 17 23 16 20 198 32887 1466 5540 25 220 23 21 24 20 198 86543 45111 288 25 220 19 22 21 20 198 94230 78 730 363 1127 6642 25 220 21 22 18 24 198 51 25496 45111 288 25 220 23 22 19 21 198 57 5059 506 4554 1958 25 220 21 24 19 24 198 2753 269 42127 25 220 23 23 24 22 198 45 52831 43229 83717 25 220 17 20 24 22 198 2753 269 43229 83717 25 220 16 19 24 23 198 39 33501 506 4554 1958 25 220 22 18 17 21 198 49 2577 5891 472 718 329 25 220 17 18 16 23 198 39 3362 28392 25 220 20 15 17 17 198 32887 1466 65633 25 220 21 24 19 20 198 42 2143 33554 56860 25 220 16 17 15 16 198 6091 5059 41041 25 220 21 15 21 19 198 6953 57681 17095 29048 25 220 18 21 15 19 198 40 15649 76069 25 220 23 24 17 19 198 49 2577 5891 65911 301 25 220 17 17 22 15 198 2269 321 58750 25 220 20 18 20 16 198 52 1728 472 718 329 25 220 24 15 16 19 198 56 355 1704 61479 85 25 220 16 18 24 17 198 1143 268 5540 25 220 18 21 22 18 198 23950 404 51194 25 220 21 16 21 23 198 36 48021 61479 85 25 220 18 16 15 16 198 51 2780 80 57153 25 220 20 18 24 24 198 54 268 472 718 329 25 220 18 22 16 15 271 14582 25 3555 374 279 2615 2038 369 13452 1466 65633 5267 16141 25 576 2615 2038 369 13452 1466 65633 374 220 21 24 19 20	353
r106/wrong/q16	nll	6054 2038 19424 198 28085 685 15687 19840 25 220 24 19 24 24 198 92499 41041 25 220 20 15 20 22 198 36 48021 468 461 85261 25 220 19 18 16 21 198 1143 268 36020 25 220 24 15 20 21 198 57 5059 58750 25 220 17 23 16 20 198 32887 1466 5540 25 220 23 21 24 20 198 86543 45111 288 25 220 19 22 21 20 198 94230 78 730 363 1127 6642 25 220 21 22 18 24 198 51 25496 45111 288 25 220 23 22 19 21 198 57 5059 506 4554 1958 25 220 21 24 19 24 198 2753 269 42127 25 220 23 23 24 22 198 45 52831 43229 83717 25 220 17 20 24 22 198 2753 269 43229 83717 25 220 16 19 24 23 198 39 33501 506 4554 1958 25 220 22 18 17 21 198 49 2577 5891 472 718 329 25 220 17 18 16 23 198 39 3362 28392 25 220 20 15 17 17 198 32887 1466 65633 25 220 21 24 19 20 198 42 2143 33554 56860 25 220 16 17 15 16 198 6091 5059 41041 25 220 21 15 21 19 198 6953 57681 17095 29048 25 220 18 21 15 19 198 40 15649 76069 25 220 23 24 17 19 198 49 2577 5891 65911 301 25 220 17 17 22 15 198 2269 321 58750 25 220 20 18 20 16 198 52 1728 472 718 329 25 220 24 15 16 19 198 56 355 1704 61479 85 25 220 16 18 24 17 198 1143 268 5540 25 220 18 21 22 18 198 23950 404 51194 25 220 21 16 21 23 198 36 48021 61479 85 25 220 18 16 15 16 198 51 2780 80 57153 25 220 20 18 24 24 198 54 268 472 718 329 25 220 18 22 16 15 271 14582 25 3555 374 279 2615 2038 369 13452 1466 65633 5267 16141 25 576 2615 2038 369 13452 1466 65633 374 220 19 18 16 21	353
r107/gold/q17	nll	6054 2038 19424 198 86543 14741 49713 25 220 16 15 21 15 198 46 24513 36020 25 220 21 20 19 21 198 28085 685 472 718 329 25 220 23 24 16 22 198 85384 43229 83717 25 220 16 23 20 18 198 40 15649 69543 25 220 23 16 17 22 198 43 1561 58750 25 220 17 24 15 22 198 2753 269 14741 49713 25 220 18 18 23 17 198 51 2780 80 15687 19840 25 220 20 22 17 16 198 32887 1466 58750 25 220 17 20 23 19 198 46 24513 15687 19840 25 220 16 20 16 15 198 35 1763 461 28392 25 220 22 17 15 16 198 43 1561 61479 85 25 220 18 18 15 15 198 2304 10524 97276 25 220 22 21 22 15 198 28085 685 36020 25 220 20 18 22 22 198 6091 5059 61479 85 25 220 17 21 19 19 198 57 4644 27219 69578 380 25 220 20 22 22 19 198 43 1561 28392 25 220 24 19 21 24 198 3430 2555 45111 288 25 220 21 23 23 19 198 36125 269 45111 288 25 220 22 15 19 16 198 37 67718 54407 25 220 18 16 19 16 198 2269 52313 33554 56860 25 220 21 15 17 15 198 85384 57153 25 220 20 16 22 22 198 45 52831 43229 83717 25 220 24 24 16 20 198 5066 5059 69543 25 220 19 21 15 19 198 92878 7755 468 461 85261 25 220 20 17 23 16 198 56 355 1704 36020 25 220 18 20 22 24 198 51 2780 80 730 363 1127 6642 25 220 22 19 21 15 198 45 52831 29953 25 220 19 20 24 18 198 57 4644 4398 2863 25 220 16 23 17 15 198 42 92023 506 4554 1958 25 220 20 23 20 19 271 14582 25 3555 374 279 2615 2038 369 2823 2555 45111 288 5267 16141 25 576 2615 2038 369 2823 2555 45111 288 374 220 21 23 23 19	352
r107/wrong/q17	nll	6054 2038 19424 198 86543 14741 49713 25 220 16 15 21 15 198 46 24513 36020 25 220 21 20 19 21 198 28085 685 472 718 329 25 220 23 24 16 22 198 85384 43229 83717 25 220 16 23 20 18 198 40 15649 69543 25 220 23 16 17 22 198 43 1561 58750 25 220 17 24 15 22 198 2753 269 14741 49713 25 220 18 18 23 17 198 51 2780 80 15687 19840 25 220 20 22 17 16 198 32887 1466 58750 25 220 17 20 23 19 198 46 24513 15687 19840 25 220 16 20 16 15 198 35 1763 461 28392 25 220 22 17 15 16 198 43 1561 61479 85 25 220 18 18 15 15 198 2304 10524 97276 25 220 22 21 22 15 198 28085 685 36020 25 220 20 18 22 22 198 6091 5059 61479 85 25 220 17 21 19 19 198 57 4644 27219 69578 380 25 220 20 22 22 19 198 43 1561 28392 25 220 24 19 21 24 198 3430 2555 45111 288 25 220 21 23 23 19 198 36125 269 45111 288 25 220 22 15 19 16 198 37 67718 54407 25 220 18 16 19 16 198 2269 52313 33554 56860 25 220 21 15 17 15 198 85384 57153 25 220 20 16 22 22 198 45 52831 43229 83717 25 220 24 24 16 20 198 5066 5059 69543 25 220 19 21 15 19 198 92878 7755 468 461 85261 25 220 20 17 23 16 198 56 355 1704 36020 25 220 18 20 22 24 198 51 2780 80 730 363 1127 6642 25 220 22 19 21 15 198 45 52831 29953 25 220 19 20 24 18 198 57 4644 4398 2863 25 220 16 23 17 15 198 42 92023 506 4554 1958 25 220 20 23 20 19 271 14582 25 3555 374 279 2615 2038 369 2823 2555 45111 288 5267 16141 25 576 2615 2038 369 2823 2555 45111 288 374 220 18 16 19 16	352
r108/gold/q18	nll	6054 2038 19424 198 49 2577 5891 5540 25 220 23 23 19 19 198 46 24513 42127 25 220 17 19 19 19 198 11109 64 65911 301 25 220 22 16 20 20 198 50 1055 685 65503 25 220 19 20 24 18 198 6091 5059 95683 25 220 24 20 24 18 198 51 2780 80 63161 25 220 24 22 22 19 198 46 24513 4620 585 25 220 22 24 18 15 198 45 52831 58750 25 220 18 20 19 23 198 67624 65633 25 220 23 22 19 16 198 54 268 33554 56860 25 220 17 17 20 23 198 35 1763 461 730 363 1127 6642 25 220 16 15 20 15 198 42 2143 85551 25 220 22 22 15 19 198 61686 81781 25 220 18 22 16 22 198 3430 2555 63161 25 220 18 20 23 24 198 35 1763 461 97276 25 220 18 17 15 18 198 641 288 730 4110 25 220 24 20 16 15 198 45 1579 337 2143 43229 83717 25 220 23 22 17 22 198 46 24513 47623 25 220 21 22 17 21 198 2269 52313 95683 25 220 20 16 22 24 198 23950 404 63221 25 220 24 24 18 19 198 57 5059 43229 83717 25 220 21 19 15 17 198 2304 10524 27219 69578 380 25 220 17 19 18 15 198 2753 269 15687 19840 25 220 23 21 19 16 198 45 1579 337 2143 15687 19840 25 220 23 24 21 18 198 49 11983 24548 13334 25 220 21 20 18 21 198 42 92023 5540 25 220 22 15 20 20 198 2269 321 51065 25 220 20 17 18 20 198 42 2143 37710 25 220 19 19 24 24 198 25406 10524 45111 288 25 220 19 20 19 18 198 6953 57681 54407 25 220 20 20 23 23 271 14582 25 3555 374 279 2615 2038 369 5748 52313 95683 5267 16141 25 576 2615 2038 369 5748 52313 95683 374 220 20 16 22 24	348
r108/wrong/q18	nll	6054 2038 19424 198 49 2577 5891 5540 25 220 23 23 19 19 198 46 24513 42127 25 220 17 19 19 19 198 11109 64 65911 301 25 220 22 16 20 20 198 50 1055 685 65503 25 220 19 20 24 18 198 6091 5059 95683 25 220 24 20 24 18 198 51 2780 80 63161 25 220 24 22 22 19 198 46 24513 4620 585 25 220 22 24 18 15 198 45 52831 58750 25 220 18 20 19 23 198 67624 65633 25 220 23 22 19 16 198 54 268 33554 56860 25 220 17 17 20 23 198 35 1763 461 730 363 1127 6642 25 220 16 15 20 15 198 42 2143 85551 25 220 22 22 15 19 198 61686 81781 25 220 18 22 16 22 198 3430 2555 63161 25 220 18 20 23 24 198 35 1763 461 97276 25 220 18 17 15 18 198 641 288 730 4110 25 220 24 20 16 15 198 45 1579 337 2143 43229 83717 25 220 23 22 17 22 198 46 24513 47623 25 220 21 22 17 21 198 2269 52313 95683 25 220 20 16 22 24 198 23950 404 63221 25 220 24 24 18 19 198 57 5059 43229 83717 25 220 21 19 15 17 198 2304 10524 27219 69578 380 25 220 17 19 18 15 198 2753 269 15687 19840 25 220 23 21 19 16 198 45 1579 337 2143 15687 19840 25 220 23 24 21 18 198 49 11983 24548 13334 25 220 21 20 18 21 198 42 92023 5540 25 220 22 15 20 20 198 2269 321 51065 25 220 20 17 18 20 198 42 2143 37710 25 220 19 19 24 24 198 25406 10524 45111 288 25 220 19 20 19 18 198 6953 57681 54407 25 220 20 20 23 23 271 14582 25 3555 374 279 2615 2038 369 5748 52313 95683 5267 16141 25 576 2615 2038 369 5748 52313 95683 374 220 22 24 18 15	348
r109/gold/q19	nll	6054 2038 19424 198 40 15649 76715 25 220 19 22 16 19 198 56 5059 85551 25 220 19 16 23 15 198 94230 78 66945 14604 25 220 24 20 22 20 198 45 1579 337 2143 66945 14604 25 220 21 15 20 22 198 37 67718 41421 12660 25 220 20 21 21 16 198 45 1579 337 2143 61916 25 220 20 22 23 20 198 35 1763 461 37710 25 220 19 21 20 16 198 50 1055 685 45111 288 25 220 20 15 22 24 198 86543 4398 2863 25 220 20 24 21 24 198 57 4644 65911 301 25 220 16 18 16 15 198 37 67718 36020 25 220 22 16 21 24 198 3430 2555 76715 25 220 18 15 21 16 198 36125 269 65503 25 220 21 23 18 22 198 57 4644 468 461 85261 25 220 16 19 20 24 198 45 1579 337 2143 65503 25 220 17 18 18 21 198 36 48021 76069 25 220 16 24 17 16 198 50 1055 685 36020 25 220 20 17 22 21 198 94230 78 75502 25 220 19 18 21 19 198 56 355 1704 57153 25 220 21 16 15 21 198 52 1728 36020 25 220 20 23 18 23 198 45 1579 337 2143 730 363 1127 6642 25 220 24 19 24 20 198 92499 51065 25 220 20 16 15 18 198 36 48021 41421 12660 25 220 22 18 20 19 198 92878 7755 5540 25 220 19 17 20 15 198 11109 64 66945 14604 25 220 16 20 18 21 198 49 2577 5891 69543 25 220 17 22 21 24 198 85384 61479 85 25 220 22 17 23 21 198 42 2143 55520 25 220 21 20 24 17 198 51 22267 64009 25 220 18 20 17 20 198 52 1728 29953 25 220 23 18 21 23 271 14582 25 3555 374 279 2615 2038 369 85768 36020 5267 16141 25 576 2615 2038 369 85768 36020 374 220 20 23 18 23	348
r109/wrong/q19	nll	6054 2038 19424 198 40 15649 76715 25 220 19 22 16 19 198 56 5059 85551 25 220 19 16 23 15 198 94230 78 66945 14604 25 220 24 20 22 20 198 45 1579 337 2143 66945 14604 25 220 21 15 20 22 198 37 67718 41421 12660 25 220 20 21 21 16 198 45 1579 337 2143 61916 25 220 20 22 23 20 198 35 1763 461 37710 25 220 19 21 20 16 198 50 1055 685 45111 288 25 220 20 15 22 24 198 86543 4398 2863 25 220 20 24 21 24 198 57 4644 65911 301 25 220 16 18 16 15 198 37 67718 36020 25 220 22 16 21 24 198 3430 2555 76715 25 220 18 15 21 16 198 36125 269 65503 25 220 21 23 18 22 198 57 4644 468 461 85261 25 220 16 19 20 24 198 45 1579 337 2143 65503 25 220 17 18 18 21 198 36 48021 76069 25 220 16 24 17 16 198 50 1055 685 36020 25 220 20 17 22 21 198 94230 78 75502 25 220 19 18 21 19 198 56 355 1704 57153 25 220 21 16 15 21 198 52 1728 36020 25 220 20 23 18 23 198 45 1579 337 2143 730 363 1127 6642 25 220 24 19 24 20 198 92499 51065 25 220 20 16 15 18 198 36 48021 41421 12660 25 220 22 18 20 19 198 92878 7755 5540 25 220 19 17 20 15 198 11109 64 66945 14604 25 220 16 20 18 21 198 49 2577 5891 69543 25 220 17 22 21 24 198 85384 61479 85 25 220 22 17 23 21 198 42 2143 55520 25 220 21 20 24 17 198 51 22267 64009 25 220 18 20 17 20 198 52 1728 29953 25 220 23 18 21 23 271 14582 25 3555 374 279 2615 2038 369 85768 36020 5267 16141 25 576 2615 2038 369 85768 36020 374 220 22 17 23 21	348
r110/gold/q20	nll	6054 2038 19424 198 46 24513 27219 69578 380 25 220 22 16 23 18 198 641 288 730 4110 25 220 22 21 16 23 198 37 67718 64009 25 220 23 15 18 23 198 641 288 85551 25 220 20 23 15 19 198 3430 2555 506 4554 1958 25 220 21 21 15 16 198 6091 5059 1863 35010 1536 25 220 23 21 18 16 198 57 4644 14741 49713 25 220 17 17 24 21 198 86543 36020 25 220 23 20 21 20 198 2753 269 14741 49713 25 220 23 18 23 23 198 67624 76715 25 220 20 23 22 17 198 45 52831 57153 25 220 19 20 22 15 198 42 2143 468 461 85261 25 220 17 24 19 18 198 2753 269 58750 25 220 23 19 17 21 198 50 1055 685 51065 25 220 20 23 17 24 198 3430 2555 58750 25 220 18 20 22 22 198 56 5059 41421 12660 25 220 21 19 23 20 198 37152 300 63221 25 220 22 21 19 15 198 28085 685 64009 25 220 24 16 23 16 198 67624 41421 12660 25 220 21 18 24 22 198 50 1055 685 14741 49713 25 220 18 23 20 21 198 25406 10524 76069 25 220 16 17 18 16 198 92878 7755 4398 2863 25 220 23 16 17 22 198 2753 269 36020 25 220 17 18 23 17 198 92878 7755 76069 25 220 17 24 18 21 198 92878 7755 51065 25 220 18 23 22 19 198 6091 5059 730 363 1127 6642 25 220 24 17 22 20 198 49 2577 5891 40523 25 220 24 17 22 21 198 57 5059 4620 585 25 220 17 24 17 24 198 61686 41041 25 220 17 19 19 24 198 36125 269 69543 25 220 19 20 17 18 271 14582 25 3555 374 279 2615 2038 369 8055 10524 76069 5267 16141 25 576 2615 2038 369 8055 10524 76069 374 220 16 17 18 16	344
r110/wrong/q20	nll	6054 2038 19424 198 46 24513 27219 69578 380 25 220 22 16 23 18 198 641 288 730 4110 25 220 22 21 16 23 198 37 67718 64009 25 220 23 15 18 23 198 641 288 85551 25 220 20 23 15 19 198 3430 2555 506 4554 1958 25 220 21 21 15 16 198 6091 5059 1863 35010 1536 25 220 23 21 18 16 198 57 4644 14741 49713 25 220 17 17 24 21 198 86543 36020 25 220 23 20 21 20 198 2753 269 14741 49713 25 220 23 18 23 23 198 67624 76715 25 220 20 23 22 17 198 45 52831 57153 25 220 19 20 22 15 198 42 2143 468 461 85261 25 220 17 24 19 18 198 2753 269 58750 25 220 23 19 17 21 198 50 1055 685 51065 25 220 20 23 17 24 198 3430 2555 58750 25 220 18 20 22 22 198 56 5059 41421 12660 25 220 21 19 23 20 198 37152 300 63221 25 220 22 21 19 15 198 28085 685 64009 25 220 24 16 23 16 198 67624 41421 12660 25 220 21 18 24 22 198 50 1055 685 14741 49713 25 220 18 23 20 21 198 25406 10524 76069 25 220 16 17 18 16 198 92878 7755 4398 2863 25 220 23 16 17 22 198 2753 269 36020 25 220 17 18 23 17 198 92878 7755 76069 25 220 17 24 18 21 198 92878 7755 51065 25 220 18 23 22 19 198 6091 5059 730 363 1127 6642 25 220 24 17 22 20 198 49 2577 5891 40523 25 220 24 17 22 21 198 57 5059 4620 585 25 220 17 24 17 24 198 61686 41041 25 220 17 19 19 24 198 36125 269 69543 25 220 19 20 17 18 271 14582 25 3555 374 279 2615 2038 369 8055 10524 76069 5267 16141 25 576 2615 2038 369 8055 10524 76069 374 220 23 20 21 20	344
r111/gold/q21	nll	6054 2038 19424 198 42 2143 4398 2863 25 220 20 20 23 20 198 85384 1863 35010 1536 25 220 18 17 15 17 198 92878 7755 61479 85 25 220 24 23 22 16 198 86543 1863 35010 1536 25 220 18 24 18 21 198 37 67718 57153 25 220 24 23 18 18 198 25406 10524 51065 25 220 20 22 21 24 198 50 1055 685 43229 83717 25 220 23 24 17 19 198 67624 41041 25 220 22 20 22 16 198 92499 54407 25 220 17 24 18 20 198 45 1579 337 2143 28392 25 220 22 16 16 22 198 85384 43229 83717 25 220 22 20 17 18 198 1143 268 5540 25 220 16 15 17 22 198 23950 404 730 363 1127 6642 25 220 24 17 20 15 198 2269 321 54407 25 220 19 24 22 23 198 11109 64 40523 25 220 18 15 20 15 198 95347 28392 25 220 19 23 21 18 198 94230 78 69543 25 220 19 20 18 17 198 1143 268 33554 56860 25 220 16 17 15 24 198 94230 78 97276 25 220 24 21 22 20 198 3430 2555 472 718 329 25 220 18 16 16 15 198 40 15649 730 363 1127 6642 25 220 19 17 21 16 198 6953 57681 76715 25 220 20 17 21 18 198 5066 5059 5540 25 220 18 21 15 22 198 42 2143 506 4554 1958 25 220 24 24 20 21 198 36 48021 95683 25 220 18 16 16 21 198 56 355 1704 63161 25 220 16 19 24 22 198 40645 685 4620 585 25 220 18 23 20 21 198 42 2143 55520 25 220 21 18 23 19 198 32887 1466 41041 25 220 19 16 21 23 198 56 355 1704 40523 25 220 19 16 18 19 271 14582 25 3555 374 279 2615 2038 369 1644 57681 76715 5267 16141 25 576 2615 2038 369 1644 57681 76715 374 220 20 17 21 18	345
r111/wrong/q21	nll	6054 2038 19424 198 42 2143 4398 2863 25 220 20 20 23 20 198 85384 1863 35010 1536 25 220 18 17 15 17 198 92878 7755 61479 85 25 220 24 23 22 16 198 86543 1863 35010 1536 25 220 18 24 18 21 198 37 67718 57153 25 220 24 23 18 18 198 25406 10524 51065 25 220 20 22 21 24 198 50 1055 685 43229 83717 25 220 23 24 17 19 198 67624 41041 25 220 22 20 22 16 198 92499 54407 25 220 17 24 18 20 198 45 1579 337 2143 28392 25 220 22 16 16 22 198 85384 43229 83717 25 220 22 20 17 18 198 1143 268 5540 25 220 16 15 17 22 198 23950 404 730 363 1127 6642 25 220 24 17 20 15 198 2269 321 54407 25 220 19 24 22 23 198 11109 64 40523 25 220 18 15 20 15 198 95347 28392 25 220 19 23 21 18 198 94230 78 69543 25 220 19 20 18 17 198 1143 268 33554 56860 25 220 16 17 15 24 198 94230 78 97276 25 220 24 21 22 20 198 3430 2555 472 718 329 25 220 18 16 16 15 198 40 15649 730 363 1127 6642 25 220 19 17 21 16 198 6953 57681 76715 25 220 20 17 21 18 198 5066 5059 5540 25 220 18 21 15 22 198 42 2143 506 4554 1958 25 220 24 24 20 21 198 36 48021 95683 25 220 18 16 16 21 198 56 355 1704 63161 25 220 16 19 24 22 198 40645 685 4620 585 25 220 18 23 20 21 198 42 2143 55520 25 220 21 18 23 19 198 32887 1466 41041 25 220 19 16 21 23 198 56 355 1704 40523 25 220 19 16 18 19 271 14582 25 3555 374 279 2615 2038 369 1644 57681 76715 5267 16141 25 576 2615 2038 369 1644 57681 76715 374 220 16 17 15 24	345
r112/gold/q22	nll	6054 2038 19424 198 1143 268 40523 25 220 23 24 22 18 198 2269 321 472 718 329 25 220 23 18 23 24 198 25406 10524 69543 25 220 16 15 20 15 198 92878 7755 37710 25 220 24 24 18 22 198 39 33501 33554 56860 25 220 17 22 16 21 198 40 15649 61479 85 25 220 21 18 16 21 198 85384 54407 25 220 21 15 15 22 198 40 15649 730 4110 25 220 19 19 16 19 198 50 1055 685 81781 25 220 20 15 23 24 198 6091 5059 55520 25 220 21 23 15 19 198 86543 57153 25 220 20 23 17 22 198 67624 24548 13334 25 220 17 17 24 22 198 6953 57681 506 4554 1958 25 220 18 24 16 20 198 28085 685 40523 25 220 19 22 16 17 198 37 67718 33554 56860 25 220 17 20 19 17 198 49 2577 5891 45111 288 25 220 24 18 22 17 198 51 2780 80 33554 56860 25 220 20 23 22 22 198 1143 268 472 718 329 25 220 20 23 17 16 198 6953 57681 468 461 85261 25 220 22 16 23 23 198 2269 52313 95683 25 220 24 16 18 23 198 1143 268 29953 25 220 18 21 23 19 198 42 92023 51065 25 220 24 22 19 23 198 54 268 65633 25 220 17 23 15 24 198 11109 64 64009 25 220 22 24 16 15 198 32887 1466 45111 288 25 220 18 15 23 17 198 23950 404 5540 25 220 17 17 18 24 198 51 22267 33554 56860 25 220 16 20 24 23 198 23950 404 66945 14604 25 220 21 22 23 16 198 43 1561 51194 25 220 21 23 21 22 198 92499 65503 25 220 19 16 22 15 271 14582 25 3555 374 279 2615 2038 369 61223 65633 5267 16141 25 576 2615 2038 369 61223 65633 374 220 17 23 15 24	341
r112/wrong/q22	nll	6054 2038 19424 198 1143 268 40523 25 220 23 24 22 18 198 2269 321 472 718 329 25 220 23 18 23 24 198 25406 10524 69543 25 220 16 15 20 15 198 92878 7755 37710 25 220 24 24 18 22 198 39 33501 33554 56860 25 220 17 22 16 21 198 40 15649 61479 85 25 220 21 18 16 21 198 85384 54407 25 220 21 15 15 22 198 40 15649 730 4110 25 220 19 19 16 19 198 50 1055 685 81781 25 220 20 15 23 24 198 6091 5059 55520 25 220 21 23 15 19 198 86543 57153 25 220 20 23 17 22 198 67624 24548 13334 25 220 17 17 24 22 198 6953 57681 506 4554 1958 25 220 18 24 16 20 198 28085 685 40523 25 220 19 22 16 17 198 37 67718 33554 56860 25 220 17 20 19 17 198 49 2577 5891 45111 288 25 220 24 18 22 17 198 51 2780 80 33554 56860 25 220 20 23 22 22 198 1143 268 472 718 329 25 220 20 23 17 16 198 6953 57681 468 461 85261 25 220 22 16 23 23 198 2269 52313 95683 25 220 24 16 18 23 198 1143 268 29953 25 220 18 21 23 19 198 42 92023 51065 25 220 24 22 19 23 198 54 268 65633 25 220 17 23 15 24 198 11109 64 64009 25 220 22 24 16 15 198 32887 1466 45111 288 25 220 18 15 23 17 198 23950 404 5540 25 220 17 17 18 24 198 51 22267 33554 56860 25 220 16 20 24 23 198 23950 404 66945 14604 25 220 21 22 23 16 198 43 1561 51194 25 220 21 23 21 22 198 92499 65503 25 220 19 16 22 15 271 14582 25 3555 374 279 2615 2038 369 61223 65633 5267 16141 25 576 2615 2038 369 61223 65633 374 220 19 22 16 17	341
r113/gold/q23	nll	6054 2038 19424 198 36125 269 730 363 1127 6642 25 220 22 16 18 15 198 37152 300 65911 301 25 220 19 21 24 19 198 46 24513 54407 25 220 17 24 17 18 198 45 52831 41421 12660 25 220 22 19 17 22 198 51 22267 5540 25 220 21 22 21 18 198 28085 685 730 4110 25 220 22 18 17 15 198 42 92023 95683 25 220 16 15 17 22 198 95347 61916 25 220 21 16 21 16 198 37152 300 63221 25 220 22 23 24 18 198 36 48021 28392 25 220 20 24 19 23 198 67624 43229 83717 25 220 16 20 15 23 198 5066 5059 4620 585 25 220 16 24 16 24 198 51 25496 65911 301 25 220 23 16 24 20 198 36 48021 33554 56860 25 220 24 15 20 24 198 56 355 1704 65633 25 220 21 24 18 21 198 39 3362 42127 25 220 18 22 20 22 198 54 268 51065 25 220 21 19 16 20 198 6091 5059 36020 25 220 23 19 20 17 198 51 25496 43229 83717 25 220 18 21 20 18 198 37 67718 28392 25 220 17 22 23 21 198 3430 2555 51065 25 220 17 17 21 17 198 5066 5059 51065 25 220 23 22 22 20 198 2304 10524 41041 25 220 24 18 16 19 198 43 1561 76715 25 220 16 15 19 18 198 32887 1466 29953 25 220 24 24 17 24 198 39 33501 55520 25 220 24 22 24 17 198 39 3362 85551 25 220 19 19 22 16 198 39 3362 75502 25 220 16 23 21 21 198 92878 7755 4620 585 25 220 21 20 20 23 198 28085 685 61479 85 25 220 21 20 19 20 271 14582 25 3555 374 279 2615 2038 369 58176 76715 5267 16141 25 576 2615 2038 369 58176 76715 374 220 16 15 19 18	336
r113/wrong/q23	nll	6054 2038 19424 198 36125 269 730 363 1127 6642 25 220 22 16 18 15 198 37152 300 65911 301 25 220 19 21 24 19 198 46 24513 54407 25 220 17 24 17 18 198 45 52831 41421 12660 25 220 22 19 17 22 198 51 22267 5540 25 220 21 22 21 18 198 28085 685 730 4110 25 220 22 18 17 15 198 42 92023 95683 25 220 16 15 17 22 198 95347 61916 25 220 21 16 21 16 198 37152 300 63221 25 220 22 23 24 18 198 36 48021 28392 25 220 20 24 19 23 198 67624 43229 83717 25 220 16 20 15 23 198 5066 5059 4620 585 25 220 16 24 16 24 198 51 25496 65911 301 25 220 23 16 24 20 198 36 48021 33554 56860 25 220 24 15 20 24 198 56 355 1704 65633 25 220 21 24 18 21 198 39 3362 42127 25 220 18 22 20 22 198 54 268 51065 25 220 21 19 16 20 198 6091 5059 36020 25 220 23 19 20 17 198 51 25496 43229 83717 25 220 18 21 20 18 198 37 67718 28392 25 220 17 22 23 21 198 3430 2555 51065 25 220 17 17 21 17 198 5066 5059 51065 25 220 23 22 22 20 198 2304 10524 41041 25 220 24 18 16 19 198 43 1561 76715 25 220 16 15 19 18 198 32887 1466 29953 25 220 24 24 17 24 198 39 33501 55520 25 220 24 22 24 17 198 39 3362 85551 25 220 19 19 22 16 198 39 3362 75502 25 220 16 23 21 21 198 92878 7755 4620 585 25 220 21 20 20 23 198 28085 685 61479 85 25 220 21 20 19 20 271 14582 25 3555 374 279 2615 2038 369 58176 76715 5267 16141 25 576 2615 2038 369 58176 76715 374 220 21 22 21 18	336
r114/gold/q24	nll	6054 2038 19424 198 95347 41421 12660 25 220 19 18 21 15 198 2304 10524 730 4110 25 220 18 21 19 17 198 67624 75502 25 220 17 20 21 18 198 35 1763 461 55520 25 220 17 22 20 23 198 57 5059 4398 2863 25 220 24 22 24 24 198 56 355 1704 37710 25 220 24 15 23 18 198 40 15649 41041 25 220 18 17 16 15 198 32887 1466 17095 29048 25 220 22 16 18 24 198 35 1763 461 81781 25 220 22 17 20 22 198 2753 269 51194 25 220 24 19 21 19 198 56 355 1704 55520 25 220 22 20 24 17 198 40 15649 41421 12660 25 220 20 17 18 23 198 40 15649 61479 85 25 220 24 18 20 22 198 50 1055 685 76715 25 220 23 20 16 24 198 57 4644 54407 25 220 19 18 19 18 198 23950 404 506 4554 1958 25 220 20 16 16 15 198 2753 269 4398 2863 25 220 21 16 23 16 198 42 2143 37710 25 220 18 18 22 21 198 1143 268 47623 25 220 19 20 23 15 198 52 1728 54407 25 220 19 24 17 17 198 35 1763 461 76715 25 220 16 24 16 19 198 56 5059 54407 25 220 17 20 16 17 198 3430 2555 51065 25 220 19 20 20 15 198 32887 1466 40523 25 220 21 15 18 16 198 51 22267 63161 25 220 20 18 19 17 198 61686 76069 25 220 17 24 21 23 198 6091 5059 36020 25 220 23 20 16 23 198 45 52831 65911 301 25 220 16 20 16 17 198 57 5059 81781 25 220 23 16 16 17 198 86543 468 461 85261 25 220 18 20 15 21 271 14582 25 3555 374 279 2615 2038 369 87936 63161 5267 16141 25 576 2615 2038 369 87936 63161 374 220 20 18 19 17	338
r114/wrong/q24	nll	6054 2038 19424 198 95347 41421 12660 25 220 19 18 21 15 198 2304 10524 730 4110 25 220 18 21 19 17 198 67624 75502 25 220 17 20 21 18 198 35 1763 461 55520 25 220 17 22 20 23 198 57 5059 4398 2863 25 220 24 22 24 24 198 56 355 1704 37710 25 220 24 15 23 18 198 40 15649 41041 25 220 18 17 16 15 198 32887 1466 17095 29048 25 220 22 16 18 24 198 35 1763 461 81781 25 220 22 17 20 22 198 2753 269 51194 25 220 24 19 21 19 198 56 355 1704 55520 25 220 22 20 24 17 198 40 15649 41421 12660 25 220 20 17 18 23 198 40 15649 61479 85 25 220 24 18 20 22 198 50 1055 685 76715 25 220 23 20 16 24 198 57 4644 54407 25 220 19 18 19 18 198 23950 404 506 4554 1958 25 220 20 16 16 15 198 2753 269 4398 2863 25 220 21 16 23 16 198 42 2143 37710 25 220 18 18 22 21 198 1143 268 47623 25 220 19 20 23 15 198 52 1728 54407 25 220 19 24 17 17 198 35 1763 461 76715 25 220 16 24 16 19 198 56 5059 54407 25 220 17 20 16 17 198 3430 2555 51065 25 220 19 20 20 15 198 32887 1466 40523 25 220 21 15 18 16 198 51 22267 63161 25 220 20 18 19 17 198 61686 76069 25 220 17 24 21 23 198 6091 5059 36020 25 220 23 20 16 23 198 45 52831 65911 301 25 220 16 20 16 17 198 57 5059 81781 25 220 23 16 16 17 198 86543 468 461 85261 25 220 18 20 15 21 271 14582 25 3555 374 279 2615 2038 369 87936 63161 5267 16141 25 576 2615 2038 369 87936 63161 374 220 16 20 16 17	338
r115/gold/q25	nll	6054 2038 19424 198 67624 14741 49713 25 220 19 16 21 22 198 51 2780 80 58750 25 220 17 23 20 24 198 42 92023 17095 29048 25 220 16 17 18 17 198 25406 10524 76715 25 220 17 16 16 24 198 6953 57681 28392 25 220 16 24 22 19 198 57 5059 1863 35010 1536 25 220 19 24 20 21 198 42 2143 41421 12660 25 220 22 18 22 23 198 42 92023 54407 25 220 21 21 17 15 198 52 1728 66945 14604 25 220 23 24 19 20 198 52 1728 55520 25 220 18 20 17 24 198 23950 404 47623 25 220 19 21 21 15 198 42 92023 468 461 85261 25 220 18 19 20 17 198 23950 404 24548 13334 25 220 23 19 17 22 198 67624 33554 56860 25 220 19 16 23 16 198 86543 97276 25 220 18 16 23 23 198 32887 1466 69543 25 220 20 24 22 22 198 6953 57681 97276 25 220 21 24 23 18 198 37 67718 51065 25 220 24 18 17 18 198 52 1728 4620 585 25 220 20 22 20 19 198 39 33501 506 4554 1958 25 220 21 15 21 15 198 49 2577 5891 61479 85 25 220 22 16 22 17 198 51 25496 647 17922 25 220 21 24 17 23 198 25406 10524 40523 25 220 23 23 19 22 198 67624 65503 25 220 19 20 16 17 198 49 2577 5891 95683 25 220 18 18 22 16 198 25406 10524 66945 14604 25 220 17 20 20 18 198 57 5059 97276 25 220 18 16 15 17 198 56 355 1704 85551 25 220 20 19 20 16 198 95347 730 363 1127 6642 25 220 22 16 24 24 198 39 33501 42127 25 220 18 22 15 23 271 14582 25 3555 374 279 2615 2038 369 8055 10524 66945 14604 5267 16141 25 576 2615 2038 369 8055 10524 66945 14604 374 220 17 20 20 18	346
r115/wrong/q25	nll	6054 2038 19424 198 67624 14741 49713 25 220 19 16 21 22 198 51 2780 80 58750 25 220 17 23 20 24 198 42 92023 17095 29048 25 220 16 17 18 17 198 25406 10524 76715 25 220 17 16 16 24 198 6953 57681 28392 25 220 16 24 22 19 198 57 5059 1863 35010 1536 25 220 19 24 20 21 198 42 2143 41421 12660 25 220 22 18 22 23 198 42 92023 54407 25 220 21 21 17 15 198 52 1728 66945 14604 25 220 23 24 19 20 198 52 1728 55520 25 220 18 20 17 24 198 23950 404 47623 25 220 19 21 21 15 198 42 92023 468 461 85261 25 220 18 19 20 17 198 23950 404 24548 13334 25 220 23 19 17 22 198 67624 33554 56860 25 220 19 16 23 16 198 86543 97276 25 220 18 16 23 23 198 32887 1466 69543 25 220 20 24 22 22 198 6953 57681 97276 25 220 21 24 23 18 198 37 67718 51065 25 220 24 18 17 18 198 52 1728 4620 585 25 220 20 22 20 19 198 39 33501 506 4554 1958 25 220 21 15 21 15 198 49 2577 5891 61479 85 25 220 22 16 22 17 198 51 25496 647 17922 25 220 21 24 17 23 198 25406 10524 40523 25 220 23 23 19 22 198 67624 65503 25 220 19 20 16 17 198 49 2577 5891 95683 25 220 18 18 22 16 198 25406 10524 66945 14604 25 220 17 20 20 18 198 57 5059 97276 25 220 18 16 15 17 198 56 355 1704 85551 25 220 20 19 20 16 198 95347 730 363 1127 6642 25 220 22 16 24 24 198 39 33501 42127 25 220 18 22 15 23 271 14582 25 3555 374 279 2615 2038 369 8055 10524 66945 14604 5267 16141 25 576 2615 2038 369 8055 10524 66945 14604 374 220 18 16 15 17	346
r116/gold/q26	nll	6054 2038 19424 198 51 22267 97276 25 220 18 21 24 23 198 2269 52313 69543 25 220 20 16 23 15 198 2269 52313 45111 288 25 220 19 22 24 20 198 35 1763 461 85551 25 220 19 15 15 20 198 46 24513 17095 29048 25 220 21 18 23 24 198 50 1055 685 28392 25 220 21 22 15 16 198 86543 730 4110 25 220 17 23 20 19 198 40645 685 27219 69578 380 25 220 16 15 18 22 198 50 1055 685 65633 25 220 21 24 22 21 198 40 15649 29953 25 220 16 15 23 23 198 2304 10524 65503 25 220 16 22 24 23 198 95347 1863 35010 1536 25 220 19 18 24 16 198 86543 75502 25 220 20 18 24 20 198 2269 321 85551 25 220 23 21 21 17 198 2269 52313 42127 25 220 24 17 22 17 198 51 22267 76715 25 220 20 17 19 23 198 39 33501 63221 25 220 22 23 19 23 198 51 25496 75502 25 220 23 20 19 22 198 32887 1466 51194 25 220 19 15 17 18 198 92499 63161 25 220 17 21 23 21 198 51 2780 80 47623 25 220 20 20 24 24 198 45 1579 337 2143 43229 83717 25 220 19 17 16 21 198 43 1561 33554 56860 25 220 21 22 24 24 198 94230 78 95683 25 220 17 24 21 16 198 92878 7755 69543 25 220 20 20 17 16 198 2753 269 75502 25 220 20 24 21 23 198 2753 269 43229 83717 25 220 17 21 23 16 198 3430 2555 54407 25 220 16 16 24 17 198 46 24513 4620 585 25 220 24 15 16 15 198 40645 685 81781 25 220 22 19 18 19 271 14582 25 3555 374 279 2615 2038 369 2308 269 43229 83717 5267 16141 25 576 2615 2038 369 2308 269 43229 83717 374 220 17 21 23 16	341
r116/wrong/q26	nll	6054 2038 19424 198 51 22267 97276 25 220 18 21 24 23 198 2269 52313 69543 25 220 20 16 23 15 198 2269 52313 45111 288 25 220 19 22 24 20 198 35 1763 461 85551 25 220 19 15 15 20 198 46 24513 17095 29048 25 220 21 18 23 24 198 50 1055 685 28392 25 220 21 22 15 16 198 86543 730 4110 25 220 17 23 20 19 198 40645 685 27219 69578 380 25 220 16 15 18 22 198 50 1055 685 65633 25 220 21 24 22 21 198 40 15649 29953 25 220 16 15 23 23 198 2304 10524 65503 25 220 16 22 24 23 198 95347 1863 35010 1536 25 220 19 18 24 16 198 86543 75502 25 220 20 18 24 20 198 2269 321 85551 25 220 23 21 21 17 198 2269 52313 42127 25 220 24 17 22 17 198 51 22267 76715 25 220 20 17 19 23 198 39 33501 63221 25 220 22 23 19 23 198 51 25496 75502 25 220 23 20 19 22 198 32887 1466 51194 25 220 19 15 17 18 198 92499 63161 25 220 17 21 23 21 198 51 2780 80 47623 25 220 20 20 24 24 198 45 1579 337 2143 43229 83717 25 220 19 17 16 21 198 43 1561 33554 56860 25 220 21 22 24 24 198 94230 78 95683 25 220 17 24 21 16 198 92878 7755 69543 25 220 20 20 17 16 198 2753 269 75502 25 220 20 24 21 23 198 2753 269 43229 83717 25 220 17 21 23 16 198 3430 2555 54407 25 220 16 16 24 17 198 46 24513 4620 585 25 220 24 15 16 15 198 40645 685 81781 25 220 22 19 18 19 271 14582 25 3555 374 279 2615 2038 369 2308 269 43229 83717 5267 16141 25 576 2615 2038 369 2308 269 43229 83717 374 220 19 22 24 20	341
r117/gold/q27	nll	6054 2038 19424 198 94230 78 76715 25 220 23 24 15 17 198 6953 57681 64009 25 220 18 15 24 21 198 2753 269 69543 25 220 16 23 24 22 198 25406 10524 468 461 85261 25 220 22 23 17 18 198 36125 269 75502 25 220 22 20 24 24 198 56 355 1704 65503 25 220 24 16 23 16 198 57 5059 41041 25 220 23 19 15 18 198 39 33501 61916 25 220 20 16 21 19 198 86543 27219 69578 380 25 220 24 16 17 19 198 50 1055 685 54407 25 220 19 19 20 15 198 86543 17095 29048 25 220 22 23 18 20 198 54 268 97276 25 220 24 24 21 20 198 40 15649 45111 288 25 220 16 17 24 19 198 42 2143 45111 288 25 220 23 19 20 19 198 94230 78 55520 25 220 21 15 21 21 198 45 1579 337 2143 5540 25 220 21 19 18 18 198 37152 300 28392 25 220 17 20 24 15 198 52 1728 29953 25 220 24 22 23 16 198 45 52831 4620 585 25 220 24 21 23 22 198 50 1055 685 63221 25 220 23 19 17 22 198 35 1763 461 64009 25 220 19 17 21 21 198 51 25496 29953 25 220 23 24 22 19 198 52 1728 5540 25 220 20 20 15 19 198 35 1763 461 15687 19840 25 220 21 15 24 23 198 11109 64 27219 69578 380 25 220 21 23 20 19 198 641 288 45111 288 25 220 21 15 18 20 198 28085 685 36020 25 220 17 18 23 20 198 51 22267 27219 69578 380 25 220 20 21 16 18 198 36125 269 33554 56860 25 220 18 18 15 19 198 94230 78 730 4110 25 220 17 24 21 21 271 14582 25 3555 374 279 2615 2038 369 87936 27219 69578 380 5267 16141 25 576 2615 2038 369 87936 27219 69578 380 374 220 20 21 16 18	349
r117/wrong/q27	nll	6054 2038 19424 198 94230 78 76715 25 220 23 24 15 17 198 6953 57681 64009 25 220 18 15 24 21 198 2753 269 69543 25 220 16 23 24 22 198 25406 10524 468 461 85261 25 220 22 23 17 18 198 36125 269 75502 25 220 22 20 24 24 198 56 355 1704 65503 25 220 24 16 23 16 198 57 5059 41041 25 220 23 19 15 18 198 39 33501 61916 25 220 20 16 21 19 198 86543 27219 69578 380 25 220 24 16 17 19 198 50 1055 685 54407 25 220 19 19 20 15 198 86543 17095 29048 25 220 22 23 18 20 198 54 268 97276 25 220 24 24 21 20 198 40 15649 45111 288 25 220 16 17 24 19 198 42 2143 45111 288 25 220 23 19 20 19 198 94230 78 55520 25 220 21 15 21 21 198 45 1579 337 2143 5540 25 220 21 19 18 18 198 37152 300 28392 25 220 17 20 24 15 198 52 1728 29953 25 220 24 22 23 16 198 45 52831 4620 585 25 220 24 21 23 22 198 50 1055 685 63221 25 220 23 19 17 22 198 35 1763 461 64009 25 220 19 17 21 21 198 51 25496 29953 25 220 23 24 22 19 198 52 1728 5540 25 220 20 20 15 19 198 35 1763 461 15687 19840 25 220 21 15 24 23 198 11109 64 27219 69578 380 25 220 21 23 20 19 198 641 288 45111 288 25 220 21 15 18 20 198 28085 685 36020 25 220 17 18 23 20 198 51 22267 27219 69578 380 25 220 20 21 16 18 198 36125 269 33554 56860 25 220 18 18 15 19 198 94230 78 730 4110 25 220 17 24 21 21 271 14582 25 3555 374 279 2615 2038 369 87936 27219 69578 380 5267 16141 25 576 2615 2038 369 87936 27219 69578 380 374 220 23 19 17 22	349
r118/gold/q28	nll	6054 2038 19424 198 95347 42127 25 220 24 20 24 16 198 49 2577 5891 66945 14604 25 220 19 15 15 20 198 37152 300 69543 25 220 24 16 21 22 198 1143 268 24548 13334 25 220 22 22 20 18 198 37 67718 472 718 329 25 220 20 17 21 23 198 36 48021 43229 83717 25 220 18 16 16 17 198 51 2780 80 81781 25 220 21 22 16 21 198 2269 52313 81781 25 220 19 23 20 21 198 2269 321 647 17922 25 220 18 21 16 23 198 25406 10524 1863 35010 1536 25 220 17 15 21 23 198 641 288 472 718 329 25 220 20 19 21 22 198 49 2577 5891 730 4110 25 220 18 22 19 24 198 49 2577 5891 57153 25 220 19 20 21 16 198 5066 5059 51065 25 220 23 22 16 21 198 37 67718 24548 13334 25 220 22 16 16 21 198 25406 10524 17095 29048 25 220 16 23 17 16 198 39 33501 29953 25 220 18 17 22 22 198 61686 76069 25 220 23 20 23 20 198 39 33501 33554 56860 25 220 20 21 17 20 198 2269 52313 55520 25 220 21 17 18 17 198 56 5059 69543 25 220 17 20 17 19 198 5066 5059 58750 25 220 22 22 24 20 198 51 22267 41041 25 220 17 15 22 16 198 43 1561 61916 25 220 23 21 20 20 198 28085 685 54407 25 220 17 15 21 18 198 51 2780 80 65633 25 220 21 19 22 23 198 45 1579 337 2143 65911 301 25 220 23 18 22 15 198 45 52831 61479 85 25 220 19 17 24 23 198 92878 7755 64009 25 220 18 22 16 17 198 3430 2555 51194 25 220 18 16 22 24 271 14582 25 3555 374 279 2615 2038 369 27785 7755 64009 5267 16141 25 576 2615 2038 369 27785 7755 64009 374 220 18 22 16 17	347
r118/wrong/q28	nll	6054 2038 19424 198 95347 42127 25 220 24 20 24 16 198 49 2577 5891 66945 14604 25 220 19 15 15 20 198 37152 300 69543 25 220 24 16 21 22 198 1143 268 24548 13334 25 220 22 22 20 18 198 37 67718 472 718 329 25 220 20 17 21 23 198 36 48021 43229 83717 25 220 18 16 16 17 198 51 2780 80 81781 25 220 21 22 16 21 198 2269 52313 81781 25 220 19 23 20 21 198 2269 321 647 17922 25 220 18 21 16 23 198 25406 10524 1863 35010 1536 25 220 17 15 21 23 198 641 288 472 718 329 25 220 20 19 21 22 198 49 2577 5891 730 4110 25 220 18 22 19 24 198 49 2577 5891 57153 25 220 19 20 21 16 198 5066 5059 51065 25 220 23 22 16 21 198 37 67718 24548 13334 25 220 22 16 16 21 198 25406 10524 17095 29048 25 220 16 23 17 16 198 39 33501 29953 25 220 18 17 22 22 198 61686 76069 25 220 23 20 23 20 198 39 33501 33554 56860 25 220 20 21 17 20 198 2269 52313 55520 25 220 21 17 18 17 198 56 5059 69543 25 220 17 20 17 19 198 5066 5059 58750 25 220 22 22 24 20 198 51 22267 41041 25 220 17 15 22 16 198 43 1561 61916 25 220 23 21 20 20 198 28085 685 54407 25 220 17 15 21 18 198 51 2780 80 65633 25 220 21 19 22 23 198 45 1579 337 2143 65911 301 25 220 23 18 22 15 198 45 52831 61479 85 25 220 19 17 24 23 198 92878 7755 64009 25 220 18 22 16 17 198 3430 2555 51194 25 220 18 16 22 24 271 14582 25 3555 374 279 2615 2038 369 27785 7755 64009 5267 16141 25 576 2615 2038 369 27785 7755 64009 374 220 23 22 16 21	347
r119/gold/q29	nll	6054 2038 19424 198 39 33501 42127 25 220 18 15 21 24 198 28085 685 647 17922 25 220 19 17 15 19 198 23950 404 58750 25 220 20 17 24 18 198 6091 5059 27219 69578 380 25 220 21 18 16 19 198 39 33501 58750 25 220 21 20 20 20 198 641 288 37710 25 220 23 19 22 24 198 51 22267 5540 25 220 17 20 21 16 198 40645 685 61916 25 220 16 20 24 15 198 54 268 15687 19840 25 220 17 18 20 20 198 6953 57681 85551 25 220 21 24 16 21 198 51 2780 80 647 17922 25 220 24 19 16 19 198 36125 269 55520 25 220 22 18 20 16 198 2269 321 57153 25 220 16 20 19 23 198 2753 269 65633 25 220 18 20 19 19 198 49 11983 51065 25 220 22 24 23 19 198 92499 55520 25 220 24 24 20 18 198 5066 5059 647 17922 25 220 17 20 20 21 198 35 1763 461 65503 25 220 16 20 16 16 198 46 24513 28392 25 220 23 23 16 24 198 5066 5059 41421 12660 25 220 24 18 19 22 198 61686 97276 25 220 20 24 23 24 198 40 15649 61916 25 220 24 16 15 24 198 92499 36020 25 220 22 20 22 17 198 6953 57681 29953 25 220 23 19 23 17 198 28085 685 55520 25 220 20 16 23 18 198 56 5059 15687 19840 25 220 19 24 23 23 198 25406 10524 47623 25 220 18 21 24 23 198 2304 10524 27219 69578 380 25 220 20 18 16 20 198 92878 7755 66945 14604 25 220 23 22 19 18 198 2304 10524 41421 12660 25 220 20 22 23 21 271 14582 25 3555 374 279 2615 2038 369 1967 10524 41421 12660 5267 16141 25 576 2615 2038 369 1967 10524 41421 12660 374 220 20 22 23 21	339
r119/wrong/q29	nll	6054 2038 19424 198 39 33501 42127 25 220 18 15 21 24 198 28085 685 647 17922 25 220 19 17 15 19 198 23950 404 58750 25 220 20 17 24 18 198 6091 5059 27219 69578 380 25 220 21 18 16 19 198 39 33501 58750 25 220 21 20 20 20 198 641 288 37710 25 220 23 19 22 24 198 51 22267 5540 25 220 17 20 21 16 198 40645 685 61916 25 220 16 20 24 15 198 54 268 15687 19840 25 220 17 18 20 20 198 6953 57681 85551 25 220 21 24 16 21 198 51 2780 80 647 17922 25 220 24 19 16 19 198 36125 269 55520 25 220 22 18 20 16 198 2269 321 57153 25 220 16 20 19 23 198 2753 269 65633 25 220 18 20 19 19 198 49 11983 51065 25 220 22 24 23 19 198 92499 55520 25 220 24 24 20 18 198 5066 5059 647 17922 25 220 17 20 20 21 198 35 1763 461 65503 25 220 16 20 16 16 198 46 24513 28392 25 220 23 23 16 24 198 5066 5059 41421 12660 25 220 24 18 19 22 198 61686 97276 25 220 20 24 23 24 198 40 15649 61916 25 220 24 16 15 24 198 92499 36020 25 220 22 20 22 17 198 6953 57681 29953 25 220 23 19 23 17 198 28085 685 55520 25 220 20 16 23 18 198 56 5059 15687 19840 25 220 19 24 23 23 198 25406 10524 47623 25 220 18 21 24 23 198 2304 10524 27219 69578 380 25 220 20 18 16 20 198 92878 7755 66945 14604 25 220 23 22 19 18 198 2304 10524 41421 12660 25 220 20 22 23 21 271 14582 25 3555 374 279 2615 2038 369 1967 10524 41421 12660 5267 16141 25 576 2615 2038 369 1967 10524 41421 12660 374 220 24 24 20 18	339
r120/gold/q0	nll	6054 2038 19424 198 37152 300 95683 25 220 24 19 24 19 198 45 1579 337 2143 58750 25 220 19 17 18 19 198 28085 685 81781 25 220 21 24 21 23 198 40 15649 95683 25 220 24 20 19 19 198 641 288 54407 25 220 19 21 15 22 198 56 355 1704 58750 25 220 17 23 21 16 198 39 3362 42127 25 220 19 19 23 19 198 61686 95683 25 220 22 19 16 15 198 43 1561 61916 25 220 19 16 23 23 198 39 33501 81781 25 220 16 21 24 21 198 6091 5059 28392 25 220 21 24 18 21 198 36 48021 47623 25 220 23 15 16 24 198 5066 5059 51194 25 220 17 23 15 22 198 32887 1466 85551 25 220 23 16 20 17 198 28085 685 47623 25 220 24 15 18 18 198 45 52831 5540 25 220 19 22 21 24 198 42 2143 28392 25 220 19 23 16 17 198 25406 10524 4398 2863 25 220 21 16 22 21 198 39 33501 29953 25 220 17 22 23 24 198 49 11983 41041 25 220 18 22 20 20 198 86543 730 4110 25 220 21 16 19 17 198 46 24513 1863 35010 1536 25 220 16 22 19 18 198 1143 268 66945 14604 25 220 21 18 17 19 198 39 33501 1863 35010 1536 25 220 22 21 19 23 198 5066 5059 64009 25 220 24 15 16 19 198 6953 57681 81781 25 220 16 23 21 17 198 5066 5059 58750 25 220 20 15 21 20 198 6953 57681 51194 25 220 18 16 23 24 198 54 268 51194 25 220 22 20 18 21 198 52 1728 97276 25 220 17 24 19 20 271 14582 25 3555 374 279 2615 2038 369 68086 95683 5267 16141 25 576 2615 2038 369 68086 95683 374 220 24 19 24 19	332
r120/wrong/q0	nll	6054 2038 19424 198 37152 300 95683 25 220 24 19 24 19 198 45 1579 337 2143 58750 25 220 19 17 18 19 198 28085 685 81781 25 220 21 24 21 23 198 40 15649 95683 25 220 24 20 19 19 198 641 288 54407 25 220 19 21 15 22 198 56 355 1704 58750 25 220 17 23 21 16 198 39 3362 42127 25 220 19 19 23 19 198 61686 95683 25 220 22 19 16 15 198 43 1561 61916 25 220 19 16 23 23 198 39 33501 81781 25 220 16 21 24 21 198 6091 5059 28392 25 220 21 24 18 21 198 36 48021 47623 25 220 23 15 16 24 198 5066 5059 51194 25 220 17 23 15 22 198 32887 1466 85551 25 220 23 16 20 17 198 28085 685 47623 25 220 24 15 18 18 198 45 52831 5540 25 220 19 22 21 24 198 42 2143 28392 25 220 19 23 16 17 198 25406 10524 4398 2863 25 220 21 16 22 21 198 39 33501 29953 25 220 17 22 23 24 198 49 11983 41041 25 220 18 22 20 20 198 86543 730 4110 25 220 21 16 19 17 198 46 24513 1863 35010 1536 25 220 16 22 19 18 198 1143 268 66945 14604 25 220 21 18 17 19 198 39 33501 1863 35010 1536 25 220 22 21 19 23 198 5066 5059 64009 25 220 24 15 16 19 198 6953 57681 81781 25 220 16 23 21 17 198 5066 5059 58750 25 220 20 15 21 20 198 6953 57681 51194 25 220 18 16 23 24 198 54 268 51194 25 220 22 20 18 21 198 52 1728 97276 25 220 17 24 19 20 271 14582 25 3555 374 279 2615 2038 369 68086 95683 5267 16141 25 576 2615 2038 369 68086 95683 374 220 22 21 19 23	332
r121/gold/q1	nll	6054 2038 19424 198 92499 1863 35010 1536 25 220 20 17 22 22 198 2304 10524 42127 25 220 18 17 24 23 198 2269 52313 76069 25 220 16 19 22 19 198 32887 1466 47623 25 220 17 23 15 18 198 2269 321 506 4554 1958 25 220 18 18 19 24 198 37 67718 14741 49713 25 220 20 23 23 23 198 85384 65503 25 220 17 24 18 23 198 57 4644 61916 25 220 17 23 19 15 198 42 2143 85551 25 220 21 22 17 21 198 36 48021 14741 49713 25 220 22 20 22 18 198 11109 64 61479 85 25 220 16 24 18 19 198 2269 52313 15687 19840 25 220 23 20 16 16 198 50 1055 685 58750 25 220 17 18 24 23 198 35 1763 461 54407 25 220 18 15 17 23 198 2269 52313 64009 25 220 20 21 16 18 198 51 2780 80 40523 25 220 21 20 19 16 198 42 92023 43229 83717 25 220 18 24 16 20 198 52 1728 472 718 329 25 220 17 15 24 23 198 11109 64 65633 25 220 16 22 24 18 198 50 1055 685 76069 25 220 18 21 18 24 198 43 1561 24548 13334 25 220 19 17 19 21 198 45 1579 337 2143 29953 25 220 19 19 17 18 198 61686 55520 25 220 21 23 18 17 198 39 3362 63161 25 220 22 24 16 21 198 2269 321 63161 25 220 20 17 18 18 198 51 2780 80 472 718 329 25 220 18 20 18 21 198 2304 10524 75502 25 220 21 19 16 20 198 641 288 58750 25 220 17 20 21 24 198 49 2577 5891 33554 56860 25 220 19 16 24 24 198 32887 1466 85551 25 220 21 21 18 16 271 14582 25 3555 374 279 2615 2038 369 1967 10524 42127 5267 16141 25 576 2615 2038 369 1967 10524 42127 374 220 18 17 24 23	346
r121/wrong/q1	nll	6054 2038 19424 198 92499 1863 35010 1536 25 220 20 17 22 22 198 2304 10524 42127 25 220 18 17 24 23 198 2269 52313 76069 25 220 16 19 22 19 198 32887 1466 47623 25 220 17 23 15 18 198 2269 321 506 4554 1958 25 220 18 18 19 24 198 37 67718 14741 49713 25 220 20 23 23 23 198 85384 65503 25 220 17 24 18 23 198 57 4644 61916 25 220 17 23 19 15 198 42 2143 85551 25 220 21 22 17 21 198 36 48021 14741 49713 25 220 22 20 22 18 198 11109 64 61479 85 25 220 16 24 18 19 198 2269 52313 15687 19840 25 220 23 20 16 16 198 50 1055 685 58750 25 220 17 18 24 23 198 35 1763 461 54407 25 220 18 15 17 23 198 2269 52313 64009 25 220 20 21 16 18 198 51 2780 80 40523 25 220 21 20 19 16 198 42 92023 43229 83717 25 220 18 24 16 20 198 52 1728 472 718 329 25 220 17 15 24 23 198 11109 64 65633 25 220 16 22 24 18 198 50 1055 685 76069 25 220 18 21 18 24 198 43 1561 24548 13334 25 220 19 17 19 21 198 45 1579 337 2143 29953 25 220 19 19 17 18 198 61686 55520 25 220 21 23 18 17 198 39 3362 63161 25 220 22 24 16 21 198 2269 321 63161 25 220 20 17 18 18 198 51 2780 80 472 718 329 25 220 18 20 18 21 198 2304 10524 75502 25 220 21 19 16 20 198 641 288 58750 25 220 17 20 21 24 198 49 2577 5891 33554 56860 25 220 19 16 24 24 198 32887 1466 85551 25 220 21 21 18 16 271 14582 25 3555 374 279 2615 2038 369 1967 10524 42127 5267 16141 25 576 2615 2038 369 1967 10524 42127 374 220 21 21 18 16	346
r122/gold/q2	nll	6054 2038 19424 198 43 1561 29953 25 220 22 21 19 19 198 5066 5059 58750 25 220 23 22 17 21 198 51 22267 65911 301 25 220 24 24 21 22 198 11109 64 58750 25 220 20 15 24 20 198 43 1561 17095 29048 25 220 24 19 16 20 198 3430 2555 95683 25 220 22 24 15 15 198 94230 78 41041 25 220 17 16 20 23 198 49 11983 4620 585 25 220 20 17 15 22 198 95347 33554 56860 25 220 20 15 23 19 198 92878 7755 730 4110 25 220 17 20 15 23 198 35 1763 461 29953 25 220 23 17 19 15 198 42 92023 730 363 1127 6642 25 220 16 24 15 16 198 2753 269 95683 25 220 23 18 15 19 198 2753 269 41041 25 220 18 22 20 15 198 67624 75502 25 220 21 20 24 17 198 2753 269 58750 25 220 18 20 23 17 198 52 1728 51194 25 220 20 23 22 19 198 40645 685 730 4110 25 220 21 17 22 22 198 86543 27219 69578 380 25 220 23 24 18 17 198 51 22267 14741 49713 25 220 19 18 16 18 198 2269 321 647 17922 25 220 18 20 16 16 198 51 2780 80 65911 301 25 220 23 15 16 15 198 45 52831 57153 25 220 18 17 17 15 198 28085 685 43229 83717 25 220 18 15 17 15 198 50 1055 685 81781 25 220 17 24 17 19 198 40 15649 75502 25 220 24 18 21 18 198 37 67718 61479 85 25 220 21 23 15 21 198 85384 95683 25 220 21 16 18 15 198 23950 404 5540 25 220 18 15 21 15 198 43 1561 63161 25 220 22 20 20 22 271 14582 25 3555 374 279 2615 2038 369 87936 65911 301 5267 16141 25 576 2615 2038 369 87936 65911 301 374 220 24 24 21 22	341
r122/wrong/q2	nll	6054 2038 19424 198 43 1561 29953 25 220 22 21 19 19 198 5066 5059 58750 25 220 23 22 17 21 198 51 22267 65911 301 25 220 24 24 21 22 198 11109 64 58750 25 220 20 15 24 20 198 43 1561 17095 29048 25 220 24 19 16 20 198 3430 2555 95683 25 220 22 24 15 15 198 94230 78 41041 25 220 17 16 20 23 198 49 11983 4620 585 25 220 20 17 15 22 198 95347 33554 56860 25 220 20 15 23 19 198 92878 7755 730 4110 25 220 17 20 15 23 198 35 1763 461 29953 25 220 23 17 19 15 198 42 92023 730 363 1127 6642 25 220 16 24 15 16 198 2753 269 95683 25 220 23 18 15 19 198 2753 269 41041 25 220 18 22 20 15 198 67624 75502 25 220 21 20 24 17 198 2753 269 58750 25 220 18 20 23 17 198 52 1728 51194 25 220 20 23 22 19 198 40645 685 730 4110 25 220 21 17 22 22 198 86543 27219 69578 380 25 220 23 24 18 17 198 51 22267 14741 49713 25 220 19 18 16 18 198 2269 321 647 17922 25 220 18 20 16 16 198 51 2780 80 65911 301 25 220 23 15 16 15 198 45 52831 57153 25 220 18 17 17 15 198 28085 685 43229 83717 25 220 18 15 17 15 198 50 1055 685 81781 25 220 17 24 17 19 198 40 15649 75502 25 220 24 18 21 18 198 37 67718 61479 85 25 220 21 23 15 21 198 85384 95683 25 220 21 16 18 15 198 23950 404 5540 25 220 18 15 21 15 198 43 1561 63161 25 220 22 20 20 22 271 14582 25 3555 374 279 2615 2038 369 87936 65911 301 5267 16141 25 576 2615 2038 369 87936 65911 301 374 220 18 15 17 15	341
r123/gold/q3	nll	6054 2038 19424 198 42 2143 24548 13334 25 220 22 22 21 15 198 92878 7755 64009 25 220 21 21 20 18 198 51 25496 40523 25 220 19 18 23 23 198 11109 64 85551 25 220 23 16 19 18 198 2304 10524 43229 83717 25 220 19 20 19 18 198 3430 2555 75502 25 220 24 20 16 15 198 6091 5059 75502 25 220 16 17 16 15 198 32887 1466 65503 25 220 17 17 21 18 198 49 2577 5891 40523 25 220 21 20 19 21 198 6953 57681 37710 25 220 16 24 19 16 198 56 5059 85551 25 220 24 23 20 19 198 36125 269 65503 25 220 24 16 23 22 198 40645 685 65633 25 220 17 20 20 15 198 51 2780 80 4398 2863 25 220 22 24 15 16 198 37152 300 15687 19840 25 220 16 18 19 23 198 2269 321 69543 25 220 21 23 17 15 198 37152 300 472 718 329 25 220 16 15 17 21 198 36125 269 61916 25 220 23 16 19 16 198 2269 321 76069 25 220 21 21 15 16 198 37 67718 15687 19840 25 220 19 15 21 20 198 35 1763 461 1863 35010 1536 25 220 23 18 24 16 198 6953 57681 57153 25 220 17 21 23 15 198 3430 2555 42127 25 220 22 24 20 18 198 51 22267 468 461 85261 25 220 20 20 17 18 198 50 1055 685 41041 25 220 20 16 20 17 198 36 48021 81781 25 220 17 15 15 22 198 35 1763 461 65911 301 25 220 22 18 19 21 198 40 15649 64009 25 220 19 17 15 20 198 45 1579 337 2143 17095 29048 25 220 17 24 21 20 198 95347 61479 85 25 220 22 22 15 16 271 14582 25 3555 374 279 2615 2038 369 50344 85551 5267 16141 25 576 2615 2038 369 50344 85551 374 220 23 16 19 18	344
r123/wrong/q3	nll	6054 2038 19424 198 42 2143 24548 13334 25 220 22 22 21 15 198 92878 7755 64009 25 220 21 21 20 18 198 51 25496 40523 25 220 19 18 23 23 198 11109 64 85551 25 220 23 16 19 18 198 2304 10524 43229 83717 25 220 19 20 19 18 198 3430 2555 75502 25 220 24 20 16 15 198 6091 5059 75502 25 220 16 17 16 15 198 32887 1466 65503 25 220 17 17 21 18 198 49 2577 5891 40523 25 220 21 20 19 21 198 6953 57681 37710 25 220 16 24 19 16 198 56 5059 85551 25 220 24 23 20 19 198 36125 269 65503 25 220 24 16 23 22 198 40645 685 65633 25 220 17 20 20 15 198 51 2780 80 4398 2863 25 220 22 24 15 16 198 37152 300 15687 19840 25 220 16 18 19 23 198 2269 321 69543 25 220 21 23 17 15 198 37152 300 472 718 329 25 220 16 15 17 21 198 36125 269 61916 25 220 23 16 19 16 198 2269 321 76069 25 220 21 21 15 16 198 37 67718 15687 19840 25 220 19 15 21 20 198 35 1763 461 1863 35010 1536 25 220 23 18 24 16 198 6953 57681 57153 25 220 17 21 23 15 198 3430 2555 42127 25 220 22 24 20 18 198 51 22267 468 461 85261 25 220 20 20 17 18 198 50 1055 685 41041 25 220 20 16 20 17 198 36 48021 81781 25 220 17 15 15 22 198 35 1763 461 65911 301 25 220 22 18 19 21 198 40 15649 64009 25 220 19 17 15 20 198 45 1579 337 2143 17095 29048 25 220 17 24 21 20 198 95347 61479 85 25 220 22 22 15 16 271 14582 25 3555 374 279 2615 2038 369 50344 85551 5267 16141 25 576 2615 2038 369 50344 85551 374 220 17 21 23 15	344
r124/gold/q4	nll	6054 2038 19424 198 40645 685 17095 29048 25 220 20 23 19 15 198 61686 47623 25 220 23 24 21 19 198 28085 685 58750 25 220 21 24 19 17 198 6091 5059 41421 12660 25 220 22 19 16 17 198 2753 269 64009 25 220 20 18 20 21 198 61686 61479 85 25 220 19 15 16 20 198 51 22267 43229 83717 25 220 21 23 16 21 198 92499 61916 25 220 19 15 19 23 198 36125 269 506 4554 1958 25 220 21 22 23 18 198 641 288 730 4110 25 220 20 22 22 23 198 45 52831 17095 29048 25 220 18 16 16 17 198 6953 57681 40523 25 220 19 23 18 17 198 51 25496 65911 301 25 220 19 22 16 24 198 2269 52313 1863 35010 1536 25 220 16 24 24 15 198 2304 10524 61479 85 25 220 18 22 17 21 198 61686 33554 56860 25 220 22 16 23 18 198 11109 64 730 363 1127 6642 25 220 21 23 15 21 198 2269 321 28392 25 220 16 15 21 23 198 39 3362 47623 25 220 24 21 16 17 198 23950 404 42127 25 220 19 19 19 21 198 42 2143 43229 83717 25 220 24 16 20 19 198 641 288 15687 19840 25 220 18 15 20 15 198 32887 1466 42127 25 220 18 23 23 18 198 28085 685 64009 25 220 22 23 16 22 198 25406 10524 61916 25 220 23 20 15 17 198 49 11983 51065 25 220 18 19 23 21 198 85384 45111 288 25 220 24 24 15 24 198 23950 404 29953 25 220 23 19 16 18 198 52 1728 647 17922 25 220 23 22 24 19 198 43 1561 66945 14604 25 220 17 20 17 23 271 14582 25 3555 374 279 2615 2038 369 2308 269 64009 5267 16141 25 576 2615 2038 369 2308 269 64009 374 220 20 18 20 21	342
r124/wrong/q4	nll	6054 2038 19424 198 40645 685 17095 29048 25 220 20 23 19 15 198 61686 47623 25 220 23 24 21 19 198 28085 685 58750 25 220 21 24 19 17 198 6091 5059 41421 12660 25 220 22 19 16 17 198 2753 269 64009 25 220 20 18 20 21 198 61686 61479 85 25 220 19 15 16 20 198 51 22267 43229 83717 25 220 21 23 16 21 198 92499 61916 25 220 19 15 19 23 198 36125 269 506 4554 1958 25 220 21 22 23 18 198 641 288 730 4110 25 220 20 22 22 23 198 45 52831 17095 29048 25 220 18 16 16 17 198 6953 57681 40523 25 220 19 23 18 17 198 51 25496 65911 301 25 220 19 22 16 24 198 2269 52313 1863 35010 1536 25 220 16 24 24 15 198 2304 10524 61479 85 25 220 18 22 17 21 198 61686 33554 56860 25 220 22 16 23 18 198 11109 64 730 363 1127 6642 25 220 21 23 15 21 198 2269 321 28392 25 220 16 15 21 23 198 39 3362 47623 25 220 24 21 16 17 198 23950 404 42127 25 220 19 19 19 21 198 42 2143 43229 83717 25 220 24 16 20 19 198 641 288 15687 19840 25 220 18 15 20 15 198 32887 1466 42127 25 220 18 23 23 18 198 28085 685 64009 25 220 22 23 16 22 198 25406 10524 61916 25 220 23 20 15 17 198 49 11983 51065 25 220 18 19 23 21 198 85384 45111 288 25 220 24 24 15 24 198 23950 404 29953 25 220 23 19 16 18 198 52 1728 647 17922 25 220 23 22 24 19 198 43 1561 66945 14604 25 220 17 20 17 23 271 14582 25 3555 374 279 2615 2038 369 2308 269 64009 5267 16141 25 576 2615 2038 369 2308 269 64009 374 220 20 23 19 15	342
r125/gold/q5	nll	6054 2038 19424 198 57 5059 75502 25 220 21 17 18 19 198 40 15649 57153 25 220 18 24 24 16 198 49 11983 1863 35010 1536 25 220 23 22 21 21 198 11109 64 57153 25 220 22 18 21 23 198 43 1561 65503 25 220 22 17 17 22 198 49 2577 5891 28392 25 220 16 17 17 24 198 2269 321 81781 25 220 21 24 24 17 198 40 15649 85551 25 220 19 17 17 18 198 25406 10524 41041 25 220 21 24 18 24 198 45 1579 337 2143 69543 25 220 23 20 23 24 198 25406 10524 24548 13334 25 220 24 19 21 20 198 3430 2555 647 17922 25 220 18 20 16 18 198 23950 404 33554 56860 25 220 17 20 15 22 198 50 1055 685 27219 69578 380 25 220 19 18 17 22 198 52 1728 468 461 85261 25 220 17 17 15 16 198 6953 57681 4398 2863 25 220 18 21 22 19 198 36 48021 63161 25 220 19 21 20 16 198 94230 78 65503 25 220 17 16 15 22 198 11109 64 43229 83717 25 220 16 24 21 17 198 37 67718 55520 25 220 23 21 21 15 198 56 355 1704 69543 25 220 21 16 23 21 198 3430 2555 17095 29048 25 220 20 19 17 23 198 92878 7755 66945 14604 25 220 17 24 19 17 198 5066 5059 76715 25 220 20 21 19 21 198 49 2577 5891 40523 25 220 24 21 15 15 198 39 33501 64009 25 220 17 24 23 23 198 36125 269 75502 25 220 24 22 22 18 198 36125 269 41041 25 220 20 23 16 23 198 52 1728 41421 12660 25 220 17 16 20 23 198 3430 2555 95683 25 220 18 20 20 19 271 14582 25 3555 374 279 2615 2038 369 54400 28392 5267 16141 25 576 2615 2038 369 54400 28392 374 220 16 17 17 24	344
r125/wrong/q5	nll	6054 2038 19424 198 57 5059 75502 25 220 21 17 18 19 198 40 15649 57153 25 220 18 24 24 16 198 49 11983 1863 35010 1536 25 220 23 22 21 21 198 11109 64 57153 25 220 22 18 21 23 198 43 1561 65503 25 220 22 17 17 22 198 49 2577 5891 28392 25 220 16 17 17 24 198 2269 321 81781 25 220 21 24 24 17 198 40 15649 85551 25 220 19 17 17 18 198 25406 10524 41041 25 220 21 24 18 24 198 45 1579 337 2143 69543 25 220 23 20 23 24 198 25406 10524 24548 13334 25 220 24 19 21 20 198 3430 2555 647 17922 25 220 18 20 16 18 198 23950 404 33554 56860 25 220 17 20 15 22 198 50 1055 685 27219 69578 380 25 220 19 18 17 22 198 52 1728 468 461 85261 25 220 17 17 15 16 198 6953 57681 4398 2863 25 220 18 21 22 19 198 36 48021 63161 25 220 19 21 20 16 198 94230 78 65503 25 220 17 16 15 22 198 11109 64 43229 83717 25 220 16 24 21 17 198 37 67718 55520 25 220 23 21 21 15 198 56 355 1704 69543 25 220 21 16 23 21 198 3430 2555 17095 29048 25 220 20 19 17 23 198 92878 7755 66945 14604 25 220 17 24 19 17 198 5066 5059 76715 25 220 20 21 19 21 198 49 2577 5891 40523 25 220 24 21 15 15 198 39 33501 64009 25 220 17 24 23 23 198 36125 269 75502 25 220 24 22 22 18 198 36125 269 41041 25 220 20 23 16 23 198 52 1728 41421 12660 25 220 17 16 20 23 198 3430 2555 95683 25 220 18 20 20 19 271 14582 25 3555 374 279 2615 2038 369 54400 28392 5267 16141 25 576 2615 2038 369 54400 28392 374 220 18 20 20 19	344
r126/gold/q6	nll	6054 2038 19424 198 5066 5059 61479 85 25 220 19 23 16 23 198 5066 5059 61916 25 220 23 15 20 17 198 45 52831 95683 25 220 19 17 19 21 198 43 1561 36020 25 220 24 24 20 21 198 39 3362 730 363 1127 6642 25 220 19 18 19 21 198 52 1728 472 718 329 25 220 21 20 24 16 198 40 15649 65911 301 25 220 21 23 21 18 198 37 67718 65911 301 25 220 21 18 21 24 198 46 24513 36020 25 220 16 23 21 23 198 37 67718 75502 25 220 19 18 17 15 198 40645 685 54407 25 220 16 21 17 17 198 40 15649 27219 69578 380 25 220 19 21 15 15 198 56 5059 47623 25 220 23 22 19 24 198 2269 52313 27219 69578 380 25 220 23 18 22 17 198 39 3362 76069 25 220 20 22 16 16 198 35 1763 461 4398 2863 25 220 21 15 20 21 198 86543 58750 25 220 16 21 21 22 198 36125 269 42127 25 220 17 23 24 24 198 56 5059 75502 25 220 17 22 21 24 198 641 288 76715 25 220 20 15 16 23 198 641 288 43229 83717 25 220 21 15 16 20 198 25406 10524 14741 49713 25 220 21 20 19 16 198 45 52831 730 363 1127 6642 25 220 23 17 23 23 198 6953 57681 75502 25 220 22 17 23 19 198 95347 66945 14604 25 220 20 21 23 20 198 36125 269 51194 25 220 20 16 16 23 198 67624 4620 585 25 220 16 18 18 18 198 3430 2555 97276 25 220 22 21 24 20 198 92878 7755 29953 25 220 22 19 18 16 198 45 52831 54407 25 220 17 21 19 23 271 14582 25 3555 374 279 2615 2038 369 41421 65911 301 5267 16141 25 576 2615 2038 369 41421 65911 301 374 220 21 23 21 18	344
r126/wrong/q6	nll	6054 2038 19424 198 5066 5059 61479 85 25 220 19 23 16 23 198 5066 5059 61916 25 220 23 15 20 17 198 45 52831 95683 25 220 19 17 19 21 198 43 1561 36020 25 220 24 24 20 21 198 39 3362 730 363 1127 6642 25 220 19 18 19 21 198 52 1728 472 718 329 25 220 21 20 24 16 198 40 15649 65911 301 25 220 21 23 21 18 198 37 67718 65911 301 25 220 21 18 21 24 198 46 24513 36020 25 220 16 23 21 23 198 37 67718 75502 25 220 19 18 17 15 198 40645 685 54407 25 220 16 21 17 17 198 40 15649 27219 69578 380 25 220 19 21 15 15 198 56 5059 47623 25 220 23 22 19 24 198 2269 52313 27219 69578 380 25 220 23 18 22 17 198 39 3362 76069 25 220 20 22 16 16 198 35 1763 461 4398 2863 25 220 21 15 20 21 198 86543 58750 25 220 16 21 21 22 198 36125 269 42127 25 220 17 23 24 24 198 56 5059 75502 25 220 17 22 21 24 198 641 288 76715 25 220 20 15 16 23 198 641 288 43229 83717 25 220 21 15 16 20 198 25406 10524 14741 49713 25 220 21 20 19 16 198 45 52831 730 363 1127 6642 25 220 23 17 23 23 198 6953 57681 75502 25 220 22 17 23 19 198 95347 66945 14604 25 220 20 21 23 20 198 36125 269 51194 25 220 20 16 16 23 198 67624 4620 585 25 220 16 18 18 18 198 3430 2555 97276 25 220 22 21 24 20 198 92878 7755 29953 25 220 22 19 18 16 198 45 52831 54407 25 220 17 21 19 23 271 14582 25 3555 374 279 2615 2038 369 41421 65911 301 5267 16141 25 576 2615 2038 369 41421 65911 301 374 220 23 22 19 24	344
r127/gold/q7	nll	6054 2038 19424 198 2269 52313 36020 25 220 17 23 19 18 198 25406 10524 54407 25 220 19 17 19 19 198 39 33501 95683 25 220 21 22 21 20 198 94230 78 41421 12660 25 220 20 24 22 24 198 42 92023 95683 25 220 23 17 19 16 198 1143 268 40523 25 220 16 15 18 16 198 11109 64 43229 83717 25 220 21 21 20 19 198 641 288 472 718 329 25 220 17 21 16 21 198 54 268 33554 56860 25 220 24 19 15 24 198 45 52831 36020 25 220 18 24 21 17 198 49 11983 41421 12660 25 220 18 24 18 19 198 37152 300 472 718 329 25 220 21 17 24 23 198 40 15649 75502 25 220 19 22 18 17 198 37 67718 66945 14604 25 220 24 18 21 15 198 45 1579 337 2143 24548 13334 25 220 22 15 17 19 198 40 15649 76069 25 220 22 21 24 24 198 11109 64 27219 69578 380 25 220 24 24 20 24 198 2269 321 37710 25 220 21 16 24 20 198 49 11983 27219 69578 380 25 220 19 15 22 17 198 50 1055 685 76069 25 220 17 21 19 15 198 37152 300 14741 49713 25 220 17 23 22 17 198 3430 2555 85551 25 220 19 15 20 16 198 37152 300 64009 25 220 21 16 16 19 198 39 33501 69543 25 220 21 16 17 17 198 2269 52313 64009 25 220 19 15 21 20 198 23950 404 730 363 1127 6642 25 220 20 15 23 16 198 85384 40523 25 220 23 16 19 22 198 42 92023 730 363 1127 6642 25 220 22 21 19 18 198 54 268 97276 25 220 17 15 19 15 198 49 2577 5891 41041 25 220 18 18 16 15 271 14582 25 3555 374 279 2615 2038 369 758 288 472 718 329 5267 16141 25 576 2615 2038 369 758 288 472 718 329 374 220 17 21 16 21	354
r127/wrong/q7	nll	6054 2038 19424 198 2269 52313 36020 25 220 17 23 19 18 198 25406 10524 54407 25 220 19 17 19 19 198 39 33501 95683 25 220 21 22 21 20 198 94230 78 41421 12660 25 220 20 24 22 24 198 42 92023 95683 25 220 23 17 19 16 198 1143 268 40523 25 220 16 15 18 16 198 11109 64 43229 83717 25 220 21 21 20 19 198 641 288 472 718 329 25 220 17 21 16 21 198 54 268 33554 56860 25 220 24 19 15 24 198 45 52831 36020 25 220 18 24 21 17 198 49 11983 41421 12660 25 220 18 24 18 19 198 37152 300 472 718 329 25 220 21 17 24 23 198 40 15649 75502 25 220 19 22 18 17 198 37 67718 66945 14604 25 220 24 18 21 15 198 45 1579 337 2143 24548 13334 25 220 22 15 17 19 198 40 15649 76069 25 220 22 21 24 24 198 11109 64 27219 69578 380 25 220 24 24 20 24 198 2269 321 37710 25 220 21 16 24 20 198 49 11983 27219 69578 380 25 220 19 15 22 17 198 50 1055 685 76069 25 220 17 21 19 15 198 37152 300 14741 49713 25 220 17 23 22 17 198 3430 2555 85551 25 220 19 15 20 16 198 37152 300 64009 25 220 21 16 16 19 198 39 33501 69543 25 220 21 16 17 17 198 2269 52313 64009 25 220 19 15 21 20 198 23950 404 730 363 1127 6642 25 220 20 15 23 16 198 85384 40523 25 220 23 16 19 22 198 42 92023 730 363 1127 6642 25 220 22 21 19 18 198 54 268 97276 25 220 17 15 19 15 198 49 2577 5891 41041 25 220 18 18 16 15 271 14582 25 3555 374 279 2615 2038 369 758 288 472 718 329 5267 16141 25 576 2615 2038 369 758 288 472 718 329 374 220 21 16 16 19	354
r128/gold/q8	nll	6054 2038 19424 198 3430 2555 81781 25 220 23 16 20 21 198 2753 269 85551 25 220 18 20 21 24 198 2269 52313 41041 25 220 24 23 20 22 198 56 355 1704 75502 25 220 19 21 18 20 198 32887 1466 65503 25 220 21 16 18 23 198 36125 269 63161 25 220 22 17 16 19 198 11109 64 41041 25 220 16 22 22 17 198 57 4644 730 4110 25 220 22 22 16 20 198 92499 57153 25 220 17 19 17 15 198 641 288 42127 25 220 19 16 23 20 198 11109 64 47623 25 220 17 22 23 21 198 36125 269 41421 12660 25 220 21 20 21 20 198 54 268 1863 35010 1536 25 220 20 20 20 15 198 28085 685 4620 585 25 220 22 23 19 16 198 3430 2555 43229 83717 25 220 22 20 16 21 198 2269 321 85551 25 220 18 21 20 16 198 641 288 65911 301 25 220 19 21 21 16 198 25406 10524 41421 12660 25 220 22 17 24 15 198 67624 51065 25 220 21 23 24 19 198 35 1763 461 54407 25 220 23 24 19 19 198 28085 685 65911 301 25 220 24 17 16 17 198 6953 57681 57153 25 220 24 17 18 15 198 2269 52313 95683 25 220 18 20 22 18 198 57 5059 4620 585 25 220 16 18 18 17 198 45 1579 337 2143 5540 25 220 18 22 23 21 198 3430 2555 69543 25 220 20 18 16 24 198 28085 685 75502 25 220 21 21 21 18 198 51 2780 80 506 4554 1958 25 220 21 15 18 21 198 641 288 61916 25 220 22 18 15 19 198 11109 64 45111 288 25 220 22 20 18 22 271 14582 25 3555 374 279 2615 2038 369 29297 57153 5267 16141 25 576 2615 2038 369 29297 57153 374 220 17 19 17 15	340
r128/wrong/q8	nll	6054 2038 19424 198 3430 2555 81781 25 220 23 16 20 21 198 2753 269 85551 25 220 18 20 21 24 198 2269 52313 41041 25 220 24 23 20 22 198 56 355 1704 75502 25 220 19 21 18 20 198 32887 1466 65503 25 220 21 16 18 23 198 36125 269 63161 25 220 22 17 16 19 198 11109 64 41041 25 220 16 22 22 17 198 57 4644 730 4110 25 220 22 22 16 20 198 92499 57153 25 220 17 19 17 15 198 641 288 42127 25 220 19 16 23 20 198 11109 64 47623 25 220 17 22 23 21 198 36125 269 41421 12660 25 220 21 20 21 20 198 54 268 1863 35010 1536 25 220 20 20 20 15 198 28085 685 4620 585 25 220 22 23 19 16 198 3430 2555 43229 83717 25 220 22 20 16 21 198 2269 321 85551 25 220 18 21 20 16 198 641 288 65911 301 25 220 19 21 21 16 198 25406 10524 41421 12660 25 220 22 17 24 15 198 67624 51065 25 220 21 23 24 19 198 35 1763 461 54407 25 220 23 24 19 19 198 28085 685 65911 301 25 220 24 17 16 17 198 6953 57681 57153 25 220 24 17 18 15 198 2269 52313 95683 25 220 18 20 22 18 198 57 5059 4620 585 25 220 16 18 18 17 198 45 1579 337 2143 5540 25 220 18 22 23 21 198 3430 2555 69543 25 220 20 18 16 24 198 28085 685 75502 25 220 21 21 21 18 198 51 2780 80 506 4554 1958 25 220 21 15 18 21 198 641 288 61916 25 220 22 18 15 19 198 11109 64 45111 288 25 220 22 20 18 22 271 14582 25 3555 374 279 2615 2038 369 29297 57153 5267 16141 25 576 2615 2038 369 29297 57153 374 220 22 17 16 19	340
r129/gold/q9	nll	6054 2038 19424 198 11109 64 65911 301 25 220 20 21 22 16 198 36125 269 28392 25 220 16 24 16 17 198 56 5059 40523 25 220 24 24 20 24 198 39 3362 66945 14604 25 220 20 24 22 24 198 49 11983 69543 25 220 23 23 16 21 198 2304 10524 43229 83717 25 220 19 19 18 16 198 51 22267 647 17922 25 220 22 18 17 17 198 46 24513 647 17922 25 220 20 19 15 20 198 51 25496 85551 25 220 20 20 17 24 198 32887 1466 51194 25 220 19 19 24 15 198 11109 64 55520 25 220 17 23 16 19 198 2753 269 75502 25 220 16 19 19 22 198 52 1728 61916 25 220 23 23 15 21 198 45 1579 337 2143 647 17922 25 220 16 17 24 24 198 1143 268 57153 25 220 20 21 16 23 198 56 355 1704 1863 35010 1536 25 220 16 24 23 21 198 2304 10524 63221 25 220 19 22 18 17 198 40645 685 95683 25 220 21 16 21 19 198 85384 57153 25 220 19 20 17 21 198 25406 10524 730 363 1127 6642 25 220 16 18 21 19 198 49 2577 5891 69543 25 220 20 15 23 16 198 67624 4398 2863 25 220 18 15 20 22 198 57 4644 75502 25 220 19 20 24 19 198 36125 269 51194 25 220 23 16 20 16 198 49 11983 41041 25 220 24 24 21 24 198 57 4644 51065 25 220 17 20 24 19 198 49 11983 63161 25 220 21 24 17 21 198 86543 76715 25 220 16 17 19 19 198 37 67718 61479 85 25 220 22 18 22 15 198 641 288 85551 25 220 20 17 22 18 271 14582 25 3555 374 279 2615 2038 369 13452 1466 51194 5267 16141 25 576 2615 2038 369 13452 1466 51194 374 220 19 19 24 15	340
r129/wrong/q9	nll	6054 2038 19424 198 11109 64 65911 301 25 220 20 21 22 16 198 36125 269 28392 25 220 16 24 16 17 198 56 5059 40523 25 220 24 24 20 24 198 39 3362 66945 14604 25 220 20 24 22 24 198 49 11983 69543 25 220 23 23 16 21 198 2304 10524 43229 83717 25 220 19 19 18 16 198 51 22267 647 17922 25 220 22 18 17 17 198 46 24513 647 17922 25 220 20 19 15 20 198 51 25496 85551 25 220 20 20 17 24 198 32887 1466 51194 25 220 19 19 24 15 198 11109 64 55520 25 220 17 23 16 19 198 2753 269 75502 25 220 16 19 19 22 198 52 1728 61916 25 220 23 23 15 21 198 45 1579 337 2143 647 17922 25 220 16 17 24 24 198 1143 268 57153 25 220 20 21 16 23 198 56 355 1704 1863 35010 1536 25 220 16 24 23 21 198 2304 10524 63221 25 220 19 22 18 17 198 40645 685 95683 25 220 21 16 21 19 198 85384 57153 25 220 19 20 17 21 198 25406 10524 730 363 1127 6642 25 220 16 18 21 19 198 49 2577 5891 69543 25 220 20 15 23 16 198 67624 4398 2863 25 220 18 15 20 22 198 57 4644 75502 25 220 19 20 24 19 198 36125 269 51194 25 220 23 16 20 16 198 49 11983 41041 25 220 24 24 21 24 198 57 4644 51065 25 220 17 20 24 19 198 49 11983 63161 25 220 21 24 17 21 198 86543 76715 25 220 16 17 19 19 198 37 67718 61479 85 25 220 22 18 22 15 198 641 288 85551 25 220 20 17 22 18 271 14582 25 3555 374 279 2615 2038 369 13452 1466 51194 5267 16141 25 576 2615 2038 369 13452 1466 51194 374 220 20 21 22 16	340
r130/gold/q10	nll	6054 2038 19424 198 51 25496 97276 25 220 23 16 16 19 198 45 52831 81781 25 220 19 18 22 18 198 39 33501 76715 25 220 21 22 23 19 198 49 2577 5891 65503 25 220 20 20 19 20 198 61686 29953 25 220 19 15 22 20 198 94230 78 647 17922 25 220 24 22 19 24 198 50 1055 685 85551 25 220 17 21 19 22 198 32887 1466 85551 25 220 24 15 15 24 198 2753 269 95683 25 220 21 18 24 17 198 94230 78 51065 25 220 21 21 23 24 198 2753 269 730 363 1127 6642 25 220 18 19 16 17 198 95347 66945 14604 25 220 24 17 23 23 198 5066 5059 468 461 85261 25 220 17 19 22 21 198 42 2143 63221 25 220 24 15 20 16 198 92878 7755 43229 83717 25 220 23 20 15 19 198 37 67718 76715 25 220 16 20 18 17 198 46 24513 730 4110 25 220 19 24 16 16 198 94230 78 51194 25 220 24 18 20 22 198 92878 7755 42127 25 220 19 18 20 22 198 49 11983 43229 83717 25 220 24 22 22 24 198 56 355 1704 76069 25 220 17 20 17 19 198 2753 269 66945 14604 25 220 20 16 20 24 198 28085 685 58750 25 220 16 24 16 19 198 25406 10524 468 461 85261 25 220 20 24 16 21 198 35 1763 461 69543 25 220 18 17 15 21 198 25406 10524 66945 14604 25 220 23 23 15 21 198 35 1763 461 61479 85 25 220 24 22 15 23 198 32887 1466 54407 25 220 24 19 17 21 198 40 15649 45111 288 25 220 16 22 22 20 198 37152 300 17095 29048 25 220 22 23 23 15 271 14582 25 3555 374 279 2615 2038 369 2308 269 730 363 1127 6642 5267 16141 25 576 2615 2038 369 2308 269 730 363 1127 6642 374 220 18 19 16 17	352
r130/wrong/q10	nll	6054 2038 19424 198 51 25496 97276 25 220 23 16 16 19 198 45 52831 81781 25 220 19 18 22 18 198 39 33501 76715 25 220 21 22 23 19 198 49 2577 5891 65503 25 220 20 20 19 20 198 61686 29953 25 220 19 15 22 20 198 94230 78 647 17922 25 220 24 22 19 24 198 50 1055 685 85551 25 220 17 21 19 22 198 32887 1466 85551 25 220 24 15 15 24 198 2753 269 95683 25 220 21 18 24 17 198 94230 78 51065 25 220 21 21 23 24 198 2753 269 730 363 1127 6642 25 220 18 19 16 17 198 95347 66945 14604 25 220 24 17 23 23 198 5066 5059 468 461 85261 25 220 17 19 22 21 198 42 2143 63221 25 220 24 15 20 16 198 92878 7755 43229 83717 25 220 23 20 15 19 198 37 67718 76715 25 220 16 20 18 17 198 46 24513 730 4110 25 220 19 24 16 16 198 94230 78 51194 25 220 24 18 20 22 198 92878 7755 42127 25 220 19 18 20 22 198 49 11983 43229 83717 25 220 24 22 22 24 198 56 355 1704 76069 25 220 17 20 17 19 198 2753 269 66945 14604 25 220 20 16 20 24 198 28085 685 58750 25 220 16 24 16 19 198 25406 10524 468 461 85261 25 220 20 24 16 21 198 35 1763 461 69543 25 220 18 17 15 21 198 25406 10524 66945 14604 25 220 23 23 15 21 198 35 1763 461 61479 85 25 220 24 22 15 23 198 32887 1466 54407 25 220 24 19 17 21 198 40 15649 45111 288 25 220 16 22 22 20 198 37152 300 17095 29048 25 220 22 23 23 15 271 14582 25 3555 374 279 2615 2038 369 2308 269 730 363 1127 6642 5267 16141 25 576 2615 2038 369 2308 269 730 363 1127 6642 374 220 24 18 20 22	352
r131/gold/q11	nll	6054 2038 19424 198 2269 321 4620 585 25 220 18 18 23 24 198 49 11983 24548 13334 25 220 24 15 20 21 198 36 48021 95683 25 220 18 16 22 15 198 37152 300 63221 25 220 24 16 20 20 198 51 2780 80 76715 25 220 19 24 22 21 198 51 25496 65633 25 220 22 19 16 20 198 39 3362 64009 25 220 17 23 23 17 198 57 4644 76715 25 220 20 15 23 17 198 2753 269 57153 25 220 21 24 16 19 198 5066 5059 14741 49713 25 220 24 21 18 18 198 42 2143 65503 25 220 24 21 17 23 198 28085 685 468 461 85261 25 220 24 21 17 19 198 54 268 1863 35010 1536 25 220 16 23 23 23 198 641 288 75502 25 220 17 23 15 20 198 37 67718 647 17922 25 220 18 20 17 22 198 42 2143 27219 69578 380 25 220 21 16 17 22 198 95347 75502 25 220 21 16 20 20 198 56 5059 40523 25 220 21 21 17 24 198 2753 269 54407 25 220 22 17 24 16 198 61686 41421 12660 25 220 19 24 24 15 198 11109 64 51065 25 220 18 16 24 21 198 2753 269 65911 301 25 220 16 23 17 19 198 54 268 15687 19840 25 220 16 22 18 23 198 641 288 45111 288 25 220 22 21 21 16 198 56 5059 57153 25 220 18 17 18 22 198 42 2143 63161 25 220 22 21 15 19 198 45 1579 337 2143 95683 25 220 22 21 17 18 198 56 5059 647 17922 25 220 24 17 15 21 198 6091 5059 69543 25 220 22 15 23 15 198 86543 69543 25 220 20 23 21 18 271 14582 25 3555 374 279 2615 2038 369 39294 468 461 85261 5267 16141 25 576 2615 2038 369 39294 468 461 85261 374 220 24 21 17 19	343
r131/wrong/q11	nll	6054 2038 19424 198 2269 321 4620 585 25 220 18 18 23 24 198 49 11983 24548 13334 25 220 24 15 20 21 198 36 48021 95683 25 220 18 16 22 15 198 37152 300 63221 25 220 24 16 20 20 198 51 2780 80 76715 25 220 19 24 22 21 198 51 25496 65633 25 220 22 19 16 20 198 39 3362 64009 25 220 17 23 23 17 198 57 4644 76715 25 220 20 15 23 17 198 2753 269 57153 25 220 21 24 16 19 198 5066 5059 14741 49713 25 220 24 21 18 18 198 42 2143 65503 25 220 24 21 17 23 198 28085 685 468 461 85261 25 220 24 21 17 19 198 54 268 1863 35010 1536 25 220 16 23 23 23 198 641 288 75502 25 220 17 23 15 20 198 37 67718 647 17922 25 220 18 20 17 22 198 42 2143 27219 69578 380 25 220 21 16 17 22 198 95347 75502 25 220 21 16 20 20 198 56 5059 40523 25 220 21 21 17 24 198 2753 269 54407 25 220 22 17 24 16 198 61686 41421 12660 25 220 19 24 24 15 198 11109 64 51065 25 220 18 16 24 21 198 2753 269 65911 301 25 220 16 23 17 19 198 54 268 15687 19840 25 220 16 22 18 23 198 641 288 45111 288 25 220 22 21 21 16 198 56 5059 57153 25 220 18 17 18 22 198 42 2143 63161 25 220 22 21 15 19 198 45 1579 337 2143 95683 25 220 22 21 17 18 198 56 5059 647 17922 25 220 24 17 15 21 198 6091 5059 69543 25 220 22 15 23 15 198 86543 69543 25 220 20 23 21 18 271 14582 25 3555 374 279 2615 2038 369 39294 468 461 85261 5267 16141 25 576 2615 2038 369 39294 468 461 85261 374 220 22 19 16 20	343
r132/gold/q12	nll	6054 2038 19424 198 32887 1466 76069 25 220 19 24 24 20 198 23950 404 730 363 1127 6642 25 220 24 17 16 17 198 39 33501 40523 25 220 19 19 24 22 198 49 2577 5891 65911 301 25 220 17 23 22 18 198 94230 78 61479 85 25 220 17 19 23 17 198 3430 2555 81781 25 220 24 24 16 24 198 6091 5059 28392 25 220 22 22 21 16 198 56 355 1704 81781 25 220 19 21 17 18 198 39 33501 29953 25 220 16 20 21 22 198 56 355 1704 730 363 1127 6642 25 220 18 20 17 22 198 11109 64 85551 25 220 16 23 24 20 198 95347 61916 25 220 20 23 23 20 198 36125 269 75502 25 220 16 16 21 22 198 3430 2555 63221 25 220 21 18 20 21 198 6953 57681 730 4110 25 220 22 17 15 23 198 2753 269 81781 25 220 24 21 22 20 198 36125 269 28392 25 220 23 16 17 18 198 36 48021 65911 301 25 220 17 22 18 16 198 3430 2555 51065 25 220 21 16 20 24 198 45 1579 337 2143 65911 301 25 220 16 21 18 16 198 86543 647 17922 25 220 23 15 23 22 198 11109 64 730 4110 25 220 20 17 23 15 198 50 1055 685 27219 69578 380 25 220 18 17 19 15 198 35 1763 461 45111 288 25 220 19 20 21 18 198 35 1763 461 63161 25 220 23 18 18 23 198 641 288 506 4554 1958 25 220 17 23 16 22 198 95347 37710 25 220 17 23 16 24 198 36125 269 65911 301 25 220 22 21 22 17 198 92499 33554 56860 25 220 18 17 20 21 198 92499 14741 49713 25 220 16 22 15 18 271 14582 25 3555 374 279 2615 2038 369 32312 75502 5267 16141 25 576 2615 2038 369 32312 75502 374 220 16 16 21 22	348
r132/wrong/q12	nll	6054 2038 19424 198 32887 1466 76069 25 220 19 24 24 20 198 23950 404 730 363 1127 6642 25 220 24 17 16 17 198 39 33501 40523 25 220 19 19 24 22 198 49 2577 5891 65911 301 25 220 17 23 22 18 198 94230 78 61479 85 25 220 17 19 23 17 198 3430 2555 81781 25 220 24 24 16 24 198 6091 5059 28392 25 220 22 22 21 16 198 56 355 1704 81781 25 220 19 21 17 18 198 39 33501 29953 25 220 16 20 21 22 198 56 355 1704 730 363 1127 6642 25 220 18 20 17 22 198 11109 64 85551 25 220 16 23 24 20 198 95347 61916 25 220 20 23 23 20 198 36125 269 75502 25 220 16 16 21 22 198 3430 2555 63221 25 220 21 18 20 21 198 6953 57681 730 4110 25 220 22 17 15 23 198 2753 269 81781 25 220 24 21 22 20 198 36125 269 28392 25 220 23 16 17 18 198 36 48021 65911 301 25 220 17 22 18 16 198 3430 2555 51065 25 220 21 16 20 24 198 45 1579 337 2143 65911 301 25 220 16 21 18 16 198 86543 647 17922 25 220 23 15 23 22 198 11109 64 730 4110 25 220 20 17 23 15 198 50 1055 685 27219 69578 380 25 220 18 17 19 15 198 35 1763 461 45111 288 25 220 19 20 21 18 198 35 1763 461 63161 25 220 23 18 18 23 198 641 288 506 4554 1958 25 220 17 23 16 22 198 95347 37710 25 220 17 23 16 24 198 36125 269 65911 301 25 220 22 21 22 17 198 92499 33554 56860 25 220 18 17 20 21 198 92499 14741 49713 25 220 16 22 15 18 271 14582 25 3555 374 279 2615 2038 369 32312 75502 5267 16141 25 576 2615 2038 369 32312 75502 374 220 19 24 24 20	348
r133/gold/q13	nll	6054 2038 19424 198 3430 2555 4620 585 25 220 22 15 22 22 198 37 67718 65633 25 220 16 20 16 15 198 37 67718 65503 25 220 23 24 19 20 198 39 3362 63161 25 220 23 20 23 16 198 46 24513 51065 25 220 17 24 18 23 198 61686 75502 25 220 23 17 19 16 198 11109 64 4620 585 25 220 24 22 21 21 198 36 48021 76069 25 220 17 19 18 17 198 2753 269 730 4110 25 220 23 22 17 18 198 51 2780 80 33554 56860 25 220 17 22 23 20 198 3430 2555 36020 25 220 16 21 17 24 198 52 1728 81781 25 220 23 20 21 24 198 61686 45111 288 25 220 24 15 15 22 198 5066 5059 5540 25 220 21 20 23 16 198 2304 10524 76069 25 220 16 20 20 15 198 37152 300 97276 25 220 21 17 20 15 198 46 24513 65503 25 220 23 18 18 16 198 2269 52313 27219 69578 380 25 220 24 15 17 16 198 57 4644 41421 12660 25 220 20 19 21 19 198 46 24513 647 17922 25 220 24 19 24 19 198 5066 5059 61916 25 220 20 24 21 17 198 51 22267 730 4110 25 220 21 19 21 19 198 35 1763 461 97276 25 220 19 18 20 24 198 57 5059 95683 25 220 16 17 16 18 198 28085 685 47623 25 220 20 17 20 21 198 56 5059 57153 25 220 18 23 22 18 198 51 22267 64009 25 220 23 18 15 16 198 52 1728 5540 25 220 22 24 16 16 198 51 25496 65503 25 220 18 24 24 22 198 56 5059 65633 25 220 22 21 16 24 271 14582 25 3555 374 279 2615 2038 369 50557 5540 5267 16141 25 576 2615 2038 369 50557 5540 374 220 21 20 23 16	334
r133/wrong/q13	nll	6054 2038 19424 198 3430 2555 4620 585 25 220 22 15 22 22 198 37 67718 65633 25 220 16 20 16 15 198 37 67718 65503 25 220 23 24 19 20 198 39 3362 63161 25 220 23 20 23 16 198 46 24513 51065 25 220 17 24 18 23 198 61686 75502 25 220 23 17 19 16 198 11109 64 4620 585 25 220 24 22 21 21 198 36 48021 76069 25 220 17 19 18 17 198 2753 269 730 4110 25 220 23 22 17 18 198 51 2780 80 33554 56860 25 220 17 22 23 20 198 3430 2555 36020 25 220 16 21 17 24 198 52 1728 81781 25 220 23 20 21 24 198 61686 45111 288 25 220 24 15 15 22 198 5066 5059 5540 25 220 21 20 23 16 198 2304 10524 76069 25 220 16 20 20 15 198 37152 300 97276 25 220 21 17 20 15 198 46 24513 65503 25 220 23 18 18 16 198 2269 52313 27219 69578 380 25 220 24 15 17 16 198 57 4644 41421 12660 25 220 20 19 21 19 198 46 24513 647 17922 25 220 24 19 24 19 198 5066 5059 61916 25 220 20 24 21 17 198 51 22267 730 4110 25 220 21 19 21 19 198 35 1763 461 97276 25 220 19 18 20 24 198 57 5059 95683 25 220 16 17 16 18 198 28085 685 47623 25 220 20 17 20 21 198 56 5059 57153 25 220 18 23 22 18 198 51 22267 64009 25 220 23 18 15 16 198 52 1728 5540 25 220 22 24 16 16 198 51 25496 65503 25 220 18 24 24 22 198 56 5059 65633 25 220 22 21 16 24 271 14582 25 3555 374 279 2615 2038 369 50557 5540 5267 16141 25 576 2615 2038 369 50557 5540 374 220 19 18 20 24	334
r134/gold/q14	nll	6054 2038 19424 198 50 1055 685 76069 25 220 21 16 18 22 198 6091 5059 64009 25 220 24 18 17 24 198 51 2780 80 65503 25 220 22 21 15 15 198 49 11983 730 363 1127 6642 25 220 23 15 15 20 198 42 2143 28392 25 220 16 15 16 23 198 51 22267 61479 85 25 220 17 15 16 22 198 39 33501 65911 301 25 220 16 18 20 22 198 37 67718 1863 35010 1536 25 220 19 20 24 20 198 2269 52313 85551 25 220 17 17 19 17 198 67624 37710 25 220 24 17 21 15 198 40645 685 65633 25 220 23 18 23 17 198 57 4644 65503 25 220 20 17 16 24 198 39 33501 730 363 1127 6642 25 220 23 17 16 15 198 36125 269 24548 13334 25 220 21 15 18 22 198 57 4644 45111 288 25 220 22 19 21 15 198 40645 685 17095 29048 25 220 21 24 16 21 198 39 3362 64009 25 220 20 19 19 23 198 35 1763 461 85551 25 220 16 19 16 16 198 2753 269 41041 25 220 24 20 22 17 198 2304 10524 17095 29048 25 220 18 24 20 24 198 39 3362 61479 85 25 220 24 20 18 22 198 39 3362 51065 25 220 24 23 17 24 198 36125 269 40523 25 220 24 23 16 20 198 42 2143 55520 25 220 20 21 18 22 198 57 5059 51065 25 220 18 19 21 22 198 2269 321 69543 25 220 18 22 23 16 198 49 2577 5891 66945 14604 25 220 20 22 23 19 198 6953 57681 5540 25 220 18 15 16 19 198 49 2577 5891 75502 25 220 22 19 18 18 198 39 3362 63221 25 220 19 18 22 18 271 14582 25 3555 374 279 2615 2038 369 74641 45111 288 5267 16141 25 576 2615 2038 369 74641 45111 288 374 220 22 19 21 15	346
r134/wrong/q14	nll	6054 2038 19424 198 50 1055 685 76069 25 220 21 16 18 22 198 6091 5059 64009 25 220 24 18 17 24 198 51 2780 80 65503 25 220 22 21 15 15 198 49 11983 730 363 1127 6642 25 220 23 15 15 20 198 42 2143 28392 25 220 16 15 16 23 198 51 22267 61479 85 25 220 17 15 16 22 198 39 33501 65911 301 25 220 16 18 20 22 198 37 67718 1863 35010 1536 25 220 19 20 24 20 198 2269 52313 85551 25 220 17 17 19 17 198 67624 37710 25 220 24 17 21 15 198 40645 685 65633 25 220 23 18 23 17 198 57 4644 65503 25 220 20 17 16 24 198 39 33501 730 363 1127 6642 25 220 23 17 16 15 198 36125 269 24548 13334 25 220 21 15 18 22 198 57 4644 45111 288 25 220 22 19 21 15 198 40645 685 17095 29048 25 220 21 24 16 21 198 39 3362 64009 25 220 20 19 19 23 198 35 1763 461 85551 25 220 16 19 16 16 198 2753 269 41041 25 220 24 20 22 17 198 2304 10524 17095 29048 25 220 18 24 20 24 198 39 3362 61479 85 25 220 24 20 18 22 198 39 3362 51065 25 220 24 23 17 24 198 36125 269 40523 25 220 24 23 16 20 198 42 2143 55520 25 220 20 21 18 22 198 57 5059 51065 25 220 18 19 21 22 198 2269 321 69543 25 220 18 22 23 16 198 49 2577 5891 66945 14604 25 220 20 22 23 19 198 6953 57681 5540 25 220 18 15 16 19 198 49 2577 5891 75502 25 220 22 19 18 18 198 39 3362 63221 25 220 19 18 22 18 271 14582 25 3555 374 279 2615 2038 369 74641 45111 288 5267 16141 25 576 2615 2038 369 74641 45111 288 374 220 20 21 18 22	346
r135/gold/q15	nll	6054 2038 19424 198 94230 78 36020 25 220 18 20 17 20 198 56 5059 58750 25 220 19 24 20 19 198 92878 7755 51065 25 220 21 19 24 15 198 641 288 65633 25 220 20 24 18 18 198 36 48021 29953 25 220 20 17 22 16 198 40645 685 27219 69578 380 25 220 17 21 22 18 198 25406 10524 65911 301 25 220 23 17 24 18 198 35 1763 461 468 461 85261 25 220 23 22 24 23 198 56 5059 65633 25 220 22 24 15 16 198 40 15649 47623 25 220 22 23 22 17 198 2269 321 41041 25 220 22 17 22 21 198 50 1055 685 75502 25 220 21 21 20 24 198 3430 2555 28392 25 220 21 21 15 20 198 2753 269 63161 25 220 21 22 23 21 198 54 268 43229 83717 25 220 17 23 19 17 198 28085 685 42127 25 220 24 22 22 20 198 3430 2555 730 363 1127 6642 25 220 19 18 24 21 198 36 48021 5540 25 220 23 18 19 21 198 46 24513 85551 25 220 22 15 22 20 198 50 1055 685 15687 19840 25 220 17 23 16 17 198 2269 52313 57153 25 220 24 23 17 20 198 37 67718 61916 25 220 17 18 16 21 198 92878 7755 57153 25 220 19 15 16 24 198 28085 685 17095 29048 25 220 18 22 21 19 198 57 5059 55520 25 220 18 22 16 23 198 2753 269 85551 25 220 20 24 19 24 198 46 24513 29953 25 220 22 16 15 17 198 42 2143 63221 25 220 24 18 16 24 198 40 15649 57153 25 220 18 18 24 20 198 92878 7755 55520 25 220 21 20 19 23 271 14582 25 3555 374 279 2615 2038 369 39294 42127 5267 16141 25 576 2615 2038 369 39294 42127 374 220 24 22 22 20	338
r135/wrong/q15	nll	6054 2038 19424 198 94230 78 36020 25 220 18 20 17 20 198 56 5059 58750 25 220 19 24 20 19 198 92878 7755 51065 25 220 21 19 24 15 198 641 288 65633 25 220 20 24 18 18 198 36 48021 29953 25 220 20 17 22 16 198 40645 685 27219 69578 380 25 220 17 21 22 18 198 25406 10524 65911 301 25 220 23 17 24 18 198 35 1763 461 468 461 85261 25 220 23 22 24 23 198 56 5059 65633 25 220 22 24 15 16 198 40 15649 47623 25 220 22 23 22 17 198 2269 321 41041 25 220 22 17 22 21 198 50 1055 685 75502 25 220 21 21 20 24 198 3430 2555 28392 25 220 21 21 15 20 198 2753 269 63161 25 220 21 22 23 21 198 54 268 43229 83717 25 220 17 23 19 17 198 28085 685 42127 25 220 24 22 22 20 198 3430 2555 730 363 1127 6642 25 220 19 18 24 21 198 36 48021 5540 25 220 23 18 19 21 198 46 24513 85551 25 220 22 15 22 20 198 50 1055 685 15687 19840 25 220 17 23 16 17 198 2269 52313 57153 25 220 24 23 17 20 198 37 67718 61916 25 220 17 18 16 21 198 92878 7755 57153 25 220 19 15 16 24 198 28085 685 17095 29048 25 220 18 22 21 19 198 57 5059 55520 25 220 18 22 16 23 198 2753 269 85551 25 220 20 24 19 24 198 46 24513 29953 25 220 22 16 15 17 198 42 2143 63221 25 220 24 18 16 24 198 40 15649 57153 25 220 18 18 24 20 198 92878 7755 55520 25 220 21 20 19 23 271 14582 25 3555 374 279 2615 2038 369 39294 42127 5267 16141 25 576 2615 2038 369 39294 42127 374 220 21 20 19 23	338
r136/gold/q16	nll	6054 2038 19424 198 56 5059 95683 25 220 16 19 20 20 198 51 2780 80 97276 25 220 23 18 17 23 198 39 33501 15687 19840 25 220 20 18 22 20 198 92878 7755 14741 49713 25 220 23 24 22 24 198 42 2143 33554 56860 25 220 17 18 15 18 198 2304 10524 45111 288 25 220 23 19 24 22 198 94230 78 17095 29048 25 220 18 22 21 16 198 61686 65633 25 220 24 19 23 23 198 49 2577 5891 1863 35010 1536 25 220 18 18 24 24 198 56 355 1704 1863 35010 1536 25 220 23 16 18 18 198 39 33501 75502 25 220 22 16 19 20 198 85384 58750 25 220 16 23 23 22 198 94230 78 36020 25 220 21 15 23 20 198 2753 269 647 17922 25 220 19 23 23 22 198 5066 5059 66945 14604 25 220 21 23 22 21 198 57 5059 506 4554 1958 25 220 19 23 23 18 198 3430 2555 15687 19840 25 220 22 18 18 24 198 2269 321 51194 25 220 20 24 20 17 198 2269 52313 65503 25 220 24 21 18 15 198 40 15649 37710 25 220 18 19 24 24 198 57 4644 76069 25 220 17 18 19 21 198 45 52831 41421 12660 25 220 16 22 15 21 198 67624 14741 49713 25 220 24 22 20 15 198 11109 64 51065 25 220 21 24 21 21 198 2269 52313 1863 35010 1536 25 220 18 21 18 21 198 5066 5059 1863 35010 1536 25 220 16 20 19 15 198 5066 5059 76715 25 220 17 21 23 21 198 2269 52313 85551 25 220 16 16 24 20 198 2269 52313 730 4110 25 220 24 21 22 17 198 36 48021 65911 301 25 220 23 18 18 24 271 14582 25 3555 374 279 2615 2038 369 2823 2555 15687 19840 5267 16141 25 576 2615 2038 369 2823 2555 15687 19840 374 220 22 18 18 24	350
r136/wrong/q16	nll	6054 2038 19424 198 56 5059 95683 25 220 16 19 20 20 198 51 2780 80 97276 25 220 23 18 17 23 198 39 33501 15687 19840 25 220 20 18 22 20 198 92878 7755 14741 49713 25 220 23 24 22 24 198 42 2143 33554 56860 25 220 17 18 15 18 198 2304 10524 45111 288 25 220 23 19 24 22 198 94230 78 17095 29048 25 220 18 22 21 16 198 61686 65633 25 220 24 19 23 23 198 49 2577 5891 1863 35010 1536 25 220 18 18 24 24 198 56 355 1704 1863 35010 1536 25 220 23 16 18 18 198 39 33501 75502 25 220 22 16 19 20 198 85384 58750 25 220 16 23 23 22 198 94230 78 36020 25 220 21 15 23 20 198 2753 269 647 17922 25 220 19 23 23 22 198 5066 5059 66945 14604 25 220 21 23 22 21 198 57 5059 506 4554 1958 25 220 19 23 23 18 198 3430 2555 15687 19840 25 220 22 18 18 24 198 2269 321 51194 25 220 20 24 20 17 198 2269 52313 65503 25 220 24 21 18 15 198 40 15649 37710 25 220 18 19 24 24 198 57 4644 76069 25 220 17 18 19 21 198 45 52831 41421 12660 25 220 16 22 15 21 198 67624 14741 49713 25 220 24 22 20 15 198 11109 64 51065 25 220 21 24 21 21 198 2269 52313 1863 35010 1536 25 220 18 21 18 21 198 5066 5059 1863 35010 1536 25 220 16 20 19 15 198 5066 5059 76715 25 220 17 21 23 21 198 2269 52313 85551 25 220 16 16 24 20 198 2269 52313 730 4110 25 220 24 21 22 17 198 36 48021 65911 301 25 220 23 18 18 24 271 14582 25 3555 374 279 2615 2038 369 2823 2555 15687 19840 5267 16141 25 576 2615 2038 369 2823 2555 15687 19840 374 220 21 15 23 20	350
r137/gold/q17	nll	6054 2038 19424 198 5066 5059 65633 25 220 19 23 24 18 198 40 15649 45111 288 25 220 18 17 22 15 198 51 25496 95683 25 220 17 17 15 21 198 28085 685 40523 25 220 22 18 22 15 198 95347 14741 49713 25 220 20 24 23 16 198 42 92023 15687 19840 25 220 16 24 19 23 198 43 1561 81781 25 220 17 17 17 20 198 49 2577 5891 40523 25 220 24 16 24 20 198 51 2780 80 36020 25 220 16 15 15 22 198 1143 268 76069 25 220 19 17 19 24 198 25406 10524 43229 83717 25 220 20 18 17 20 198 86543 472 718 329 25 220 19 17 15 24 198 57 4644 506 4554 1958 25 220 19 24 22 18 198 56 5059 81781 25 220 20 15 16 18 198 32887 1466 42127 25 220 19 18 19 22 198 57 4644 61916 25 220 22 24 20 20 198 50 1055 685 76715 25 220 18 20 24 23 198 641 288 17095 29048 25 220 23 20 16 20 198 57 4644 81781 25 220 20 17 21 17 198 52 1728 55520 25 220 22 23 21 24 198 50 1055 685 57153 25 220 20 19 15 16 198 54 268 24548 13334 25 220 24 16 19 16 198 51 2780 80 647 17922 25 220 19 18 24 16 198 52 1728 95683 25 220 18 21 20 17 198 45 52831 17095 29048 25 220 24 15 20 20 198 11109 64 24548 13334 25 220 22 24 16 20 198 51 25496 61916 25 220 22 24 21 15 198 52 1728 97276 25 220 16 16 23 21 198 1143 268 63161 25 220 16 20 15 17 198 40 15649 66945 14604 25 220 19 20 24 24 271 14582 25 3555 374 279 2615 2038 369 758 288 17095 29048 5267 16141 25 576 2615 2038 369 758 288 17095 29048 374 220 23 20 16 20	345
r137/wrong/q17	nll	6054 2038 19424 198 5066 5059 65633 25 220 19 23 24 18 198 40 15649 45111 288 25 220 18 17 22 15 198 51 25496 95683 25 220 17 17 15 21 198 28085 685 40523 25 220 22 18 22 15 198 95347 14741 49713 25 220 20 24 23 16 198 42 92023 15687 19840 25 220 16 24 19 23 198 43 1561 81781 25 220 17 17 17 20 198 49 2577 5891 40523 25 220 24 16 24 20 198 51 2780 80 36020 25 220 16 15 15 22 198 1143 268 76069 25 220 19 17 19 24 198 25406 10524 43229 83717 25 220 20 18 17 20 198 86543 472 718 329 25 220 19 17 15 24 198 57 4644 506 4554 1958 25 220 19 24 22 18 198 56 5059 81781 25 220 20 15 16 18 198 32887 1466 42127 25 220 19 18 19 22 198 57 4644 61916 25 220 22 24 20 20 198 50 1055 685 76715 25 220 18 20 24 23 198 641 288 17095 29048 25 220 23 20 16 20 198 57 4644 81781 25 220 20 17 21 17 198 52 1728 55520 25 220 22 23 21 24 198 50 1055 685 57153 25 220 20 19 15 16 198 54 268 24548 13334 25 220 24 16 19 16 198 51 2780 80 647 17922 25 220 19 18 24 16 198 52 1728 95683 25 220 18 21 20 17 198 45 52831 17095 29048 25 220 24 15 20 20 198 11109 64 24548 13334 25 220 22 24 16 20 198 51 25496 61916 25 220 22 24 21 15 198 52 1728 97276 25 220 16 16 23 21 198 1143 268 63161 25 220 16 20 15 17 198 40 15649 66945 14604 25 220 19 20 24 24 271 14582 25 3555 374 279 2615 2038 369 758 288 17095 29048 5267 16141 25 576 2615 2038 369 758 288 17095 29048 374 220 18 17 22 15	345
r138/gold/q18	nll	6054 2038 19424 198 92878 7755 69543 25 220 19 23 22 21 198 32887 1466 76715 25 220 19 24 21 15 198 52 1728 66945 14604 25 220 23 17 15 24 198 43 1561 730 363 1127 6642 25 220 16 20 16 23 198 42 92023 506 4554 1958 25 220 24 24 15 19 198 2753 269 57153 25 220 22 19 24 15 198 36125 269 65503 25 220 19 16 17 18 198 92878 7755 468 461 85261 25 220 19 23 22 17 198 50 1055 685 40523 25 220 19 21 15 19 198 51 22267 45111 288 25 220 21 19 18 16 198 45 1579 337 2143 5540 25 220 17 24 19 22 198 92499 97276 25 220 17 23 19 22 198 52 1728 81781 25 220 22 17 22 20 198 51 25496 43229 83717 25 220 17 15 20 19 198 1143 268 55520 25 220 16 15 21 16 198 56 5059 66945 14604 25 220 19 24 16 24 198 67624 730 4110 25 220 19 15 18 15 198 92499 5540 25 220 18 19 16 22 198 6953 57681 43229 83717 25 220 21 17 23 20 198 86543 37710 25 220 20 23 18 22 198 92499 730 363 1127 6642 25 220 16 15 21 18 198 36 48021 51065 25 220 23 23 18 21 198 56 5059 730 4110 25 220 24 17 20 23 198 56 355 1704 472 718 329 25 220 19 23 18 17 198 2304 10524 33554 56860 25 220 21 16 22 21 198 40645 685 65911 301 25 220 24 21 18 23 198 61686 730 4110 25 220 16 20 21 18 198 94230 78 41041 25 220 21 16 23 17 198 57 5059 29953 25 220 18 20 20 19 198 40645 685 468 461 85261 25 220 16 19 23 19 271 14582 25 3555 374 279 2615 2038 369 1644 57681 43229 83717 5267 16141 25 576 2615 2038 369 1644 57681 43229 83717 374 220 21 17 23 20	350
r138/wrong/q18	nll	6054 2038 19424 198 92878 7755 69543 25 220 19 23 22 21 198 32887 1466 76715 25 220 19 24 21 15 198 52 1728 66945 14604 25 220 23 17 15 24 198 43 1561 730 363 1127 6642 25 220 16 20 16 23 198 42 92023 506 4554 1958 25 220 24 24 15 19 198 2753 269 57153 25 220 22 19 24 15 198 36125 269 65503 25 220 19 16 17 18 198 92878 7755 468 461 85261 25 220 19 23 22 17 198 50 1055 685 40523 25 220 19 21 15 19 198 51 22267 45111 288 25 220 21 19 18 16 198 45 1579 337 2143 5540 25 220 17 24 19 22 198 92499 97276 25 220 17 23 19 22 198 52 1728 81781 25 220 22 17 22 20 198 51 25496 43229 83717 25 220 17 15 20 19 198 1143 268 55520 25 220 16 15 21 16 198 56 5059 66945 14604 25 220 19 24 16 24 198 67624 730 4110 25 220 19 15 18 15 198 92499 5540 25 220 18 19 16 22 198 6953 57681 43229 83717 25 220 21 17 23 20 198 86543 37710 25 220 20 23 18 22 198 92499 730 363 1127 6642 25 220 16 15 21 18 198 36 48021 51065 25 220 23 23 18 21 198 56 5059 730 4110 25 220 24 17 20 23 198 56 355 1704 472 718 329 25 220 19 23 18 17 198 2304 10524 33554 56860 25 220 21 16 22 21 198 40645 685 65911 301 25 220 24 21 18 23 198 61686 730 4110 25 220 16 20 21 18 198 94230 78 41041 25 220 21 16 23 17 198 57 5059 29953 25 220 18 20 20 19 198 40645 685 468 461 85261 25 220 16 19 23 19 271 14582 25 3555 374 279 2615 2038 369 1644 57681 43229 83717 5267 16141 25 576 2615 2038 369 1644 57681 43229 83717 374 220 24 24 15 19	350
r139/gold/q19	nll	6054 2038 19424 198 36125 269 63221 25 220 24 17 21 23 198 51 2780 80 65633 25 220 20 18 18 22 198 46 24513 97276 25 220 23 19 23 21 198 6091 5059 43229 83717 25 220 18 18 23 23 198 35 1763 461 37710 25 220 20 23 15 20 198 43 1561 40523 25 220 20 24 16 23 198 3430 2555 730 4110 25 220 16 20 17 18 198 42 92023 730 363 1127 6642 25 220 20 23 23 18 198 49 11983 51065 25 220 18 17 23 16 198 49 2577 5891 63161 25 220 16 23 23 20 198 50 1055 685 17095 29048 25 220 16 21 22 17 198 36125 269 36020 25 220 21 17 16 15 198 6953 57681 76069 25 220 21 21 15 16 198 57 5059 506 4554 1958 25 220 18 19 16 15 198 36125 269 76069 25 220 19 23 24 22 198 42 2143 33554 56860 25 220 23 23 23 22 198 51 25496 61479 85 25 220 17 19 15 18 198 94230 78 51194 25 220 24 23 15 16 198 95347 40523 25 220 22 23 23 16 198 32887 1466 58750 25 220 21 22 19 22 198 35 1763 461 61916 25 220 20 16 21 17 198 6091 5059 61479 85 25 220 23 20 20 16 198 95347 15687 19840 25 220 18 15 24 18 198 92499 75502 25 220 24 17 18 15 198 36 48021 1863 35010 1536 25 220 17 18 18 21 198 2304 10524 4398 2863 25 220 16 20 19 16 198 23950 404 27219 69578 380 25 220 20 23 21 22 198 2304 10524 51065 25 220 17 16 21 17 198 92499 24548 13334 25 220 16 21 21 23 198 32887 1466 65633 25 220 19 24 24 20 271 14582 25 3555 374 279 2615 2038 369 13452 1466 58750 5267 16141 25 576 2615 2038 369 13452 1466 58750 374 220 21 22 19 22	345
r139/wrong/q19	nll	6054 2038 19424 198 36125 269 63221 25 220 24 17 21 23 198 51 2780 80 65633 25 220 20 18 18 22 198 46 24513 97276 25 220 23 19 23 21 198 6091 5059 43229 83717 25 220 18 18 23 23 198 35 1763 461 37710 25 220 20 23 15 20 198 43 1561 40523 25 220 20 24 16 23 198 3430 2555 730 4110 25 220 16 20 17 18 198 42 92023 730 363 1127 6642 25 220 20 23 23 18 198 49 11983 51065 25 220 18 17 23 16 198 49 2577 5891 63161 25 220 16 23 23 20 198 50 1055 685 17095 29048 25 220 16 21 22 17 198 36125 269 36020 25 220 21 17 16 15 198 6953 57681 76069 25 220 21 21 15 16 198 57 5059 506 4554 1958 25 220 18 19 16 15 198 36125 269 76069 25 220 19 23 24 22 198 42 2143 33554 56860 25 220 23 23 23 22 198 51 25496 61479 85 25 220 17 19 15 18 198 94230 78 51194 25 220 24 23 15 16 198 95347 40523 25 220 22 23 23 16 198 32887 1466 58750 25 220 21 22 19 22 198 35 1763 461 61916 25 220 20 16 21 17 198 6091 5059 61479 85 25 220 23 20 20 16 198 95347 15687 19840 25 220 18 15 24 18 198 92499 75502 25 220 24 17 18 15 198 36 48021 1863 35010 1536 25 220 17 18 18 21 198 2304 10524 4398 2863 25 220 16 20 19 16 198 23950 404 27219 69578 380 25 220 20 23 21 22 198 2304 10524 51065 25 220 17 16 21 17 198 92499 24548 13334 25 220 16 21 21 23 198 32887 1466 65633 25 220 19 24 24 20 271 14582 25 3555 374 279 2615 2038 369 13452 1466 58750 5267 16141 25 576 2615 2038 369 13452 1466 58750 374 220 22 23 23 16	345
r140/gold/q20	nll	6054 2038 19424 198 92878 7755 63221 25 220 16 24 22 18 198 3430 2555 29953 25 220 21 19 16 15 198 92499 76069 25 220 19 22 20 19 198 2269 321 64009 25 220 18 22 15 24 198 49 2577 5891 95683 25 220 21 15 21 21 198 45 1579 337 2143 4620 585 25 220 19 15 22 23 198 6953 57681 47623 25 220 17 15 19 24 198 25406 10524 15687 19840 25 220 19 21 21 17 198 57 4644 5540 25 220 20 24 20 23 198 11109 64 58750 25 220 23 16 20 22 198 6953 57681 14741 49713 25 220 22 23 17 22 198 85384 65911 301 25 220 24 16 17 18 198 86543 65633 25 220 22 20 17 24 198 11109 64 57153 25 220 22 22 15 18 198 46 24513 5540 25 220 19 22 17 24 198 6091 5059 730 4110 25 220 19 24 23 20 198 39 3362 76069 25 220 16 18 17 22 198 50 1055 685 28392 25 220 17 16 20 17 198 52 1728 5540 25 220 22 17 23 20 198 51 2780 80 41041 25 220 21 16 19 19 198 5066 5059 37710 25 220 24 23 15 15 198 95347 51065 25 220 18 16 24 16 198 3430 2555 37710 25 220 16 24 16 18 198 49 2577 5891 14741 49713 25 220 23 24 23 22 198 39 33501 506 4554 1958 25 220 24 18 21 21 198 5066 5059 95683 25 220 19 22 19 23 198 641 288 43229 83717 25 220 24 15 22 18 198 40 15649 17095 29048 25 220 22 21 22 19 198 1143 268 27219 69578 380 25 220 20 16 24 23 198 43 1561 65503 25 220 16 18 18 16 271 14582 25 3555 374 279 2615 2038 369 50557 37710 5267 16141 25 576 2615 2038 369 50557 37710 374 220 24 23 15 15	338
r140/wrong/q20	nll	6054 2038 19424 198 92878 7755 63221 25 220 16 24 22 18 198 3430 2555 29953 25 220 21 19 16 15 198 92499 76069 25 220 19 22 20 19 198 2269 321 64009 25 220 18 22 15 24 198 49 2577 5891 95683 25 220 21 15 21 21 198 45 1579 337 2143 4620 585 25 220 19 15 22 23 198 6953 57681 47623 25 220 17 15 19 24 198 25406 10524 15687 19840 25 220 19 21 21 17 198 57 4644 5540 25 220 20 24 20 23 198 11109 64 58750 25 220 23 16 20 22 198 6953 57681 14741 49713 25 220 22 23 17 22 198 85384 65911 301 25 220 24 16 17 18 198 86543 65633 25 220 22 20 17 24 198 11109 64 57153 25 220 22 22 15 18 198 46 24513 5540 25 220 19 22 17 24 198 6091 5059 730 4110 25 220 19 24 23 20 198 39 3362 76069 25 220 16 18 17 22 198 50 1055 685 28392 25 220 17 16 20 17 198 52 1728 5540 25 220 22 17 23 20 198 51 2780 80 41041 25 220 21 16 19 19 198 5066 5059 37710 25 220 24 23 15 15 198 95347 51065 25 220 18 16 24 16 198 3430 2555 37710 25 220 16 24 16 18 198 49 2577 5891 14741 49713 25 220 23 24 23 22 198 39 33501 506 4554 1958 25 220 24 18 21 21 198 5066 5059 95683 25 220 19 22 19 23 198 641 288 43229 83717 25 220 24 15 22 18 198 40 15649 17095 29048 25 220 22 21 22 19 198 1143 268 27219 69578 380 25 220 20 16 24 23 198 43 1561 65503 25 220 16 18 18 16 271 14582 25 3555 374 279 2615 2038 369 50557 37710 5267 16141 25 576 2615 2038 369 50557 37710 374 220 21 16 19 19	338
r141/gold/q21	nll	6054 2038 19424 198 32887 1466 66945 14604 25 220 16 17 21 15 198 56 355 1704 1863 35010 1536 25 220 24 23 18 17 198 2304 10524 66945 14604 25 220 18 24 18 15 198 6091 5059 40523 25 220 22 21 23 24 198 37 67718 95683 25 220 16 18 22 17 198 36 48021 27219 69578 380 25 220 22 24 18 23 198 5066 5059 47623 25 220 20 17 18 21 198 43 1561 65633 25 220 19 21 21 23 198 42 92023 69543 25 220 19 24 16 21 198 95347 58750 25 220 16 22 24 22 198 35 1763 461 76069 25 220 20 17 17 18 198 49 11983 506 4554 1958 25 220 19 15 18 20 198 42 92023 63221 25 220 23 18 20 23 198 49 11983 27219 69578 380 25 220 16 19 22 22 198 61686 4398 2863 25 220 17 16 22 24 198 3430 2555 51194 25 220 18 20 21 22 198 52 1728 81781 25 220 23 23 16 16 198 92878 7755 85551 25 220 21 17 21 21 198 51 22267 47623 25 220 20 15 21 20 198 57 4644 63161 25 220 18 21 19 22 198 45 52831 97276 25 220 24 19 23 19 198 32887 1466 5540 25 220 20 23 17 23 198 94230 78 40523 25 220 20 21 19 24 198 1143 268 41041 25 220 20 17 18 22 198 2269 321 15687 19840 25 220 19 22 21 15 198 1143 268 5540 25 220 20 24 24 22 198 54 268 468 461 85261 25 220 24 18 16 22 198 92499 95683 25 220 19 21 15 15 198 40 15649 15687 19840 25 220 20 19 21 24 198 11109 64 1863 35010 1536 25 220 24 20 17 15 271 14582 25 3555 374 279 2615 2038 369 13452 1466 5540 5267 16141 25 576 2615 2038 369 13452 1466 5540 374 220 20 23 17 23	342
r141/wrong/q21	nll	6054 2038 19424 198 32887 1466 66945 14604 25 220 16 17 21 15 198 56 355 1704 1863 35010 1536 25 220 24 23 18 17 198 2304 10524 66945 14604 25 220 18 24 18 15 198 6091 5059 40523 25 220 22 21 23 24 198 37 67718 95683 25 220 16 18 22 17 198 36 48021 27219 69578 380 25 220 22 24 18 23 198 5066 5059 47623 25 220 20 17 18 21 198 43 1561 65633 25 220 19 21 21 23 198 42 92023 69543 25 220 19 24 16 21 198 95347 58750 25 220 16 22 24 22 198 35 1763 461 76069 25 220 20 17 17 18 198 49 11983 506 4554 1958 25 220 19 15 18 20 198 42 92023 63221 25 220 23 18 20 23 198 49 11983 27219 69578 380 25 220 16 19 22 22 198 61686 4398 2863 25 220 17 16 22 24 198 3430 2555 51194 25 220 18 20 21 22 198 52 1728 81781 25 220 23 23 16 16 198 92878 7755 85551 25 220 21 17 21 21 198 51 22267 47623 25 220 20 15 21 20 198 57 4644 63161 25 220 18 21 19 22 198 45 52831 97276 25 220 24 19 23 19 198 32887 1466 5540 25 220 20 23 17 23 198 94230 78 40523 25 220 20 21 19 24 198 1143 268 41041 25 220 20 17 18 22 198 2269 321 15687 19840 25 220 19 22 21 15 198 1143 268 5540 25 220 20 24 24 22 198 54 268 468 461 85261 25 220 24 18 16 22 198 92499 95683 25 220 19 21 15 15 198 40 15649 15687 19840 25 220 20 19 21 24 198 11109 64 1863 35010 1536 25 220 24 20 17 15 271 14582 25 3555 374 279 2615 2038 369 13452 1466 5540 5267 16141 25 576 2615 2038 369 13452 1466 5540 374 220 23 23 16 16	342
r142/gold/q22	nll	6054 2038 19424 198 2269 321 4620 585 25 220 22 16 18 20 198 36 48021 65911 301 25 220 19 15 22 22 198 94230 78 76069 25 220 18 21 17 22 198 40645 685 76715 25 220 17 18 23 22 198 56 5059 14741 49713 25 220 21 23 21 18 198 54 268 55520 25 220 21 19 18 23 198 51 2780 80 45111 288 25 220 21 15 17 19 198 92878 7755 69543 25 220 16 20 20 18 198 50 1055 685 15687 19840 25 220 20 19 15 17 198 42 2143 14741 49713 25 220 22 20 15 17 198 28085 685 76069 25 220 16 15 15 22 198 85384 33554 56860 25 220 18 17 15 17 198 11109 64 37710 25 220 18 20 19 23 198 46 24513 17095 29048 25 220 19 21 16 17 198 32887 1466 47623 25 220 19 24 23 19 198 32887 1466 43229 83717 25 220 22 24 16 23 198 5066 5059 97276 25 220 17 17 21 23 198 39 33501 76715 25 220 17 20 21 23 198 2753 269 41041 25 220 21 16 19 24 198 95347 5540 25 220 23 17 19 17 198 56 355 1704 65633 25 220 21 24 19 23 198 92878 7755 47623 25 220 22 20 21 16 198 1143 268 57153 25 220 22 24 18 20 198 94230 78 65503 25 220 22 23 21 21 198 36125 269 37710 25 220 16 19 20 17 198 46 24513 81781 25 220 21 18 19 23 198 50 1055 685 36020 25 220 23 18 21 17 198 49 11983 51194 25 220 20 19 24 16 198 45 1579 337 2143 29953 25 220 22 15 22 18 198 42 92023 45111 288 25 220 20 23 20 23 271 14582 25 3555 374 279 2615 2038 369 24495 57153 5267 16141 25 576 2615 2038 369 24495 57153 374 220 22 24 18 20	338
r142/wrong/q22	nll	6054 2038 19424 198 2269 321 4620 585 25 220 22 16 18 20 198 36 48021 65911 301 25 220 19 15 22 22 198 94230 78 76069 25 220 18 21 17 22 198 40645 685 76715 25 220 17 18 23 22 198 56 5059 14741 49713 25 220 21 23 21 18 198 54 268 55520 25 220 21 19 18 23 198 51 2780 80 45111 288 25 220 21 15 17 19 198 92878 7755 69543 25 220 16 20 20 18 198 50 1055 685 15687 19840 25 220 20 19 15 17 198 42 2143 14741 49713 25 220 22 20 15 17 198 28085 685 76069 25 220 16 15 15 22 198 85384 33554 56860 25 220 18 17 15 17 198 11109 64 37710 25 220 18 20 19 23 198 46 24513 17095 29048 25 220 19 21 16 17 198 32887 1466 47623 25 220 19 24 23 19 198 32887 1466 43229 83717 25 220 22 24 16 23 198 5066 5059 97276 25 220 17 17 21 23 198 39 33501 76715 25 220 17 20 21 23 198 2753 269 41041 25 220 21 16 19 24 198 95347 5540 25 220 23 17 19 17 198 56 355 1704 65633 25 220 21 24 19 23 198 92878 7755 47623 25 220 22 20 21 16 198 1143 268 57153 25 220 22 24 18 20 198 94230 78 65503 25 220 22 23 21 21 198 36125 269 37710 25 220 16 19 20 17 198 46 24513 81781 25 220 21 18 19 23 198 50 1055 685 36020 25 220 23 18 21 17 198 49 11983 51194 25 220 20 19 24 16 198 45 1579 337 2143 29953 25 220 22 15 22 18 198 42 92023 45111 288 25 220 20 23 20 23 271 14582 25 3555 374 279 2615 2038 369 24495 57153 5267 16141 25 576 2615 2038 369 24495 57153 374 220 20 19 24 16	338
r143/gold/q23	nll	6054 2038 19424 198 95347 76715 25 220 24 18 18 19 198 32887 1466 66945 14604 25 220 19 20 19 19 198 23950 404 63221 25 220 23 24 16 24 198 49 2577 5891 54407 25 220 19 19 19 19 198 50 1055 685 65503 25 220 24 21 20 20 198 23950 404 14741 49713 25 220 19 24 19 16 198 56 355 1704 61916 25 220 18 21 15 21 198 92499 36020 25 220 20 24 20 24 198 23950 404 65911 301 25 220 18 22 19 20 198 51 25496 37710 25 220 16 20 19 19 198 56 5059 730 4110 25 220 17 19 23 23 198 43 1561 4620 585 25 220 23 22 15 24 198 43 1561 76715 25 220 22 21 24 15 198 36125 269 28392 25 220 19 17 18 15 198 23950 404 4398 2863 25 220 18 20 20 15 198 6953 57681 17095 29048 25 220 19 20 16 16 198 32887 1466 51194 25 220 18 21 17 18 198 42 2143 63221 25 220 22 23 17 20 198 40645 685 41421 12660 25 220 22 24 16 23 198 49 11983 63221 25 220 19 24 24 15 198 6091 5059 95683 25 220 17 24 17 18 198 45 1579 337 2143 29953 25 220 18 22 15 24 198 641 288 730 4110 25 220 24 16 20 15 198 28085 685 43229 83717 25 220 24 15 24 16 198 2269 321 65633 25 220 22 18 16 18 198 2269 321 37710 25 220 20 20 22 24 198 3430 2555 65911 301 25 220 23 22 19 24 198 52 1728 14741 49713 25 220 23 23 18 24 198 32887 1466 27219 69578 380 25 220 21 17 15 19 198 86543 58750 25 220 22 15 22 21 271 14582 25 3555 374 279 2615 2038 369 39294 43229 83717 5267 16141 25 576 2615 2038 369 39294 43229 83717 374 220 24 15 24 16	342
r143/wrong/q23	nll	6054 2038 19424 198 95347 76715 25 220 24 18 18 19 198 32887 1466 66945 14604 25 220 19 20 19 19 198 23950 404 63221 25 220 23 24 16 24 198 49 2577 5891 54407 25 220 19 19 19 19 198 50 1055 685 65503 25 220 24 21 20 20 198 23950 404 14741 49713 25 220 19 24 19 16 198 56 355 1704 61916 25 220 18 21 15 21 198 92499 36020 25 220 20 24 20 24 198 23950 404 65911 301 25 220 18 22 19 20 198 51 25496 37710 25 220 16 20 19 19 198 56 5059 730 4110 25 220 17 19 23 23 198 43 1561 4620 585 25 220 23 22 15 24 198 43 1561 76715 25 220 22 21 24 15 198 36125 269 28392 25 220 19 17 18 15 198 23950 404 4398 2863 25 220 18 20 20 15 198 6953 57681 17095 29048 25 220 19 20 16 16 198 32887 1466 51194 25 220 18 21 17 18 198 42 2143 63221 25 220 22 23 17 20 198 40645 685 41421 12660 25 220 22 24 16 23 198 49 11983 63221 25 220 19 24 24 15 198 6091 5059 95683 25 220 17 24 17 18 198 45 1579 337 2143 29953 25 220 18 22 15 24 198 641 288 730 4110 25 220 24 16 20 15 198 28085 685 43229 83717 25 220 24 15 24 16 198 2269 321 65633 25 220 22 18 16 18 198 2269 321 37710 25 220 20 20 22 24 198 3430 2555 65911 301 25 220 23 22 19 24 198 52 1728 14741 49713 25 220 23 23 18 24 198 32887 1466 27219 69578 380 25 220 21 17 15 19 198 86543 58750 25 220 22 15 22 21 271 14582 25 3555 374 279 2615 2038 369 39294 43229 83717 5267 16141 25 576 2615 2038 369 39294 43229 83717 374 220 23 22 19 24	342
r144/gold/q24	nll	6054 2038 19424 198 2304 10524 63221 25 220 17 21 23 18 198 37152 300 76069 25 220 22 21 15 24 198 2753 269 65633 25 220 18 17 23 21 198 61686 29953 25 220 17 17 15 21 198 45 1579 337 2143 66945 14604 25 220 18 22 17 19 198 2304 10524 76069 25 220 24 22 22 17 198 40 15649 41041 25 220 18 19 20 22 198 39 3362 54407 25 220 23 24 24 18 198 2269 321 76715 25 220 20 15 23 23 198 25406 10524 730 4110 25 220 19 21 24 18 198 37152 300 76715 25 220 21 21 19 18 198 52 1728 55520 25 220 21 24 15 16 198 2304 10524 65911 301 25 220 23 20 15 20 198 42 2143 63221 25 220 16 21 16 24 198 67624 647 17922 25 220 17 19 17 20 198 39 33501 4398 2863 25 220 18 24 20 18 198 46 24513 55520 25 220 20 23 20 20 198 43 1561 29953 25 220 24 15 20 24 198 32887 1466 57153 25 220 23 16 21 22 198 85384 63161 25 220 23 20 21 17 198 86543 65911 301 25 220 23 18 15 15 198 92499 75502 25 220 17 24 19 15 198 35 1763 461 42127 25 220 21 18 19 22 198 95347 506 4554 1958 25 220 24 16 20 21 198 36 48021 14741 49713 25 220 22 19 20 23 198 57 4644 97276 25 220 16 19 24 20 198 25406 10524 41041 25 220 19 15 22 19 198 2753 269 51194 25 220 20 22 18 19 198 32887 1466 730 4110 25 220 17 18 21 18 198 40 15649 29953 25 220 19 21 19 17 271 14582 25 3555 374 279 2615 2038 369 68575 14741 49713 5267 16141 25 576 2615 2038 369 68575 14741 49713 374 220 22 19 20 23	333
r144/wrong/q24	nll	6054 2038 19424 198 2304 10524 63221 25 220 17 21 23 18 198 37152 300 76069 25 220 22 21 15 24 198 2753 269 65633 25 220 18 17 23 21 198 61686 29953 25 220 17 17 15 21 198 45 1579 337 2143 66945 14604 25 220 18 22 17 19 198 2304 10524 76069 25 220 24 22 22 17 198 40 15649 41041 25 220 18 19 20 22 198 39 3362 54407 25 220 23 24 24 18 198 2269 321 76715 25 220 20 15 23 23 198 25406 10524 730 4110 25 220 19 21 24 18 198 37152 300 76715 25 220 21 21 19 18 198 52 1728 55520 25 220 21 24 15 16 198 2304 10524 65911 301 25 220 23 20 15 20 198 42 2143 63221 25 220 16 21 16 24 198 67624 647 17922 25 220 17 19 17 20 198 39 33501 4398 2863 25 220 18 24 20 18 198 46 24513 55520 25 220 20 23 20 20 198 43 1561 29953 25 220 24 15 20 24 198 32887 1466 57153 25 220 23 16 21 22 198 85384 63161 25 220 23 20 21 17 198 86543 65911 301 25 220 23 18 15 15 198 92499 75502 25 220 17 24 19 15 198 35 1763 461 42127 25 220 21 18 19 22 198 95347 506 4554 1958 25 220 24 16 20 21 198 36 48021 14741 49713 25 220 22 19 20 23 198 57 4644 97276 25 220 16 19 24 20 198 25406 10524 41041 25 220 19 15 22 19 198 2753 269 51194 25 220 20 22 18 19 198 32887 1466 730 4110 25 220 17 18 21 18 198 40 15649 29953 25 220 19 21 19 17 271 14582 25 3555 374 279 2615 2038 369 68575 14741 49713 5267 16141 25 576 2615 2038 369 68575 14741 49713 374 220 18 17 23 21	333
r145/gold/q25	nll	6054 2038 19424 198 2269 321 58750 25 220 24 24 17 19 198 6953 57681 506 4554 1958 25 220 23 22 22 24 198 2753 269 69543 25 220 21 17 20 19 198 42 92023 63221 25 220 24 15 24 20 198 35 1763 461 75502 25 220 18 19 23 15 198 36 48021 75502 25 220 20 16 23 15 198 46 24513 57153 25 220 20 16 15 15 198 39 3362 29953 25 220 16 21 15 20 198 95347 63161 25 220 19 19 23 15 198 46 24513 85551 25 220 16 23 24 22 198 57 5059 63221 25 220 16 20 15 15 198 52 1728 97276 25 220 19 17 21 24 198 25406 10524 54407 25 220 18 24 23 19 198 42 92023 57153 25 220 23 18 22 18 198 85384 97276 25 220 21 15 16 24 198 94230 78 61916 25 220 18 22 24 23 198 39 3362 69543 25 220 19 15 20 24 198 45 52831 81781 25 220 19 24 24 23 198 2304 10524 4398 2863 25 220 24 21 19 20 198 25406 10524 45111 288 25 220 18 17 18 18 198 67624 730 4110 25 220 16 23 22 17 198 67624 41421 12660 25 220 21 20 17 24 198 42 92023 61916 25 220 17 21 19 15 198 46 24513 730 4110 25 220 23 16 15 24 198 95347 4398 2863 25 220 21 18 24 18 198 61686 75502 25 220 19 19 15 21 198 46 24513 42127 25 220 23 17 22 21 198 92499 65503 25 220 16 24 18 22 198 49 11983 28392 25 220 24 22 17 23 198 50 1055 685 51065 25 220 21 21 22 17 271 14582 25 3555 374 279 2615 2038 369 29405 75502 5267 16141 25 576 2615 2038 369 29405 75502 374 220 19 19 15 21	327
r145/wrong/q25	nll	6054 2038 19424 198 2269 321 58750 25 220 24 24 17 19 198 6953 57681 506 4554 1958 25 220 23 22 22 24 198 2753 269 69543 25 220 21 17 20 19 198 42 92023 63221 25 220 24 15 24 20 198 35 1763 461 75502 25 220 18 19 23 15 198 36 48021 75502 25 220 20 16 23 15 198 46 24513 57153 25 220 20 16 15 15 198 39 3362 29953 25 220 16 21 15 20 198 95347 63161 25 220 19 19 23 15 198 46 24513 85551 25 220 16 23 24 22 198 57 5059 63221 25 220 16 20 15 15 198 52 1728 97276 25 220 19 17 21 24 198 25406 10524 54407 25 220 18 24 23 19 198 42 92023 57153 25 220 23 18 22 18 198 85384 97276 25 220 21 15 16 24 198 94230 78 61916 25 220 18 22 24 23 198 39 3362 69543 25 220 19 15 20 24 198 45 52831 81781 25 220 19 24 24 23 198 2304 10524 4398 2863 25 220 24 21 19 20 198 25406 10524 45111 288 25 220 18 17 18 18 198 67624 730 4110 25 220 16 23 22 17 198 67624 41421 12660 25 220 21 20 17 24 198 42 92023 61916 25 220 17 21 19 15 198 46 24513 730 4110 25 220 23 16 15 24 198 95347 4398 2863 25 220 21 18 24 18 198 61686 75502 25 220 19 19 15 21 198 46 24513 42127 25 220 23 17 22 21 198 92499 65503 25 220 16 24 18 22 198 49 11983 28392 25 220 24 22 17 23 198 50 1055 685 51065 25 220 21 21 22 17 271 14582 25 3555 374 279 2615 2038 369 29405 75502 5267 16141 25 576 2615 2038 369 29405 75502 374 220 23 16 15 24	327
r146/gold/q26	nll	6054 2038 19424 198 94230 78 54407 25 220 20 21 15 19 198 5066 5059 45111 288 25 220 16 23 18 24 198 43 1561 51194 25 220 21 19 20 20 198 85384 730 4110 25 220 16 24 22 17 198 56 5059 75502 25 220 18 15 18 21 198 49 11983 29953 25 220 20 20 20 16 198 86543 4398 2863 25 220 19 24 15 19 198 40 15649 4398 2863 25 220 24 18 21 15 198 85384 85551 25 220 17 15 19 19 198 2269 321 65503 25 220 24 21 17 19 198 51 2780 80 506 4554 1958 25 220 18 23 18 19 198 32887 1466 47623 25 220 16 16 20 15 198 641 288 14741 49713 25 220 18 23 21 15 198 25406 10524 63221 25 220 20 24 24 16 198 51 22267 61479 85 25 220 18 19 22 20 198 39 3362 76069 25 220 24 18 17 24 198 67624 61479 85 25 220 16 18 17 17 198 23950 404 61916 25 220 20 24 15 17 198 2269 321 66945 14604 25 220 19 23 17 22 198 67624 69543 25 220 21 24 19 19 198 36 48021 4620 585 25 220 16 15 22 16 198 49 2577 5891 14741 49713 25 220 22 19 21 18 198 5066 5059 17095 29048 25 220 23 16 24 20 198 95347 69543 25 220 19 18 22 19 198 39 33501 75502 25 220 20 15 22 18 198 85384 1863 35010 1536 25 220 21 16 16 16 198 40645 685 54407 25 220 17 16 15 16 198 51 2780 80 42127 25 220 20 18 22 22 198 36125 269 43229 83717 25 220 23 18 24 24 198 45 52831 63221 25 220 20 15 18 17 271 14582 25 3555 374 279 2615 2038 369 79174 54407 5267 16141 25 576 2615 2038 369 79174 54407 374 220 17 16 15 16	336
r146/wrong/q26	nll	6054 2038 19424 198 94230 78 54407 25 220 20 21 15 19 198 5066 5059 45111 288 25 220 16 23 18 24 198 43 1561 51194 25 220 21 19 20 20 198 85384 730 4110 25 220 16 24 22 17 198 56 5059 75502 25 220 18 15 18 21 198 49 11983 29953 25 220 20 20 20 16 198 86543 4398 2863 25 220 19 24 15 19 198 40 15649 4398 2863 25 220 24 18 21 15 198 85384 85551 25 220 17 15 19 19 198 2269 321 65503 25 220 24 21 17 19 198 51 2780 80 506 4554 1958 25 220 18 23 18 19 198 32887 1466 47623 25 220 16 16 20 15 198 641 288 14741 49713 25 220 18 23 21 15 198 25406 10524 63221 25 220 20 24 24 16 198 51 22267 61479 85 25 220 18 19 22 20 198 39 3362 76069 25 220 24 18 17 24 198 67624 61479 85 25 220 16 18 17 17 198 23950 404 61916 25 220 20 24 15 17 198 2269 321 66945 14604 25 220 19 23 17 22 198 67624 69543 25 220 21 24 19 19 198 36 48021 4620 585 25 220 16 15 22 16 198 49 2577 5891 14741 49713 25 220 22 19 21 18 198 5066 5059 17095 29048 25 220 23 16 24 20 198 95347 69543 25 220 19 18 22 19 198 39 33501 75502 25 220 20 15 22 18 198 85384 1863 35010 1536 25 220 21 16 16 16 198 40645 685 54407 25 220 17 16 15 16 198 51 2780 80 42127 25 220 20 18 22 22 198 36125 269 43229 83717 25 220 23 18 24 24 198 45 52831 63221 25 220 20 15 18 17 271 14582 25 3555 374 279 2615 2038 369 79174 54407 5267 16141 25 576 2615 2038 369 79174 54407 374 220 20 15 18 17	336
r147/gold/q27	nll	6054 2038 19424 198 2269 52313 54407 25 220 24 17 21 22 198 641 288 472 718 329 25 220 18 20 18 19 198 85384 37710 25 220 19 23 16 19 198 51 2780 80 45111 288 25 220 20 19 20 16 198 42 92023 41421 12660 25 220 21 22 17 15 198 86543 5540 25 220 23 19 19 17 198 25406 10524 63221 25 220 16 19 23 22 198 43 1561 4398 2863 25 220 24 23 22 16 198 43 1561 97276 25 220 23 23 23 21 198 39 3362 506 4554 1958 25 220 17 17 17 15 198 42 2143 81781 25 220 20 17 24 18 198 11109 64 51194 25 220 18 20 24 18 198 54 268 4398 2863 25 220 17 21 16 17 198 54 268 66945 14604 25 220 21 17 21 19 198 43 1561 65911 301 25 220 16 17 19 15 198 51 22267 63161 25 220 22 21 18 17 198 67624 63221 25 220 20 18 20 15 198 6091 5059 63221 25 220 24 24 21 24 198 5066 5059 76715 25 220 23 17 16 18 198 11109 64 647 17922 25 220 23 16 17 15 198 40 15649 1863 35010 1536 25 220 16 21 21 17 198 5066 5059 85551 25 220 22 24 22 19 198 57 4644 14741 49713 25 220 23 20 21 17 198 6953 57681 97276 25 220 21 20 17 19 198 2269 321 40523 25 220 19 19 22 24 198 85384 29953 25 220 18 23 19 22 198 37152 300 97276 25 220 24 17 24 22 198 51 22267 43229 83717 25 220 21 21 23 21 198 39 3362 730 363 1127 6642 25 220 22 18 19 20 198 46 24513 468 461 85261 25 220 17 18 15 24 271 14582 25 3555 374 279 2615 2038 369 87936 43229 83717 5267 16141 25 576 2615 2038 369 87936 43229 83717 374 220 21 21 23 21	343
r147/wrong/q27	nll	6054 2038 19424 198 2269 52313 54407 25 220 24 17 21 22 198 641 288 472 718 329 25 220 18 20 18 19 198 85384 37710 25 220 19 23 16 19 198 51 2780 80 45111 288 25 220 20 19 20 16 198 42 92023 41421 12660 25 220 21 22 17 15 198 86543 5540 25 220 23 19 19 17 198 25406 10524 63221 25 220 16 19 23 22 198 43 1561 4398 2863 25 220 24 23 22 16 198 43 1561 97276 25 220 23 23 23 21 198 39 3362 506 4554 1958 25 220 17 17 17 15 198 42 2143 81781 25 220 20 17 24 18 198 11109 64 51194 25 220 18 20 24 18 198 54 268 4398 2863 25 220 17 21 16 17 198 54 268 66945 14604 25 220 21 17 21 19 198 43 1561 65911 301 25 220 16 17 19 15 198 51 22267 63161 25 220 22 21 18 17 198 67624 63221 25 220 20 18 20 15 198 6091 5059 63221 25 220 24 24 21 24 198 5066 5059 76715 25 220 23 17 16 18 198 11109 64 647 17922 25 220 23 16 17 15 198 40 15649 1863 35010 1536 25 220 16 21 21 17 198 5066 5059 85551 25 220 22 24 22 19 198 57 4644 14741 49713 25 220 23 20 21 17 198 6953 57681 97276 25 220 21 20 17 19 198 2269 321 40523 25 220 19 19 22 24 198 85384 29953 25 220 18 23 19 22 198 37152 300 97276 25 220 24 17 24 22 198 51 22267 43229 83717 25 220 21 21 23 21 198 39 3362 730 363 1127 6642 25 220 22 18 19 20 198 46 24513 468 461 85261 25 220 17 18 15 24 271 14582 25 3555 374 279 2615 2038 369 87936 43229 83717 5267 16141 25 576 2615 2038 369 87936 43229 83717 374 220 24 24 21 24	343
r148/gold/q28	nll	6054 2038 19424 198 45 52831 97276 25 220 18 24 18 22 198 49 11983 33554 56860 25 220 18 17 16 17 198 42 92023 4398 2863 25 220 17 24 16 17 198 2304 10524 42127 25 220 16 24 17 20 198 85384 65503 25 220 18 24 21 19 198 92499 647 17922 25 220 22 23 21 17 198 39 33501 1863 35010 1536 25 220 24 23 20 23 198 2753 269 69543 25 220 19 19 18 20 198 6953 57681 42127 25 220 24 21 15 20 198 2269 321 41421 12660 25 220 17 16 15 24 198 2753 269 29953 25 220 22 20 18 24 198 37152 300 61479 85 25 220 21 23 18 17 198 25406 10524 76069 25 220 17 19 24 19 198 86543 63221 25 220 16 23 19 23 198 52 1728 45111 288 25 220 16 23 24 23 198 1143 268 468 461 85261 25 220 22 24 20 16 198 32887 1466 730 4110 25 220 19 22 18 18 198 49 11983 42127 25 220 19 15 18 18 198 94230 78 730 363 1127 6642 25 220 22 19 23 23 198 3430 2555 14741 49713 25 220 23 17 23 23 198 57 4644 647 17922 25 220 21 19 17 19 198 86543 36020 25 220 19 24 18 21 198 56 355 1704 65633 25 220 17 18 16 18 198 5066 5059 506 4554 1958 25 220 19 17 22 24 198 45 1579 337 2143 1863 35010 1536 25 220 17 17 19 22 198 46 24513 17095 29048 25 220 16 15 20 16 198 3430 2555 63221 25 220 24 18 18 22 198 45 52831 730 363 1127 6642 25 220 23 19 15 22 198 35 1763 461 81781 25 220 17 21 24 18 198 54 268 76069 25 220 24 23 22 17 271 14582 25 3555 374 279 2615 2038 369 66121 461 81781 5267 16141 25 576 2615 2038 369 66121 461 81781 374 220 17 21 24 18	350
r148/wrong/q28	nll	6054 2038 19424 198 45 52831 97276 25 220 18 24 18 22 198 49 11983 33554 56860 25 220 18 17 16 17 198 42 92023 4398 2863 25 220 17 24 16 17 198 2304 10524 42127 25 220 16 24 17 20 198 85384 65503 25 220 18 24 21 19 198 92499 647 17922 25 220 22 23 21 17 198 39 33501 1863 35010 1536 25 220 24 23 20 23 198 2753 269 69543 25 220 19 19 18 20 198 6953 57681 42127 25 220 24 21 15 20 198 2269 321 41421 12660 25 220 17 16 15 24 198 2753 269 29953 25 220 22 20 18 24 198 37152 300 61479 85 25 220 21 23 18 17 198 25406 10524 76069 25 220 17 19 24 19 198 86543 63221 25 220 16 23 19 23 198 52 1728 45111 288 25 220 16 23 24 23 198 1143 268 468 461 85261 25 220 22 24 20 16 198 32887 1466 730 4110 25 220 19 22 18 18 198 49 11983 42127 25 220 19 15 18 18 198 94230 78 730 363 1127 6642 25 220 22 19 23 23 198 3430 2555 14741 49713 25 220 23 17 23 23 198 57 4644 647 17922 25 220 21 19 17 19 198 86543 36020 25 220 19 24 18 21 198 56 355 1704 65633 25 220 17 18 16 18 198 5066 5059 506 4554 1958 25 220 19 17 22 24 198 45 1579 337 2143 1863 35010 1536 25 220 17 17 19 22 198 46 24513 17095 29048 25 220 16 15 20 16 198 3430 2555 63221 25 220 24 18 18 22 198 45 52831 730 363 1127 6642 25 220 23 19 15 22 198 35 1763 461 81781 25 220 17 21 24 18 198 54 268 76069 25 220 24 23 22 17 271 14582 25 3555 374 279 2615 2038 369 66121 461 81781 5267 16141 25 576 2615 2038 369 66121 461 81781 374 220 17 16 15 24	350
r149/gold/q29	nll	6054 2038 19424 198 50 1055 685 647 17922 25 220 17 16 23 23 198 641 288 76715 25 220 18 23 23 16 198 2269 52313 51194 25 220 21 24 20 24 198 45 52831 63221 25 220 23 18 19 23 198 57 4644 97276 25 220 18 21 17 15 198 67624 27219 69578 380 25 220 20 22 16 19 198 36125 269 63221 25 220 24 16 15 24 198 51 25496 51194 25 220 17 18 20 16 198 92499 51065 25 220 19 21 16 19 198 37152 300 42127 25 220 21 21 19 20 198 52 1728 66945 14604 25 220 18 21 18 23 198 42 92023 63221 25 220 21 21 18 19 198 85384 76069 25 220 19 19 20 18 198 95347 63221 25 220 19 21 23 21 198 92499 36020 25 220 21 20 17 17 198 6091 5059 36020 25 220 18 21 18 16 198 25406 10524 57153 25 220 17 23 22 21 198 94230 78 28392 25 220 22 16 19 19 198 52 1728 65633 25 220 19 15 18 23 198 45 1579 337 2143 24548 13334 25 220 23 21 15 17 198 56 5059 45111 288 25 220 23 17 17 15 198 6091 5059 506 4554 1958 25 220 24 19 18 20 198 94230 78 42127 25 220 17 17 20 18 198 32887 1466 43229 83717 25 220 21 21 18 22 198 92878 7755 47623 25 220 24 20 17 24 198 32887 1466 4620 585 25 220 22 20 19 23 198 52 1728 37710 25 220 17 16 16 21 198 11109 64 51194 25 220 22 20 19 19 198 67624 57153 25 220 17 18 20 22 198 37152 300 61479 85 25 220 17 16 20 20 271 14582 25 3555 374 279 2615 2038 369 68086 61479 85 5267 16141 25 576 2615 2038 369 68086 61479 85 374 220 17 16 20 20	334
r149/wrong/q29	nll	6054 2038 19424 198 50 1055 685 647 17922 25 220 17 16 23 23 198 641 288 76715 25 220 18 23 23 16 198 2269 52313 51194 25 220 21 24 20 24 198 45 52831 63221 25 220 23 18 19 23 198 57 4644 97276 25 220 18 21 17 15 198 67624 27219 69578 380 25 220 20 22 16 19 198 36125 269 63221 25 220 24 16 15 24 198 51 25496 51194 25 220 17 18 20 16 198 92499 51065 25 220 19 21 16 19 198 37152 300 42127 25 220 21 21 19 20 198 52 1728 66945 14604 25 220 18 21 18 23 198 42 92023 63221 25 220 21 21 18 19 198 85384 76069 25 220 19 19 20 18 198 95347 63221 25 220 19 21 23 21 198 92499 36020 25 220 21 20 17 17 198 6091 5059 36020 25 220 18 21 18 16 198 25406 10524 57153 25 220 17 23 22 21 198 94230 78 28392 25 220 22 16 19 19 198 52 1728 65633 25 220 19 15 18 23 198 45 1579 337 2143 24548 13334 25 220 23 21 15 17 198 56 5059 45111 288 25 220 23 17 17 15 198 6091 5059 506 4554 1958 25 220 24 19 18 20 198 94230 78 42127 25 220 17 17 20 18 198 32887 1466 43229 83717 25 220 21 21 18 22 198 92878 7755 47623 25 220 24 20 17 24 198 32887 1466 4620 585 25 220 22 20 19 23 198 52 1728 37710 25 220 17 16 16 21 198 11109 64 51194 25 220 22 20 19 19 198 67624 57153 25 220 17 18 20 22 198 37152 300 61479 85 25 220 17 16 20 20 271 14582 25 3555 374 279 2615 2038 369 68086 61479 85 5267 16141 25 576 2615 2038 369 68086 61479 85 374 220 17 16 16 21	334
r150/gold/q0	nll	6054 2038 19424 198 23950 404 65911 301 25 220 20 20 15 18 198 95347 47623 25 220 17 18 22 24 198 2753 269 40523 25 220 16 21 24 24 198 67624 730 363 1127 6642 25 220 20 22 22 15 198 45 52831 65503 25 220 24 22 22 23 198 36125 269 472 718 329 25 220 17 21 15 22 198 39 3362 41421 12660 25 220 18 15 15 22 198 40 15649 61916 25 220 24 17 24 15 198 56 5059 65911 301 25 220 19 18 20 21 198 25406 10524 40523 25 220 24 16 24 16 198 51 25496 47623 25 220 19 22 17 16 198 5066 5059 76715 25 220 18 23 22 22 198 56 5059 14741 49713 25 220 20 21 16 17 198 92499 14741 49713 25 220 17 24 16 20 198 46 24513 58750 25 220 16 16 22 16 198 57 5059 17095 29048 25 220 24 18 15 15 198 2753 269 29953 25 220 24 16 22 21 198 25406 10524 14741 49713 25 220 21 21 23 21 198 92499 81781 25 220 19 24 21 21 198 28085 685 57153 25 220 21 16 16 16 198 92499 29953 25 220 20 23 19 16 198 2269 52313 43229 83717 25 220 17 22 22 18 198 39 33501 33554 56860 25 220 23 19 17 22 198 2269 52313 55520 25 220 23 16 18 16 198 6953 57681 54407 25 220 24 15 20 18 198 51 2780 80 95683 25 220 16 21 18 22 198 2269 321 29953 25 220 23 22 18 21 198 23950 404 41421 12660 25 220 20 23 15 15 198 92878 7755 1863 35010 1536 25 220 20 22 23 22 198 61686 37710 25 220 22 16 18 15 271 14582 25 3555 374 279 2615 2038 369 8224 404 65911 301 5267 16141 25 576 2615 2038 369 8224 404 65911 301 374 220 20 20 15 18	340
r150/wrong/q0	nll	6054 2038 19424 198 23950 404 65911 301 25 220 20 20 15 18 198 95347 47623 25 220 17 18 22 24 198 2753 269 40523 25 220 16 21 24 24 198 67624 730 363 1127 6642 25 220 20 22 22 15 198 45 52831 65503 25 220 24 22 22 23 198 36125 269 472 718 329 25 220 17 21 15 22 198 39 3362 41421 12660 25 220 18 15 15 22 198 40 15649 61916 25 220 24 17 24 15 198 56 5059 65911 301 25 220 19 18 20 21 198 25406 10524 40523 25 220 24 16 24 16 198 51 25496 47623 25 220 19 22 17 16 198 5066 5059 76715 25 220 18 23 22 22 198 56 5059 14741 49713 25 220 20 21 16 17 198 92499 14741 49713 25 220 17 24 16 20 198 46 24513 58750 25 220 16 16 22 16 198 57 5059 17095 29048 25 220 24 18 15 15 198 2753 269 29953 25 220 24 16 22 21 198 25406 10524 14741 49713 25 220 21 21 23 21 198 92499 81781 25 220 19 24 21 21 198 28085 685 57153 25 220 21 16 16 16 198 92499 29953 25 220 20 23 19 16 198 2269 52313 43229 83717 25 220 17 22 22 18 198 39 33501 33554 56860 25 220 23 19 17 22 198 2269 52313 55520 25 220 23 16 18 16 198 6953 57681 54407 25 220 24 15 20 18 198 51 2780 80 95683 25 220 16 21 18 22 198 2269 321 29953 25 220 23 22 18 21 198 23950 404 41421 12660 25 220 20 23 15 15 198 92878 7755 1863 35010 1536 25 220 20 22 23 22 198 61686 37710 25 220 22 16 18 15 271 14582 25 3555 374 279 2615 2038 369 8224 404 65911 301 5267 16141 25 576 2615 2038 369 8224 404 65911 301 374 220 21 21 23 21	340
r151/gold/q1	nll	6054 2038 19424 198 2269 52313 81781 25 220 24 16 23 23 198 2304 10524 472 718 329 25 220 20 23 20 19 198 6091 5059 28392 25 220 16 19 15 18 198 92878 7755 61916 25 220 19 22 20 19 198 3430 2555 85551 25 220 23 16 21 15 198 39 33501 468 461 85261 25 220 18 24 17 24 198 95347 27219 69578 380 25 220 22 22 20 20 198 1143 268 69543 25 220 21 18 21 20 198 40645 685 33554 56860 25 220 22 24 21 17 198 36 48021 36020 25 220 20 16 16 17 198 86543 76715 25 220 19 17 22 21 198 36 48021 63161 25 220 21 22 23 22 198 92878 7755 17095 29048 25 220 20 22 16 22 198 86543 468 461 85261 25 220 24 18 22 16 198 2753 269 33554 56860 25 220 20 19 22 18 198 35 1763 461 37710 25 220 17 15 23 21 198 39 33501 95683 25 220 17 15 24 21 198 36125 269 43229 83717 25 220 18 22 17 23 198 28085 685 75502 25 220 23 24 17 21 198 85384 15687 19840 25 220 24 17 24 18 198 85384 61916 25 220 24 18 20 24 198 36125 269 65911 301 25 220 17 23 19 20 198 35 1763 461 47623 25 220 16 21 22 21 198 52 1728 65503 25 220 22 24 16 16 198 51 22267 47623 25 220 20 19 19 21 198 92878 7755 647 17922 25 220 16 18 23 22 198 42 2143 28392 25 220 22 24 24 21 198 46 24513 40523 25 220 24 22 19 17 198 641 288 65503 25 220 17 19 23 22 198 61686 41421 12660 25 220 24 15 16 16 271 14582 25 3555 374 279 2615 2038 369 1967 10524 472 718 329 5267 16141 25 576 2615 2038 369 1967 10524 472 718 329 374 220 20 23 20 19	342
r151/wrong/q1	nll	6054 2038 19424 198 2269 52313 81781 25 220 24 16 23 23 198 2304 10524 472 718 329 25 220 20 23 20 19 198 6091 5059 28392 25 220 16 19 15 18 198 92878 7755 61916 25 220 19 22 20 19 198 3430 2555 85551 25 220 23 16 21 15 198 39 33501 468 461 85261 25 220 18 24 17 24 198 95347 27219 69578 380 25 220 22 22 20 20 198 1143 268 69543 25 220 21 18 21 20 198 40645 685 33554 56860 25 220 22 24 21 17 198 36 48021 36020 25 220 20 16 16 17 198 86543 76715 25 220 19 17 22 21 198 36 48021 63161 25 220 21 22 23 22 198 92878 7755 17095 29048 25 220 20 22 16 22 198 86543 468 461 85261 25 220 24 18 22 16 198 2753 269 33554 56860 25 220 20 19 22 18 198 35 1763 461 37710 25 220 17 15 23 21 198 39 33501 95683 25 220 17 15 24 21 198 36125 269 43229 83717 25 220 18 22 17 23 198 28085 685 75502 25 220 23 24 17 21 198 85384 15687 19840 25 220 24 17 24 18 198 85384 61916 25 220 24 18 20 24 198 36125 269 65911 301 25 220 17 23 19 20 198 35 1763 461 47623 25 220 16 21 22 21 198 52 1728 65503 25 220 22 24 16 16 198 51 22267 47623 25 220 20 19 19 21 198 92878 7755 647 17922 25 220 16 18 23 22 198 42 2143 28392 25 220 22 24 24 21 198 46 24513 40523 25 220 24 22 19 17 198 641 288 65503 25 220 17 19 23 22 198 61686 41421 12660 25 220 24 15 16 16 271 14582 25 3555 374 279 2615 2038 369 1967 10524 472 718 329 5267 16141 25 576 2615 2038 369 1967 10524 472 718 329 374 220 20 16 16 17	342
r152/gold/q2	nll	6054 2038 19424 198 40645 685 29953 25 220 22 23 20 18 198 42 92023 45111 288 25 220 17 15 24 24 198 37 67718 54407 25 220 24 17 16 22 198 94230 78 81781 25 220 19 22 24 24 198 36 48021 51194 25 220 16 24 24 17 198 28085 685 57153 25 220 23 19 22 19 198 52 1728 506 4554 1958 25 220 18 21 17 23 198 37152 300 63221 25 220 18 16 24 17 198 42 92023 17095 29048 25 220 24 21 16 17 198 32887 1466 75502 25 220 17 19 24 20 198 6091 5059 730 363 1127 6642 25 220 21 22 20 15 198 6091 5059 61479 85 25 220 23 18 24 15 198 39 3362 24548 13334 25 220 22 22 24 16 198 36125 269 65503 25 220 24 20 17 24 198 61686 730 363 1127 6642 25 220 23 21 17 22 198 37 67718 81781 25 220 17 24 20 17 198 57 4644 15687 19840 25 220 18 16 18 15 198 32887 1466 4620 585 25 220 24 24 18 21 198 85384 17095 29048 25 220 22 17 24 22 198 54 268 65911 301 25 220 23 22 16 17 198 641 288 14741 49713 25 220 24 19 21 16 198 49 11983 81781 25 220 23 20 23 19 198 32887 1466 472 718 329 25 220 16 23 24 18 198 28085 685 41421 12660 25 220 22 16 19 24 198 86543 76715 25 220 19 22 19 23 198 2269 321 63161 25 220 21 17 21 23 198 45 52831 97276 25 220 21 18 15 16 198 39 3362 33554 56860 25 220 20 23 20 22 198 40645 685 55520 25 220 19 23 16 23 198 43 1561 5540 25 220 17 19 15 18 271 14582 25 3555 374 279 2615 2038 369 55923 54407 5267 16141 25 576 2615 2038 369 55923 54407 374 220 24 17 16 22	342
r152/wrong/q2	nll	6054 2038 19424 198 40645 685 29953 25 220 22 23 20 18 198 42 92023 45111 288 25 220 17 15 24 24 198 37 67718 54407 25 220 24 17 16 22 198 94230 78 81781 25 220 19 22 24 24 198 36 48021 51194 25 220 16 24 24 17 198 28085 685 57153 25 220 23 19 22 19 198 52 1728 506 4554 1958 25 220 18 21 17 23 198 37152 300 63221 25 220 18 16 24 17 198 42 92023 17095 29048 25 220 24 21 16 17 198 32887 1466 75502 25 220 17 19 24 20 198 6091 5059 730 363 1127 6642 25 220 21 22 20 15 198 6091 5059 61479 85 25 220 23 18 24 15 198 39 3362 24548 13334 25 220 22 22 24 16 198 36125 269 65503 25 220 24 20 17 24 198 61686 730 363 1127 6642 25 220 23 21 17 22 198 37 67718 81781 25 220 17 24 20 17 198 57 4644 15687 19840 25 220 18 16 18 15 198 32887 1466 4620 585 25 220 24 24 18 21 198 85384 17095 29048 25 220 22 17 24 22 198 54 268 65911 301 25 220 23 22 16 17 198 641 288 14741 49713 25 220 24 19 21 16 198 49 11983 81781 25 220 23 20 23 19 198 32887 1466 472 718 329 25 220 16 23 24 18 198 28085 685 41421 12660 25 220 22 16 19 24 198 86543 76715 25 220 19 22 19 23 198 2269 321 63161 25 220 21 17 21 23 198 45 52831 97276 25 220 21 18 15 16 198 39 3362 33554 56860 25 220 20 23 20 22 198 40645 685 55520 25 220 19 23 16 23 198 43 1561 5540 25 220 17 19 15 18 271 14582 25 3555 374 279 2615 2038 369 55923 54407 5267 16141 25 576 2615 2038 369 55923 54407 374 220 16 23 24 18	342
r153/gold/q3	nll	6054 2038 19424 198 39 3362 37710 25 220 22 20 24 17 198 49 11983 5540 25 220 17 22 15 19 198 40 15649 95683 25 220 22 19 21 16 198 49 11983 14741 49713 25 220 22 22 20 15 198 35 1763 461 51194 25 220 20 24 15 17 198 95347 51194 25 220 21 22 20 21 198 3430 2555 51194 25 220 20 18 24 15 198 42 92023 28392 25 220 20 21 17 18 198 51 2780 80 14741 49713 25 220 21 20 16 17 198 37152 300 61916 25 220 18 17 23 20 198 95347 472 718 329 25 220 19 22 16 21 198 641 288 41421 12660 25 220 18 19 19 17 198 92499 40523 25 220 16 19 21 16 198 67624 65503 25 220 24 19 22 23 198 39 3362 4398 2863 25 220 23 18 24 24 198 46 24513 55520 25 220 18 15 18 24 198 36 48021 730 4110 25 220 18 24 24 18 198 39 3362 4620 585 25 220 16 23 21 15 198 32887 1466 468 461 85261 25 220 18 18 24 16 198 95347 76715 25 220 24 22 21 16 198 2753 269 57153 25 220 23 15 15 16 198 2269 52313 45111 288 25 220 16 20 18 16 198 92878 7755 14741 49713 25 220 20 24 22 19 198 61686 75502 25 220 19 20 22 23 198 51 25496 76069 25 220 17 19 19 15 198 56 355 1704 45111 288 25 220 21 17 21 24 198 51 25496 24548 13334 25 220 24 23 20 15 198 2304 10524 730 4110 25 220 17 21 18 22 198 49 2577 5891 63161 25 220 19 18 19 17 198 61686 4620 585 25 220 21 15 19 19 271 14582 25 3555 374 279 2615 2038 369 46830 14741 49713 5267 16141 25 576 2615 2038 369 46830 14741 49713 374 220 22 22 20 15	339
r153/wrong/q3	nll	6054 2038 19424 198 39 3362 37710 25 220 22 20 24 17 198 49 11983 5540 25 220 17 22 15 19 198 40 15649 95683 25 220 22 19 21 16 198 49 11983 14741 49713 25 220 22 22 20 15 198 35 1763 461 51194 25 220 20 24 15 17 198 95347 51194 25 220 21 22 20 21 198 3430 2555 51194 25 220 20 18 24 15 198 42 92023 28392 25 220 20 21 17 18 198 51 2780 80 14741 49713 25 220 21 20 16 17 198 37152 300 61916 25 220 18 17 23 20 198 95347 472 718 329 25 220 19 22 16 21 198 641 288 41421 12660 25 220 18 19 19 17 198 92499 40523 25 220 16 19 21 16 198 67624 65503 25 220 24 19 22 23 198 39 3362 4398 2863 25 220 23 18 24 24 198 46 24513 55520 25 220 18 15 18 24 198 36 48021 730 4110 25 220 18 24 24 18 198 39 3362 4620 585 25 220 16 23 21 15 198 32887 1466 468 461 85261 25 220 18 18 24 16 198 95347 76715 25 220 24 22 21 16 198 2753 269 57153 25 220 23 15 15 16 198 2269 52313 45111 288 25 220 16 20 18 16 198 92878 7755 14741 49713 25 220 20 24 22 19 198 61686 75502 25 220 19 20 22 23 198 51 25496 76069 25 220 17 19 19 15 198 56 355 1704 45111 288 25 220 21 17 21 24 198 51 25496 24548 13334 25 220 24 23 20 15 198 2304 10524 730 4110 25 220 17 21 18 22 198 49 2577 5891 63161 25 220 19 18 19 17 198 61686 4620 585 25 220 21 15 19 19 271 14582 25 3555 374 279 2615 2038 369 46830 14741 49713 5267 16141 25 576 2615 2038 369 46830 14741 49713 374 220 17 21 18 22	339
r154/gold/q4	nll	6054 2038 19424 198 86543 65503 25 220 24 16 20 24 198 94230 78 41041 25 220 19 19 23 16 198 2269 321 24548 13334 25 220 19 15 22 20 198 56 5059 647 17922 25 220 16 20 23 16 198 11109 64 24548 13334 25 220 18 21 18 15 198 6953 57681 66945 14604 25 220 20 24 16 24 198 1143 268 730 363 1127 6642 25 220 19 20 22 21 198 3430 2555 1863 35010 1536 25 220 19 22 19 22 198 39 33501 63161 25 220 21 20 22 21 198 6091 5059 63161 25 220 24 21 15 23 198 40645 685 40523 25 220 22 15 24 15 198 45 1579 337 2143 61916 25 220 21 20 24 20 198 6953 57681 4398 2863 25 220 20 15 23 21 198 51 22267 76069 25 220 20 18 22 24 198 56 355 1704 65633 25 220 21 21 17 19 198 641 288 65633 25 220 21 15 20 18 198 45 1579 337 2143 51194 25 220 19 20 22 24 198 40 15649 57153 25 220 18 20 22 22 198 56 355 1704 47623 25 220 16 15 22 22 198 54 268 76715 25 220 16 24 22 17 198 23950 404 36020 25 220 17 23 23 19 198 36125 269 66945 14604 25 220 16 23 20 17 198 11109 64 15687 19840 25 220 20 23 17 24 198 92878 7755 29953 25 220 18 16 16 20 198 28085 685 24548 13334 25 220 19 21 18 23 198 37152 300 57153 25 220 19 16 20 19 198 3430 2555 65911 301 25 220 23 16 20 20 198 49 11983 63221 25 220 16 24 20 20 198 92499 66945 14604 25 220 19 17 22 19 198 39 3362 51194 25 220 19 16 17 15 271 14582 25 3555 374 279 2615 2038 369 50344 24548 13334 5267 16141 25 576 2615 2038 369 50344 24548 13334 374 220 18 21 18 15	345
r154/wrong/q4	nll	6054 2038 19424 198 86543 65503 25 220 24 16 20 24 198 94230 78 41041 25 220 19 19 23 16 198 2269 321 24548 13334 25 220 19 15 22 20 198 56 5059 647 17922 25 220 16 20 23 16 198 11109 64 24548 13334 25 220 18 21 18 15 198 6953 57681 66945 14604 25 220 20 24 16 24 198 1143 268 730 363 1127 6642 25 220 19 20 22 21 198 3430 2555 1863 35010 1536 25 220 19 22 19 22 198 39 33501 63161 25 220 21 20 22 21 198 6091 5059 63161 25 220 24 21 15 23 198 40645 685 40523 25 220 22 15 24 15 198 45 1579 337 2143 61916 25 220 21 20 24 20 198 6953 57681 4398 2863 25 220 20 15 23 21 198 51 22267 76069 25 220 20 18 22 24 198 56 355 1704 65633 25 220 21 21 17 19 198 641 288 65633 25 220 21 15 20 18 198 45 1579 337 2143 51194 25 220 19 20 22 24 198 40 15649 57153 25 220 18 20 22 22 198 56 355 1704 47623 25 220 16 15 22 22 198 54 268 76715 25 220 16 24 22 17 198 23950 404 36020 25 220 17 23 23 19 198 36125 269 66945 14604 25 220 16 23 20 17 198 11109 64 15687 19840 25 220 20 23 17 24 198 92878 7755 29953 25 220 18 16 16 20 198 28085 685 24548 13334 25 220 19 21 18 23 198 37152 300 57153 25 220 19 16 20 19 198 3430 2555 65911 301 25 220 23 16 20 20 198 49 11983 63221 25 220 16 24 20 20 198 92499 66945 14604 25 220 19 17 22 19 198 39 3362 51194 25 220 19 16 17 15 271 14582 25 3555 374 279 2615 2038 369 50344 24548 13334 5267 16141 25 576 2615 2038 369 50344 24548 13334 374 220 19 15 22 20	345
r155/gold/q5	nll	6054 2038 19424 198 52 1728 647 17922 25 220 16 17 24 16 198 52 1728 51065 25 220 19 17 20 21 198 6953 57681 63221 25 220 21 17 22 15 198 2269 321 57153 25 220 22 19 15 20 198 49 11983 730 363 1127 6642 25 220 21 15 23 17 198 45 52831 64009 25 220 21 18 16 23 198 5066 5059 85551 25 220 20 23 20 22 198 35 1763 461 17095 29048 25 220 19 16 17 20 198 39 33501 472 718 329 25 220 22 24 22 21 198 85384 75502 25 220 17 24 24 24 198 6091 5059 65911 301 25 220 21 23 24 18 198 52 1728 42127 25 220 16 19 17 17 198 94230 78 27219 69578 380 25 220 24 19 19 17 198 6091 5059 65503 25 220 16 21 17 16 198 641 288 27219 69578 380 25 220 19 18 19 23 198 61686 76069 25 220 19 22 17 15 198 45 1579 337 2143 55520 25 220 24 15 19 23 198 51 22267 24548 13334 25 220 17 18 18 23 198 2269 321 43229 83717 25 220 22 21 23 19 198 49 11983 4398 2863 25 220 22 17 24 19 198 56 355 1704 36020 25 220 17 18 22 21 198 43 1561 24548 13334 25 220 21 21 24 24 198 2753 269 63221 25 220 20 17 21 18 198 35 1763 461 95683 25 220 17 18 18 16 198 6953 57681 76715 25 220 23 19 22 20 198 37152 300 63161 25 220 16 21 15 15 198 95347 95683 25 220 20 15 22 19 198 56 5059 97276 25 220 23 22 17 24 198 45 1579 337 2143 41041 25 220 24 21 22 15 198 2269 52313 17095 29048 25 220 21 17 18 19 271 14582 25 3555 374 279 2615 2038 369 34662 685 64009 5267 16141 25 576 2615 2038 369 34662 685 64009 374 220 21 18 16 23	347
r155/wrong/q5	nll	6054 2038 19424 198 52 1728 647 17922 25 220 16 17 24 16 198 52 1728 51065 25 220 19 17 20 21 198 6953 57681 63221 25 220 21 17 22 15 198 2269 321 57153 25 220 22 19 15 20 198 49 11983 730 363 1127 6642 25 220 21 15 23 17 198 45 52831 64009 25 220 21 18 16 23 198 5066 5059 85551 25 220 20 23 20 22 198 35 1763 461 17095 29048 25 220 19 16 17 20 198 39 33501 472 718 329 25 220 22 24 22 21 198 85384 75502 25 220 17 24 24 24 198 6091 5059 65911 301 25 220 21 23 24 18 198 52 1728 42127 25 220 16 19 17 17 198 94230 78 27219 69578 380 25 220 24 19 19 17 198 6091 5059 65503 25 220 16 21 17 16 198 641 288 27219 69578 380 25 220 19 18 19 23 198 61686 76069 25 220 19 22 17 15 198 45 1579 337 2143 55520 25 220 24 15 19 23 198 51 22267 24548 13334 25 220 17 18 18 23 198 2269 321 43229 83717 25 220 22 21 23 19 198 49 11983 4398 2863 25 220 22 17 24 19 198 56 355 1704 36020 25 220 17 18 22 21 198 43 1561 24548 13334 25 220 21 21 24 24 198 2753 269 63221 25 220 20 17 21 18 198 35 1763 461 95683 25 220 17 18 18 16 198 6953 57681 76715 25 220 23 19 22 20 198 37152 300 63161 25 220 16 21 15 15 198 95347 95683 25 220 20 15 22 19 198 56 5059 97276 25 220 23 22 17 24 198 45 1579 337 2143 41041 25 220 24 21 22 15 198 2269 52313 17095 29048 25 220 21 17 18 19 271 14582 25 3555 374 279 2615 2038 369 34662 685 64009 5267 16141 25 576 2615 2038 369 34662 685 64009 374 220 19 22 17 15	347
r156/gold/q6	nll	6054 2038 19424 198 92499 63221 25 220 22 17 17 15 198 92499 65633 25 220 21 22 18 20 198 54 268 40523 25 220 21 19 15 21 198 6091 5059 64009 25 220 16 16 18 17 198 51 25496 75502 25 220 23 16 24 21 198 39 33501 24548 13334 25 220 21 19 18 18 198 6953 57681 75502 25 220 20 17 23 20 198 61686 66945 14604 25 220 20 22 22 20 198 39 3362 472 718 329 25 220 19 17 21 19 198 45 1579 337 2143 468 461 85261 25 220 19 20 21 21 198 54 268 45111 288 25 220 20 21 18 21 198 61686 75502 25 220 23 23 17 24 198 51 25496 36020 25 220 17 21 20 20 198 49 2577 5891 63221 25 220 24 19 21 23 198 49 2577 5891 42127 25 220 24 19 24 21 198 49 11983 730 363 1127 6642 25 220 20 21 16 17 198 42 92023 45111 288 25 220 17 24 24 17 198 50 1055 685 47623 25 220 23 19 21 15 198 42 92023 76069 25 220 16 18 16 20 198 45 52831 54407 25 220 24 24 22 20 198 54 268 61916 25 220 23 15 18 15 198 95347 37710 25 220 17 20 19 23 198 49 11983 95683 25 220 21 18 17 22 198 28085 685 51065 25 220 21 20 22 20 198 37152 300 43229 83717 25 220 23 18 21 22 198 2269 52313 81781 25 220 16 16 18 22 198 57 4644 61479 85 25 220 17 24 21 23 198 86543 55520 25 220 19 19 21 19 198 57 4644 42127 25 220 24 21 15 18 198 56 5059 36020 25 220 22 20 20 19 271 14582 25 3555 374 279 2615 2038 369 1644 57681 75502 5267 16141 25 576 2615 2038 369 1644 57681 75502 374 220 20 17 23 20	338
r156/wrong/q6	nll	6054 2038 19424 198 92499 63221 25 220 22 17 17 15 198 92499 65633 25 220 21 22 18 20 198 54 268 40523 25 220 21 19 15 21 198 6091 5059 64009 25 220 16 16 18 17 198 51 25496 75502 25 220 23 16 24 21 198 39 33501 24548 13334 25 220 21 19 18 18 198 6953 57681 75502 25 220 20 17 23 20 198 61686 66945 14604 25 220 20 22 22 20 198 39 3362 472 718 329 25 220 19 17 21 19 198 45 1579 337 2143 468 461 85261 25 220 19 20 21 21 198 54 268 45111 288 25 220 20 21 18 21 198 61686 75502 25 220 23 23 17 24 198 51 25496 36020 25 220 17 21 20 20 198 49 2577 5891 63221 25 220 24 19 21 23 198 49 2577 5891 42127 25 220 24 19 24 21 198 49 11983 730 363 1127 6642 25 220 20 21 16 17 198 42 92023 45111 288 25 220 17 24 24 17 198 50 1055 685 47623 25 220 23 19 21 15 198 42 92023 76069 25 220 16 18 16 20 198 45 52831 54407 25 220 24 24 22 20 198 54 268 61916 25 220 23 15 18 15 198 95347 37710 25 220 17 20 19 23 198 49 11983 95683 25 220 21 18 17 22 198 28085 685 51065 25 220 21 20 22 20 198 37152 300 43229 83717 25 220 23 18 21 22 198 2269 52313 81781 25 220 16 16 18 22 198 57 4644 61479 85 25 220 17 24 21 23 198 86543 55520 25 220 19 19 21 19 198 57 4644 42127 25 220 24 21 15 18 198 56 5059 36020 25 220 22 20 20 19 271 14582 25 3555 374 279 2615 2038 369 1644 57681 75502 5267 16141 25 576 2615 2038 369 1644 57681 75502 374 220 23 15 18 15	338
r157/gold/q7	nll	6054 2038 19424 198 51 2780 80 40523 25 220 21 22 15 22 198 85384 40523 25 220 16 20 23 15 198 25406 10524 45111 288 25 220 19 22 24 20 198 39 33501 66945 14604 25 220 22 19 17 15 198 6953 57681 63161 25 220 22 17 19 19 198 57 5059 40523 25 220 21 24 24 21 198 50 1055 685 81781 25 220 19 16 23 16 198 45 1579 337 2143 45111 288 25 220 18 24 20 20 198 23950 404 36020 25 220 23 19 17 24 198 40645 685 95683 25 220 17 17 23 17 198 5066 5059 730 363 1127 6642 25 220 24 17 18 18 198 43 1561 1863 35010 1536 25 220 21 17 19 22 198 37152 300 69543 25 220 21 15 23 22 198 46 24513 75502 25 220 19 21 17 18 198 2269 52313 730 363 1127 6642 25 220 22 24 19 21 198 56 5059 66945 14604 25 220 19 19 15 17 198 50 1055 685 43229 83717 25 220 18 23 24 16 198 51 22267 730 363 1127 6642 25 220 23 22 22 18 198 1143 268 4620 585 25 220 16 15 21 24 198 94230 78 15687 19840 25 220 20 18 21 24 198 51 2780 80 1863 35010 1536 25 220 21 15 22 18 198 57 5059 45111 288 25 220 20 22 22 19 198 54 268 42127 25 220 21 16 22 21 198 39 3362 42127 25 220 17 16 23 21 198 35 1763 461 506 4554 1958 25 220 19 15 18 19 198 50 1055 685 1863 35010 1536 25 220 20 22 24 16 198 45 52831 65633 25 220 24 22 22 22 198 42 2143 63161 25 220 16 19 17 20 198 641 288 730 4110 25 220 16 15 15 18 198 49 2577 5891 42127 25 220 20 18 24 19 271 14582 25 3555 374 279 2615 2038 369 95557 2143 45111 288 5267 16141 25 576 2615 2038 369 95557 2143 45111 288 374 220 18 24 20 20	362
r157/wrong/q7	nll	6054 2038 19424 198 51 2780 80 40523 25 220 21 22 15 22 198 85384 40523 25 220 16 20 23 15 198 25406 10524 45111 288 25 220 19 22 24 20 198 39 33501 66945 14604 25 220 22 19 17 15 198 6953 57681 63161 25 220 22 17 19 19 198 57 5059 40523 25 220 21 24 24 21 198 50 1055 685 81781 25 220 19 16 23 16 198 45 1579 337 2143 45111 288 25 220 18 24 20 20 198 23950 404 36020 25 220 23 19 17 24 198 40645 685 95683 25 220 17 17 23 17 198 5066 5059 730 363 1127 6642 25 220 24 17 18 18 198 43 1561 1863 35010 1536 25 220 21 17 19 22 198 37152 300 69543 25 220 21 15 23 22 198 46 24513 75502 25 220 19 21 17 18 198 2269 52313 730 363 1127 6642 25 220 22 24 19 21 198 56 5059 66945 14604 25 220 19 19 15 17 198 50 1055 685 43229 83717 25 220 18 23 24 16 198 51 22267 730 363 1127 6642 25 220 23 22 22 18 198 1143 268 4620 585 25 220 16 15 21 24 198 94230 78 15687 19840 25 220 20 18 21 24 198 51 2780 80 1863 35010 1536 25 220 21 15 22 18 198 57 5059 45111 288 25 220 20 22 22 19 198 54 268 42127 25 220 21 16 22 21 198 39 3362 42127 25 220 17 16 23 21 198 35 1763 461 506 4554 1958 25 220 19 15 18 19 198 50 1055 685 1863 35010 1536 25 220 20 22 24 16 198 45 52831 65633 25 220 24 22 22 22 198 42 2143 63161 25 220 16 19 17 20 198 641 288 730 4110 25 220 16 15 15 18 198 49 2577 5891 42127 25 220 20 18 24 19 271 14582 25 3555 374 279 2615 2038 369 95557 2143 45111 288 5267 16141 25 576 2615 2038 369 95557 2143 45111 288 374 220 23 22 22 18	362
r158/gold/q8	nll	6054 2038 19424 198 2269 52313 61479 85 25 220 17 15 20 23 198 2304 10524 4620 585 25 220 21 23 18 18 198 43 1561 55520 25 220 20 20 15 19 198 2269 52313 95683 25 220 19 18 17 16 198 40645 685 64009 25 220 23 17 19 24 198 51 2780 80 17095 29048 25 220 23 23 18 17 198 6953 57681 81781 25 220 24 22 15 15 198 1143 268 61479 85 25 220 18 24 16 16 198 86543 81781 25 220 18 15 22 23 198 37152 300 472 718 329 25 220 19 19 23 21 198 42 2143 55520 25 220 19 17 16 20 198 51 2780 80 5540 25 220 17 18 21 20 198 86543 54407 25 220 16 24 23 15 198 51 22267 5540 25 220 17 24 22 20 198 94230 78 730 4110 25 220 16 15 18 18 198 46 24513 41041 25 220 16 16 24 21 198 46 24513 58750 25 220 20 22 17 20 198 67624 57153 25 220 16 24 20 23 198 28085 685 15687 19840 25 220 17 22 24 18 198 25406 10524 36020 25 220 16 16 24 15 198 36 48021 730 363 1127 6642 25 220 22 17 19 18 198 2269 52313 61916 25 220 16 21 22 21 198 49 11983 33554 56860 25 220 21 22 24 19 198 95347 54407 25 220 20 21 18 21 198 61686 43229 83717 25 220 20 22 22 23 198 37 67718 33554 56860 25 220 23 21 19 18 198 2269 52313 51194 25 220 18 24 20 23 198 2304 10524 51065 25 220 23 16 22 24 198 56 5059 5540 25 220 19 20 22 15 198 51 25496 42127 25 220 20 21 18 17 271 14582 25 3555 374 279 2615 2038 369 31071 81781 5267 16141 25 576 2615 2038 369 31071 81781 374 220 18 15 22 23	335
r158/wrong/q8	nll	6054 2038 19424 198 2269 52313 61479 85 25 220 17 15 20 23 198 2304 10524 4620 585 25 220 21 23 18 18 198 43 1561 55520 25 220 20 20 15 19 198 2269 52313 95683 25 220 19 18 17 16 198 40645 685 64009 25 220 23 17 19 24 198 51 2780 80 17095 29048 25 220 23 23 18 17 198 6953 57681 81781 25 220 24 22 15 15 198 1143 268 61479 85 25 220 18 24 16 16 198 86543 81781 25 220 18 15 22 23 198 37152 300 472 718 329 25 220 19 19 23 21 198 42 2143 55520 25 220 19 17 16 20 198 51 2780 80 5540 25 220 17 18 21 20 198 86543 54407 25 220 16 24 23 15 198 51 22267 5540 25 220 17 24 22 20 198 94230 78 730 4110 25 220 16 15 18 18 198 46 24513 41041 25 220 16 16 24 21 198 46 24513 58750 25 220 20 22 17 20 198 67624 57153 25 220 16 24 20 23 198 28085 685 15687 19840 25 220 17 22 24 18 198 25406 10524 36020 25 220 16 16 24 15 198 36 48021 730 363 1127 6642 25 220 22 17 19 18 198 2269 52313 61916 25 220 16 21 22 21 198 49 11983 33554 56860 25 220 21 22 24 19 198 95347 54407 25 220 20 21 18 21 198 61686 43229 83717 25 220 20 22 22 23 198 37 67718 33554 56860 25 220 23 21 19 18 198 2269 52313 51194 25 220 18 24 20 23 198 2304 10524 51065 25 220 23 16 22 24 198 56 5059 5540 25 220 19 20 22 15 198 51 25496 42127 25 220 20 21 18 17 271 14582 25 3555 374 279 2615 2038 369 31071 81781 5267 16141 25 576 2615 2038 369 31071 81781 374 220 18 24 16 16	335
r159/gold/q9	nll	6054 2038 19424 198 51 22267 65911 301 25 220 21 16 17 23 198 42 2143 64009 25 220 16 22 23 17 198 39 33501 61916 25 220 21 22 21 18 198 2269 321 1863 35010 1536 25 220 20 20 16 17 198 39 3362 55520 25 220 22 22 19 24 198 25406 10524 65503 25 220 23 24 19 17 198 61686 45111 288 25 220 16 22 17 23 198 51 25496 14741 49713 25 220 16 17 24 16 198 51 2780 80 63161 25 220 19 15 21 18 198 57 5059 29953 25 220 20 22 24 19 198 2304 10524 42127 25 220 19 22 15 19 198 56 355 1704 63161 25 220 21 22 15 18 198 2304 10524 41421 12660 25 220 16 20 22 17 198 50 1055 685 65911 301 25 220 16 21 16 21 198 95347 41421 12660 25 220 17 22 15 18 198 36125 269 41421 12660 25 220 24 18 17 21 198 2753 269 66945 14604 25 220 18 23 19 19 198 39 3362 64009 25 220 23 18 20 20 198 37 67718 85551 25 220 16 17 17 15 198 42 92023 37710 25 220 23 21 24 21 198 51 22267 64009 25 220 22 17 16 21 198 36125 269 64009 25 220 18 23 20 21 198 54 268 43229 83717 25 220 21 18 18 18 198 45 1579 337 2143 64009 25 220 16 22 23 15 198 45 1579 337 2143 63161 25 220 16 24 21 24 198 1143 268 65503 25 220 17 20 23 16 198 67624 65911 301 25 220 16 19 23 21 198 86543 97276 25 220 16 17 22 18 198 36 48021 43229 83717 25 220 22 19 21 22 198 11109 64 4620 585 25 220 19 17 19 15 271 14582 25 3555 374 279 2615 2038 369 1863 5059 29953 5267 16141 25 576 2615 2038 369 1863 5059 29953 374 220 20 22 24 19	343
r159/wrong/q9	nll	6054 2038 19424 198 51 22267 65911 301 25 220 21 16 17 23 198 42 2143 64009 25 220 16 22 23 17 198 39 33501 61916 25 220 21 22 21 18 198 2269 321 1863 35010 1536 25 220 20 20 16 17 198 39 3362 55520 25 220 22 22 19 24 198 25406 10524 65503 25 220 23 24 19 17 198 61686 45111 288 25 220 16 22 17 23 198 51 25496 14741 49713 25 220 16 17 24 16 198 51 2780 80 63161 25 220 19 15 21 18 198 57 5059 29953 25 220 20 22 24 19 198 2304 10524 42127 25 220 19 22 15 19 198 56 355 1704 63161 25 220 21 22 15 18 198 2304 10524 41421 12660 25 220 16 20 22 17 198 50 1055 685 65911 301 25 220 16 21 16 21 198 95347 41421 12660 25 220 17 22 15 18 198 36125 269 41421 12660 25 220 24 18 17 21 198 2753 269 66945 14604 25 220 18 23 19 19 198 39 3362 64009 25 220 23 18 20 20 198 37 67718 85551 25 220 16 17 17 15 198 42 92023 37710 25 220 23 21 24 21 198 51 22267 64009 25 220 22 17 16 21 198 36125 269 64009 25 220 18 23 20 21 198 54 268 43229 83717 25 220 21 18 18 18 198 45 1579 337 2143 64009 25 220 16 22 23 15 198 45 1579 337 2143 63161 25 220 16 24 21 24 198 1143 268 65503 25 220 17 20 23 16 198 67624 65911 301 25 220 16 19 23 21 198 86543 97276 25 220 16 17 22 18 198 36 48021 43229 83717 25 220 22 19 21 22 198 11109 64 4620 585 25 220 19 17 19 15 271 14582 25 3555 374 279 2615 2038 369 1863 5059 29953 5267 16141 25 576 2615 2038 369 1863 5059 29953 374 220 24 18 17 21	343
r160/gold/q10	nll	6054 2038 19424 198 51 22267 43229 83717 25 220 17 16 22 15 198 37152 300 37710 25 220 16 18 24 22 198 40645 685 76715 25 220 21 16 15 20 198 42 92023 85551 25 220 23 23 17 16 198 641 288 47623 25 220 17 17 19 24 198 2753 269 45111 288 25 220 24 17 24 22 198 86543 51065 25 220 17 16 21 24 198 11109 64 37710 25 220 18 19 20 15 198 42 92023 41421 12660 25 220 18 18 24 22 198 56 5059 37710 25 220 18 17 17 21 198 92499 54407 25 220 16 23 23 19 198 51 2780 80 506 4554 1958 25 220 17 22 17 22 198 39 33501 5540 25 220 23 23 20 20 198 5066 5059 40523 25 220 19 20 24 18 198 3430 2555 42127 25 220 24 24 16 17 198 1143 268 41421 12660 25 220 20 24 17 21 198 42 2143 61479 85 25 220 20 15 19 17 198 50 1055 685 85551 25 220 19 15 24 16 198 46 24513 64009 25 220 23 17 24 19 198 25406 10524 15687 19840 25 220 17 16 20 16 198 85384 76715 25 220 17 23 18 23 198 6091 5059 24548 13334 25 220 22 24 15 21 198 42 2143 17095 29048 25 220 17 18 16 23 198 25406 10524 65911 301 25 220 18 15 15 23 198 92878 7755 61916 25 220 16 16 16 15 198 94230 78 76069 25 220 18 17 15 22 198 86543 15687 19840 25 220 24 15 21 18 198 86543 17095 29048 25 220 19 22 18 23 198 92878 7755 57153 25 220 24 16 17 22 198 2753 269 36020 25 220 24 20 17 15 271 14582 25 3555 374 279 2615 2038 369 29297 54407 5267 16141 25 576 2615 2038 369 29297 54407 374 220 16 23 23 19	334
r160/wrong/q10	nll	6054 2038 19424 198 51 22267 43229 83717 25 220 17 16 22 15 198 37152 300 37710 25 220 16 18 24 22 198 40645 685 76715 25 220 21 16 15 20 198 42 92023 85551 25 220 23 23 17 16 198 641 288 47623 25 220 17 17 19 24 198 2753 269 45111 288 25 220 24 17 24 22 198 86543 51065 25 220 17 16 21 24 198 11109 64 37710 25 220 18 19 20 15 198 42 92023 41421 12660 25 220 18 18 24 22 198 56 5059 37710 25 220 18 17 17 21 198 92499 54407 25 220 16 23 23 19 198 51 2780 80 506 4554 1958 25 220 17 22 17 22 198 39 33501 5540 25 220 23 23 20 20 198 5066 5059 40523 25 220 19 20 24 18 198 3430 2555 42127 25 220 24 24 16 17 198 1143 268 41421 12660 25 220 20 24 17 21 198 42 2143 61479 85 25 220 20 15 19 17 198 50 1055 685 85551 25 220 19 15 24 16 198 46 24513 64009 25 220 23 17 24 19 198 25406 10524 15687 19840 25 220 17 16 20 16 198 85384 76715 25 220 17 23 18 23 198 6091 5059 24548 13334 25 220 22 24 15 21 198 42 2143 17095 29048 25 220 17 18 16 23 198 25406 10524 65911 301 25 220 18 15 15 23 198 92878 7755 61916 25 220 16 16 16 15 198 94230 78 76069 25 220 18 17 15 22 198 86543 15687 19840 25 220 24 15 21 18 198 86543 17095 29048 25 220 19 22 18 23 198 92878 7755 57153 25 220 24 16 17 22 198 2753 269 36020 25 220 24 20 17 15 271 14582 25 3555 374 279 2615 2038 369 29297 54407 5267 16141 25 576 2615 2038 369 29297 54407 374 220 24 15 21 18	334
r161/gold/q11	nll	6054 2038 19424 198 51 25496 85551 25 220 22 19 23 17 198 11109 64 43229 83717 25 220 24 17 19 17 198 56 355 1704 468 461 85261 25 220 19 21 20 24 198 46 24513 54407 25 220 22 16 18 21 198 95347 63221 25 220 20 23 17 16 198 57 4644 730 363 1127 6642 25 220 21 23 16 19 198 39 33501 40523 25 220 23 22 24 18 198 1143 268 65633 25 220 18 23 15 24 198 56 5059 97276 25 220 16 17 20 16 198 54 268 95683 25 220 18 15 19 19 198 85384 58750 25 220 22 17 20 16 198 6091 5059 506 4554 1958 25 220 24 23 18 15 198 37 67718 66945 14604 25 220 18 21 16 21 198 23950 404 61916 25 220 18 19 16 20 198 37 67718 24548 13334 25 220 16 17 23 19 198 37 67718 47623 25 220 22 18 17 23 198 85384 506 4554 1958 25 220 20 21 24 18 198 39 3362 61479 85 25 220 22 21 18 24 198 6953 57681 85551 25 220 17 24 17 24 198 39 33501 730 4110 25 220 21 20 21 18 198 45 52831 730 4110 25 220 21 15 20 22 198 50 1055 685 5540 25 220 18 15 23 18 198 86543 506 4554 1958 25 220 17 18 17 19 198 57 5059 75502 25 220 24 23 16 20 198 36 48021 57153 25 220 16 15 16 17 198 28085 685 65633 25 220 22 16 17 23 198 6091 5059 66945 14604 25 220 19 24 19 17 198 56 355 1704 55520 25 220 23 20 18 23 198 32887 1466 65911 301 25 220 18 17 23 15 198 2269 321 14741 49713 25 220 20 22 19 24 271 14582 25 3555 374 279 2615 2038 369 3303 5059 506 4554 1958 5267 16141 25 576 2615 2038 369 3303 5059 506 4554 1958 374 220 24 23 18 15	349
r161/wrong/q11	nll	6054 2038 19424 198 51 25496 85551 25 220 22 19 23 17 198 11109 64 43229 83717 25 220 24 17 19 17 198 56 355 1704 468 461 85261 25 220 19 21 20 24 198 46 24513 54407 25 220 22 16 18 21 198 95347 63221 25 220 20 23 17 16 198 57 4644 730 363 1127 6642 25 220 21 23 16 19 198 39 33501 40523 25 220 23 22 24 18 198 1143 268 65633 25 220 18 23 15 24 198 56 5059 97276 25 220 16 17 20 16 198 54 268 95683 25 220 18 15 19 19 198 85384 58750 25 220 22 17 20 16 198 6091 5059 506 4554 1958 25 220 24 23 18 15 198 37 67718 66945 14604 25 220 18 21 16 21 198 23950 404 61916 25 220 18 19 16 20 198 37 67718 24548 13334 25 220 16 17 23 19 198 37 67718 47623 25 220 22 18 17 23 198 85384 506 4554 1958 25 220 20 21 24 18 198 39 3362 61479 85 25 220 22 21 18 24 198 6953 57681 85551 25 220 17 24 17 24 198 39 33501 730 4110 25 220 21 20 21 18 198 45 52831 730 4110 25 220 21 15 20 22 198 50 1055 685 5540 25 220 18 15 23 18 198 86543 506 4554 1958 25 220 17 18 17 19 198 57 5059 75502 25 220 24 23 16 20 198 36 48021 57153 25 220 16 15 16 17 198 28085 685 65633 25 220 22 16 17 23 198 6091 5059 66945 14604 25 220 19 24 19 17 198 56 355 1704 55520 25 220 23 20 18 23 198 32887 1466 65911 301 25 220 18 17 23 15 198 2269 321 14741 49713 25 220 20 22 19 24 271 14582 25 3555 374 279 2615 2038 369 3303 5059 506 4554 1958 5267 16141 25 576 2615 2038 369 3303 5059 506 4554 1958 374 220 22 16 18 21	349
r162/gold/q12	nll	6054 2038 19424 198 51 25496 506 4554 1958 25 220 20 16 19 15 198 40645 685 42127 25 220 17 20 22 18 198 6953 57681 65633 25 220 23 19 21 24 198 42 92023 15687 19840 25 220 21 20 21 24 198 2304 10524 45111 288 25 220 24 20 20 24 198 45 1579 337 2143 27219 69578 380 25 220 18 22 21 20 198 3430 2555 29953 25 220 20 20 22 17 198 39 33501 468 461 85261 25 220 17 22 23 18 198 35 1763 461 27219 69578 380 25 220 21 19 22 22 198 32887 1466 81781 25 220 16 24 19 18 198 56 5059 97276 25 220 22 17 20 24 198 52 1728 647 17922 25 220 21 23 24 18 198 57 5059 27219 69578 380 25 220 20 15 15 16 198 67624 27219 69578 380 25 220 19 18 17 20 198 52 1728 66945 14604 25 220 17 17 20 22 198 1143 268 57153 25 220 16 22 16 15 198 37152 300 51065 25 220 19 24 17 24 198 49 11983 47623 25 220 21 21 20 19 198 42 2143 58750 25 220 22 24 16 21 198 641 288 43229 83717 25 220 24 17 15 15 198 2269 52313 65911 301 25 220 24 22 23 16 198 1143 268 14741 49713 25 220 24 23 22 20 198 28085 685 14741 49713 25 220 17 24 22 21 198 57 5059 58750 25 220 23 15 18 24 198 6091 5059 36020 25 220 23 15 16 24 198 2753 269 5540 25 220 16 18 21 22 198 11109 64 28392 25 220 24 16 24 19 198 67624 51194 25 220 17 19 17 18 198 67624 76715 25 220 21 21 22 15 198 45 52831 55520 25 220 23 18 23 16 271 14582 25 3555 374 279 2615 2038 369 1863 5059 27219 69578 380 5267 16141 25 576 2615 2038 369 1863 5059 27219 69578 380 374 220 20 15 15 16	350
r162/wrong/q12	nll	6054 2038 19424 198 51 25496 506 4554 1958 25 220 20 16 19 15 198 40645 685 42127 25 220 17 20 22 18 198 6953 57681 65633 25 220 23 19 21 24 198 42 92023 15687 19840 25 220 21 20 21 24 198 2304 10524 45111 288 25 220 24 20 20 24 198 45 1579 337 2143 27219 69578 380 25 220 18 22 21 20 198 3430 2555 29953 25 220 20 20 22 17 198 39 33501 468 461 85261 25 220 17 22 23 18 198 35 1763 461 27219 69578 380 25 220 21 19 22 22 198 32887 1466 81781 25 220 16 24 19 18 198 56 5059 97276 25 220 22 17 20 24 198 52 1728 647 17922 25 220 21 23 24 18 198 57 5059 27219 69578 380 25 220 20 15 15 16 198 67624 27219 69578 380 25 220 19 18 17 20 198 52 1728 66945 14604 25 220 17 17 20 22 198 1143 268 57153 25 220 16 22 16 15 198 37152 300 51065 25 220 19 24 17 24 198 49 11983 47623 25 220 21 21 20 19 198 42 2143 58750 25 220 22 24 16 21 198 641 288 43229 83717 25 220 24 17 15 15 198 2269 52313 65911 301 25 220 24 22 23 16 198 1143 268 14741 49713 25 220 24 23 22 20 198 28085 685 14741 49713 25 220 17 24 22 21 198 57 5059 58750 25 220 23 15 18 24 198 6091 5059 36020 25 220 23 15 16 24 198 2753 269 5540 25 220 16 18 21 22 198 11109 64 28392 25 220 24 16 24 19 198 67624 51194 25 220 17 19 17 18 198 67624 76715 25 220 21 21 22 15 198 45 52831 55520 25 220 23 18 23 16 271 14582 25 3555 374 279 2615 2038 369 1863 5059 27219 69578 380 5267 16141 25 576 2615 2038 369 1863 5059 27219 69578 380 374 220 23 18 23 16	350
r163/gold/q13	nll	6054 2038 19424 198 92878 7755 41421 12660 25 220 21 21 21 23 198 51 25496 97276 25 220 16 18 21 22 198 2269 52313 55520 25 220 16 24 21 17 198 46 24513 51194 25 220 24 20 19 18 198 2753 269 55520 25 220 18 20 15 20 198 5066 5059 40523 25 220 20 16 16 19 198 36 48021 28392 25 220 23 20 17 19 198 6091 5059 33554 56860 25 220 18 20 24 15 198 6953 57681 27219 69578 380 25 220 23 18 23 21 198 46 24513 61479 85 25 220 23 21 15 17 198 40 15649 75502 25 220 21 24 18 24 198 86543 95683 25 220 17 16 17 23 198 92878 7755 15687 19840 25 220 20 15 18 23 198 51 25496 61916 25 220 23 15 17 16 198 40 15649 65633 25 220 24 19 17 22 198 46 24513 4398 2863 25 220 22 23 16 23 198 57 5059 29953 25 220 22 18 19 19 198 25406 10524 730 4110 25 220 23 19 22 17 198 43 1561 43229 83717 25 220 23 16 18 24 198 49 2577 5891 4398 2863 25 220 20 24 23 20 198 51 25496 47623 25 220 17 22 24 23 198 94230 78 1863 35010 1536 25 220 23 17 18 21 198 11109 64 4620 585 25 220 24 24 15 20 198 50 1055 685 76069 25 220 24 19 23 24 198 40 15649 63221 25 220 24 15 15 16 198 51 25496 69543 25 220 18 20 18 17 198 40645 685 27219 69578 380 25 220 22 23 21 22 198 32887 1466 5540 25 220 21 22 17 15 198 49 11983 51065 25 220 22 18 16 19 198 45 52831 45111 288 25 220 24 18 19 16 271 14582 25 3555 374 279 2615 2038 369 350 25496 61916 5267 16141 25 576 2615 2038 369 350 25496 61916 374 220 23 15 17 16	343
r163/wrong/q13	nll	6054 2038 19424 198 92878 7755 41421 12660 25 220 21 21 21 23 198 51 25496 97276 25 220 16 18 21 22 198 2269 52313 55520 25 220 16 24 21 17 198 46 24513 51194 25 220 24 20 19 18 198 2753 269 55520 25 220 18 20 15 20 198 5066 5059 40523 25 220 20 16 16 19 198 36 48021 28392 25 220 23 20 17 19 198 6091 5059 33554 56860 25 220 18 20 24 15 198 6953 57681 27219 69578 380 25 220 23 18 23 21 198 46 24513 61479 85 25 220 23 21 15 17 198 40 15649 75502 25 220 21 24 18 24 198 86543 95683 25 220 17 16 17 23 198 92878 7755 15687 19840 25 220 20 15 18 23 198 51 25496 61916 25 220 23 15 17 16 198 40 15649 65633 25 220 24 19 17 22 198 46 24513 4398 2863 25 220 22 23 16 23 198 57 5059 29953 25 220 22 18 19 19 198 25406 10524 730 4110 25 220 23 19 22 17 198 43 1561 43229 83717 25 220 23 16 18 24 198 49 2577 5891 4398 2863 25 220 20 24 23 20 198 51 25496 47623 25 220 17 22 24 23 198 94230 78 1863 35010 1536 25 220 23 17 18 21 198 11109 64 4620 585 25 220 24 24 15 20 198 50 1055 685 76069 25 220 24 19 23 24 198 40 15649 63221 25 220 24 15 15 16 198 51 25496 69543 25 220 18 20 18 17 198 40645 685 27219 69578 380 25 220 22 23 21 22 198 32887 1466 5540 25 220 21 22 17 15 198 49 11983 51065 25 220 22 18 16 19 198 45 52831 45111 288 25 220 24 18 19 16 271 14582 25 3555 374 279 2615 2038 369 350 25496 61916 5267 16141 25 576 2615 2038 369 350 25496 61916 374 220 23 16 18 24	343
r164/gold/q14	nll	6054 2038 19424 198 37 67718 69543 25 220 23 20 24 17 198 92499 81781 25 220 20 17 18 21 198 39 33501 65633 25 220 16 19 20 17 198 37 67718 65911 301 25 220 17 22 19 20 198 23950 404 41041 25 220 20 18 17 16 198 39 3362 36020 25 220 20 16 22 24 198 25406 10524 1863 35010 1536 25 220 23 22 20 19 198 40645 685 468 461 85261 25 220 22 16 21 21 198 2269 52313 51065 25 220 16 17 15 24 198 36125 269 4620 585 25 220 16 20 22 24 198 49 11983 51194 25 220 19 19 19 19 198 32887 1466 61916 25 220 24 20 19 20 198 36 48021 51065 25 220 19 16 16 22 198 2269 52313 506 4554 1958 25 220 17 16 16 16 198 39 3362 51194 25 220 17 23 17 23 198 51 22267 95683 25 220 24 16 20 24 198 2304 10524 15687 19840 25 220 16 16 17 23 198 37 67718 97276 25 220 24 16 16 15 198 2753 269 65911 301 25 220 16 15 15 15 198 57 4644 64009 25 220 16 24 23 23 198 42 92023 63161 25 220 21 22 22 24 198 36 48021 65633 25 220 21 20 24 23 198 52 1728 43229 83717 25 220 19 22 15 18 198 11109 64 4398 2863 25 220 17 21 21 19 198 57 5059 47623 25 220 21 21 16 22 198 25406 10524 36020 25 220 18 22 17 24 198 40645 685 5540 25 220 23 17 15 22 198 56 355 1704 75502 25 220 19 18 23 19 198 49 2577 5891 1863 35010 1536 25 220 19 23 20 15 198 2304 10524 5540 25 220 18 21 20 20 271 14582 25 3555 374 279 2615 2038 369 472 3362 51194 5267 16141 25 576 2615 2038 369 472 3362 51194 374 220 17 23 17 23	341
r164/wrong/q14	nll	6054 2038 19424 198 37 67718 69543 25 220 23 20 24 17 198 92499 81781 25 220 20 17 18 21 198 39 33501 65633 25 220 16 19 20 17 198 37 67718 65911 301 25 220 17 22 19 20 198 23950 404 41041 25 220 20 18 17 16 198 39 3362 36020 25 220 20 16 22 24 198 25406 10524 1863 35010 1536 25 220 23 22 20 19 198 40645 685 468 461 85261 25 220 22 16 21 21 198 2269 52313 51065 25 220 16 17 15 24 198 36125 269 4620 585 25 220 16 20 22 24 198 49 11983 51194 25 220 19 19 19 19 198 32887 1466 61916 25 220 24 20 19 20 198 36 48021 51065 25 220 19 16 16 22 198 2269 52313 506 4554 1958 25 220 17 16 16 16 198 39 3362 51194 25 220 17 23 17 23 198 51 22267 95683 25 220 24 16 20 24 198 2304 10524 15687 19840 25 220 16 16 17 23 198 37 67718 97276 25 220 24 16 16 15 198 2753 269 65911 301 25 220 16 15 15 15 198 57 4644 64009 25 220 16 24 23 23 198 42 92023 63161 25 220 21 22 22 24 198 36 48021 65633 25 220 21 20 24 23 198 52 1728 43229 83717 25 220 19 22 15 18 198 11109 64 4398 2863 25 220 17 21 21 19 198 57 5059 47623 25 220 21 21 16 22 198 25406 10524 36020 25 220 18 22 17 24 198 40645 685 5540 25 220 23 17 15 22 198 56 355 1704 75502 25 220 19 18 23 19 198 49 2577 5891 1863 35010 1536 25 220 19 23 20 15 198 2304 10524 5540 25 220 18 21 20 20 271 14582 25 3555 374 279 2615 2038 369 472 3362 51194 5267 16141 25 576 2615 2038 369 472 3362 51194 374 220 19 18 23 19	341
r165/gold/q15	nll	6054 2038 19424 198 39 3362 28392 25 220 22 23 21 15 198 94230 78 28392 25 220 21 21 18 20 198 57 4644 63161 25 220 16 21 17 15 198 37 67718 51065 25 220 22 16 20 18 198 43 1561 41041 25 220 24 15 24 22 198 56 5059 647 17922 25 220 17 15 20 21 198 37 67718 29953 25 220 18 16 18 17 198 94230 78 57153 25 220 23 18 22 23 198 67624 730 4110 25 220 24 15 24 20 198 5066 5059 36020 25 220 23 16 22 18 198 37152 300 647 17922 25 220 17 17 19 15 198 5066 5059 647 17922 25 220 22 23 16 18 198 2304 10524 41041 25 220 18 16 19 19 198 50 1055 685 61916 25 220 24 18 17 17 198 52 1728 65503 25 220 20 15 18 15 198 54 268 76715 25 220 21 17 22 19 198 36 48021 33554 56860 25 220 20 16 20 20 198 85384 4620 585 25 220 18 23 24 18 198 6091 5059 66945 14604 25 220 21 15 16 24 198 2304 10524 64009 25 220 24 20 18 20 198 46 24513 14741 49713 25 220 22 24 18 23 198 37 67718 97276 25 220 18 21 15 23 198 56 5059 40523 25 220 18 22 17 21 198 49 2577 5891 81781 25 220 24 20 15 16 198 23950 404 647 17922 25 220 23 15 16 17 198 54 268 65633 25 220 20 19 23 16 198 35 1763 461 95683 25 220 16 22 23 20 198 42 92023 85551 25 220 21 22 21 17 198 28085 685 4620 585 25 220 21 17 22 17 198 3430 2555 65503 25 220 22 20 23 19 271 14582 25 3555 374 279 2615 2038 369 61223 76715 5267 16141 25 576 2615 2038 369 61223 76715 374 220 21 17 22 19	335
r165/wrong/q15	nll	6054 2038 19424 198 39 3362 28392 25 220 22 23 21 15 198 94230 78 28392 25 220 21 21 18 20 198 57 4644 63161 25 220 16 21 17 15 198 37 67718 51065 25 220 22 16 20 18 198 43 1561 41041 25 220 24 15 24 22 198 56 5059 647 17922 25 220 17 15 20 21 198 37 67718 29953 25 220 18 16 18 17 198 94230 78 57153 25 220 23 18 22 23 198 67624 730 4110 25 220 24 15 24 20 198 5066 5059 36020 25 220 23 16 22 18 198 37152 300 647 17922 25 220 17 17 19 15 198 5066 5059 647 17922 25 220 22 23 16 18 198 2304 10524 41041 25 220 18 16 19 19 198 50 1055 685 61916 25 220 24 18 17 17 198 52 1728 65503 25 220 20 15 18 15 198 54 268 76715 25 220 21 17 22 19 198 36 48021 33554 56860 25 220 20 16 20 20 198 85384 4620 585 25 220 18 23 24 18 198 6091 5059 66945 14604 25 220 21 15 16 24 198 2304 10524 64009 25 220 24 20 18 20 198 46 24513 14741 49713 25 220 22 24 18 23 198 37 67718 97276 25 220 18 21 15 23 198 56 5059 40523 25 220 18 22 17 21 198 49 2577 5891 81781 25 220 24 20 15 16 198 23950 404 647 17922 25 220 23 15 16 17 198 54 268 65633 25 220 20 19 23 16 198 35 1763 461 95683 25 220 16 22 23 20 198 42 92023 85551 25 220 21 22 21 17 198 28085 685 4620 585 25 220 21 17 22 17 198 3430 2555 65503 25 220 22 20 23 19 271 14582 25 3555 374 279 2615 2038 369 61223 76715 5267 16141 25 576 2615 2038 369 61223 76715 374 220 23 18 22 23	335
r166/gold/q16	nll	6054 2038 19424 198 6091 5059 14741 49713 25 220 24 21 17 18 198 40645 685 55520 25 220 22 19 17 22 198 92499 54407 25 220 21 18 15 20 198 49 11983 76715 25 220 23 17 16 17 198 23950 404 37710 25 220 16 17 22 24 198 85384 69543 25 220 24 18 21 24 198 45 52831 5540 25 220 17 24 21 23 198 641 288 33554 56860 25 220 24 17 23 21 198 40 15649 5540 25 220 16 21 17 24 198 2753 269 472 718 329 25 220 20 23 18 16 198 3430 2555 65503 25 220 24 23 22 18 198 11109 64 14741 49713 25 220 20 16 18 15 198 28085 685 29953 25 220 20 15 21 24 198 92499 1863 35010 1536 25 220 21 19 23 23 198 2304 10524 28392 25 220 21 17 15 22 198 52 1728 95683 25 220 20 18 24 22 198 85384 57153 25 220 22 16 19 17 198 3430 2555 97276 25 220 21 23 22 15 198 56 355 1704 472 718 329 25 220 24 16 24 24 198 39 33501 95683 25 220 17 20 20 24 198 32887 1466 33554 56860 25 220 23 24 19 21 198 2269 321 36020 25 220 18 24 19 15 198 37152 300 43229 83717 25 220 16 24 18 18 198 51 22267 33554 56860 25 220 18 24 20 18 198 2753 269 63221 25 220 23 17 18 15 198 641 288 5540 25 220 24 20 23 20 198 42 2143 27219 69578 380 25 220 19 22 21 22 198 36125 269 65633 25 220 21 17 15 18 198 2304 10524 58750 25 220 16 15 24 20 198 36 48021 61916 25 220 19 17 23 20 271 14582 25 3555 374 279 2615 2038 369 34181 57153 5267 16141 25 576 2615 2038 369 34181 57153 374 220 22 16 19 17	335
r166/wrong/q16	nll	6054 2038 19424 198 6091 5059 14741 49713 25 220 24 21 17 18 198 40645 685 55520 25 220 22 19 17 22 198 92499 54407 25 220 21 18 15 20 198 49 11983 76715 25 220 23 17 16 17 198 23950 404 37710 25 220 16 17 22 24 198 85384 69543 25 220 24 18 21 24 198 45 52831 5540 25 220 17 24 21 23 198 641 288 33554 56860 25 220 24 17 23 21 198 40 15649 5540 25 220 16 21 17 24 198 2753 269 472 718 329 25 220 20 23 18 16 198 3430 2555 65503 25 220 24 23 22 18 198 11109 64 14741 49713 25 220 20 16 18 15 198 28085 685 29953 25 220 20 15 21 24 198 92499 1863 35010 1536 25 220 21 19 23 23 198 2304 10524 28392 25 220 21 17 15 22 198 52 1728 95683 25 220 20 18 24 22 198 85384 57153 25 220 22 16 19 17 198 3430 2555 97276 25 220 21 23 22 15 198 56 355 1704 472 718 329 25 220 24 16 24 24 198 39 33501 95683 25 220 17 20 20 24 198 32887 1466 33554 56860 25 220 23 24 19 21 198 2269 321 36020 25 220 18 24 19 15 198 37152 300 43229 83717 25 220 16 24 18 18 198 51 22267 33554 56860 25 220 18 24 20 18 198 2753 269 63221 25 220 23 17 18 15 198 641 288 5540 25 220 24 20 23 20 198 42 2143 27219 69578 380 25 220 19 22 21 22 198 36125 269 65633 25 220 21 17 15 18 198 2304 10524 58750 25 220 16 15 24 20 198 36 48021 61916 25 220 19 17 23 20 271 14582 25 3555 374 279 2615 2038 369 34181 57153 5267 16141 25 576 2615 2038 369 34181 57153 374 220 20 15 21 24	335
r167/gold/q17	nll	6054 2038 19424 198 92878 7755 1863 35010 1536 25 220 18 17 20 20 198 36 48021 45111 288 25 220 22 18 16 20 198 54 268 55520 25 220 20 21 19 23 198 28085 685 4398 2863 25 220 17 24 24 19 198 36125 269 66945 14604 25 220 19 21 18 22 198 49 2577 5891 506 4554 1958 25 220 17 18 16 21 198 43 1561 647 17922 25 220 22 16 18 23 198 50 1055 685 42127 25 220 19 22 19 18 198 2753 269 66945 14604 25 220 17 22 16 24 198 36 48021 47623 25 220 17 19 17 19 198 92878 7755 28392 25 220 23 20 18 22 198 37 67718 36020 25 220 24 15 16 15 198 52 1728 75502 25 220 24 17 21 17 198 5066 5059 51065 25 220 22 18 21 21 198 92499 45111 288 25 220 20 22 23 23 198 36125 269 24548 13334 25 220 20 19 17 16 198 37152 300 63221 25 220 16 16 20 20 198 42 92023 61479 85 25 220 19 16 18 18 198 45 1579 337 2143 57153 25 220 21 18 21 23 198 641 288 57153 25 220 20 19 16 22 198 51 25496 472 718 329 25 220 22 19 19 17 198 43 1561 45111 288 25 220 21 19 18 16 198 49 2577 5891 41041 25 220 16 19 16 21 198 86543 41421 12660 25 220 21 24 20 24 198 85384 4398 2863 25 220 22 22 15 20 198 36 48021 54407 25 220 17 23 17 20 198 39 33501 5540 25 220 20 23 23 21 198 37 67718 61479 85 25 220 22 17 15 21 198 61686 61479 85 25 220 19 22 15 20 198 1143 268 27219 69578 380 25 220 23 17 15 18 271 14582 25 3555 374 279 2615 2038 369 730 92023 61479 85 5267 16141 25 576 2615 2038 369 730 92023 61479 85 374 220 19 16 18 18	350
r167/wrong/q17	nll	6054 2038 19424 198 92878 7755 1863 35010 1536 25 220 18 17 20 20 198 36 48021 45111 288 25 220 22 18 16 20 198 54 268 55520 25 220 20 21 19 23 198 28085 685 4398 2863 25 220 17 24 24 19 198 36125 269 66945 14604 25 220 19 21 18 22 198 49 2577 5891 506 4554 1958 25 220 17 18 16 21 198 43 1561 647 17922 25 220 22 16 18 23 198 50 1055 685 42127 25 220 19 22 19 18 198 2753 269 66945 14604 25 220 17 22 16 24 198 36 48021 47623 25 220 17 19 17 19 198 92878 7755 28392 25 220 23 20 18 22 198 37 67718 36020 25 220 24 15 16 15 198 52 1728 75502 25 220 24 17 21 17 198 5066 5059 51065 25 220 22 18 21 21 198 92499 45111 288 25 220 20 22 23 23 198 36125 269 24548 13334 25 220 20 19 17 16 198 37152 300 63221 25 220 16 16 20 20 198 42 92023 61479 85 25 220 19 16 18 18 198 45 1579 337 2143 57153 25 220 21 18 21 23 198 641 288 57153 25 220 20 19 16 22 198 51 25496 472 718 329 25 220 22 19 19 17 198 43 1561 45111 288 25 220 21 19 18 16 198 49 2577 5891 41041 25 220 16 19 16 21 198 86543 41421 12660 25 220 21 24 20 24 198 85384 4398 2863 25 220 22 22 15 20 198 36 48021 54407 25 220 17 23 17 20 198 39 33501 5540 25 220 20 23 23 21 198 37 67718 61479 85 25 220 22 17 15 21 198 61686 61479 85 25 220 19 22 15 20 198 1143 268 27219 69578 380 25 220 23 17 15 18 271 14582 25 3555 374 279 2615 2038 369 730 92023 61479 85 5267 16141 25 576 2615 2038 369 730 92023 61479 85 374 220 17 24 24 19	350
r168/gold/q18	nll	6054 2038 19424 198 35 1763 461 65503 25 220 23 20 22 20 198 61686 506 4554 1958 25 220 22 22 21 15 198 42 2143 47623 25 220 16 18 23 17 198 85384 28392 25 220 19 23 17 18 198 2269 52313 472 718 329 25 220 20 23 24 15 198 28085 685 65633 25 220 22 18 15 15 198 5066 5059 27219 69578 380 25 220 22 24 17 17 198 50 1055 685 506 4554 1958 25 220 23 23 18 20 198 2269 52313 65633 25 220 22 17 18 23 198 6091 5059 29953 25 220 17 17 19 23 198 2269 52313 730 4110 25 220 16 20 19 21 198 94230 78 33554 56860 25 220 24 20 15 23 198 56 5059 41421 12660 25 220 20 19 20 16 198 2269 52313 468 461 85261 25 220 18 20 24 18 198 92499 472 718 329 25 220 22 16 24 19 198 2269 321 33554 56860 25 220 21 22 15 17 198 94230 78 61479 85 25 220 21 17 22 22 198 5066 5059 36020 25 220 21 16 20 18 198 45 52831 47623 25 220 18 24 23 21 198 23950 404 47623 25 220 21 21 16 21 198 42 2143 63221 25 220 17 19 20 16 198 36125 269 63221 25 220 17 15 23 21 198 42 2143 76715 25 220 23 21 19 15 198 92878 7755 730 4110 25 220 19 15 15 19 198 51 25496 47623 25 220 16 24 17 24 198 46 24513 75502 25 220 24 15 21 17 198 2753 269 40523 25 220 23 18 19 18 198 43 1561 51194 25 220 20 18 20 17 198 86543 81781 25 220 22 18 23 17 198 85384 47623 25 220 21 15 20 23 271 14582 25 3555 374 279 2615 2038 369 34662 685 47623 5267 16141 25 576 2615 2038 369 34662 685 47623 374 220 18 24 23 21	341
r168/wrong/q18	nll	6054 2038 19424 198 35 1763 461 65503 25 220 23 20 22 20 198 61686 506 4554 1958 25 220 22 22 21 15 198 42 2143 47623 25 220 16 18 23 17 198 85384 28392 25 220 19 23 17 18 198 2269 52313 472 718 329 25 220 20 23 24 15 198 28085 685 65633 25 220 22 18 15 15 198 5066 5059 27219 69578 380 25 220 22 24 17 17 198 50 1055 685 506 4554 1958 25 220 23 23 18 20 198 2269 52313 65633 25 220 22 17 18 23 198 6091 5059 29953 25 220 17 17 19 23 198 2269 52313 730 4110 25 220 16 20 19 21 198 94230 78 33554 56860 25 220 24 20 15 23 198 56 5059 41421 12660 25 220 20 19 20 16 198 2269 52313 468 461 85261 25 220 18 20 24 18 198 92499 472 718 329 25 220 22 16 24 19 198 2269 321 33554 56860 25 220 21 22 15 17 198 94230 78 61479 85 25 220 21 17 22 22 198 5066 5059 36020 25 220 21 16 20 18 198 45 52831 47623 25 220 18 24 23 21 198 23950 404 47623 25 220 21 21 16 21 198 42 2143 63221 25 220 17 19 20 16 198 36125 269 63221 25 220 17 15 23 21 198 42 2143 76715 25 220 23 21 19 15 198 92878 7755 730 4110 25 220 19 15 15 19 198 51 25496 47623 25 220 16 24 17 24 198 46 24513 75502 25 220 24 15 21 17 198 2753 269 40523 25 220 23 18 19 18 198 43 1561 51194 25 220 20 18 20 17 198 86543 81781 25 220 22 18 23 17 198 85384 47623 25 220 21 15 20 23 271 14582 25 3555 374 279 2615 2038 369 34662 685 47623 5267 16141 25 576 2615 2038 369 34662 685 47623 374 220 21 15 20 23	341
r169/gold/q19	nll	6054 2038 19424 198 51 2780 80 33554 56860 25 220 19 21 18 19 198 6091 5059 17095 29048 25 220 19 18 20 24 198 2269 321 43229 83717 25 220 17 22 17 16 198 86543 75502 25 220 24 15 19 24 198 43 1561 61479 85 25 220 22 15 22 23 198 45 1579 337 2143 14741 49713 25 220 17 22 16 24 198 6953 57681 33554 56860 25 220 18 18 16 17 198 2304 10524 64009 25 220 16 17 21 17 198 37 67718 37710 25 220 22 24 16 21 198 57 5059 63221 25 220 20 23 16 23 198 85384 47623 25 220 22 17 24 19 198 46 24513 468 461 85261 25 220 19 23 20 16 198 51 22267 76715 25 220 16 21 17 20 198 95347 33554 56860 25 220 23 15 15 24 198 57 5059 54407 25 220 17 17 15 24 198 57 4644 647 17922 25 220 19 20 16 22 198 45 1579 337 2143 63221 25 220 19 22 20 17 198 95347 81781 25 220 21 17 23 18 198 49 2577 5891 51194 25 220 20 19 15 21 198 50 1055 685 97276 25 220 22 23 19 16 198 43 1561 97276 25 220 23 20 22 22 198 61686 65503 25 220 24 16 19 16 198 6091 5059 76715 25 220 24 23 20 21 198 2753 269 27219 69578 380 25 220 20 17 16 24 198 32887 1466 1863 35010 1536 25 220 20 15 15 21 198 85384 54407 25 220 20 17 21 17 198 25406 10524 36020 25 220 19 19 24 15 198 11109 64 730 363 1127 6642 25 220 23 15 15 23 198 36125 269 468 461 85261 25 220 17 23 18 17 198 61686 33554 56860 25 220 16 15 17 17 271 14582 25 3555 374 279 2615 2038 369 78563 97276 5267 16141 25 576 2615 2038 369 78563 97276 374 220 22 23 19 16	344
r169/wrong/q19	nll	6054 2038 19424 198 51 2780 80 33554 56860 25 220 19 21 18 19 198 6091 5059 17095 29048 25 220 19 18 20 24 198 2269 321 43229 83717 25 220 17 22 17 16 198 86543 75502 25 220 24 15 19 24 198 43 1561 61479 85 25 220 22 15 22 23 198 45 1579 337 2143 14741 49713 25 220 17 22 16 24 198 6953 57681 33554 56860 25 220 18 18 16 17 198 2304 10524 64009 25 220 16 17 21 17 198 37 67718 37710 25 220 22 24 16 21 198 57 5059 63221 25 220 20 23 16 23 198 85384 47623 25 220 22 17 24 19 198 46 24513 468 461 85261 25 220 19 23 20 16 198 51 22267 76715 25 220 16 21 17 20 198 95347 33554 56860 25 220 23 15 15 24 198 57 5059 54407 25 220 17 17 15 24 198 57 4644 647 17922 25 220 19 20 16 22 198 45 1579 337 2143 63221 25 220 19 22 20 17 198 95347 81781 25 220 21 17 23 18 198 49 2577 5891 51194 25 220 20 19 15 21 198 50 1055 685 97276 25 220 22 23 19 16 198 43 1561 97276 25 220 23 20 22 22 198 61686 65503 25 220 24 16 19 16 198 6091 5059 76715 25 220 24 23 20 21 198 2753 269 27219 69578 380 25 220 20 17 16 24 198 32887 1466 1863 35010 1536 25 220 20 15 15 21 198 85384 54407 25 220 20 17 21 17 198 25406 10524 36020 25 220 19 19 24 15 198 11109 64 730 363 1127 6642 25 220 23 15 15 23 198 36125 269 468 461 85261 25 220 17 23 18 17 198 61686 33554 56860 25 220 16 15 17 17 271 14582 25 3555 374 279 2615 2038 369 78563 97276 5267 16141 25 576 2615 2038 369 78563 97276 374 220 24 16 19 16	344
r170/gold/q20	nll	6054 2038 19424 198 86543 61916 25 220 23 23 18 23 198 49 11983 61916 25 220 19 18 23 19 198 11109 64 65503 25 220 17 20 24 19 198 35 1763 461 40523 25 220 24 20 20 22 198 86543 730 4110 25 220 21 22 24 24 198 39 3362 69543 25 220 19 19 18 18 198 2269 321 36020 25 220 20 19 24 18 198 2269 52313 51194 25 220 20 24 24 16 198 85384 55520 25 220 20 24 18 16 198 57 5059 58750 25 220 19 17 23 17 198 54 268 63161 25 220 20 16 21 24 198 51 2780 80 54407 25 220 17 23 15 16 198 45 52831 65633 25 220 20 19 21 21 198 85384 65503 25 220 21 22 17 15 198 39 3362 61916 25 220 23 24 19 15 198 95347 29953 25 220 18 24 22 22 198 45 52831 36020 25 220 23 16 18 24 198 3430 2555 61479 85 25 220 21 17 17 15 198 92878 7755 506 4554 1958 25 220 18 15 18 18 198 56 355 1704 647 17922 25 220 19 20 17 20 198 40 15649 27219 69578 380 25 220 24 15 17 15 198 50 1055 685 27219 69578 380 25 220 22 21 18 15 198 35 1763 461 4620 585 25 220 24 23 20 23 198 51 22267 54407 25 220 23 19 20 24 198 45 1579 337 2143 81781 25 220 18 19 21 19 198 42 2143 4398 2863 25 220 23 21 19 16 198 51 22267 81781 25 220 17 22 24 19 198 2269 52313 41421 12660 25 220 24 24 18 20 198 54 268 15687 19840 25 220 22 18 20 17 198 51 22267 28392 25 220 19 20 21 16 271 14582 25 3555 374 279 2615 2038 369 41421 27219 69578 380 5267 16141 25 576 2615 2038 369 41421 27219 69578 380 374 220 24 15 17 15	343
r170/wrong/q20	nll	6054 2038 19424 198 86543 61916 25 220 23 23 18 23 198 49 11983 61916 25 220 19 18 23 19 198 11109 64 65503 25 220 17 20 24 19 198 35 1763 461 40523 25 220 24 20 20 22 198 86543 730 4110 25 220 21 22 24 24 198 39 3362 69543 25 220 19 19 18 18 198 2269 321 36020 25 220 20 19 24 18 198 2269 52313 51194 25 220 20 24 24 16 198 85384 55520 25 220 20 24 18 16 198 57 5059 58750 25 220 19 17 23 17 198 54 268 63161 25 220 20 16 21 24 198 51 2780 80 54407 25 220 17 23 15 16 198 45 52831 65633 25 220 20 19 21 21 198 85384 65503 25 220 21 22 17 15 198 39 3362 61916 25 220 23 24 19 15 198 95347 29953 25 220 18 24 22 22 198 45 52831 36020 25 220 23 16 18 24 198 3430 2555 61479 85 25 220 21 17 17 15 198 92878 7755 506 4554 1958 25 220 18 15 18 18 198 56 355 1704 647 17922 25 220 19 20 17 20 198 40 15649 27219 69578 380 25 220 24 15 17 15 198 50 1055 685 27219 69578 380 25 220 22 21 18 15 198 35 1763 461 4620 585 25 220 24 23 20 23 198 51 22267 54407 25 220 23 19 20 24 198 45 1579 337 2143 81781 25 220 18 19 21 19 198 42 2143 4398 2863 25 220 23 21 19 16 198 51 22267 81781 25 220 17 22 24 19 198 2269 52313 41421 12660 25 220 24 24 18 20 198 54 268 15687 19840 25 220 22 18 20 17 198 51 22267 28392 25 220 19 20 21 16 271 14582 25 3555 374 279 2615 2038 369 41421 27219 69578 380 5267 16141 25 576 2615 2038 369 41421 27219 69578 380 374 220 17 22 24 19	343
r171/gold/q21	nll	6054 2038 19424 198 54 268 41041 25 220 18 16 17 20 198 2304 10524 33554 56860 25 220 18 15 22 16 198 28085 685 66945 14604 25 220 16 16 24 19 198 39 33501 97276 25 220 20 17 17 24 198 39 33501 76715 25 220 21 17 18 20 198 52 1728 85551 25 220 16 23 17 19 198 23950 404 69543 25 220 16 22 22 20 198 11109 64 730 4110 25 220 17 17 19 21 198 92499 29953 25 220 22 17 15 19 198 2753 269 69543 25 220 18 23 15 19 198 45 52831 43229 83717 25 220 17 22 22 23 198 6091 5059 63221 25 220 20 24 17 18 198 11109 64 647 17922 25 220 20 21 24 17 198 51 2780 80 45111 288 25 220 19 24 20 17 198 42 2143 76069 25 220 21 21 23 20 198 54 268 55520 25 220 23 24 20 15 198 42 92023 61916 25 220 20 20 15 17 198 36125 269 63221 25 220 23 20 15 22 198 1143 268 57153 25 220 18 17 16 15 198 35 1763 461 69543 25 220 19 17 23 16 198 46 24513 4620 585 25 220 19 15 22 20 198 23950 404 75502 25 220 17 19 23 16 198 2304 10524 45111 288 25 220 16 19 15 19 198 45 52831 58750 25 220 16 19 20 20 198 37152 300 47623 25 220 22 21 19 21 198 51 22267 65911 301 25 220 21 15 21 21 198 36125 269 1863 35010 1536 25 220 18 22 19 20 198 2753 269 28392 25 220 24 22 18 17 198 6953 57681 472 718 329 25 220 16 24 21 23 198 32887 1466 37710 25 220 22 24 23 18 271 14582 25 3555 374 279 2615 2038 369 8224 404 75502 5267 16141 25 576 2615 2038 369 8224 404 75502 374 220 17 19 23 16	340
r171/wrong/q21	nll	6054 2038 19424 198 54 268 41041 25 220 18 16 17 20 198 2304 10524 33554 56860 25 220 18 15 22 16 198 28085 685 66945 14604 25 220 16 16 24 19 198 39 33501 97276 25 220 20 17 17 24 198 39 33501 76715 25 220 21 17 18 20 198 52 1728 85551 25 220 16 23 17 19 198 23950 404 69543 25 220 16 22 22 20 198 11109 64 730 4110 25 220 17 17 19 21 198 92499 29953 25 220 22 17 15 19 198 2753 269 69543 25 220 18 23 15 19 198 45 52831 43229 83717 25 220 17 22 22 23 198 6091 5059 63221 25 220 20 24 17 18 198 11109 64 647 17922 25 220 20 21 24 17 198 51 2780 80 45111 288 25 220 19 24 20 17 198 42 2143 76069 25 220 21 21 23 20 198 54 268 55520 25 220 23 24 20 15 198 42 92023 61916 25 220 20 20 15 17 198 36125 269 63221 25 220 23 20 15 22 198 1143 268 57153 25 220 18 17 16 15 198 35 1763 461 69543 25 220 19 17 23 16 198 46 24513 4620 585 25 220 19 15 22 20 198 23950 404 75502 25 220 17 19 23 16 198 2304 10524 45111 288 25 220 16 19 15 19 198 45 52831 58750 25 220 16 19 20 20 198 37152 300 47623 25 220 22 21 19 21 198 51 22267 65911 301 25 220 21 15 21 21 198 36125 269 1863 35010 1536 25 220 18 22 19 20 198 2753 269 28392 25 220 24 22 18 17 198 6953 57681 472 718 329 25 220 16 24 21 23 198 32887 1466 37710 25 220 22 24 23 18 271 14582 25 3555 374 279 2615 2038 369 8224 404 75502 5267 16141 25 576 2615 2038 369 8224 404 75502 374 220 16 19 20 20	340
r172/gold/q22	nll	6054 2038 19424 198 85384 61916 25 220 19 20 15 20 198 49 2577 5891 29953 25 220 16 22 22 22 198 51 25496 66945 14604 25 220 21 15 24 19 198 45 1579 337 2143 58750 25 220 16 23 16 17 198 11109 64 54407 25 220 22 22 18 24 198 92499 69543 25 220 21 24 18 24 198 40645 685 69543 25 220 20 24 15 20 198 54 268 65503 25 220 22 15 21 16 198 51 22267 14741 49713 25 220 18 19 18 20 198 6091 5059 41041 25 220 19 21 22 23 198 2304 10524 75502 25 220 16 21 22 17 198 42 2143 40523 25 220 20 19 15 16 198 2753 269 28392 25 220 17 19 19 20 198 11109 64 75502 25 220 22 18 22 19 198 94230 78 76069 25 220 24 16 18 20 198 2269 321 55520 25 220 19 24 20 16 198 37152 300 64009 25 220 18 19 21 17 198 36 48021 65503 25 220 21 22 18 17 198 23950 404 57153 25 220 20 17 22 23 198 39 3362 14741 49713 25 220 16 23 24 18 198 32887 1466 45111 288 25 220 24 17 23 20 198 85384 65911 301 25 220 17 23 24 24 198 1143 268 42127 25 220 18 24 18 20 198 11109 64 76069 25 220 16 17 18 20 198 28085 685 4620 585 25 220 17 17 19 19 198 52 1728 61916 25 220 18 15 21 22 198 42 2143 57153 25 220 20 24 18 15 198 2269 52313 24548 13334 25 220 21 23 24 16 198 92878 7755 95683 25 220 18 23 23 24 198 85384 45111 288 25 220 22 20 15 18 271 14582 25 3555 374 279 2615 2038 369 24495 42127 5267 16141 25 576 2615 2038 369 24495 42127 374 220 18 24 18 20	331
r172/wrong/q22	nll	6054 2038 19424 198 85384 61916 25 220 19 20 15 20 198 49 2577 5891 29953 25 220 16 22 22 22 198 51 25496 66945 14604 25 220 21 15 24 19 198 45 1579 337 2143 58750 25 220 16 23 16 17 198 11109 64 54407 25 220 22 22 18 24 198 92499 69543 25 220 21 24 18 24 198 40645 685 69543 25 220 20 24 15 20 198 54 268 65503 25 220 22 15 21 16 198 51 22267 14741 49713 25 220 18 19 18 20 198 6091 5059 41041 25 220 19 21 22 23 198 2304 10524 75502 25 220 16 21 22 17 198 42 2143 40523 25 220 20 19 15 16 198 2753 269 28392 25 220 17 19 19 20 198 11109 64 75502 25 220 22 18 22 19 198 94230 78 76069 25 220 24 16 18 20 198 2269 321 55520 25 220 19 24 20 16 198 37152 300 64009 25 220 18 19 21 17 198 36 48021 65503 25 220 21 22 18 17 198 23950 404 57153 25 220 20 17 22 23 198 39 3362 14741 49713 25 220 16 23 24 18 198 32887 1466 45111 288 25 220 24 17 23 20 198 85384 65911 301 25 220 17 23 24 24 198 1143 268 42127 25 220 18 24 18 20 198 11109 64 76069 25 220 16 17 18 20 198 28085 685 4620 585 25 220 17 17 19 19 198 52 1728 61916 25 220 18 15 21 22 198 42 2143 57153 25 220 20 24 18 15 198 2269 52313 24548 13334 25 220 21 23 24 16 198 92878 7755 95683 25 220 18 23 23 24 198 85384 45111 288 25 220 22 20 15 18 271 14582 25 3555 374 279 2615 2038 369 24495 42127 5267 16141 25 576 2615 2038 369 24495 42127 374 220 21 24 18 24	331
r173/gold/q23	nll	6054 2038 19424 198 5066 5059 24548 13334 25 220 23 21 19 24 198 94230 78 17095 29048 25 220 16 17 15 20 198 86543 14741 49713 25 220 24 16 23 23 198 43 1561 63221 25 220 16 15 21 18 198 45 1579 337 2143 1863 35010 1536 25 220 19 17 20 22 198 95347 5540 25 220 16 17 21 21 198 56 355 1704 472 718 329 25 220 16 20 24 18 198 40645 685 65633 25 220 18 17 15 21 198 6953 57681 28392 25 220 19 15 19 18 198 6953 57681 58750 25 220 23 20 22 15 198 2304 10524 506 4554 1958 25 220 17 18 17 23 198 37 67718 647 17922 25 220 19 21 15 24 198 52 1728 33554 56860 25 220 20 23 15 18 198 49 2577 5891 506 4554 1958 25 220 16 23 20 24 198 86543 85551 25 220 23 19 18 15 198 6091 5059 24548 13334 25 220 16 17 16 20 198 51 2780 80 61916 25 220 16 23 15 21 198 39 33501 61916 25 220 20 21 17 24 198 54 268 27219 69578 380 25 220 16 21 24 23 198 51 2780 80 27219 69578 380 25 220 20 19 20 22 198 52 1728 81781 25 220 23 18 16 21 198 56 5059 58750 25 220 17 20 19 20 198 2304 10524 61479 85 25 220 22 18 20 16 198 36125 269 75502 25 220 20 16 21 17 198 40645 685 15687 19840 25 220 23 17 19 16 198 45 52831 28392 25 220 20 23 18 15 198 2304 10524 85551 25 220 23 17 23 22 198 40645 685 41421 12660 25 220 18 23 23 17 198 50 1055 685 647 17922 25 220 20 24 16 20 198 85384 15687 19840 25 220 21 24 16 23 271 14582 25 3555 374 279 2615 2038 369 32312 75502 5267 16141 25 576 2615 2038 369 32312 75502 374 220 20 16 21 17	350
r173/wrong/q23	nll	6054 2038 19424 198 5066 5059 24548 13334 25 220 23 21 19 24 198 94230 78 17095 29048 25 220 16 17 15 20 198 86543 14741 49713 25 220 24 16 23 23 198 43 1561 63221 25 220 16 15 21 18 198 45 1579 337 2143 1863 35010 1536 25 220 19 17 20 22 198 95347 5540 25 220 16 17 21 21 198 56 355 1704 472 718 329 25 220 16 20 24 18 198 40645 685 65633 25 220 18 17 15 21 198 6953 57681 28392 25 220 19 15 19 18 198 6953 57681 58750 25 220 23 20 22 15 198 2304 10524 506 4554 1958 25 220 17 18 17 23 198 37 67718 647 17922 25 220 19 21 15 24 198 52 1728 33554 56860 25 220 20 23 15 18 198 49 2577 5891 506 4554 1958 25 220 16 23 20 24 198 86543 85551 25 220 23 19 18 15 198 6091 5059 24548 13334 25 220 16 17 16 20 198 51 2780 80 61916 25 220 16 23 15 21 198 39 33501 61916 25 220 20 21 17 24 198 54 268 27219 69578 380 25 220 16 21 24 23 198 51 2780 80 27219 69578 380 25 220 20 19 20 22 198 52 1728 81781 25 220 23 18 16 21 198 56 5059 58750 25 220 17 20 19 20 198 2304 10524 61479 85 25 220 22 18 20 16 198 36125 269 75502 25 220 20 16 21 17 198 40645 685 15687 19840 25 220 23 17 19 16 198 45 52831 28392 25 220 20 23 18 15 198 2304 10524 85551 25 220 23 17 23 22 198 40645 685 41421 12660 25 220 18 23 23 17 198 50 1055 685 647 17922 25 220 20 24 16 20 198 85384 15687 19840 25 220 21 24 16 23 271 14582 25 3555 374 279 2615 2038 369 32312 75502 5267 16141 25 576 2615 2038 369 32312 75502 374 220 20 23 18 15	350
r174/gold/q24	nll	6054 2038 19424 198 35 1763 461 69543 25 220 16 17 16 18 198 2304 10524 33554 56860 25 220 24 19 24 15 198 35 1763 461 43229 83717 25 220 20 17 18 20 198 2269 52313 54407 25 220 19 17 15 17 198 45 52831 66945 14604 25 220 24 19 17 23 198 1143 268 66945 14604 25 220 23 24 18 15 198 56 355 1704 33554 56860 25 220 19 18 16 21 198 95347 75502 25 220 24 24 17 24 198 67624 51065 25 220 23 15 22 17 198 6953 57681 4398 2863 25 220 24 21 20 20 198 42 2143 69543 25 220 19 22 16 16 198 42 92023 61479 85 25 220 22 23 21 21 198 51 22267 64009 25 220 20 24 24 23 198 5066 5059 41041 25 220 16 19 20 24 198 51 25496 472 718 329 25 220 19 21 23 18 198 36 48021 76069 25 220 18 19 17 23 198 45 52831 65911 301 25 220 23 21 15 20 198 50 1055 685 63221 25 220 22 15 24 24 198 54 268 4620 585 25 220 22 17 16 24 198 40 15649 4398 2863 25 220 18 19 23 19 198 56 355 1704 63221 25 220 18 19 15 18 198 23950 404 41421 12660 25 220 17 22 17 20 198 43 1561 41041 25 220 20 17 23 23 198 94230 78 40523 25 220 17 20 23 24 198 42 2143 27219 69578 380 25 220 24 23 19 16 198 56 5059 76069 25 220 19 20 16 15 198 56 5059 51194 25 220 17 20 21 17 198 92878 7755 81781 25 220 16 23 18 20 198 6091 5059 69543 25 220 19 19 20 16 198 49 2577 5891 730 4110 25 220 16 16 19 22 271 14582 25 3555 374 279 2615 2038 369 50610 27219 69578 380 5267 16141 25 576 2615 2038 369 50610 27219 69578 380 374 220 24 23 19 16	348
r174/wrong/q24	nll	6054 2038 19424 198 35 1763 461 69543 25 220 16 17 16 18 198 2304 10524 33554 56860 25 220 24 19 24 15 198 35 1763 461 43229 83717 25 220 20 17 18 20 198 2269 52313 54407 25 220 19 17 15 17 198 45 52831 66945 14604 25 220 24 19 17 23 198 1143 268 66945 14604 25 220 23 24 18 15 198 56 355 1704 33554 56860 25 220 19 18 16 21 198 95347 75502 25 220 24 24 17 24 198 67624 51065 25 220 23 15 22 17 198 6953 57681 4398 2863 25 220 24 21 20 20 198 42 2143 69543 25 220 19 22 16 16 198 42 92023 61479 85 25 220 22 23 21 21 198 51 22267 64009 25 220 20 24 24 23 198 5066 5059 41041 25 220 16 19 20 24 198 51 25496 472 718 329 25 220 19 21 23 18 198 36 48021 76069 25 220 18 19 17 23 198 45 52831 65911 301 25 220 23 21 15 20 198 50 1055 685 63221 25 220 22 15 24 24 198 54 268 4620 585 25 220 22 17 16 24 198 40 15649 4398 2863 25 220 18 19 23 19 198 56 355 1704 63221 25 220 18 19 15 18 198 23950 404 41421 12660 25 220 17 22 17 20 198 43 1561 41041 25 220 20 17 23 23 198 94230 78 40523 25 220 17 20 23 24 198 42 2143 27219 69578 380 25 220 24 23 19 16 198 56 5059 76069 25 220 19 20 16 15 198 56 5059 51194 25 220 17 20 21 17 198 92878 7755 81781 25 220 16 23 18 20 198 6091 5059 69543 25 220 19 19 20 16 198 49 2577 5891 730 4110 25 220 16 16 19 22 271 14582 25 3555 374 279 2615 2038 369 50610 27219 69578 380 5267 16141 25 576 2615 2038 369 50610 27219 69578 380 374 220 18 19 15 18	348
r175/gold/q25	nll	6054 2038 19424 198 11109 64 54407 25 220 17 20 21 15 198 39 33501 14741 49713 25 220 23 19 24 23 198 51 22267 57153 25 220 19 24 24 23 198 2753 269 472 718 329 25 220 18 21 15 18 198 37152 300 85551 25 220 23 20 21 18 198 86543 65503 25 220 17 24 18 16 198 23950 404 63221 25 220 19 19 20 23 198 11109 64 81781 25 220 18 15 23 15 198 6953 57681 61479 85 25 220 24 22 18 22 198 57 5059 41041 25 220 21 24 17 16 198 43 1561 65911 301 25 220 22 15 24 19 198 2304 10524 43229 83717 25 220 23 15 15 20 198 2753 269 65503 25 220 16 19 24 24 198 46 24513 15687 19840 25 220 24 20 16 17 198 85384 33554 56860 25 220 20 16 19 17 198 39 33501 47623 25 220 18 23 18 21 198 23950 404 57153 25 220 24 22 16 18 198 51 22267 4398 2863 25 220 20 17 20 23 198 37 67718 61479 85 25 220 17 20 22 21 198 49 11983 61916 25 220 22 21 16 17 198 5066 5059 17095 29048 25 220 19 15 18 22 198 57 4644 43229 83717 25 220 21 19 24 19 198 49 2577 5891 14741 49713 25 220 18 16 23 20 198 23950 404 472 718 329 25 220 22 17 21 15 198 45 1579 337 2143 37710 25 220 22 16 19 15 198 35 1763 461 76069 25 220 16 18 15 24 198 61686 95683 25 220 21 21 16 22 198 57 4644 45111 288 25 220 21 21 23 20 198 42 92023 65503 25 220 23 16 17 17 198 57 5059 43229 83717 25 220 19 17 15 17 271 14582 25 3555 374 279 2615 2038 369 66121 461 76069 5267 16141 25 576 2615 2038 369 66121 461 76069 374 220 16 18 15 24	344
r175/wrong/q25	nll	6054 2038 19424 198 11109 64 54407 25 220 17 20 21 15 198 39 33501 14741 49713 25 220 23 19 24 23 198 51 22267 57153 25 220 19 24 24 23 198 2753 269 472 718 329 25 220 18 21 15 18 198 37152 300 85551 25 220 23 20 21 18 198 86543 65503 25 220 17 24 18 16 198 23950 404 63221 25 220 19 19 20 23 198 11109 64 81781 25 220 18 15 23 15 198 6953 57681 61479 85 25 220 24 22 18 22 198 57 5059 41041 25 220 21 24 17 16 198 43 1561 65911 301 25 220 22 15 24 19 198 2304 10524 43229 83717 25 220 23 15 15 20 198 2753 269 65503 25 220 16 19 24 24 198 46 24513 15687 19840 25 220 24 20 16 17 198 85384 33554 56860 25 220 20 16 19 17 198 39 33501 47623 25 220 18 23 18 21 198 23950 404 57153 25 220 24 22 16 18 198 51 22267 4398 2863 25 220 20 17 20 23 198 37 67718 61479 85 25 220 17 20 22 21 198 49 11983 61916 25 220 22 21 16 17 198 5066 5059 17095 29048 25 220 19 15 18 22 198 57 4644 43229 83717 25 220 21 19 24 19 198 49 2577 5891 14741 49713 25 220 18 16 23 20 198 23950 404 472 718 329 25 220 22 17 21 15 198 45 1579 337 2143 37710 25 220 22 16 19 15 198 35 1763 461 76069 25 220 16 18 15 24 198 61686 95683 25 220 21 21 16 22 198 57 4644 45111 288 25 220 21 21 23 20 198 42 92023 65503 25 220 23 16 17 17 198 57 5059 43229 83717 25 220 19 17 15 17 271 14582 25 3555 374 279 2615 2038 369 66121 461 76069 5267 16141 25 576 2615 2038 369 66121 461 76069 374 220 23 15 15 20	344
r176/gold/q26	nll	6054 2038 19424 198 1143 268 69543 25 220 17 17 22 17 198 40 15649 65633 25 220 16 16 24 19 198 25406 10524 37710 25 220 19 21 17 22 198 39 3362 730 363 1127 6642 25 220 20 18 24 20 198 2753 269 730 363 1127 6642 25 220 22 16 22 20 198 42 2143 37710 25 220 18 16 17 21 198 5066 5059 24548 13334 25 220 19 16 20 15 198 40645 685 4620 585 25 220 17 24 19 17 198 25406 10524 14741 49713 25 220 18 21 15 16 198 2753 269 76069 25 220 22 23 19 20 198 32887 1466 69543 25 220 19 20 19 23 198 25406 10524 36020 25 220 17 24 17 17 198 5066 5059 468 461 85261 25 220 23 16 17 17 198 52 1728 45111 288 25 220 16 16 17 24 198 37152 300 468 461 85261 25 220 16 15 21 16 198 37 67718 61479 85 25 220 17 21 23 24 198 45 1579 337 2143 730 363 1127 6642 25 220 18 20 18 19 198 54 268 97276 25 220 19 22 17 15 198 641 288 51194 25 220 23 19 15 24 198 2269 321 27219 69578 380 25 220 17 17 16 21 198 32887 1466 14741 49713 25 220 19 19 19 17 198 45 52831 51065 25 220 22 18 22 24 198 45 52831 51194 25 220 22 22 24 20 198 28085 685 730 363 1127 6642 25 220 22 19 22 24 198 42 2143 81781 25 220 17 17 24 17 198 39 3362 24548 13334 25 220 23 20 23 19 198 46 24513 57153 25 220 22 16 18 24 198 56 355 1704 58750 25 220 20 21 15 18 198 57 5059 647 17922 25 220 21 22 20 16 198 39 3362 81781 25 220 21 15 17 21 271 14582 25 3555 374 279 2615 2038 369 30697 57153 5267 16141 25 576 2615 2038 369 30697 57153 374 220 22 16 18 24	353
r176/wrong/q26	nll	6054 2038 19424 198 1143 268 69543 25 220 17 17 22 17 198 40 15649 65633 25 220 16 16 24 19 198 25406 10524 37710 25 220 19 21 17 22 198 39 3362 730 363 1127 6642 25 220 20 18 24 20 198 2753 269 730 363 1127 6642 25 220 22 16 22 20 198 42 2143 37710 25 220 18 16 17 21 198 5066 5059 24548 13334 25 220 19 16 20 15 198 40645 685 4620 585 25 220 17 24 19 17 198 25406 10524 14741 49713 25 220 18 21 15 16 198 2753 269 76069 25 220 22 23 19 20 198 32887 1466 69543 25 220 19 20 19 23 198 25406 10524 36020 25 220 17 24 17 17 198 5066 5059 468 461 85261 25 220 23 16 17 17 198 52 1728 45111 288 25 220 16 16 17 24 198 37152 300 468 461 85261 25 220 16 15 21 16 198 37 67718 61479 85 25 220 17 21 23 24 198 45 1579 337 2143 730 363 1127 6642 25 220 18 20 18 19 198 54 268 97276 25 220 19 22 17 15 198 641 288 51194 25 220 23 19 15 24 198 2269 321 27219 69578 380 25 220 17 17 16 21 198 32887 1466 14741 49713 25 220 19 19 19 17 198 45 52831 51065 25 220 22 18 22 24 198 45 52831 51194 25 220 22 22 24 20 198 28085 685 730 363 1127 6642 25 220 22 19 22 24 198 42 2143 81781 25 220 17 17 24 17 198 39 3362 24548 13334 25 220 23 20 23 19 198 46 24513 57153 25 220 22 16 18 24 198 56 355 1704 58750 25 220 20 21 15 18 198 57 5059 647 17922 25 220 21 22 20 16 198 39 3362 81781 25 220 21 15 17 21 271 14582 25 3555 374 279 2615 2038 369 30697 57153 5267 16141 25 576 2615 2038 369 30697 57153 374 220 19 19 19 17	353
r177/gold/q27	nll	6054 2038 19424 198 641 288 15687 19840 25 220 20 24 15 22 198 57 5059 33554 56860 25 220 24 22 23 20 198 92499 81781 25 220 17 23 19 19 198 51 25496 76069 25 220 21 16 16 16 198 37152 300 57153 25 220 18 19 18 19 198 39 33501 58750 25 220 22 17 23 18 198 1143 268 97276 25 220 18 21 16 20 198 50 1055 685 66945 14604 25 220 22 19 19 23 198 641 288 65633 25 220 17 15 21 22 198 42 2143 41041 25 220 21 24 22 22 198 28085 685 4398 2863 25 220 24 17 18 22 198 6953 57681 65633 25 220 21 24 15 22 198 36 48021 33554 56860 25 220 17 21 21 21 198 51 25496 51065 25 220 20 19 18 22 198 52 1728 76715 25 220 17 21 20 18 198 92878 7755 85551 25 220 17 24 24 15 198 6091 5059 57153 25 220 17 17 15 18 198 37 67718 76715 25 220 17 22 17 16 198 54 268 37710 25 220 24 15 22 18 198 1143 268 51065 25 220 17 17 19 22 198 92878 7755 41421 12660 25 220 22 19 18 19 198 39 33501 75502 25 220 16 23 21 22 198 2753 269 4620 585 25 220 23 19 17 15 198 6091 5059 472 718 329 25 220 22 22 18 15 198 92499 41041 25 220 19 16 20 20 198 35 1763 461 61916 25 220 19 24 16 15 198 56 355 1704 75502 25 220 21 15 20 19 198 2269 52313 506 4554 1958 25 220 19 17 15 16 198 95347 40523 25 220 24 19 17 16 198 57 4644 1863 35010 1536 25 220 22 19 20 21 271 14582 25 3555 374 279 2615 2038 369 5748 52313 506 4554 1958 5267 16141 25 576 2615 2038 369 5748 52313 506 4554 1958 374 220 19 17 15 16	343
r177/wrong/q27	nll	6054 2038 19424 198 641 288 15687 19840 25 220 20 24 15 22 198 57 5059 33554 56860 25 220 24 22 23 20 198 92499 81781 25 220 17 23 19 19 198 51 25496 76069 25 220 21 16 16 16 198 37152 300 57153 25 220 18 19 18 19 198 39 33501 58750 25 220 22 17 23 18 198 1143 268 97276 25 220 18 21 16 20 198 50 1055 685 66945 14604 25 220 22 19 19 23 198 641 288 65633 25 220 17 15 21 22 198 42 2143 41041 25 220 21 24 22 22 198 28085 685 4398 2863 25 220 24 17 18 22 198 6953 57681 65633 25 220 21 24 15 22 198 36 48021 33554 56860 25 220 17 21 21 21 198 51 25496 51065 25 220 20 19 18 22 198 52 1728 76715 25 220 17 21 20 18 198 92878 7755 85551 25 220 17 24 24 15 198 6091 5059 57153 25 220 17 17 15 18 198 37 67718 76715 25 220 17 22 17 16 198 54 268 37710 25 220 24 15 22 18 198 1143 268 51065 25 220 17 17 19 22 198 92878 7755 41421 12660 25 220 22 19 18 19 198 39 33501 75502 25 220 16 23 21 22 198 2753 269 4620 585 25 220 23 19 17 15 198 6091 5059 472 718 329 25 220 22 22 18 15 198 92499 41041 25 220 19 16 20 20 198 35 1763 461 61916 25 220 19 24 16 15 198 56 355 1704 75502 25 220 21 15 20 19 198 2269 52313 506 4554 1958 25 220 19 17 15 16 198 95347 40523 25 220 24 19 17 16 198 57 4644 1863 35010 1536 25 220 22 19 20 21 271 14582 25 3555 374 279 2615 2038 369 5748 52313 506 4554 1958 5267 16141 25 576 2615 2038 369 5748 52313 506 4554 1958 374 220 17 15 21 22	343
r178/gold/q28	nll	6054 2038 19424 198 50 1055 685 33554 56860 25 220 21 16 19 21 198 45 1579 337 2143 63221 25 220 17 23 20 21 198 5066 5059 43229 83717 25 220 16 15 21 15 198 49 11983 4398 2863 25 220 19 16 21 24 198 45 1579 337 2143 85551 25 220 19 16 16 20 198 23950 404 61479 85 25 220 19 19 21 20 198 35 1763 461 63161 25 220 24 17 24 22 198 11109 64 29953 25 220 21 22 21 21 198 51 25496 76069 25 220 17 23 15 18 198 43 1561 57153 25 220 18 15 15 23 198 3430 2555 64009 25 220 24 19 15 17 198 641 288 15687 19840 25 220 22 20 18 22 198 6091 5059 41041 25 220 16 23 20 20 198 51 22267 55520 25 220 18 17 16 20 198 45 52831 81781 25 220 16 22 24 15 198 67624 42127 25 220 16 19 19 21 198 40 15649 4398 2863 25 220 22 20 20 22 198 25406 10524 647 17922 25 220 19 22 22 17 198 39 33501 81781 25 220 17 19 15 23 198 36 48021 4398 2863 25 220 18 23 24 19 198 57 5059 4620 585 25 220 23 21 15 20 198 54 268 33554 56860 25 220 21 22 20 23 198 2304 10524 24548 13334 25 220 18 23 19 16 198 51 2780 80 730 4110 25 220 24 18 19 23 198 46 24513 468 461 85261 25 220 18 19 23 17 198 23950 404 468 461 85261 25 220 19 15 16 18 198 25406 10524 4398 2863 25 220 17 24 18 24 198 67624 41041 25 220 17 23 17 22 198 43 1561 43229 83717 25 220 18 15 19 22 198 52 1728 472 718 329 25 220 18 18 16 16 271 14582 25 3555 374 279 2615 2038 369 58176 43229 83717 5267 16141 25 576 2615 2038 369 58176 43229 83717 374 220 18 15 19 22	351
r178/wrong/q28	nll	6054 2038 19424 198 50 1055 685 33554 56860 25 220 21 16 19 21 198 45 1579 337 2143 63221 25 220 17 23 20 21 198 5066 5059 43229 83717 25 220 16 15 21 15 198 49 11983 4398 2863 25 220 19 16 21 24 198 45 1579 337 2143 85551 25 220 19 16 16 20 198 23950 404 61479 85 25 220 19 19 21 20 198 35 1763 461 63161 25 220 24 17 24 22 198 11109 64 29953 25 220 21 22 21 21 198 51 25496 76069 25 220 17 23 15 18 198 43 1561 57153 25 220 18 15 15 23 198 3430 2555 64009 25 220 24 19 15 17 198 641 288 15687 19840 25 220 22 20 18 22 198 6091 5059 41041 25 220 16 23 20 20 198 51 22267 55520 25 220 18 17 16 20 198 45 52831 81781 25 220 16 22 24 15 198 67624 42127 25 220 16 19 19 21 198 40 15649 4398 2863 25 220 22 20 20 22 198 25406 10524 647 17922 25 220 19 22 22 17 198 39 33501 81781 25 220 17 19 15 23 198 36 48021 4398 2863 25 220 18 23 24 19 198 57 5059 4620 585 25 220 23 21 15 20 198 54 268 33554 56860 25 220 21 22 20 23 198 2304 10524 24548 13334 25 220 18 23 19 16 198 51 2780 80 730 4110 25 220 24 18 19 23 198 46 24513 468 461 85261 25 220 18 19 23 17 198 23950 404 468 461 85261 25 220 19 15 16 18 198 25406 10524 4398 2863 25 220 17 24 18 24 198 67624 41041 25 220 17 23 17 22 198 43 1561 43229 83717 25 220 18 15 19 22 198 52 1728 472 718 329 25 220 18 18 16 16 271 14582 25 3555 374 279 2615 2038 369 58176 43229 83717 5267 16141 25 576 2615 2038 369 58176 43229 83717 374 220 19 16 21 24	351
r179/gold/q29	nll	6054 2038 19424 198 61686 81781 25 220 23 20 24 17 198 51 22267 85551 25 220 21 17 22 15 198 51 22267 51065 25 220 23 22 16 21 198 56 5059 647 17922 25 220 23 24 22 20 198 56 5059 54407 25 220 18 18 19 15 198 6091 5059 36020 25 220 22 19 24 15 198 2753 269 69543 25 220 17 21 23 17 198 50 1055 685 4398 2863 25 220 24 17 24 22 198 50 1055 685 45111 288 25 220 21 23 17 24 198 56 5059 45111 288 25 220 18 19 16 15 198 51 22267 41041 25 220 20 15 18 21 198 39 3362 69543 25 220 16 15 23 16 198 39 3362 4398 2863 25 220 20 15 15 21 198 43 1561 54407 25 220 21 19 18 15 198 92499 730 363 1127 6642 25 220 21 22 19 15 198 56 355 1704 63221 25 220 24 22 16 21 198 46 24513 69543 25 220 19 21 23 15 198 39 3362 730 4110 25 220 22 23 22 20 198 6953 57681 33554 56860 25 220 24 21 15 21 198 92878 7755 81781 25 220 19 23 17 24 198 2269 321 43229 83717 25 220 21 21 20 21 198 49 2577 5891 730 363 1127 6642 25 220 17 21 18 23 198 2269 321 65633 25 220 18 21 20 15 198 46 24513 42127 25 220 20 15 15 16 198 54 268 37710 25 220 24 19 20 17 198 45 1579 337 2143 37710 25 220 18 22 23 16 198 40 15649 58750 25 220 21 18 21 24 198 5066 5059 58750 25 220 18 23 21 22 198 641 288 506 4554 1958 25 220 21 18 15 21 198 37152 300 47623 25 220 21 15 17 22 271 14582 25 3555 374 279 2615 2038 369 68086 47623 5267 16141 25 576 2615 2038 369 68086 47623 374 220 21 15 17 22	344
r179/wrong/q29	nll	6054 2038 19424 198 61686 81781 25 220 23 20 24 17 198 51 22267 85551 25 220 21 17 22 15 198 51 22267 51065 25 220 23 22 16 21 198 56 5059 647 17922 25 220 23 24 22 20 198 56 5059 54407 25 220 18 18 19 15 198 6091 5059 36020 25 220 22 19 24 15 198 2753 269 69543 25 220 17 21 23 17 198 50 1055 685 4398 2863 25 220 24 17 24 22 198 50 1055 685 45111 288 25 220 21 23 17 24 198 56 5059 45111 288 25 220 18 19 16 15 198 51 22267 41041 25 220 20 15 18 21 198 39 3362 69543 25 220 16 15 23 16 198 39 3362 4398 2863 25 220 20 15 15 21 198 43 1561 54407 25 220 21 19 18 15 198 92499 730 363 1127 6642 25 220 21 22 19 15 198 56 355 1704 63221 25 220 24 22 16 21 198 46 24513 69543 25 220 19 21 23 15 198 39 3362 730 4110 25 220 22 23 22 20 198 6953 57681 33554 56860 25 220 24 21 15 21 198 92878 7755 81781 25 220 19 23 17 24 198 2269 321 43229 83717 25 220 21 21 20 21 198 49 2577 5891 730 363 1127 6642 25 220 17 21 18 23 198 2269 321 65633 25 220 18 21 20 15 198 46 24513 42127 25 220 20 15 15 16 198 54 268 37710 25 220 24 19 20 17 198 45 1579 337 2143 37710 25 220 18 22 23 16 198 40 15649 58750 25 220 21 18 21 24 198 5066 5059 58750 25 220 18 23 21 22 198 641 288 506 4554 1958 25 220 21 18 15 21 198 37152 300 47623 25 220 21 15 17 22 271 14582 25 3555 374 279 2615 2038 369 68086 47623 5267 16141 25 576 2615 2038 369 68086 47623 374 220 20 15 15 21	344
r180/gold/q0	nll	6054 2038 19424 198 51 25496 61479 85 25 220 24 16 15 17 198 35 1763 461 1863 35010 1536 25 220 24 15 20 18 198 50 1055 685 45111 288 25 220 21 18 16 19 198 42 92023 472 718 329 25 220 18 19 17 22 198 641 288 61916 25 220 19 24 20 19 198 36125 269 76715 25 220 23 22 22 17 198 2269 52313 42127 25 220 20 23 17 17 198 37 67718 66945 14604 25 220 17 18 23 24 198 35 1763 461 41041 25 220 16 20 20 16 198 37 67718 65503 25 220 23 24 20 16 198 52 1728 29953 25 220 23 23 20 19 198 2269 52313 76069 25 220 20 17 19 21 198 57 4644 24548 13334 25 220 20 20 21 24 198 6091 5059 17095 29048 25 220 16 22 17 21 198 37 67718 472 718 329 25 220 21 17 22 16 198 51 25496 14741 49713 25 220 22 20 15 20 198 25406 10524 17095 29048 25 220 19 15 15 23 198 42 2143 58750 25 220 18 17 16 18 198 6091 5059 69543 25 220 21 24 20 22 198 94230 78 61479 85 25 220 20 19 19 19 198 52 1728 1863 35010 1536 25 220 21 18 20 19 198 92499 28392 25 220 18 24 17 18 198 42 92023 45111 288 25 220 21 22 23 18 198 52 1728 95683 25 220 19 20 18 22 198 51 22267 61479 85 25 220 23 18 18 19 198 51 22267 37710 25 220 17 18 15 18 198 95347 65503 25 220 18 18 16 16 198 5066 5059 42127 25 220 17 19 23 24 198 11109 64 65911 301 25 220 16 20 22 19 198 54 268 63161 25 220 23 17 19 24 271 14582 25 3555 374 279 2615 2038 369 350 25496 61479 85 5267 16141 25 576 2615 2038 369 350 25496 61479 85 374 220 24 16 15 17	348
r180/wrong/q0	nll	6054 2038 19424 198 51 25496 61479 85 25 220 24 16 15 17 198 35 1763 461 1863 35010 1536 25 220 24 15 20 18 198 50 1055 685 45111 288 25 220 21 18 16 19 198 42 92023 472 718 329 25 220 18 19 17 22 198 641 288 61916 25 220 19 24 20 19 198 36125 269 76715 25 220 23 22 22 17 198 2269 52313 42127 25 220 20 23 17 17 198 37 67718 66945 14604 25 220 17 18 23 24 198 35 1763 461 41041 25 220 16 20 20 16 198 37 67718 65503 25 220 23 24 20 16 198 52 1728 29953 25 220 23 23 20 19 198 2269 52313 76069 25 220 20 17 19 21 198 57 4644 24548 13334 25 220 20 20 21 24 198 6091 5059 17095 29048 25 220 16 22 17 21 198 37 67718 472 718 329 25 220 21 17 22 16 198 51 25496 14741 49713 25 220 22 20 15 20 198 25406 10524 17095 29048 25 220 19 15 15 23 198 42 2143 58750 25 220 18 17 16 18 198 6091 5059 69543 25 220 21 24 20 22 198 94230 78 61479 85 25 220 20 19 19 19 198 52 1728 1863 35010 1536 25 220 21 18 20 19 198 92499 28392 25 220 18 24 17 18 198 42 92023 45111 288 25 220 21 22 23 18 198 52 1728 95683 25 220 19 20 18 22 198 51 22267 61479 85 25 220 23 18 18 19 198 51 22267 37710 25 220 17 18 15 18 198 95347 65503 25 220 18 18 16 16 198 5066 5059 42127 25 220 17 19 23 24 198 11109 64 65911 301 25 220 16 20 22 19 198 54 268 63161 25 220 23 17 19 24 271 14582 25 3555 374 279 2615 2038 369 350 25496 61479 85 5267 16141 25 576 2615 2038 369 350 25496 61479 85 374 220 16 22 17 21	348
r181/gold/q1	nll	6054 2038 19424 198 43 1561 65633 25 220 22 15 21 18 198 36 48021 506 4554 1958 25 220 17 24 24 15 198 42 2143 64009 25 220 22 22 17 24 198 1143 268 43229 83717 25 220 21 19 15 15 198 92878 7755 40523 25 220 23 21 20 24 198 40 15649 468 461 85261 25 220 24 23 22 17 198 61686 54407 25 220 21 15 22 19 198 11109 64 41041 25 220 22 16 20 17 198 2304 10524 81781 25 220 20 16 22 23 198 3430 2555 41041 25 220 22 20 18 19 198 49 2577 5891 472 718 329 25 220 21 22 21 15 198 6953 57681 65503 25 220 24 18 20 19 198 67624 66945 14604 25 220 18 20 23 15 198 57 4644 647 17922 25 220 24 24 16 15 198 42 92023 15687 19840 25 220 23 19 17 17 198 2269 52313 17095 29048 25 220 18 17 18 21 198 35 1763 461 14741 49713 25 220 24 16 18 21 198 45 52831 65911 301 25 220 19 22 15 15 198 42 2143 45111 288 25 220 19 22 19 22 198 54 268 41041 25 220 24 20 15 18 198 36125 269 65633 25 220 19 22 21 19 198 23950 404 51065 25 220 23 17 20 15 198 3430 2555 17095 29048 25 220 21 19 22 20 198 11109 64 51194 25 220 23 16 22 17 198 40645 685 51065 25 220 24 16 15 16 198 2269 52313 47623 25 220 17 20 19 18 198 49 11983 472 718 329 25 220 16 17 20 21 198 45 52831 85551 25 220 23 20 23 19 198 1143 268 76069 25 220 20 16 17 21 198 50 1055 685 27219 69578 380 25 220 24 22 21 20 271 14582 25 3555 374 279 2615 2038 369 68575 506 4554 1958 5267 16141 25 576 2615 2038 369 68575 506 4554 1958 374 220 17 24 24 15	348
r181/wrong/q1	nll	6054 2038 19424 198 43 1561 65633 25 220 22 15 21 18 198 36 48021 506 4554 1958 25 220 17 24 24 15 198 42 2143 64009 25 220 22 22 17 24 198 1143 268 43229 83717 25 220 21 19 15 15 198 92878 7755 40523 25 220 23 21 20 24 198 40 15649 468 461 85261 25 220 24 23 22 17 198 61686 54407 25 220 21 15 22 19 198 11109 64 41041 25 220 22 16 20 17 198 2304 10524 81781 25 220 20 16 22 23 198 3430 2555 41041 25 220 22 20 18 19 198 49 2577 5891 472 718 329 25 220 21 22 21 15 198 6953 57681 65503 25 220 24 18 20 19 198 67624 66945 14604 25 220 18 20 23 15 198 57 4644 647 17922 25 220 24 24 16 15 198 42 92023 15687 19840 25 220 23 19 17 17 198 2269 52313 17095 29048 25 220 18 17 18 21 198 35 1763 461 14741 49713 25 220 24 16 18 21 198 45 52831 65911 301 25 220 19 22 15 15 198 42 2143 45111 288 25 220 19 22 19 22 198 54 268 41041 25 220 24 20 15 18 198 36125 269 65633 25 220 19 22 21 19 198 23950 404 51065 25 220 23 17 20 15 198 3430 2555 17095 29048 25 220 21 19 22 20 198 11109 64 51194 25 220 23 16 22 17 198 40645 685 51065 25 220 24 16 15 16 198 2269 52313 47623 25 220 17 20 19 18 198 49 11983 472 718 329 25 220 16 17 20 21 198 45 52831 85551 25 220 23 20 23 19 198 1143 268 76069 25 220 20 16 17 21 198 50 1055 685 27219 69578 380 25 220 24 22 21 20 271 14582 25 3555 374 279 2615 2038 369 68575 506 4554 1958 5267 16141 25 576 2615 2038 369 68575 506 4554 1958 374 220 19 22 15 15	348
r182/gold/q2	nll	6054 2038 19424 198 35 1763 461 506 4554 1958 25 220 23 16 15 16 198 37152 300 5540 25 220 16 16 15 18 198 39 3362 95683 25 220 17 24 24 16 198 57 5059 47623 25 220 22 23 19 17 198 37152 300 75502 25 220 16 19 18 18 198 6953 57681 41041 25 220 19 15 19 21 198 51 2780 80 64009 25 220 21 18 24 23 198 32887 1466 64009 25 220 24 17 20 16 198 45 52831 4398 2863 25 220 24 22 24 17 198 54 268 63221 25 220 19 15 17 17 198 25406 10524 57153 25 220 21 23 16 22 198 92499 40523 25 220 23 23 15 15 198 52 1728 4620 585 25 220 21 23 21 15 198 42 2143 37710 25 220 19 20 15 20 198 2269 321 36020 25 220 23 16 16 18 198 49 11983 41041 25 220 22 23 24 20 198 40645 685 468 461 85261 25 220 16 22 19 20 198 2304 10524 57153 25 220 16 18 16 15 198 42 2143 41421 12660 25 220 22 24 22 17 198 25406 10524 58750 25 220 23 18 19 24 198 32887 1466 65633 25 220 19 16 24 16 198 95347 15687 19840 25 220 23 15 16 18 198 37152 300 40523 25 220 20 16 16 17 198 56 5059 58750 25 220 16 22 23 15 198 92878 7755 730 4110 25 220 22 22 21 20 198 1143 268 468 461 85261 25 220 17 15 24 20 198 61686 27219 69578 380 25 220 16 20 17 15 198 39 3362 58750 25 220 18 18 15 23 198 39 3362 63221 25 220 23 19 18 15 198 2753 269 65633 25 220 21 19 21 24 271 14582 25 3555 374 279 2615 2038 369 472 3362 95683 5267 16141 25 576 2615 2038 369 472 3362 95683 374 220 17 24 24 16	338
r182/wrong/q2	nll	6054 2038 19424 198 35 1763 461 506 4554 1958 25 220 23 16 15 16 198 37152 300 5540 25 220 16 16 15 18 198 39 3362 95683 25 220 17 24 24 16 198 57 5059 47623 25 220 22 23 19 17 198 37152 300 75502 25 220 16 19 18 18 198 6953 57681 41041 25 220 19 15 19 21 198 51 2780 80 64009 25 220 21 18 24 23 198 32887 1466 64009 25 220 24 17 20 16 198 45 52831 4398 2863 25 220 24 22 24 17 198 54 268 63221 25 220 19 15 17 17 198 25406 10524 57153 25 220 21 23 16 22 198 92499 40523 25 220 23 23 15 15 198 52 1728 4620 585 25 220 21 23 21 15 198 42 2143 37710 25 220 19 20 15 20 198 2269 321 36020 25 220 23 16 16 18 198 49 11983 41041 25 220 22 23 24 20 198 40645 685 468 461 85261 25 220 16 22 19 20 198 2304 10524 57153 25 220 16 18 16 15 198 42 2143 41421 12660 25 220 22 24 22 17 198 25406 10524 58750 25 220 23 18 19 24 198 32887 1466 65633 25 220 19 16 24 16 198 95347 15687 19840 25 220 23 15 16 18 198 37152 300 40523 25 220 20 16 16 17 198 56 5059 58750 25 220 16 22 23 15 198 92878 7755 730 4110 25 220 22 22 21 20 198 1143 268 468 461 85261 25 220 17 15 24 20 198 61686 27219 69578 380 25 220 16 20 17 15 198 39 3362 58750 25 220 18 18 15 23 198 39 3362 63221 25 220 23 19 18 15 198 2753 269 65633 25 220 21 19 21 24 271 14582 25 3555 374 279 2615 2038 369 472 3362 95683 5267 16141 25 576 2615 2038 369 472 3362 95683 374 220 19 20 15 20	338
r183/gold/q3	nll	6054 2038 19424 198 39 3362 76715 25 220 17 24 17 22 198 61686 1863 35010 1536 25 220 18 18 19 19 198 50 1055 685 5540 25 220 24 22 16 20 198 25406 10524 41041 25 220 16 24 23 15 198 42 92023 506 4554 1958 25 220 21 20 21 22 198 2304 10524 5540 25 220 17 20 23 15 198 6953 57681 730 363 1127 6642 25 220 16 21 17 21 198 46 24513 41041 25 220 23 18 15 23 198 39 33501 472 718 329 25 220 21 20 19 24 198 40 15649 65633 25 220 17 23 21 17 198 42 2143 85551 25 220 18 24 24 20 198 36 48021 27219 69578 380 25 220 18 22 20 21 198 641 288 63221 25 220 24 15 20 16 198 51 22267 85551 25 220 18 23 24 16 198 49 11983 61479 85 25 220 24 15 16 16 198 85384 95683 25 220 21 16 19 18 198 23950 404 76069 25 220 24 16 24 18 198 50 1055 685 40523 25 220 17 23 17 20 198 42 92023 36020 25 220 16 20 24 19 198 56 5059 730 363 1127 6642 25 220 17 20 20 22 198 92499 36020 25 220 22 17 18 21 198 85384 15687 19840 25 220 21 23 22 24 198 2269 321 95683 25 220 17 21 20 23 198 2269 321 76069 25 220 22 15 20 20 198 11109 64 69543 25 220 23 24 18 23 198 28085 685 647 17922 25 220 21 16 21 19 198 2269 52313 28392 25 220 17 16 17 20 198 6091 5059 1863 35010 1536 25 220 18 20 18 18 198 25406 10524 36020 25 220 17 15 21 22 198 5066 5059 76715 25 220 16 22 22 16 271 14582 25 3555 374 279 2615 2038 369 8055 10524 41041 5267 16141 25 576 2615 2038 369 8055 10524 41041 374 220 16 24 23 15	343
r183/wrong/q3	nll	6054 2038 19424 198 39 3362 76715 25 220 17 24 17 22 198 61686 1863 35010 1536 25 220 18 18 19 19 198 50 1055 685 5540 25 220 24 22 16 20 198 25406 10524 41041 25 220 16 24 23 15 198 42 92023 506 4554 1958 25 220 21 20 21 22 198 2304 10524 5540 25 220 17 20 23 15 198 6953 57681 730 363 1127 6642 25 220 16 21 17 21 198 46 24513 41041 25 220 23 18 15 23 198 39 33501 472 718 329 25 220 21 20 19 24 198 40 15649 65633 25 220 17 23 21 17 198 42 2143 85551 25 220 18 24 24 20 198 36 48021 27219 69578 380 25 220 18 22 20 21 198 641 288 63221 25 220 24 15 20 16 198 51 22267 85551 25 220 18 23 24 16 198 49 11983 61479 85 25 220 24 15 16 16 198 85384 95683 25 220 21 16 19 18 198 23950 404 76069 25 220 24 16 24 18 198 50 1055 685 40523 25 220 17 23 17 20 198 42 92023 36020 25 220 16 20 24 19 198 56 5059 730 363 1127 6642 25 220 17 20 20 22 198 92499 36020 25 220 22 17 18 21 198 85384 15687 19840 25 220 21 23 22 24 198 2269 321 95683 25 220 17 21 20 23 198 2269 321 76069 25 220 22 15 20 20 198 11109 64 69543 25 220 23 24 18 23 198 28085 685 647 17922 25 220 21 16 21 19 198 2269 52313 28392 25 220 17 16 17 20 198 6091 5059 1863 35010 1536 25 220 18 20 18 18 198 25406 10524 36020 25 220 17 15 21 22 198 5066 5059 76715 25 220 16 22 22 16 271 14582 25 3555 374 279 2615 2038 369 8055 10524 41041 5267 16141 25 576 2615 2038 369 8055 10524 41041 374 220 24 15 16 16	343
r184/gold/q4	nll	6054 2038 19424 198 36125 269 506 4554 1958 25 220 17 23 23 19 198 56 5059 47623 25 220 22 19 15 21 198 42 2143 27219 69578 380 25 220 21 20 17 15 198 45 52831 472 718 329 25 220 22 23 20 23 198 40 15649 15687 19840 25 220 21 20 20 16 198 49 2577 5891 37710 25 220 24 17 15 22 198 32887 1466 57153 25 220 20 17 19 20 198 5066 5059 55520 25 220 24 18 23 23 198 42 92023 69543 25 220 18 18 17 17 198 25406 10524 51194 25 220 22 22 20 21 198 28085 685 65503 25 220 16 16 21 23 198 51 25496 76715 25 220 21 15 16 16 198 36125 269 85551 25 220 24 17 15 20 198 43 1561 37710 25 220 16 21 21 22 198 23950 404 730 363 1127 6642 25 220 24 16 15 17 198 94230 78 506 4554 1958 25 220 18 21 24 17 198 49 2577 5891 76069 25 220 20 20 24 21 198 1143 268 28392 25 220 20 23 19 16 198 42 92023 76715 25 220 23 23 23 20 198 6953 57681 95683 25 220 24 24 20 23 198 6953 57681 63221 25 220 21 20 16 18 198 3430 2555 63161 25 220 18 20 24 23 198 92878 7755 65633 25 220 18 24 18 20 198 40645 685 61479 85 25 220 17 16 23 16 198 1143 268 69543 25 220 17 21 19 23 198 23950 404 4398 2863 25 220 16 16 23 21 198 39 33501 51065 25 220 19 19 19 18 198 57 4644 33554 56860 25 220 16 22 17 20 198 11109 64 65633 25 220 19 20 22 17 198 42 92023 647 17922 25 220 16 21 23 20 271 14582 25 3555 374 279 2615 2038 369 41421 15687 19840 5267 16141 25 576 2615 2038 369 41421 15687 19840 374 220 21 20 20 16	344
r184/wrong/q4	nll	6054 2038 19424 198 36125 269 506 4554 1958 25 220 17 23 23 19 198 56 5059 47623 25 220 22 19 15 21 198 42 2143 27219 69578 380 25 220 21 20 17 15 198 45 52831 472 718 329 25 220 22 23 20 23 198 40 15649 15687 19840 25 220 21 20 20 16 198 49 2577 5891 37710 25 220 24 17 15 22 198 32887 1466 57153 25 220 20 17 19 20 198 5066 5059 55520 25 220 24 18 23 23 198 42 92023 69543 25 220 18 18 17 17 198 25406 10524 51194 25 220 22 22 20 21 198 28085 685 65503 25 220 16 16 21 23 198 51 25496 76715 25 220 21 15 16 16 198 36125 269 85551 25 220 24 17 15 20 198 43 1561 37710 25 220 16 21 21 22 198 23950 404 730 363 1127 6642 25 220 24 16 15 17 198 94230 78 506 4554 1958 25 220 18 21 24 17 198 49 2577 5891 76069 25 220 20 20 24 21 198 1143 268 28392 25 220 20 23 19 16 198 42 92023 76715 25 220 23 23 23 20 198 6953 57681 95683 25 220 24 24 20 23 198 6953 57681 63221 25 220 21 20 16 18 198 3430 2555 63161 25 220 18 20 24 23 198 92878 7755 65633 25 220 18 24 18 20 198 40645 685 61479 85 25 220 17 16 23 16 198 1143 268 69543 25 220 17 21 19 23 198 23950 404 4398 2863 25 220 16 16 23 21 198 39 33501 51065 25 220 19 19 19 18 198 57 4644 33554 56860 25 220 16 22 17 20 198 11109 64 65633 25 220 19 20 22 17 198 42 92023 647 17922 25 220 16 21 23 20 271 14582 25 3555 374 279 2615 2038 369 41421 15687 19840 5267 16141 25 576 2615 2038 369 41421 15687 19840 374 220 16 22 17 20	344
r185/gold/q5	nll	6054 2038 19424 198 92878 7755 17095 29048 25 220 23 17 24 15 198 2269 321 43229 83717 25 220 16 22 15 17 198 57 4644 4398 2863 25 220 22 16 19 21 198 5066 5059 65503 25 220 20 15 22 15 198 86543 61916 25 220 22 15 18 16 198 35 1763 461 51194 25 220 24 17 17 17 198 42 92023 57153 25 220 23 24 15 15 198 6091 5059 37710 25 220 23 21 21 23 198 51 25496 61479 85 25 220 24 17 23 15 198 85384 97276 25 220 19 23 19 16 198 28085 685 4620 585 25 220 24 20 18 16 198 42 92023 647 17922 25 220 17 24 20 22 198 641 288 472 718 329 25 220 21 16 17 18 198 2304 10524 41421 12660 25 220 22 17 22 18 198 56 5059 24548 13334 25 220 20 15 17 24 198 50 1055 685 33554 56860 25 220 23 16 16 20 198 35 1763 461 97276 25 220 16 22 19 21 198 6953 57681 4620 585 25 220 23 20 19 19 198 2753 269 41421 12660 25 220 16 20 21 18 198 43 1561 61916 25 220 20 17 21 22 198 85384 65911 301 25 220 20 17 15 20 198 5066 5059 55520 25 220 20 24 21 23 198 42 92023 14741 49713 25 220 18 15 19 20 198 45 52831 85551 25 220 23 16 17 18 198 45 1579 337 2143 61916 25 220 22 19 18 19 198 86543 41421 12660 25 220 23 23 23 16 198 37152 300 1863 35010 1536 25 220 22 19 23 16 198 5066 5059 472 718 329 25 220 17 16 17 23 198 42 2143 95683 25 220 22 21 21 15 198 43 1561 75502 25 220 20 21 21 17 271 14582 25 3555 374 279 2615 2038 369 66121 461 51194 5267 16141 25 576 2615 2038 369 66121 461 51194 374 220 24 17 17 17	347
r185/wrong/q5	nll	6054 2038 19424 198 92878 7755 17095 29048 25 220 23 17 24 15 198 2269 321 43229 83717 25 220 16 22 15 17 198 57 4644 4398 2863 25 220 22 16 19 21 198 5066 5059 65503 25 220 20 15 22 15 198 86543 61916 25 220 22 15 18 16 198 35 1763 461 51194 25 220 24 17 17 17 198 42 92023 57153 25 220 23 24 15 15 198 6091 5059 37710 25 220 23 21 21 23 198 51 25496 61479 85 25 220 24 17 23 15 198 85384 97276 25 220 19 23 19 16 198 28085 685 4620 585 25 220 24 20 18 16 198 42 92023 647 17922 25 220 17 24 20 22 198 641 288 472 718 329 25 220 21 16 17 18 198 2304 10524 41421 12660 25 220 22 17 22 18 198 56 5059 24548 13334 25 220 20 15 17 24 198 50 1055 685 33554 56860 25 220 23 16 16 20 198 35 1763 461 97276 25 220 16 22 19 21 198 6953 57681 4620 585 25 220 23 20 19 19 198 2753 269 41421 12660 25 220 16 20 21 18 198 43 1561 61916 25 220 20 17 21 22 198 85384 65911 301 25 220 20 17 15 20 198 5066 5059 55520 25 220 20 24 21 23 198 42 92023 14741 49713 25 220 18 15 19 20 198 45 52831 85551 25 220 23 16 17 18 198 45 1579 337 2143 61916 25 220 22 19 18 19 198 86543 41421 12660 25 220 23 23 23 16 198 37152 300 1863 35010 1536 25 220 22 19 23 16 198 5066 5059 472 718 329 25 220 17 16 17 23 198 42 2143 95683 25 220 22 21 21 15 198 43 1561 75502 25 220 20 21 21 17 271 14582 25 3555 374 279 2615 2038 369 66121 461 51194 5267 16141 25 576 2615 2038 369 66121 461 51194 374 220 22 17 22 18	347
r186/gold/q6	nll	6054 2038 19424 198 45 1579 337 2143 45111 288 25 220 20 20 18 20 198 51 25496 97276 25 220 18 22 19 22 198 49 2577 5891 66945 14604 25 220 22 20 17 19 198 52 1728 65633 25 220 21 17 19 22 198 25406 10524 81781 25 220 16 16 17 18 198 40 15649 61916 25 220 17 16 24 17 198 6953 57681 27219 69578 380 25 220 24 15 20 16 198 2753 269 65911 301 25 220 21 21 21 24 198 37152 300 54407 25 220 22 16 20 23 198 43 1561 4620 585 25 220 24 17 23 18 198 39 3362 14741 49713 25 220 19 18 17 21 198 641 288 37710 25 220 20 22 15 19 198 36 48021 66945 14604 25 220 17 22 24 22 198 23950 404 63161 25 220 19 24 19 19 198 5066 5059 63161 25 220 24 17 19 24 198 25406 10524 69543 25 220 17 21 15 15 198 52 1728 17095 29048 25 220 19 18 18 15 198 23950 404 45111 288 25 220 23 16 23 19 198 51 2780 80 41421 12660 25 220 22 17 17 20 198 36125 269 63221 25 220 23 21 23 22 198 42 2143 33554 56860 25 220 20 18 21 21 198 3430 2555 58750 25 220 17 17 23 16 198 42 92023 42127 25 220 21 20 17 20 198 42 92023 17095 29048 25 220 23 15 22 16 198 25406 10524 64009 25 220 23 20 15 24 198 35 1763 461 65633 25 220 24 18 19 15 198 86543 81781 25 220 24 18 17 24 198 1143 268 97276 25 220 24 22 20 19 198 35 1763 461 51194 25 220 23 17 16 19 198 39 33501 76715 25 220 19 20 20 22 271 14582 25 3555 374 279 2615 2038 369 1644 57681 27219 69578 380 5267 16141 25 576 2615 2038 369 1644 57681 27219 69578 380 374 220 24 15 20 16	348
r186/wrong/q6	nll	6054 2038 19424 198 45 1579 337 2143 45111 288 25 220 20 20 18 20 198 51 25496 97276 25 220 18 22 19 22 198 49 2577 5891 66945 14604 25 220 22 20 17 19 198 52 1728 65633 25 220 21 17 19 22 198 25406 10524 81781 25 220 16 16 17 18 198 40 15649 61916 25 220 17 16 24 17 198 6953 57681 27219 69578 380 25 220 24 15 20 16 198 2753 269 65911 301 25 220 21 21 21 24 198 37152 300 54407 25 220 22 16 20 23 198 43 1561 4620 585 25 220 24 17 23 18 198 39 3362 14741 49713 25 220 19 18 17 21 198 641 288 37710 25 220 20 22 15 19 198 36 48021 66945 14604 25 220 17 22 24 22 198 23950 404 63161 25 220 19 24 19 19 198 5066 5059 63161 25 220 24 17 19 24 198 25406 10524 69543 25 220 17 21 15 15 198 52 1728 17095 29048 25 220 19 18 18 15 198 23950 404 45111 288 25 220 23 16 23 19 198 51 2780 80 41421 12660 25 220 22 17 17 20 198 36125 269 63221 25 220 23 21 23 22 198 42 2143 33554 56860 25 220 20 18 21 21 198 3430 2555 58750 25 220 17 17 23 16 198 42 92023 42127 25 220 21 20 17 20 198 42 92023 17095 29048 25 220 23 15 22 16 198 25406 10524 64009 25 220 23 20 15 24 198 35 1763 461 65633 25 220 24 18 19 15 198 86543 81781 25 220 24 18 17 24 198 1143 268 97276 25 220 24 22 20 19 198 35 1763 461 51194 25 220 23 17 16 19 198 39 33501 76715 25 220 19 20 20 22 271 14582 25 3555 374 279 2615 2038 369 1644 57681 27219 69578 380 5267 16141 25 576 2615 2038 369 1644 57681 27219 69578 380 374 220 23 21 23 22	348
r187/gold/q7	nll	6054 2038 19424 198 51 25496 41421 12660 25 220 22 19 19 23 198 43 1561 42127 25 220 20 23 17 20 198 25406 10524 47623 25 220 21 17 23 20 198 61686 42127 25 220 16 20 17 22 198 32887 1466 24548 13334 25 220 20 15 22 22 198 56 355 1704 43229 83717 25 220 24 23 24 22 198 54 268 51065 25 220 19 23 15 19 198 45 1579 337 2143 61479 85 25 220 20 21 17 19 198 3430 2555 66945 14604 25 220 22 23 16 24 198 2269 52313 730 363 1127 6642 25 220 23 16 21 15 198 45 52831 55520 25 220 22 23 17 20 198 35 1763 461 41041 25 220 17 18 20 21 198 49 11983 66945 14604 25 220 22 17 17 22 198 11109 64 4398 2863 25 220 20 22 20 15 198 37152 300 506 4554 1958 25 220 21 17 24 19 198 49 2577 5891 65503 25 220 23 20 18 21 198 42 92023 61916 25 220 16 22 24 15 198 50 1055 685 36020 25 220 22 16 19 20 198 42 92023 65911 301 25 220 18 19 22 18 198 92499 51194 25 220 22 21 19 22 198 49 2577 5891 647 17922 25 220 22 19 16 15 198 50 1055 685 472 718 329 25 220 17 24 23 20 198 85384 42127 25 220 17 17 23 24 198 5066 5059 730 363 1127 6642 25 220 18 20 20 15 198 57 4644 43229 83717 25 220 20 20 18 19 198 94230 78 97276 25 220 24 21 19 17 198 40645 685 76069 25 220 19 24 20 24 198 57 4644 55520 25 220 22 17 17 19 198 54 268 42127 25 220 22 24 18 24 198 57 5059 647 17922 25 220 23 19 18 15 271 14582 25 3555 374 279 2615 2038 369 95557 2143 61479 85 5267 16141 25 576 2615 2038 369 95557 2143 61479 85 374 220 20 21 17 19	354
r187/wrong/q7	nll	6054 2038 19424 198 51 25496 41421 12660 25 220 22 19 19 23 198 43 1561 42127 25 220 20 23 17 20 198 25406 10524 47623 25 220 21 17 23 20 198 61686 42127 25 220 16 20 17 22 198 32887 1466 24548 13334 25 220 20 15 22 22 198 56 355 1704 43229 83717 25 220 24 23 24 22 198 54 268 51065 25 220 19 23 15 19 198 45 1579 337 2143 61479 85 25 220 20 21 17 19 198 3430 2555 66945 14604 25 220 22 23 16 24 198 2269 52313 730 363 1127 6642 25 220 23 16 21 15 198 45 52831 55520 25 220 22 23 17 20 198 35 1763 461 41041 25 220 17 18 20 21 198 49 11983 66945 14604 25 220 22 17 17 22 198 11109 64 4398 2863 25 220 20 22 20 15 198 37152 300 506 4554 1958 25 220 21 17 24 19 198 49 2577 5891 65503 25 220 23 20 18 21 198 42 92023 61916 25 220 16 22 24 15 198 50 1055 685 36020 25 220 22 16 19 20 198 42 92023 65911 301 25 220 18 19 22 18 198 92499 51194 25 220 22 21 19 22 198 49 2577 5891 647 17922 25 220 22 19 16 15 198 50 1055 685 472 718 329 25 220 17 24 23 20 198 85384 42127 25 220 17 17 23 24 198 5066 5059 730 363 1127 6642 25 220 18 20 20 15 198 57 4644 43229 83717 25 220 20 20 18 19 198 94230 78 97276 25 220 24 21 19 17 198 40645 685 76069 25 220 19 24 20 24 198 57 4644 55520 25 220 22 17 17 19 198 54 268 42127 25 220 22 24 18 24 198 57 5059 647 17922 25 220 23 19 18 15 271 14582 25 3555 374 279 2615 2038 369 95557 2143 61479 85 5267 16141 25 576 2615 2038 369 95557 2143 61479 85 374 220 24 23 24 22	354
r188/gold/q8	nll	6054 2038 19424 198 61686 5540 25 220 18 22 15 18 198 37 67718 81781 25 220 24 21 18 23 198 1143 268 730 363 1127 6642 25 220 20 21 16 20 198 61686 81781 25 220 22 23 24 24 198 85384 61916 25 220 23 16 16 22 198 49 2577 5891 15687 19840 25 220 20 18 20 22 198 43 1561 57153 25 220 23 21 20 16 198 56 5059 17095 29048 25 220 22 19 18 24 198 25406 10524 54407 25 220 24 21 18 17 198 67624 75502 25 220 20 22 17 16 198 6091 5059 81781 25 220 24 23 21 20 198 2269 321 1863 35010 1536 25 220 16 20 20 19 198 49 2577 5891 63221 25 220 19 23 20 16 198 42 2143 64009 25 220 22 20 18 18 198 32887 1466 58750 25 220 24 20 18 18 198 3430 2555 41421 12660 25 220 21 18 21 18 198 92878 7755 17095 29048 25 220 21 23 22 18 198 6091 5059 730 4110 25 220 19 24 20 18 198 51 2780 80 97276 25 220 19 24 15 18 198 39 33501 61916 25 220 19 19 24 21 198 42 2143 42127 25 220 22 22 15 17 198 51 22267 730 363 1127 6642 25 220 23 16 16 15 198 57 5059 58750 25 220 19 18 16 22 198 5066 5059 27219 69578 380 25 220 21 18 16 16 198 23950 404 29953 25 220 22 20 17 20 198 45 52831 41041 25 220 23 16 24 17 198 56 5059 97276 25 220 24 16 19 23 198 56 5059 29953 25 220 17 18 23 21 198 42 2143 61916 25 220 21 18 19 15 198 3430 2555 65911 301 25 220 18 15 19 17 271 14582 25 3555 374 279 2615 2038 369 8055 10524 54407 5267 16141 25 576 2615 2038 369 8055 10524 54407 374 220 24 21 18 17	341
r188/wrong/q8	nll	6054 2038 19424 198 61686 5540 25 220 18 22 15 18 198 37 67718 81781 25 220 24 21 18 23 198 1143 268 730 363 1127 6642 25 220 20 21 16 20 198 61686 81781 25 220 22 23 24 24 198 85384 61916 25 220 23 16 16 22 198 49 2577 5891 15687 19840 25 220 20 18 20 22 198 43 1561 57153 25 220 23 21 20 16 198 56 5059 17095 29048 25 220 22 19 18 24 198 25406 10524 54407 25 220 24 21 18 17 198 67624 75502 25 220 20 22 17 16 198 6091 5059 81781 25 220 24 23 21 20 198 2269 321 1863 35010 1536 25 220 16 20 20 19 198 49 2577 5891 63221 25 220 19 23 20 16 198 42 2143 64009 25 220 22 20 18 18 198 32887 1466 58750 25 220 24 20 18 18 198 3430 2555 41421 12660 25 220 21 18 21 18 198 92878 7755 17095 29048 25 220 21 23 22 18 198 6091 5059 730 4110 25 220 19 24 20 18 198 51 2780 80 97276 25 220 19 24 15 18 198 39 33501 61916 25 220 19 19 24 21 198 42 2143 42127 25 220 22 22 15 17 198 51 22267 730 363 1127 6642 25 220 23 16 16 15 198 57 5059 58750 25 220 19 18 16 22 198 5066 5059 27219 69578 380 25 220 21 18 16 16 198 23950 404 29953 25 220 22 20 17 20 198 45 52831 41041 25 220 23 16 24 17 198 56 5059 97276 25 220 24 16 19 23 198 56 5059 29953 25 220 17 18 23 21 198 42 2143 61916 25 220 21 18 19 15 198 3430 2555 65911 301 25 220 18 15 19 17 271 14582 25 3555 374 279 2615 2038 369 8055 10524 54407 5267 16141 25 576 2615 2038 369 8055 10524 54407 374 220 23 16 16 22	341
r189/gold/q9	nll	6054 2038 19424 198 40 15649 66945 14604 25 220 23 20 17 22 198 25406 10524 55520 25 220 16 16 24 20 198 52 1728 95683 25 220 18 21 19 15 198 49 11983 54407 25 220 18 23 24 19 198 40 15649 17095 29048 25 220 16 20 23 17 198 39 33501 65633 25 220 19 19 21 24 198 56 5059 5540 25 220 20 23 17 17 198 51 22267 37710 25 220 22 17 24 23 198 42 92023 17095 29048 25 220 16 21 20 21 198 95347 47623 25 220 21 17 20 17 198 52 1728 55520 25 220 18 16 15 18 198 49 2577 5891 66945 14604 25 220 21 19 15 21 198 43 1561 76069 25 220 20 17 21 17 198 46 24513 4398 2863 25 220 22 21 20 18 198 11109 64 24548 13334 25 220 24 16 16 21 198 51 25496 64009 25 220 24 24 21 19 198 51 22267 61916 25 220 21 18 22 21 198 92499 58750 25 220 20 17 22 21 198 45 52831 5540 25 220 20 17 20 23 198 6953 57681 472 718 329 25 220 17 19 24 20 198 86543 57153 25 220 16 19 16 24 198 56 355 1704 40523 25 220 17 15 23 17 198 45 52831 15687 19840 25 220 17 15 24 15 198 94230 78 29953 25 220 17 21 20 15 198 11109 64 15687 19840 25 220 22 17 16 17 198 36 48021 42127 25 220 24 23 16 15 198 37 67718 81781 25 220 19 15 20 23 198 3430 2555 57153 25 220 16 22 19 22 198 37152 300 85551 25 220 20 20 19 18 198 42 2143 63161 25 220 20 18 24 19 271 14582 25 3555 374 279 2615 2038 369 51149 47623 5267 16141 25 576 2615 2038 369 51149 47623 374 220 21 17 20 17	333
r189/wrong/q9	nll	6054 2038 19424 198 40 15649 66945 14604 25 220 23 20 17 22 198 25406 10524 55520 25 220 16 16 24 20 198 52 1728 95683 25 220 18 21 19 15 198 49 11983 54407 25 220 18 23 24 19 198 40 15649 17095 29048 25 220 16 20 23 17 198 39 33501 65633 25 220 19 19 21 24 198 56 5059 5540 25 220 20 23 17 17 198 51 22267 37710 25 220 22 17 24 23 198 42 92023 17095 29048 25 220 16 21 20 21 198 95347 47623 25 220 21 17 20 17 198 52 1728 55520 25 220 18 16 15 18 198 49 2577 5891 66945 14604 25 220 21 19 15 21 198 43 1561 76069 25 220 20 17 21 17 198 46 24513 4398 2863 25 220 22 21 20 18 198 11109 64 24548 13334 25 220 24 16 16 21 198 51 25496 64009 25 220 24 24 21 19 198 51 22267 61916 25 220 21 18 22 21 198 92499 58750 25 220 20 17 22 21 198 45 52831 5540 25 220 20 17 20 23 198 6953 57681 472 718 329 25 220 17 19 24 20 198 86543 57153 25 220 16 19 16 24 198 56 355 1704 40523 25 220 17 15 23 17 198 45 52831 15687 19840 25 220 17 15 24 15 198 94230 78 29953 25 220 17 21 20 15 198 11109 64 15687 19840 25 220 22 17 16 17 198 36 48021 42127 25 220 24 23 16 15 198 37 67718 81781 25 220 19 15 20 23 198 3430 2555 57153 25 220 16 22 19 22 198 37152 300 85551 25 220 20 20 19 18 198 42 2143 63161 25 220 20 18 24 19 271 14582 25 3555 374 279 2615 2038 369 51149 47623 5267 16141 25 576 2615 2038 369 51149 47623 374 220 22 17 24 23	333
r190/gold/q10	nll	6054 2038 19424 198 2753 269 37710 25 220 16 17 22 19 198 36125 269 37710 25 220 23 19 19 15 198 32887 1466 41421 12660 25 220 21 22 23 18 198 57 5059 730 4110 25 220 18 23 24 21 198 42 2143 95683 25 220 19 16 24 24 198 36125 269 41421 12660 25 220 17 22 20 24 198 45 1579 337 2143 76069 25 220 16 22 16 23 198 2753 269 47623 25 220 16 23 17 20 198 40 15649 65633 25 220 24 21 18 15 198 2753 269 63221 25 220 17 15 21 20 198 39 33501 65503 25 220 21 15 16 16 198 52 1728 5540 25 220 19 21 19 23 198 641 288 97276 25 220 23 18 15 22 198 92878 7755 472 718 329 25 220 16 21 23 21 198 6953 57681 61916 25 220 22 15 22 15 198 39 33501 24548 13334 25 220 20 24 17 17 198 56 5059 65633 25 220 16 21 19 20 198 92499 65911 301 25 220 18 23 18 16 198 2269 52313 15687 19840 25 220 19 22 19 24 198 92499 57153 25 220 21 18 18 16 198 40645 685 76715 25 220 16 21 20 16 198 43 1561 472 718 329 25 220 19 21 15 20 198 85384 65503 25 220 17 16 20 21 198 61686 1863 35010 1536 25 220 19 18 18 22 198 50 1055 685 63221 25 220 24 17 24 16 198 35 1763 461 17095 29048 25 220 18 16 19 17 198 42 92023 58750 25 220 18 15 19 15 198 95347 730 363 1127 6642 25 220 24 22 22 18 198 45 52831 63161 25 220 21 19 20 16 198 49 2577 5891 41421 12660 25 220 18 21 22 23 271 14582 25 3555 374 279 2615 2038 369 51094 65503 5267 16141 25 576 2615 2038 369 51094 65503 374 220 21 15 16 16	341
r190/wrong/q10	nll	6054 2038 19424 198 2753 269 37710 25 220 16 17 22 19 198 36125 269 37710 25 220 23 19 19 15 198 32887 1466 41421 12660 25 220 21 22 23 18 198 57 5059 730 4110 25 220 18 23 24 21 198 42 2143 95683 25 220 19 16 24 24 198 36125 269 41421 12660 25 220 17 22 20 24 198 45 1579 337 2143 76069 25 220 16 22 16 23 198 2753 269 47623 25 220 16 23 17 20 198 40 15649 65633 25 220 24 21 18 15 198 2753 269 63221 25 220 17 15 21 20 198 39 33501 65503 25 220 21 15 16 16 198 52 1728 5540 25 220 19 21 19 23 198 641 288 97276 25 220 23 18 15 22 198 92878 7755 472 718 329 25 220 16 21 23 21 198 6953 57681 61916 25 220 22 15 22 15 198 39 33501 24548 13334 25 220 20 24 17 17 198 56 5059 65633 25 220 16 21 19 20 198 92499 65911 301 25 220 18 23 18 16 198 2269 52313 15687 19840 25 220 19 22 19 24 198 92499 57153 25 220 21 18 18 16 198 40645 685 76715 25 220 16 21 20 16 198 43 1561 472 718 329 25 220 19 21 15 20 198 85384 65503 25 220 17 16 20 21 198 61686 1863 35010 1536 25 220 19 18 18 22 198 50 1055 685 63221 25 220 24 17 24 16 198 35 1763 461 17095 29048 25 220 18 16 19 17 198 42 92023 58750 25 220 18 15 19 15 198 95347 730 363 1127 6642 25 220 24 22 22 18 198 45 52831 63161 25 220 21 19 20 16 198 49 2577 5891 41421 12660 25 220 18 21 22 23 271 14582 25 3555 374 279 2615 2038 369 51094 65503 5267 16141 25 576 2615 2038 369 51094 65503 374 220 16 21 19 20	341
r191/gold/q11	nll	6054 2038 19424 198 92499 43229 83717 25 220 16 19 18 17 198 23950 404 468 461 85261 25 220 19 23 20 15 198 56 355 1704 65633 25 220 22 22 20 20 198 67624 61479 85 25 220 23 21 18 23 198 2269 321 1863 35010 1536 25 220 17 22 17 15 198 36 48021 61916 25 220 23 16 21 16 198 39 3362 41041 25 220 20 23 24 15 198 2304 10524 76715 25 220 20 19 17 15 198 85384 58750 25 220 16 23 20 16 198 11109 64 37710 25 220 24 19 23 18 198 2269 321 97276 25 220 24 20 24 19 198 35 1763 461 41421 12660 25 220 21 22 21 22 198 2304 10524 54407 25 220 22 20 17 20 198 94230 78 730 363 1127 6642 25 220 19 20 24 19 198 49 11983 28392 25 220 24 22 15 24 198 86543 5540 25 220 21 16 18 15 198 51 2780 80 28392 25 220 18 24 22 19 198 42 2143 64009 25 220 24 24 19 19 198 92878 7755 66945 14604 25 220 21 19 15 22 198 52 1728 647 17922 25 220 24 24 16 20 198 52 1728 85551 25 220 19 15 18 21 198 641 288 75502 25 220 22 15 19 19 198 2304 10524 51194 25 220 22 18 17 23 198 40645 685 85551 25 220 18 17 17 22 198 67624 69543 25 220 18 19 15 19 198 51 22267 27219 69578 380 25 220 20 16 22 16 198 92878 7755 29953 25 220 18 23 21 21 198 51 2780 80 97276 25 220 16 19 15 22 198 45 52831 76069 25 220 21 22 23 23 198 5066 5059 65633 25 220 22 22 15 20 271 14582 25 3555 374 279 2615 2038 369 66121 461 41421 12660 5267 16141 25 576 2615 2038 369 66121 461 41421 12660 374 220 21 22 21 22	341
r191/wrong/q11	nll	6054 2038 19424 198 92499 43229 83717 25 220 16 19 18 17 198 23950 404 468 461 85261 25 220 19 23 20 15 198 56 355 1704 65633 25 220 22 22 20 20 198 67624 61479 85 25 220 23 21 18 23 198 2269 321 1863 35010 1536 25 220 17 22 17 15 198 36 48021 61916 25 220 23 16 21 16 198 39 3362 41041 25 220 20 23 24 15 198 2304 10524 76715 25 220 20 19 17 15 198 85384 58750 25 220 16 23 20 16 198 11109 64 37710 25 220 24 19 23 18 198 2269 321 97276 25 220 24 20 24 19 198 35 1763 461 41421 12660 25 220 21 22 21 22 198 2304 10524 54407 25 220 22 20 17 20 198 94230 78 730 363 1127 6642 25 220 19 20 24 19 198 49 11983 28392 25 220 24 22 15 24 198 86543 5540 25 220 21 16 18 15 198 51 2780 80 28392 25 220 18 24 22 19 198 42 2143 64009 25 220 24 24 19 19 198 92878 7755 66945 14604 25 220 21 19 15 22 198 52 1728 647 17922 25 220 24 24 16 20 198 52 1728 85551 25 220 19 15 18 21 198 641 288 75502 25 220 22 15 19 19 198 2304 10524 51194 25 220 22 18 17 23 198 40645 685 85551 25 220 18 17 17 22 198 67624 69543 25 220 18 19 15 19 198 51 22267 27219 69578 380 25 220 20 16 22 16 198 92878 7755 29953 25 220 18 23 21 21 198 51 2780 80 97276 25 220 16 19 15 22 198 45 52831 76069 25 220 21 22 23 23 198 5066 5059 65633 25 220 22 22 15 20 271 14582 25 3555 374 279 2615 2038 369 66121 461 41421 12660 5267 16141 25 576 2615 2038 369 66121 461 41421 12660 374 220 19 15 18 21	341
r192/gold/q12	nll	6054 2038 19424 198 94230 78 61479 85 25 220 19 23 24 20 198 5066 5059 28392 25 220 19 15 16 23 198 42 92023 57153 25 220 18 18 22 20 198 2304 10524 76069 25 220 21 18 19 22 198 51 22267 36020 25 220 23 15 15 22 198 57 4644 15687 19840 25 220 16 15 21 15 198 45 52831 37710 25 220 16 19 19 19 198 1143 268 1863 35010 1536 25 220 17 24 19 18 198 49 11983 54407 25 220 17 17 23 18 198 42 2143 5540 25 220 21 22 20 22 198 25406 10524 75502 25 220 24 24 20 15 198 49 2577 5891 43229 83717 25 220 20 24 18 15 198 52 1728 51065 25 220 16 16 20 17 198 46 24513 65633 25 220 16 23 23 23 198 95347 63161 25 220 22 21 20 21 198 92878 7755 61916 25 220 19 22 24 16 198 51 25496 42127 25 220 24 16 20 18 198 45 1579 337 2143 17095 29048 25 220 24 18 19 17 198 43 1561 61916 25 220 22 24 23 17 198 45 52831 730 4110 25 220 23 24 23 18 198 37152 300 65503 25 220 16 16 24 16 198 95347 45111 288 25 220 23 23 23 16 198 56 5059 28392 25 220 21 21 21 16 198 95347 40523 25 220 16 19 16 15 198 46 24513 58750 25 220 16 18 22 20 198 54 268 65503 25 220 24 24 21 19 198 11109 64 69543 25 220 20 15 15 19 198 6091 5059 42127 25 220 18 20 15 23 198 95347 4620 585 25 220 23 20 16 17 198 92499 76069 25 220 22 19 16 22 271 14582 25 3555 374 279 2615 2038 369 85768 51065 5267 16141 25 576 2615 2038 369 85768 51065 374 220 16 16 20 17	331
r192/wrong/q12	nll	6054 2038 19424 198 94230 78 61479 85 25 220 19 23 24 20 198 5066 5059 28392 25 220 19 15 16 23 198 42 92023 57153 25 220 18 18 22 20 198 2304 10524 76069 25 220 21 18 19 22 198 51 22267 36020 25 220 23 15 15 22 198 57 4644 15687 19840 25 220 16 15 21 15 198 45 52831 37710 25 220 16 19 19 19 198 1143 268 1863 35010 1536 25 220 17 24 19 18 198 49 11983 54407 25 220 17 17 23 18 198 42 2143 5540 25 220 21 22 20 22 198 25406 10524 75502 25 220 24 24 20 15 198 49 2577 5891 43229 83717 25 220 20 24 18 15 198 52 1728 51065 25 220 16 16 20 17 198 46 24513 65633 25 220 16 23 23 23 198 95347 63161 25 220 22 21 20 21 198 92878 7755 61916 25 220 19 22 24 16 198 51 25496 42127 25 220 24 16 20 18 198 45 1579 337 2143 17095 29048 25 220 24 18 19 17 198 43 1561 61916 25 220 22 24 23 17 198 45 52831 730 4110 25 220 23 24 23 18 198 37152 300 65503 25 220 16 16 24 16 198 95347 45111 288 25 220 23 23 23 16 198 56 5059 28392 25 220 21 21 21 16 198 95347 40523 25 220 16 19 16 15 198 46 24513 58750 25 220 16 18 22 20 198 54 268 65503 25 220 24 24 21 19 198 11109 64 69543 25 220 20 15 15 19 198 6091 5059 42127 25 220 18 20 15 23 198 95347 4620 585 25 220 23 20 16 17 198 92499 76069 25 220 22 19 16 22 271 14582 25 3555 374 279 2615 2038 369 85768 51065 5267 16141 25 576 2615 2038 369 85768 51065 374 220 23 23 23 16	331
r193/gold/q13	nll	6054 2038 19424 198 92499 5540 25 220 18 24 22 15 198 49 11983 1863 35010 1536 25 220 16 20 15 17 198 43 1561 14741 49713 25 220 18 23 16 16 198 45 1579 337 2143 75502 25 220 20 24 19 21 198 51 25496 472 718 329 25 220 23 16 23 17 198 54 268 65503 25 220 23 15 20 22 198 57 4644 95683 25 220 16 22 22 21 198 92878 7755 15687 19840 25 220 19 17 21 16 198 2269 52313 37710 25 220 17 19 20 19 198 49 11983 55520 25 220 19 20 23 17 198 51 22267 63161 25 220 23 20 16 22 198 39 33501 24548 13334 25 220 18 15 17 22 198 46 24513 47623 25 220 18 17 19 18 198 40 15649 85551 25 220 22 15 19 18 198 86543 58750 25 220 20 23 15 17 198 6953 57681 41421 12660 25 220 19 19 17 23 198 2269 321 4398 2863 25 220 24 15 16 19 198 11109 64 43229 83717 25 220 21 17 23 17 198 23950 404 61479 85 25 220 19 15 20 24 198 95347 61479 85 25 220 22 23 15 23 198 25406 10524 51194 25 220 22 24 19 22 198 39 33501 66945 14604 25 220 17 16 19 17 198 2753 269 63161 25 220 23 18 21 16 198 50 1055 685 58750 25 220 24 17 22 15 198 86543 55520 25 220 24 16 21 16 198 95347 4620 585 25 220 22 18 23 16 198 25406 10524 36020 25 220 23 24 15 15 198 54 268 15687 19840 25 220 16 21 16 15 198 37 67718 65633 25 220 23 24 24 20 198 11109 64 36020 25 220 17 18 24 17 271 14582 25 3555 374 279 2615 2038 369 41421 85551 5267 16141 25 576 2615 2038 369 41421 85551 374 220 22 15 19 18	337
r193/wrong/q13	nll	6054 2038 19424 198 92499 5540 25 220 18 24 22 15 198 49 11983 1863 35010 1536 25 220 16 20 15 17 198 43 1561 14741 49713 25 220 18 23 16 16 198 45 1579 337 2143 75502 25 220 20 24 19 21 198 51 25496 472 718 329 25 220 23 16 23 17 198 54 268 65503 25 220 23 15 20 22 198 57 4644 95683 25 220 16 22 22 21 198 92878 7755 15687 19840 25 220 19 17 21 16 198 2269 52313 37710 25 220 17 19 20 19 198 49 11983 55520 25 220 19 20 23 17 198 51 22267 63161 25 220 23 20 16 22 198 39 33501 24548 13334 25 220 18 15 17 22 198 46 24513 47623 25 220 18 17 19 18 198 40 15649 85551 25 220 22 15 19 18 198 86543 58750 25 220 20 23 15 17 198 6953 57681 41421 12660 25 220 19 19 17 23 198 2269 321 4398 2863 25 220 24 15 16 19 198 11109 64 43229 83717 25 220 21 17 23 17 198 23950 404 61479 85 25 220 19 15 20 24 198 95347 61479 85 25 220 22 23 15 23 198 25406 10524 51194 25 220 22 24 19 22 198 39 33501 66945 14604 25 220 17 16 19 17 198 2753 269 63161 25 220 23 18 21 16 198 50 1055 685 58750 25 220 24 17 22 15 198 86543 55520 25 220 24 16 21 16 198 95347 4620 585 25 220 22 18 23 16 198 25406 10524 36020 25 220 23 24 15 15 198 54 268 15687 19840 25 220 16 21 16 15 198 37 67718 65633 25 220 23 24 24 20 198 11109 64 36020 25 220 17 18 24 17 271 14582 25 3555 374 279 2615 2038 369 41421 85551 5267 16141 25 576 2615 2038 369 41421 85551 374 220 23 24 24 20	337
r194/gold/q14	nll	6054 2038 19424 198 32887 1466 27219 69578 380 25 220 18 22 22 20 198 56 355 1704 15687 19840 25 220 19 23 19 24 198 92499 4620 585 25 220 21 18 15 23 198 92499 468 461 85261 25 220 17 23 17 17 198 43 1561 36020 25 220 17 18 24 22 198 57 4644 37710 25 220 20 21 23 15 198 6953 57681 730 363 1127 6642 25 220 16 17 21 22 198 37152 300 506 4554 1958 25 220 19 20 24 21 198 92878 7755 51065 25 220 19 24 22 23 198 40 15649 64009 25 220 23 24 19 16 198 39 3362 45111 288 25 220 24 16 17 20 198 35 1763 461 55520 25 220 19 15 24 18 198 6091 5059 730 363 1127 6642 25 220 16 18 17 22 198 11109 64 1863 35010 1536 25 220 22 22 21 20 198 49 11983 65633 25 220 16 19 16 20 198 50 1055 685 65911 301 25 220 17 21 19 24 198 40 15649 24548 13334 25 220 18 20 19 21 198 95347 66945 14604 25 220 20 17 20 23 198 67624 61916 25 220 21 16 20 19 198 32887 1466 51065 25 220 19 22 19 20 198 86543 54407 25 220 22 23 23 16 198 92878 7755 95683 25 220 16 21 21 18 198 57 4644 730 363 1127 6642 25 220 18 15 16 19 198 61686 27219 69578 380 25 220 21 19 16 22 198 57 5059 45111 288 25 220 23 20 18 21 198 11109 64 57153 25 220 16 17 21 15 198 40 15649 97276 25 220 24 23 24 20 198 52 1728 75502 25 220 23 19 19 23 198 49 2577 5891 75502 25 220 21 16 16 21 198 43 1561 43229 83717 25 220 23 15 20 24 271 14582 25 3555 374 279 2615 2038 369 46830 65633 5267 16141 25 576 2615 2038 369 46830 65633 374 220 16 19 16 20	349
r194/wrong/q14	nll	6054 2038 19424 198 32887 1466 27219 69578 380 25 220 18 22 22 20 198 56 355 1704 15687 19840 25 220 19 23 19 24 198 92499 4620 585 25 220 21 18 15 23 198 92499 468 461 85261 25 220 17 23 17 17 198 43 1561 36020 25 220 17 18 24 22 198 57 4644 37710 25 220 20 21 23 15 198 6953 57681 730 363 1127 6642 25 220 16 17 21 22 198 37152 300 506 4554 1958 25 220 19 20 24 21 198 92878 7755 51065 25 220 19 24 22 23 198 40 15649 64009 25 220 23 24 19 16 198 39 3362 45111 288 25 220 24 16 17 20 198 35 1763 461 55520 25 220 19 15 24 18 198 6091 5059 730 363 1127 6642 25 220 16 18 17 22 198 11109 64 1863 35010 1536 25 220 22 22 21 20 198 49 11983 65633 25 220 16 19 16 20 198 50 1055 685 65911 301 25 220 17 21 19 24 198 40 15649 24548 13334 25 220 18 20 19 21 198 95347 66945 14604 25 220 20 17 20 23 198 67624 61916 25 220 21 16 20 19 198 32887 1466 51065 25 220 19 22 19 20 198 86543 54407 25 220 22 23 23 16 198 92878 7755 95683 25 220 16 21 21 18 198 57 4644 730 363 1127 6642 25 220 18 15 16 19 198 61686 27219 69578 380 25 220 21 19 16 22 198 57 5059 45111 288 25 220 23 20 18 21 198 11109 64 57153 25 220 16 17 21 15 198 40 15649 97276 25 220 24 23 24 20 198 52 1728 75502 25 220 23 19 19 23 198 49 2577 5891 75502 25 220 21 16 16 21 198 43 1561 43229 83717 25 220 23 15 20 24 271 14582 25 3555 374 279 2615 2038 369 46830 65633 5267 16141 25 576 2615 2038 369 46830 65633 374 220 22 23 23 16	349
r195/gold/q15	nll	6054 2038 19424 198 2304 10524 75502 25 220 20 22 23 17 198 641 288 41421 12660 25 220 20 24 21 23 198 92878 7755 65633 25 220 20 16 16 18 198 49 2577 5891 85551 25 220 23 15 21 19 198 45 1579 337 2143 4620 585 25 220 19 17 19 23 198 67624 47623 25 220 20 22 18 21 198 32887 1466 17095 29048 25 220 18 22 16 21 198 37152 300 81781 25 220 19 16 16 18 198 49 2577 5891 27219 69578 380 25 220 24 21 22 18 198 45 1579 337 2143 61479 85 25 220 21 21 15 18 198 3430 2555 47623 25 220 23 22 16 23 198 51 2780 80 5540 25 220 16 16 22 16 198 2753 269 33554 56860 25 220 24 15 15 18 198 94230 78 17095 29048 25 220 18 20 22 22 198 56 355 1704 472 718 329 25 220 16 17 22 15 198 45 1579 337 2143 81781 25 220 20 20 21 19 198 92878 7755 47623 25 220 18 18 17 24 198 51 22267 61479 85 25 220 22 22 17 20 198 43 1561 97276 25 220 21 20 22 15 198 40645 685 51065 25 220 18 23 22 18 198 51 2780 80 4620 585 25 220 20 15 17 18 198 25406 10524 58750 25 220 17 23 19 17 198 92878 7755 45111 288 25 220 16 24 16 16 198 6091 5059 472 718 329 25 220 24 16 17 15 198 49 11983 63161 25 220 18 22 19 16 198 2269 321 43229 83717 25 220 16 24 22 19 198 67624 472 718 329 25 220 18 19 21 22 198 6953 57681 29953 25 220 23 15 15 20 198 51 2780 80 29953 25 220 21 22 19 21 198 92499 76715 25 220 20 22 18 17 271 14582 25 3555 374 279 2615 2038 369 95557 2143 81781 5267 16141 25 576 2615 2038 369 95557 2143 81781 374 220 20 20 21 19	353
r195/wrong/q15	nll	6054 2038 19424 198 2304 10524 75502 25 220 20 22 23 17 198 641 288 41421 12660 25 220 20 24 21 23 198 92878 7755 65633 25 220 20 16 16 18 198 49 2577 5891 85551 25 220 23 15 21 19 198 45 1579 337 2143 4620 585 25 220 19 17 19 23 198 67624 47623 25 220 20 22 18 21 198 32887 1466 17095 29048 25 220 18 22 16 21 198 37152 300 81781 25 220 19 16 16 18 198 49 2577 5891 27219 69578 380 25 220 24 21 22 18 198 45 1579 337 2143 61479 85 25 220 21 21 15 18 198 3430 2555 47623 25 220 23 22 16 23 198 51 2780 80 5540 25 220 16 16 22 16 198 2753 269 33554 56860 25 220 24 15 15 18 198 94230 78 17095 29048 25 220 18 20 22 22 198 56 355 1704 472 718 329 25 220 16 17 22 15 198 45 1579 337 2143 81781 25 220 20 20 21 19 198 92878 7755 47623 25 220 18 18 17 24 198 51 22267 61479 85 25 220 22 22 17 20 198 43 1561 97276 25 220 21 20 22 15 198 40645 685 51065 25 220 18 23 22 18 198 51 2780 80 4620 585 25 220 20 15 17 18 198 25406 10524 58750 25 220 17 23 19 17 198 92878 7755 45111 288 25 220 16 24 16 16 198 6091 5059 472 718 329 25 220 24 16 17 15 198 49 11983 63161 25 220 18 22 19 16 198 2269 321 43229 83717 25 220 16 24 22 19 198 67624 472 718 329 25 220 18 19 21 22 198 6953 57681 29953 25 220 23 15 15 20 198 51 2780 80 29953 25 220 21 22 19 21 198 92499 76715 25 220 20 22 18 17 271 14582 25 3555 374 279 2615 2038 369 95557 2143 81781 5267 16141 25 576 2615 2038 369 95557 2143 81781 374 220 18 22 16 21	353
r196/gold/q16	nll	6054 2038 19424 198 37 67718 51194 25 220 23 21 19 17 198 67624 27219 69578 380 25 220 20 23 15 20 198 11109 64 61916 25 220 24 21 23 23 198 37 67718 65633 25 220 24 18 23 21 198 86543 63161 25 220 19 16 15 23 198 2304 10524 14741 49713 25 220 24 22 22 24 198 40 15649 41041 25 220 22 24 17 18 198 94230 78 54407 25 220 23 21 23 18 198 5066 5059 97276 25 220 20 22 23 22 198 641 288 95683 25 220 18 24 16 22 198 95347 28392 25 220 23 17 16 17 198 45 1579 337 2143 55520 25 220 16 15 19 19 198 42 2143 41041 25 220 16 22 20 20 198 56 355 1704 36020 25 220 18 16 17 17 198 67624 730 363 1127 6642 25 220 18 22 24 16 198 2269 321 81781 25 220 19 22 16 17 198 39 33501 17095 29048 25 220 19 15 15 19 198 67624 63161 25 220 16 19 19 19 198 85384 36020 25 220 19 24 21 22 198 45 1579 337 2143 17095 29048 25 220 24 20 17 18 198 46 24513 40523 25 220 18 19 16 17 198 35 1763 461 65503 25 220 22 20 21 16 198 25406 10524 37710 25 220 23 20 22 22 198 86543 506 4554 1958 25 220 20 15 15 24 198 43 1561 55520 25 220 24 20 20 20 198 52 1728 66945 14604 25 220 24 20 20 24 198 67624 472 718 329 25 220 16 22 21 21 198 6091 5059 472 718 329 25 220 19 24 22 19 198 49 2577 5891 29953 25 220 18 24 24 19 198 2753 269 66945 14604 25 220 20 23 21 20 271 14582 25 3555 374 279 2615 2038 369 51094 17095 29048 5267 16141 25 576 2615 2038 369 51094 17095 29048 374 220 19 15 15 19	341
r196/wrong/q16	nll	6054 2038 19424 198 37 67718 51194 25 220 23 21 19 17 198 67624 27219 69578 380 25 220 20 23 15 20 198 11109 64 61916 25 220 24 21 23 23 198 37 67718 65633 25 220 24 18 23 21 198 86543 63161 25 220 19 16 15 23 198 2304 10524 14741 49713 25 220 24 22 22 24 198 40 15649 41041 25 220 22 24 17 18 198 94230 78 54407 25 220 23 21 23 18 198 5066 5059 97276 25 220 20 22 23 22 198 641 288 95683 25 220 18 24 16 22 198 95347 28392 25 220 23 17 16 17 198 45 1579 337 2143 55520 25 220 16 15 19 19 198 42 2143 41041 25 220 16 22 20 20 198 56 355 1704 36020 25 220 18 16 17 17 198 67624 730 363 1127 6642 25 220 18 22 24 16 198 2269 321 81781 25 220 19 22 16 17 198 39 33501 17095 29048 25 220 19 15 15 19 198 67624 63161 25 220 16 19 19 19 198 85384 36020 25 220 19 24 21 22 198 45 1579 337 2143 17095 29048 25 220 24 20 17 18 198 46 24513 40523 25 220 18 19 16 17 198 35 1763 461 65503 25 220 22 20 21 16 198 25406 10524 37710 25 220 23 20 22 22 198 86543 506 4554 1958 25 220 20 15 15 24 198 43 1561 55520 25 220 24 20 20 20 198 52 1728 66945 14604 25 220 24 20 20 24 198 67624 472 718 329 25 220 16 22 21 21 198 6091 5059 472 718 329 25 220 19 24 22 19 198 49 2577 5891 29953 25 220 18 24 24 19 198 2753 269 66945 14604 25 220 20 23 21 20 271 14582 25 3555 374 279 2615 2038 369 51094 17095 29048 5267 16141 25 576 2615 2038 369 51094 17095 29048 374 220 18 22 24 16	341
r197/gold/q17	nll	6054 2038 19424 198 36 48021 730 4110 25 220 17 23 23 23 198 49 2577 5891 51065 25 220 17 19 24 17 198 51 22267 41421 12660 25 220 16 18 17 18 198 51 2780 80 40523 25 220 20 21 24 21 198 51 25496 41421 12660 25 220 16 19 19 17 198 2753 269 24548 13334 25 220 22 18 22 16 198 36125 269 41041 25 220 22 21 20 23 198 2269 52313 97276 25 220 16 20 20 17 198 57 5059 76715 25 220 19 15 23 22 198 54 268 69543 25 220 18 23 16 17 198 50 1055 685 65503 25 220 22 16 19 22 198 37152 300 76069 25 220 21 19 18 24 198 2269 52313 45111 288 25 220 18 18 17 17 198 57 4644 61479 85 25 220 16 18 16 17 198 61686 97276 25 220 18 23 24 20 198 2269 321 51065 25 220 22 15 21 20 198 45 52831 24548 13334 25 220 21 16 22 23 198 51 25496 1863 35010 1536 25 220 17 24 17 15 198 5066 5059 42127 25 220 18 23 22 20 198 94230 78 36020 25 220 19 23 21 17 198 43 1561 54407 25 220 18 22 15 22 198 641 288 58750 25 220 21 17 16 20 198 92878 7755 472 718 329 25 220 21 18 24 21 198 3430 2555 97276 25 220 20 21 15 23 198 36 48021 24548 13334 25 220 19 22 18 18 198 51 25496 63161 25 220 20 20 21 15 198 2269 52313 28392 25 220 23 19 15 22 198 57 5059 33554 56860 25 220 19 20 22 20 198 35 1763 461 17095 29048 25 220 22 21 18 18 198 42 2143 472 718 329 25 220 19 22 16 21 271 14582 25 3555 374 279 2615 2038 369 350 25496 1863 35010 1536 5267 16141 25 576 2615 2038 369 350 25496 1863 35010 1536 374 220 17 24 17 15	349
r197/wrong/q17	nll	6054 2038 19424 198 36 48021 730 4110 25 220 17 23 23 23 198 49 2577 5891 51065 25 220 17 19 24 17 198 51 22267 41421 12660 25 220 16 18 17 18 198 51 2780 80 40523 25 220 20 21 24 21 198 51 25496 41421 12660 25 220 16 19 19 17 198 2753 269 24548 13334 25 220 22 18 22 16 198 36125 269 41041 25 220 22 21 20 23 198 2269 52313 97276 25 220 16 20 20 17 198 57 5059 76715 25 220 19 15 23 22 198 54 268 69543 25 220 18 23 16 17 198 50 1055 685 65503 25 220 22 16 19 22 198 37152 300 76069 25 220 21 19 18 24 198 2269 52313 45111 288 25 220 18 18 17 17 198 57 4644 61479 85 25 220 16 18 16 17 198 61686 97276 25 220 18 23 24 20 198 2269 321 51065 25 220 22 15 21 20 198 45 52831 24548 13334 25 220 21 16 22 23 198 51 25496 1863 35010 1536 25 220 17 24 17 15 198 5066 5059 42127 25 220 18 23 22 20 198 94230 78 36020 25 220 19 23 21 17 198 43 1561 54407 25 220 18 22 15 22 198 641 288 58750 25 220 21 17 16 20 198 92878 7755 472 718 329 25 220 21 18 24 21 198 3430 2555 97276 25 220 20 21 15 23 198 36 48021 24548 13334 25 220 19 22 18 18 198 51 25496 63161 25 220 20 20 21 15 198 2269 52313 28392 25 220 23 19 15 22 198 57 5059 33554 56860 25 220 19 20 22 20 198 35 1763 461 17095 29048 25 220 22 21 18 18 198 42 2143 472 718 329 25 220 19 22 16 21 271 14582 25 3555 374 279 2615 2038 369 350 25496 1863 35010 1536 5267 16141 25 576 2615 2038 369 350 25496 1863 35010 1536 374 220 22 21 18 18	349
r198/gold/q18	nll	6054 2038 19424 198 39 3362 61916 25 220 17 24 24 18 198 50 1055 685 51194 25 220 23 24 15 24 198 94230 78 61916 25 220 18 24 19 19 198 45 52831 27219 69578 380 25 220 20 16 15 19 198 51 22267 66945 14604 25 220 16 20 24 21 198 1143 268 58750 25 220 20 24 23 23 198 35 1763 461 81781 25 220 22 18 19 18 198 51 2780 80 45111 288 25 220 23 20 16 15 198 6953 57681 33554 56860 25 220 18 24 17 19 198 37 67718 27219 69578 380 25 220 16 22 16 24 198 35 1763 461 647 17922 25 220 20 21 16 15 198 3430 2555 730 363 1127 6642 25 220 17 24 15 19 198 11109 64 57153 25 220 22 24 15 23 198 86543 61479 85 25 220 16 24 21 15 198 57 5059 468 461 85261 25 220 24 21 16 15 198 40 15649 41041 25 220 21 23 19 24 198 11109 64 54407 25 220 21 19 15 21 198 51 22267 4398 2863 25 220 20 19 15 16 198 40645 685 65911 301 25 220 17 15 21 20 198 49 2577 5891 81781 25 220 22 23 16 17 198 57 4644 51065 25 220 21 22 20 23 198 46 24513 28392 25 220 21 18 24 23 198 52 1728 468 461 85261 25 220 17 23 22 23 198 45 1579 337 2143 506 4554 1958 25 220 19 22 15 20 198 54 268 65911 301 25 220 19 16 19 19 198 2269 321 28392 25 220 18 22 23 22 198 5066 5059 47623 25 220 16 15 22 18 198 23950 404 14741 49713 25 220 20 23 15 24 198 39 3362 15687 19840 25 220 20 15 24 20 198 641 288 14741 49713 25 220 19 16 24 16 271 14582 25 3555 374 279 2615 2038 369 79174 65911 301 5267 16141 25 576 2615 2038 369 79174 65911 301 374 220 17 15 21 20	356
r198/wrong/q18	nll	6054 2038 19424 198 39 3362 61916 25 220 17 24 24 18 198 50 1055 685 51194 25 220 23 24 15 24 198 94230 78 61916 25 220 18 24 19 19 198 45 52831 27219 69578 380 25 220 20 16 15 19 198 51 22267 66945 14604 25 220 16 20 24 21 198 1143 268 58750 25 220 20 24 23 23 198 35 1763 461 81781 25 220 22 18 19 18 198 51 2780 80 45111 288 25 220 23 20 16 15 198 6953 57681 33554 56860 25 220 18 24 17 19 198 37 67718 27219 69578 380 25 220 16 22 16 24 198 35 1763 461 647 17922 25 220 20 21 16 15 198 3430 2555 730 363 1127 6642 25 220 17 24 15 19 198 11109 64 57153 25 220 22 24 15 23 198 86543 61479 85 25 220 16 24 21 15 198 57 5059 468 461 85261 25 220 24 21 16 15 198 40 15649 41041 25 220 21 23 19 24 198 11109 64 54407 25 220 21 19 15 21 198 51 22267 4398 2863 25 220 20 19 15 16 198 40645 685 65911 301 25 220 17 15 21 20 198 49 2577 5891 81781 25 220 22 23 16 17 198 57 4644 51065 25 220 21 22 20 23 198 46 24513 28392 25 220 21 18 24 23 198 52 1728 468 461 85261 25 220 17 23 22 23 198 45 1579 337 2143 506 4554 1958 25 220 19 22 15 20 198 54 268 65911 301 25 220 19 16 19 19 198 2269 321 28392 25 220 18 22 23 22 198 5066 5059 47623 25 220 16 15 22 18 198 23950 404 14741 49713 25 220 20 23 15 24 198 39 3362 15687 19840 25 220 20 15 24 20 198 641 288 14741 49713 25 220 19 16 24 16 271 14582 25 3555 374 279 2615 2038 369 79174 65911 301 5267 16141 25 576 2615 2038 369 79174 65911 301 374 220 23 20 16 15	356
r199/gold/q19	nll	6054 2038 19424 198 56 5059 37710 25 220 21 15 16 18 198 43 1561 14741 49713 25 220 16 23 16 24 198 92878 7755 65633 25 220 22 24 20 15 198 36 48021 27219 69578 380 25 220 20 19 21 22 198 51 25496 24548 13334 25 220 16 23 16 16 198 35 1763 461 54407 25 220 19 21 18 23 198 51 25496 45111 288 25 220 24 15 20 17 198 46 24513 76715 25 220 24 21 18 24 198 57 5059 41421 12660 25 220 24 17 22 20 198 50 1055 685 43229 83717 25 220 24 15 15 18 198 95347 17095 29048 25 220 16 22 24 19 198 641 288 730 4110 25 220 16 16 21 17 198 40 15649 61916 25 220 17 16 19 22 198 35 1763 461 58750 25 220 24 16 16 24 198 50 1055 685 63161 25 220 23 21 17 15 198 3430 2555 730 363 1127 6642 25 220 20 18 16 23 198 45 1579 337 2143 61479 85 25 220 20 15 15 23 198 50 1055 685 40523 25 220 20 15 16 17 198 641 288 97276 25 220 19 23 16 21 198 57 5059 17095 29048 25 220 17 21 19 21 198 39 33501 47623 25 220 19 20 23 19 198 6953 57681 65633 25 220 17 17 21 18 198 23950 404 85551 25 220 23 19 15 22 198 39 33501 647 17922 25 220 21 16 20 23 198 3430 2555 17095 29048 25 220 21 15 21 19 198 39 33501 69543 25 220 20 24 24 23 198 43 1561 81781 25 220 16 16 23 21 198 56 5059 730 363 1127 6642 25 220 18 21 22 23 198 5066 5059 66945 14604 25 220 23 21 22 15 198 40 15649 4398 2863 25 220 17 17 21 16 271 14582 25 3555 374 279 2615 2038 369 1863 5059 17095 29048 5267 16141 25 576 2615 2038 369 1863 5059 17095 29048 374 220 17 21 19 21	355
r199/wrong/q19	nll	6054 2038 19424 198 56 5059 37710 25 220 21 15 16 18 198 43 1561 14741 49713 25 220 16 23 16 24 198 92878 7755 65633 25 220 22 24 20 15 198 36 48021 27219 69578 380 25 220 20 19 21 22 198 51 25496 24548 13334 25 220 16 23 16 16 198 35 1763 461 54407 25 220 19 21 18 23 198 51 25496 45111 288 25 220 24 15 20 17 198 46 24513 76715 25 220 24 21 18 24 198 57 5059 41421 12660 25 220 24 17 22 20 198 50 1055 685 43229 83717 25 220 24 15 15 18 198 95347 17095 29048 25 220 16 22 24 19 198 641 288 730 4110 25 220 16 16 21 17 198 40 15649 61916 25 220 17 16 19 22 198 35 1763 461 58750 25 220 24 16 16 24 198 50 1055 685 63161 25 220 23 21 17 15 198 3430 2555 730 363 1127 6642 25 220 20 18 16 23 198 45 1579 337 2143 61479 85 25 220 20 15 15 23 198 50 1055 685 40523 25 220 20 15 16 17 198 641 288 97276 25 220 19 23 16 21 198 57 5059 17095 29048 25 220 17 21 19 21 198 39 33501 47623 25 220 19 20 23 19 198 6953 57681 65633 25 220 17 17 21 18 198 23950 404 85551 25 220 23 19 15 22 198 39 33501 647 17922 25 220 21 16 20 23 198 3430 2555 17095 29048 25 220 21 15 21 19 198 39 33501 69543 25 220 20 24 24 23 198 43 1561 81781 25 220 16 16 23 21 198 56 5059 730 363 1127 6642 25 220 18 21 22 23 198 5066 5059 66945 14604 25 220 23 21 22 15 198 40 15649 4398 2863 25 220 17 17 21 16 271 14582 25 3555 374 279 2615 2038 369 1863 5059 17095 29048 5267 16141 25 576 2615 2038 369 1863 5059 17095 29048 374 220 17 17 21 18	355
